Key,Hash
khiithdqiqtmoulkikvmgd1e1l,017C0FD59D06D30A86028F267CD22465
ovkrdoch4skejj5cdaloutn1pm,02C417CDB45B859D6643F4EEFB9D8031
pfp3tbmf1tnp8pa6mmbishgibg,0910FB582FC236EB0A48E987C96D74C7
nbpml637o2h5oisap3fomebobo,055B5553F28C261D3B68E9604BE2E4E0
92pf6f9qsjdm3b7mneb17al5q2,00A0594D0828256F4C0A0FB2D767AC81
km2ubmoq8flim05c9eak6epm92,056560213100B8F5DB7F949634801F84
jrg9s5otuvjvl2uis3ook075rp,026B1086CE77EC41F6F6C1A329927647
uc3j2u3h9797mk1d0n43p6db19,03477FBDA179AA865B173B84FFAE59F7
c1qtu9q0v462momnvrcelekbfr,00228576A39CF8B3959AC92B1C72FAEA
1bsnn8nk655d68ol29pduet7es,06D85B3F0B08505AA922741254AB350C
v8kiaasj0slm3q3hfa522iacrs,094873269B8CFF0FEB97E7BD6433DFF7
dhigqs0nlnhoql10d49ctnds3s,041C79238619F8182A2143BCCD3527C4
a2c2240mag4u34dpmlan3oigp1,0699930376678E02E63BAF5581063F0F
edlfdits3o4tfulu16i4h6srar,04DEFAE7144966933F0B19A104F74831
bf590jqv0cm7kerv7jra8e1qsa,07C825493291CFB74B235F68E977AB74
r83g2mgoh8uq054lsnttudb7s1,0651793ABFC8E58B6BEC4BD45F48A9FE
ogqvo3fei79ag1jvjddkssr6ut,025051A83D480AC50812BBFD3DDCB442
ubqgklh59icsqj91bcnjk7kq69,07A2AA83BA221AF13A9623F44BDC3F33
71npv2apinsh6l16d4s3pf7i0a,0302C69C9F0C3DE79BDB35B484F879DD
99qr3o9lr1iqlljicgj7j3mdur,0AB48F80F45E81B01DFF7439D76F1139
7uha3il5at7k7j7ac5o6fcseg7,094ECDCD396E4C2693BD8CF889372159
rnl1u7m0actle4a295ih6mlvd8,05EC9584BC3810F42B1B4BA74CF4E88D
ct5niag5ndof2b4a2evhqrq48p,00376F47C5BEAFB22E2A26D6250BB052
nn2omlh6bg30hoc9jhj18aq7a,08F73C4B8E9BD86593BA9356B56E6799
2gerek8p6nq2h0netl7m6ast70,02C97A3FF8AD2711F3BF957D6967CD0F
pt8frfslkn35tcj62g0jminer,0598EA9CF28EB96AC24F630620A8A33C
n1en1184u03e0r1u2395mcim48,07C483AB4C933841A4C651E4B4F5CAF6
8am9ni4p68fdli08btemkqqgsa,052C2EC3949BC42C09FF1C4BA29FD8BB
eh8547rnf8u5jl5t0cm4f3qgi2,02769881270C82302773F33AE188E8F9
acks8cr13ifrasqtchf15n1trs,03EF3405BDA4408B6348B26CD8C0108B
fu67d5ejfmimmee81os8r64itr,013662183C05F3AEC867DF6577A2988E
jkjhnph3cfece4pgp3u1kdaemj,0790A48375308AA4AA528503EC7550C5
5h3vhelt9sfmothjb79ihl870c,066CED9D4FE292BF4532E55AE0E3FBC0
h0r4mu7mmcg8keqb10bdr20jhi,01D18926CB01B40110C35A88EE66809C
blg1ukhqdn1eq7r7eejtcdie08,04F3379D07B88D3A7E7529C3050C3DEE
1j0bth7jlt0ip5c2ntmbfjkuol,04A36D5A81CF3FFC07664E2C61C52830
ueim5o1qpukjnqfvmbp4hbc26q,033BCFC41E0C70A1E90C700FB7F801A6
hr3bcc5gd63lrqnag2p3co0t33,01F83A2949808547E41B144CCFD673FC
t7uf10oia29k4p0bpdd4udvcqu,0951FA555B064DCB7DC3715F85EB6A1E
mhkul9r7k4sj3jcoussf9bso5m,082173054ED7BFCAF48E9AA6180719FE
utnp42m551r96k89qn6pofvibs,054035BB25E09D6C3EA44B595723ADBF
5te0km9pj2matp1njqrgdlvqju,0928386B717981E779E6E760D7118779
nba2ur89smgbe4933c4gsvk1vi,0A6DC6769533A392239028A9D58FCDA6
b6v49qcieq4hlldhms6rejtau,06028D1AD93148BE1DCBCD8859536B82
smfka10tsid26u0kh2n7od0n9,0A19C47090AB5A4A30C82CDF29055461
22a949lmc9jhhb9d97d71uiivd,08CE07BE148FAC3356AE2D780E92ECEB
ppmsdllae8hq3v1p8oi9aqbq5c,03BF4FCECA4C94AC00B603FA876FB10B
4vj43vft0i21ggnj54o4nu7pe,011E200999F74D701BCCA121B901B08E
suo3cmrkav2a60e3h0vlje27ma,0923DF360AE2D74E012109B88E9BF040
b47mkpaf1cv1qr666q1ukjslj,04F5F56D9A85183E27136017F70D14BB
8tv0e7ro7cbqgnn3g3tn4fv4q9,029BEC2438E3270CC65F992EB1EE073A
375be4j209phfi41cfk37ham4d,09EAFB42D4C0CAF849666AB504503793
8cie3b352f6eqpl97o0ugbidk5,05CB420B84E4DB924AC300271608E3EF
vvpeq0u3roem3npgjtj4it45lt,0012AFF4414F1F19DCBC26E614CC33E6
3jvulqplb79nm5egkhra49c19h,0033EC6287141F49D3F25E1D53BB09BD
sbeb1ev94fhr28mlqb8h0bvg2c,0A4CED8F2C55BEB417D0A33163A13A98
o2ckflb8gnkltmrd4guqlrvgm6,08F771106F46E0AA4767C4A18042F303
932k4sqgo9n5p4pd1icnat3c9i,05DE9B6ECF22C308A7DE6500AA29FE13
12rm5hbt208k98l1tgdf9m4963,06A788D8508C83F3CD86F139BAA2ACC5
753i47d9j55i45dic34cduf2fj,0127800A1D8613F2D3DCF7CAD7532AB0
gkjp858c36jtk7mdta3u138fgj,05ABD669EFBBA94299828163DB5B9C6A
7qejuooh0g51qdubglmm0tefpn,00BD5C2169CC21B2CFBD99FF8B971C24
9odb8iik8papaeskskmm77ca11,0686430F6F584F152A066A33416CB71C
hqao28va2c4j47c2fu0k1tl150,0564221CCDADDD51CEA5475E3C50459B
o6k8kci2mt2v09dp0ao0k0vs1,0233A3FDF5AC7DD9532338FCE05AC791
1k68lk18bdtjq48f5ud2iv67ft,04CECCEB2A33328B9D987A8F8B3C0BDB
ocbl44sev8uffacuh8ga2p4qdk,09F2161C6DE81A242758C5D5F2E377E5
4olmsnb5f27mmje1mkojp6pt5q,07C0B1D4ADF30814D3432CB340F7770D
cn5ei9lf0n7qhk6n18n8d8v1eo,05CD96E6DF65C5CA2764008DDD7FC82B
rljqahuua54g4sfb4cl9s8bml,051F18E4A48E4707199430F00DB09656
au50h1qcbua63g3rd7lh1d2k3r,09415EA806C5E2D4776D9E3BB65459FA
5dth2pheek0h1j37a9pp29cjcn,02DA7AB6A6E627589C5342D62B274EB3
25onrrh04bi6tni5kefm47e32c,084973405A9B96911A623FEC97E794DF
obi9ekpgpht7moe2am3gokn7a,04F8794BCEE17C77BCC51F512EEE56E1
7m970i858gsc52hvavfrc21b8e,0A3B27C823D9204EFBEE0E3AC91E7153
jh1604b1n6v8soql253veg1dl2,03F6C831337881EF341FEB1BBA77E4F9
97sa5ru0tu2h07eikicoa0fr5k,09A480774F7E35849D13D104CA76F05D
bk9dpl6ii40475f4keq5o2o9ir,01D6F65CF7C66642FDC27CDD8633C9AE
c19hhdb5ag2orgnontrfj6empj,093338A09A2EB515B46AB32C4E1BC482
i25np55l2ajaspc2v7idti97lt,04CDC4DD772B3EF0F807F376B1F71D21
f15si6pl7k1jlotvqpi26vrkbi,08773B6318B4842820D8C068CA642AF5
dqm54umm7ksrhgqnvqm1jlikhe,03B761B22EBB00FBAE2F451658C09918
84e6m1a10iu0s3eo6vrl1ardhi,010778CCFA9EA875912013BBF06EBE55
3t1h4gn8cg6bi2f1mhehoohm8q,0479D375915582152DBD8AD77DA3B12C
bmp98cuq6aahj4iunq2u59a4b1,021FDB3D53A1329B39A0A227015AC92F
frk3hqt0p7m6htmls4uf3cu4eq,047BA3F8E1BB476381DD15E33F705950
c2649h48nu6mdq2e5scmjmb422,074EDAA6DCDA6FEF5BABFC985E9CAD58
atkopqrl9nk10dnc4ri9ehjpae,091AC97876AFA3C0598132A7D0263CBC
aeb07kojs7nc773353v8fsbav3,01BE9472FBB427D3234D584470628E60
out39i43hvh2epins16ll0ss2f,00A3558447CF220830CD14976AB5CA76
4ucd794u165phd72qaqts86iue,02921D39DE62F14E0272702819D35601
7hd7np2um3p1nvhhj5t7nf5ths,07C2BBD92D8A821D263C93AD5C59E106
n6a8f4hsukiivguaqfc9q4ubkt,0746B1026109F58A063EB0411445BC98
h2h06o30q3fvmnrc7uukmdhoc5,0482F0AB3AF97AA9A89E21D777B98A6A
4mc2u4o623f266om52m3j4c025,094DF5FA3B4E5C6887C576A1801AAF42
u40kes36013qlar5cg7a0cc3b9,0759FD8922E370460821E5B78C71CCF9
5ir7ku2pca000000mju1ee4t60,050E31C75EDF09B721610FFDED8E9358
rf7ah6kdlh33u6khm7ojeh97a3,09273FCD4B09F3F47350C1DA44729D8A
ihfn26daq24rl2db72grjamshl,058F99E134CF45FB3527081DDDCC7B82
602a81fku9l9549tqanauiasmu,081B40EAB926FB9B03BCEA9226997F04
26n48asvt126tq62f4kqq9qva6,07ADCCA79546F7A77E5FD5A52F74BC12
d9a8qrh2gbgtp2l33idgunkhh,0458ED8EB90E1B48BB9D5FC63843BD55
po3tup62a43cjf365ls1087nok,064181B55C39CB302B140FAB8D4B1BC2
l0d88n7u1qrcacurnkubqjjp6l,065FE2287C5B7F59189373D3B44610D2
fjkghe4vpsmgpn7nnfbcf2lk3p,051AF25A4D708E1195A80518E9341AFA
agkmphcm04mlt34tilpmn0pqaf,081EC756377552C1F0E5D0430553E116
fg4rjjmfn3eqvgbinhel0t7v0m,02D2B81A7803A42B34667C243613D718
o0i1u7scv5nr20poulednhoo0a,039906EDEF90C75DC8FC6227D9C04A28
uo9uuh4fo280in3aq88f2hntls,07C24F6EC232FCEAF1D43E188E1F0158
4nqkroqkefbig98vov8e78e1i6,0733777274F60EDDC20B7B083D223093
vtdtibunr1567lfckm5jtn35sb,0A15D7DB14FB8FD967A41B6A5C098B5D
eo1uv765q2ph76gst73vk5vivg,0454FD6214864EF447CA513FF2C3B4B4
rkur0u4ucj2kna6v6o4ghfr1mq,069596CC3D29D0E3374418CBF0FAF9AB
8vibeiu0t906cp8qe4ctoclu47,07D0BCB788A265F350D07ADCC7C58CEA
c818o07i8683l4p0pcq3lhbm4i,06AA708559E8C7CA145AF747B4F00ADE
hnc3q3k5dnbrkieoo3g3sigaln,02E36521817B1B21BDBE62AE16D77282
62peql0h89dbigcmkn2c2g519d,01B463DA8A2921F5BA3CD5AC191B9D22
rtl4jo3o8cptmhkaftf4abeu1o,09C0F233D83EB2BF9107F07B7AC14E73
3t26mhtfp8q1dtlfc5g4vt81om,00E73B98E07EF7ABC0C5DD7201240709
s1sh5oascrnhdge2gioisbqd2r,05B131D93115ABB2C7F1C7E4944B9038
h23gq6ol8hefjlaj5p0s89cqhk,06DA0CA8AA40F52705FF176639FD71B6
kr2lda1rja2n5a7tn4iaujbgrh,0590B2CA6F94976E5971547626F86D82
thqurssr75eijt2p4oo9v4bloc,07608AE9E6E2B7CFA94DD0CBBF8FB49F
evu5k0ha0vev2icpk1esl9kf4u,0325C5860AD2564798FD8AEDEE46F450
cs5uf30ncdflcqs4hdnfpt9ckj,05928EE49F986C335295D024FBF0BBC4
n79lrudv89ljnplad9uofmqgp3,026DE98BAECB9E842E82B68508405850
5dufs9r83971eocc0b2oqsua4j,0533AE552DFDF757C37200C26BB49734
rd3vj7folugjq41pjmqdbrbleu,073D06098DDBEBE8308A823A153572E6
9q59dvcb6saa1ab6stdeieod4e,0321BDE7A19940D35D342663EDAB46FB
b1tm2cvfgtis54nstarlffcri6,060875A488A45E4B8052D76C08E42A6E
8to4s8inookc62r6l28bigsqhb,0976F152EF1D01D9AF4A3FC47A638A20
9af2g6sha5q52l303i3arv3hjg,00F2916A29E12F854E1B06B050769227
gk0fk3rk1ov8jcqk6siaonq99q,0743AE2865032DABE873E1B07A96DBA4
tm1sq0ikmvc2oesdmuj6g9rr48,09FFBD73A585C7A7FF7291D781340C4F
62jo9jpedvif7ve1ruofipt26c,01ABB3FA09D6DDAC5E0BB33BAF8CC112
bgkust0dvj89n08284rc6bjr99,05773A2E454FFA74E51696F86E2989E4
7o14vh1p7o6q4g6dhbjnvd6npp,034E889808DABEB1E1A718409BFADB21
jtv8udroecb0rpk49acptdu4ce,02127B8AEE98082FE80B4DC39A14BA3B
103vdnvm2fuhcgp4941chg057o,00EBA24658AF689E40E2CEE2F4A17796
e2ribrahe847eqf9pnqu2i4c3u,0A6B9F5077452567E240A946F52F9557
vmam52shdis483lim04a6ovc3j,031F032E99574141090FC1D08EBAAAA4
cglqu2a38jesd1vu2pdvni800i,0275F64A358B34BF9060E24BFA43081F
8rackoohonshf6iogecmvk97k3,08C2FB36E1EBD97D02B0A515E4ED856C
opkdb2cb6htnf97liuksumdrjm,099A9D14B5F59C3C1725FF9AC2F66111
vg81p0dr4qkjnodqev44rjgt6s,083D8F940F454A46F3638281B8E5D98D
rqern1v57uu95t82ahmjj7n29n,030E36530927C43A40A899C1C467171D
r7cunem07hltf8noio7ro6v6he,083E783E371EAD71860CF02822DF3320
pvltgekei4lqp7ob7ellfqmdjk,0275726AD2F5B7412573DB5549AE0AB8
onqidqkcsj60ehn1emiv3fepu9,065476FC7C34DBF0DA29444DD9C4572C
38r4ksqs369ef5slmege1qn81r,0497BB9B69915053A128C57F5E3077F6
pnue34cl1nbgksktl7so2t9b78,042092D7EBE906601AF4B78BC360ED90
3abp3g9htvs2jcev2mfh3s2phl,02D0868BB68259AED86384F2850724F7
j7o5p0al0anaunm1fe0p8dp9g5,0A2A4C947795C014A8D1A7EA1D2856EF
2nr0i2j0namg8eu5jgi625esd6,0855817AD00B78FBEDB74AAAD97F94AF
dimtok8kr76b7jd67qi2ufvqgl,055320066AA6F2791222F936C0485298
e3emocqk5o1orb58oiiot5h9m2,077061E9A9C6E410714770BA3005DB60
7m54fhmev13sg8becp7lg91qre,064213F59C807B6741A6A8AD5624D4B8
uhgmivj9asfms8o0ttjei631bo,0892BA2C1026FF117349C47AA8C87D22
hs4i7cdhe4959vbc3ar7v48ja0,020267696F4E93CEF07F17DF92F03933
ce5f1q9kdvkmb4evlfindoa8p8,01B4D063AB15F78BEF888455E634B71E
mojvdj9inhtiafoefc25b9t68q,02BECA4BF622B84A649170FB6E3C1C22
dpj8mgo5opcbktj8b8q1bjgnqp,08EBCBD38996E5A56BB1BD8CF6895828
vk4emtk42r4a71c9bedhvcdgt7,05925458E52F6968B5FB64E350DF5D87
9779fq2paddqhqgaflgu5ehemn,04B016B68B6770A853E6CD91A5DBA59F
7ngo1bhmpng11l579kpctrguo6,08723F7AA002D94183FF79769A42C9E9
dj1cu55e4trgh809hf4tdee2vv,01165E935C1048160635C6A8A7B38D9C
v71inoa95sn6lda730c7km7c2j,01E8EB406684E8E166382B2158AE6F30
f5qbpan02fh6lbsich03bdjocp,035FE5CC9428C8C0E5C03B0F5E3385F8
j3rfvr37o8m81nsm95kkfljn81,09F4AFAD41F20A2F827FAB5AD488B073
qu2uli587gbf797k5mah6i8ha2,09DDC61DC3D49DB664666C2D10A8E7B9
4u4jtgbah8ctco1tj0obcfvonl,07EFEA4B4F791DD297D0A6F93479280A
r3bi9ou7k2hq7o0rhpcs8v2v9o,0086142034FC875693034F860051CA41
3d2jf7ec36900nfg53amt06ne6,09D5F5DA7E4F18C400097CB745690760
uvioq3n727523bu8n8p5cun0oa,06E99560619701D24006669940606952
vcs0iupmkmiviuhs59hjubeeqt,0380AB2F6962EC1A159F0950CC4320FA
am9vc8inid7771g3jvgf0f9vt8,04D1D78F9B1B55810CE90BC479AA8123
lvfk86fdh5bjsa6om4kel0e815,0734A28A413CB3FFA521289D2A02AF53
8a8shop6o5bupiplr8v28e71nj,06C496EDC9D99A2694B94801C71336C2
v96c90mlft0q13cb6dl7mlnr6b,09DA4E17E8E9C7A290BC899FC50505BA
9dbre9lfneopqplut5dis84o0n,028DEDE2F81FE4E67BAFEB3D33819CE7
34rnumfi1j1ltpuuo4mct4l59,05165EDC479B8F94D7DA5A50C8AA4636
3vsvn9b9fe3dr313tim7n908h3,06CCEE6A1FC889455D60B699145CD325
uegba89e1nidtdoh4mj9a6pvad,007653CCBF799BFF435038BED93E9298
tcmql1ku2clb8amsih4740uj1j,0322D305525B127C87ACF2D64DB3714C
ku63akvut2e2tdaitimgio8mfi,045766894CAB49F046732671F781CEA3
7teji43gj5kijdutugnnc5jtdb,00130083E53A89D8EC61DDC4E7B8D2FA
l9s8ttvh69msujvd45v8qlftcv,03F60063F5DFD6B4CE99DFD8F1299DAE
j9qdif88jrqb86h1mnba0jui51,013610AEE0013F254CF24513089A2B2E
f126869alghd8t8qv3m7tsm51k,09D1E89B7F04BB9370501FC42D7383B9
1isgm3autjkpab22afncua1k7v,0141BAE3AF7251913AF5DDDDCF81E064
kskqbdvbckuscmokbinv0n76rq,024285009E4598B40AFB382B1C5F8DA9
2fkluah4nspae634bfjjrh1rjp,03F27A69FA73363C98BB1353F3DB25BA
o3h4ia9rpa9dn6nt7spauqbuvo,0919067FF75541A0EE25C977A2D1FC88
o3srnul70026qtvp6l133bjquu,0135C86F9302DD88216A6F7119FDFB70
298ukmgdgem2qdf5ag6kjqnpmm,051E096B146F8069BB3A67D427FACD53
u5budi8siijkj4kl6g7qgut1hk,05837AE7FAF15A04C71EB85D03DDE9B3
q7rl2kmqq3e49s4fn3nhkfqgru,00DD962A9E9BE353E41F83003B1D92F4
hkvcqq02nrsajbdq4gj6vlqh62,09113A1EE2BA6C946B1B304264C609A2
cic1qo7dq6bkmgda8e7hibjr7v,0480C2569F20206200407D29699DD183
pc0r1gdgqvph21dg39uqj8e3c2,061E02E7F22E30DDB3D2C69E06403234
r248to99bu6cdrd6vti484sfmd,021B47174A283A88A51126E5D5D093F7
c8gp01noeb9b8cu8n1gm524sbm,0909E56B166E3E61CDFEE3404AA4B7EA
vc9s3j47d7aqc7spts5o3g2fa3,0923BE269C1B6B43F0873D68A240419C
5m2jskjujh4fmcf04eh9chghj9,09ABACE5FFFE0A205C9C04E574D9D3A5
83g1uldsu3b9aqk9gbbmg6ipev,01480BCD25B40A641E91B9E2621A44F6
ohcvf6q3ejqu524ivsosv7gima,0226262B1996C2C59CBC113E78DBC1ED
miacthliajqqghlthp8s1lolou,091461440DC476051A202B495F2501C8
8ujuv7seijjopiggd4v9rn4v71,083AD77D43F5C19A68DB459CB97D1E37
5iessu9jco3d27phfkfktord82,05782CB1B5768DA995F710F0E7AF450D
df7orm2oclftu37u44chjo2gkk,078359521BDBB6F94DDB6D94B6D2A928
a10t4lp8b9fkv48knr70ktdb2v,04EB2955E2F22BBE0928F88E8CD0952A
l4k6lmqin711p056r67cbno96n,011C631FA551E2A730668CF8789B9F4B
q3gl46ac6n3sosprgrffifqocv,04DCDE8E3526232DD605A88121F651F4
7ccgcbuiefor8kvk2ns2ajlcfc,03B98FF7DFD0E56598544F2215736AA5
f1n4e81g0mghmihihq2klo6njg,017836D6AB69B3CDE12763809113701E
qf82720imubj5g12pm8o242b4e,02AF5F3D2D2FDB0244DE97771ECBAB36
u6mn2llv5hu5orm8oa5h0s5vri,0244ECBE3BB5430AD38BCF6B7DF5DE7F
24fi9p5elpqt1pfd70fpbhm33e,08D917D25F8E6D877ECBDB702884AE20
r688ul4le0t16hg18dcu63mpa,012C1F68D86BA7EB25280F72199DB2D7
9pd9jjsder64v06lp5ahpda06t,077872996187A411FA03D40D4EAB65F0
ici9srud25sov93cn9am490ot3,016B7B37CE4646FECF845C6571FA98DE
5cb72ddfht3scni0f1410070o5,0546B70A6341E7495A6B47693E8DCD60
lq9luvpc56arkac40mv9viunke,067B4BBE2CF5C6FFD0E63E25E16C7EE9
vhrn98pfavihekb92jidkhu8sc,0A8F088AFA3C8A53D87D53823A9B609D
obkec2gskk6247s81eq726dbg5,01D19C7A983CE80B8C2130146FC30B24
59flj5bdhc56r7cai1dj5r3ebj,01CEAC9A376A08A41E19196D566985B3
379d5abcjs8gh9k5jk9tf97qat,0A22EA3A54F3E82BB492A74B2EAFD3EB
a6f72r3r754u4o3e9p1iq85vid,02DF900EDB10458C91D9313BCF5EA579
mkt0n4ceijehr2l1npjv034aup,0193CD2A4875B1E24779C511C570A8E5
sstvh4p923lhf381vbfdtkqjt2,00EDC12509F6B8315090F24ACA05FCAB
2gpqccrg3bus5kihh66kcoi43l,055AA7E2F6431510DFD8B1246C190EB4
m76hp9qc7kf8ci0lamr37neund,06C41DF599FF065F98700E0098F90216
tumuc0o4gat6u64k483h7ieagc,06595342BD22D6C06A496F13CA8DAC2A
46fhg59mo8uni20g42am3bfqf2,01E12DD68DFF5AB0CFF57009247FB47D
bnsrcnt4aunkaja02gji65ogan,03C4FA32DBE3BFC9763C4BAFE0703499
shskemmp5jamlp2filcad1a1rd,0329817221E0F86DC46122848CE8233A
do58ihi203dgsfn3co56nuu45b,05B2A7B5722A376729C73BD75B5FE0F0
550le9ocml7f9ihvdbcp9ad8r3,09A7368CFDAAB520A0D28D91FC5678BE
v2rtvadlkberjt405k90umm9dl,0439350AD1A642F523683BE7BCA0B9C6
ju3lev1ir21dni2h8k55i35a62,07544370C4B37C47CA746B796C533D9D
84qs3n1ig20vnscjg2k71cmt32,081F76C24EA2284E5710B4755C1D46A9
js9jevc6t5s7qaaq3c3tf9oso1,087D8CFF8C6B91B9A2BE29495DAB7AAE
85b2e7e277tach7l39fcquec93,02995CC5F11DA60D9C91C4D012D9C2DC
fker287ov40s4bkqo905lhlh6q,07CE573C43E538034FC251A2B89B18C8
4camqk5656mebcvh9dji8edjm4,006E7973981F73C25756332F5AFAE919
fs8s7bnh9g68hr8cocpl7oq247,0285A15FF77D3059F9968A3510FA294F
29tlau4i0iu2b992icmb2igh3,01FC632C0489DE8D49871CDAA9640BE4
1bs25bb80nc859f1t9kgjei7fm,02F2B2ACC9A648B3F7A0FA3D60206BF0
jriqhiar6dn7rolgtrabfkbsmk,09B308193704F80B3D2CF4BCF8EABCFC
fsor7tm5bsk100jg122rhve07b,0A10295FD04E88E0C663E33256C6AC10
