Key,Hash
trjhhp7pcdglr75mgat835e3pl,48B50F58FDE4C5E6F39311FFB57D18C9
f6ictk1kqgkaml7vdv6hqhphlq,486C54B5F4A4F2D3EFED3F9166AEBADB
rqmbjm2b0io6rrikkn57sojv6j,4507A065AFACEA4251B60A1882716AC1
r97hm7q53ddmhqeatrgkrp7es,4A81BBFBCBD2A007978DDB5F4032AC76
e002qvqor2vbfq2bm2hqe87uq1,42E1446B810C912A9899C0F9866EAC53
3veuiree1vcuu1jk8ij55vl3kq,4657AF32B2EDED38D8D3E183B7FFF435
39qlus1orr8b457jf778ik00pq,40D0C500010B2755F2CCB6A621D38E6E
eso2pbdeikm6lao70kmn5dides,49C616256283F849492F34626314F8A2
67ik9d306pnjhsqe73llemep88,47C57803E6B5C742A8C435A7661EDD2C
10cbg2nnhderr5i4dgnlfm1fri,48644389E34334D450FF2FF2CA4F9361
lpjivhue6t0etjuon2g2eu9irm,45E35D37D5846AB6052582CF66EA9CB8
gt0l62fkclgordr72dprq3pkn0,46CEC4F8A867E62CCE2C973080802D96
f3fal15i1tbfdh368tv3jtfjqk,4814B28D8AB49C79C8842EF96926DAC3
j6bjj9dk124kod6tg9musqsssf,472C3EA8DA80B603421CD7B7B50763B4
6n2ftc8bp8vbdenkqqm6e5iq4t,410EEB0FD6850CA78FBFB306DA4316C3
l52r8trd16k85l4me6sgtrpijt,41F1C397EC5036036A310B3FD10C3F18
ks6ihn4fhkca1mhkpkni2g2h3j,4792530C33D3C512CDC3391053CD49FD
lg6lu8q2257kfd3ujnbr4g25hq,49679539A90E79E37F0F025493F74111
jcevos02u1tha14eahfksm2jsm,4130B05FEB04AF8657C8B238C776128A
20c4ggmb6e506d5hfgcnqb3mq8,44AB98B48E1B535DA8E0352E60E49614
khsmhgeh3f3f760lk8b5qbalrp,47F7BFD1BB5A331A1EE71440B31F7ACA
4fqmdc488i39mmfbat1ef9o4b7,46E9C1F5D37864F842CDB58B2507E5EB
s7b9lp5doickpschqdtcpm86lf,478F04E57F82D7F3291DC375343E4BE4
cd1qvcves640oldk10jieva9j5,498F38DC291AA4FAD3EAF616F7AA7351
m84jgrjuj9u16qnk2dht612lip,45A6E04E2C59C7D814FF0658A785BDD8
7ik6k8d0nt3aqotk12nt9u59o,433F157B8CA47332F6B73CE84EE6685B
1t2jtb47jpe20r8aqe6bm70g2j,42F3E4810E442652385BACAC857D0DAC
ueiiqsjkbc5jnfqfghjf335ahp,47BED34C7F00DCAE90E360822E4F97CD
p80k5ia193na0je6tofder6oll,408B8F4A8DCC66EF0040BB5C8A40CD48
p2fbohb56lpnfd568msofhkvp8,468175F94369B0A151F2F6DB2948A0AA
d73i50koc4p0vkhun5epfq18f,472BDCC8C4A569858E65BF951F3B1592
jpn1uq7koo353sm24af4qv1k1s,456589174C66D7632B22463D884821B4
1u2uimuctv9r375phjluamnlla,4065D7AA8635016D4397B13429239D57
4mv0oajepsijdt7fn2nncrsnrb,4873A6DFFF6EE6E7BFCC638B252EB9B7
fcaesca7eq8i557qi6pjo3s555,405BF653D53924692E23C42F9DE9BABF
u8mjjq90d97l333brqiea4imnd,40E5B6AB9FAB4210F37667B35FF78234
lk5fibg1pfa8lef4u3hsjrgeeu,44ED8FC89ABA2D2DED620FDC7B094D71
9289q3thv1l8tpmqeq7ee6p2f5,4480D25CA1C79856E6386AF0DB879AF3
9mlav9ebgto0vk64njqdp2lqpm,441A4D6F5DC90E759DF847E63147B110
3vji3pbl7ih887kgl4uqt7lmnr,4630D14474C90DD541E6ACF44F39BD04
fo5vtjopd5uvq3pp0kma5tsa67,493390CE4300B5BA717703B036439353
1fprj1b3dr50vgqb9blr5lgl40,496B6030CF45839A9477861A12E03A9E
lj3vabetrnnr3hv9qdb9dmf8ad,4A1C3EAFA9D2D6F02558F37310191037
ndnhn9csslgvb77odi48q6p0st,459ADC181754388E3A5F3446E0914F3F
j86mo314ccjl3ugnj99gn2e7mp,42AE2BC961F14836C8BB8C596EAA78EF
1kc75nvrb9egojmnunpab8vbdf,407EE3475E60E3543FB7CDC77A737979
q2pkcq0b2hov6d2i0knobipcds,4A95A037F34FA50F6C3B8F323FB578DC
glbcmv4mp8i3r97jk3d34ej00d,474F8C3D684221F88797DBC603D4F7D1
7luepln9abib53i36ll3bhtvtt,4245C7DA144D062863522D10D1BC9DA1
a22qrlb8dfcnfpd3v7tmjl0c4r,4371805540208942F996D40049156D9B
tnjcfj2snbeglsgjtfe8o33doc,431AA5B380C83760092F9B0A83FBFC0C
q90gisdipvnt31q0f9qt1m4v87,4190E86B32DF8E5FCB08B155F977976C
4qhl91lo73j95s0n66ppjbnheq,4098ED4BC7A761A24DB6ED2F8F618093
qdvohmg159eii5o48k80rs81b6,441BD5CC8E8D2C6436BA199F219C3A3E
frs9g8024pitm3dk0knkdg7edt,461778E2521F4F1F6ABFFC6FFD5D0218
f44q9o2ttj5q001fpvmsfb2ug7,42770C50C1093E1C2CEF8EE79D19530D
prd6h6n1gt3lt25u60d75v6rt3,425EB861BD5FD0D61C0D2B2F786DD762
u4t0qs33cra35iplthn3rqahfp,469E07B61251BA6D9949E2FDD09D468A
umovitkfkld2bblsiit74b5v7v,499BCF15BE0E20AF5BD85BD5ABBE5396
klpfon8ppmmp0p4gq6rb5p47nu,404AE48D23D2D28026B927FD800F9A97
40kjlc18888qnibb1pu34l34bt,478A433C4E98152B87E66527D5B4F301
t01us2f2bgqtq5or3nmlb7aftt,496C8E184FF5CAA1CC5D3BF0D571BAEA
m45i2sohreg1f59oi0r7sadjsl,448259430BE97373398CA203E5D31894
oeomod7ipfhhfjsa8a0ajutkc2,44FA4F15172A9B1541764B10DA1620AF
tv5scsjmoprfd7td5gbikj09mg,45642264E60118F8AC7BC8713C8CC0DC
hvn0jumm67gqvdvvf8huqa721k,4949C5C66B759F31A31BCAD578EE3758
a6srdggpg6gfduah747pjb2eqr,430BF47FDD91D6556569FC33BA19DE5C
no9lhrbe112okhog23nfgk9agh,46EE776FB9E2F24CFA2C3DDC3E53002D
89kunq8m5v45kkrh2diu766bq8,4442B055A48D829C881DDA86399C8D54
9hee46ttm4749d9i644840evkv,492D3283FA57BADB0148CDAF817A1921
hkbnqn75jnm2ppi8k0ksortq4k,4851AA317177F3D0938E889AB18EEC3E
ajt068kqsvbf7rso92sp4rc6mu,42F303189D05CF5846F003EE972A95BB
5d9esguq9ag7731aal3uj53llk,46168856B7C45EC61699ACAA63002EB1
ev9t1ks7silk1qa19moo3qhtu9,47A529DE29146693BF3B4CCB8ADBA467
m3nmi67dk002dnuibkghv6hhd7,45DCFF50E529F8C48588685C1E05F9C4
21hgr8t7poqromh158aipjobk5,4219D6D8BBFA45B3EDADEF83465B17C2
h635m1lrhkg423mdde1lhupnto,43D5AB19F7C8501069B506F7562AF1C2
gr7nan5640ll8ptjc8s4gnt7bl,47F15AEECD14561FC85071192445B812
bs5a35qbdq6cfu3vt0ihgb9nvh,426999E147A7AF659EBB50607F7D76D5
vhkaeooiaokp9d80j6rvjfpdda,4138C672A9A9406DBAD0C8EAED6828E4
c2974m0j3od9vercu6rt4qbsti,4242BC58E29D6C7D38F6E777AF11ED99
al8lsn97bg8ijdi8scrk8r7lr2,471D5A4B070540840AA7F3A4CDF9DE3C
kpj68nqncsc68ugn1t4r1p4o58,49F984E73B4BAA0B0CACEB3D64C06A95
g8344mh6an778mjk38etbjkmcs,40755D7AC3E25154614C1034F4807AC7
ae9crejtuie85op4e9eh0kbagm,4470DC3CD1FC863B6592DA4E432EC192
d591m9u4ncn7ceec1r1nu4a8um,465797FED5A8AAE1DDBC6D0EA11EB61D
d955rd2qnnp13jhe6fnajkjaev,48E5F167B1AF619D3944D744F79737BA
6jtuisb0tsog33nsei4ibr3dls,41825E65149361310396959B4F5BB0E1
a6lqjp85abfnhvuiphli7vp411,4742FCFBB8C7973D546D759B5EA80B44
49epma7k093gfo80vikdob7kme,494DCABE5F22D993488EDB3AE48A46BB
8vs38uiuta9d8c70n1oj8358i9,454CE110A3804FC445D4A2DC3BB1C172
reggcattngdgg0je8omijke3fg,40BA002649324A975C98765528CE5108
efgskrt13su5aeitkmq6pilu2p,40AF81D05F14B2003596819DC9CF6B7C
pknm9q1qig2fftp8bm4rntkbr9,48A304E2335095D3F3DC04B38A8F721D
fbr93kkrnbhko3lvho9c1i28pk,4254F26B2767580A253E0CDA9690DA73
6p7i7p96h9sjj9acrvqam7pt9k,4742CB5033D4CA4FA81CD5F8B6C9039A
10dqep7fkqhac6scprqqtk1ovu,45B785FD6B383CC60C14072FF35A2B9A
a6c33ob4rdi4fe656vo4rumruf,404572132BE926C89A18C4BF133B439B
llraedhg49lt3iorvib2hisrc5,492703E658DC401EE22FE22155F8AA76
nfhgicuhm13nl3718j04hr3rs1,435E0BD1EA02DD5652E5F11252B0B7D7
52urh63sm1dnodimaqsqtgsqd6,496F7ED9F6F025C16DD698793D072E7C
41u095t1gu6doqv84riqpnao07,44C55076284104E28B85A4437F7F4612
npmketith6gvv5s1vtc9jo6pfn,406C96B12F55EFFDA01E1B3B5B70AC41
tpjlav8ket3s5k5bo7mtb3k4hh,469A17E32EA8FE29265F66C0FFF9E1CE
sbaaohp14i0tohk9fub1ou3ccr,442F72ABDEB03F6DDDADE63E35ED841C
2r7vt3th0grb7tgb9i8v71oltv,44E5B5045625988EF048EFF06AE6BDF8
mqapsrnbg42r350dmhgekjcjh0,439024F3EBDB3842D521E003226645DF
dt3hdroc6crinjnbf85iqdd6j8,43867358F913213DFCAEA0EE720E6B95
1m7rjr9an9rc71skv5u17n5m3o,42C1B2E966EE005EF4BAB2DA7BAACDC3
q6lffdo74v85gs2p003n7me192,49E4D2278E3E5E8005D9B3EA36C88D93
8e06f5si7am5j7b64lnfdhtf34,411C7D8CCA13400FBF1423053A75C402
c4iq85o46ird8t1maicnu7nc1d,4279E587E617737F656C7E544E819080
puips369i9jiuna6uifucjjrr4,4929841F2EFB8E3891577B1D1C1FF090
bi0s7snp162p4e54s3rbvbhn8b,4462F0C9A6F9D6F63A35DA76D6973174
fk32us5udmgptae68t63mopcfd,49CE529298C3A729951E11BB1359F551
j95hd4emugu7i3jal1mtpqkc7e,424153F773E66009C27A4A03DE5FAA9F
6lancf4ib9f9okk8bdgk5qrqfq,48E9CD73C7B1C8D4E864B5A0103AA5ED
thtal62gm9n0n01qpfgfogrn0t,4349AA53C8CFFF8FB1D403F12856A2B8
7r03l4csitumss3685o492cibh,48BAF6F320E8EC4C7B59F3DE68915170
4ofm4hes5alos7smu3cd8fpbfn,49CC4377F63984D70D39F77B61877F61
qi9igjbo31n29ig18cbfe93g3c,4846AAD07A3A55E88AAAE6A2B39937DB
iamgk1iqtmktikukmuvidr7bkt,41CC42D80A23DBE064CE39120AF72F53
cki9u4q499koo4c3prgad74mrh,49009F6457858C3CE3D3D9DAB8BAF70A
m4eu9p0v628m8cdpifc8kjvj07,494D930B24D8B4F3EC526CEBA4D553C2
s9ur660eh3js4a1ufohqrrfvuj,49A1EB563387D67480ABE3D083786A26
592l3igr5gonqmmfq9jl2sof1f,49A4E132D88A092DE63CE9DB89BCBB5F
a4ftmr6qnmqefhj2tmuh6vff6n,44143140E770A1DA8D78515452419288
chvtka0u55f65grpvic4i3gau5,448B540D2514D35EF50C0CDE37217318
610gnv91k800pnn9m58f69p5uj,4475818966A6952D11C58567329192D3
im29i04lf3gvuqkbjd5dkidvp5,42DAAA780A610DE2AB0E3FC210155C43
uia6j5qmobeumlcimesda203r1,48E1000459AE86B58099641611D0310E
66dfpjsnq73ce06v7754amdtq4,47E13D88BABD28D89EF543ACC53619A8
v7e05c9h7qrd643dj4tq6i55lt,44883C2AFE12E3DC5D3A8283A0953DE2
qc2tsupve3u9hmsoh3ou4836bs,4444CEDA7E1F4632157376903986D2BB
904maj0e3rbee6iimtagaomp68,4A09FAFB9FF3EB96F8A45A5A3ABB08D3
v53l53h9rh5sdjiuqecj7j4nkc,4600B57E9C9EEF1791A34F20004AC117
3lrtsbpon38fj12partio4qaq3,414CBC490BCCCF0CFD0212CC303C8924
64s9egmvlc3va5uqj92ehbh60b,40FCCDDF687D0169A593172B8681D012
btipetekkggpj7s38aaleff9vu,45AD5D6D6809E9107DD43369BE971008
kd066n3dvsubto5pkph0hpi36m,4670B8781D9BD369F7746A65A277C19C
b78shlcrlfbr4ms7jlu0h69muv,4768F15F2D77A2348F613B65854B9708
6qlof4hd90v2hle22bv8ocurde,4987F696C656A954BE4FA2698F173FB5
pge9au7hvnd9ls6c0ef7r3l3qu,48E3878FD3ABE45A657E07F026FCB0E0
21jfk9vp6fnr64f0opaklri7bq,41C29750EDB49EA718B6E5A2655485B9
tsa598mokihfnnb5gckhebtj27,448CBA46ADF4153D4472AF9840183FF1
85iisn0l0g83c1u1ecbad3090i,4861B908B51A7CC844F6CAB6AF4163DD
8r2k7mrtv56274nl26mki2k3h0,46A2E95AFB9886CA404D5E19B1A0EAFE
7kjloe2bffjlf08hs4i14o3j5t,4672B0303B9C6A735D670C16828B9A63
4s9l2e657r792fmtsmvahgvhkk,4146FA485AE5499D90B30A25FC246237
rj48t77mukv4bflopund0enc7c,44A3040EA50FEA0FDB836F2C2EF1E21B
2f00f8q266o7vt7u050du88djt,44F9DF5F648F0F6DF6D23F671E1E1A86
ppcfsuvdq0khh2plgcodht8dsf,495BFFF1429C7A41CEB2FED6E719E251
vemg5r41vo6g3hdngtobm3q9re,44A94DCF73808BA3E43ED89B70B694D3
sav7bcbd782k9aa7pm4tkhrknk,427CFAEBE0C0DCBCCEA0D3079145EDF7
52i2ds5ps2qnqqivm7osnlkj6e,4774EDAECF1D273FEDC9E23216C3F9CD
1qahi9ul0trvocu37vvflht3d6,46E7A898159FD36692D6C4F0475EBC33
rf081cei6jqq6qh88s4kdpb9m0,46C6F2398233479F4CEC291E8A7FD3F0
os5e8hlmcupf918ea792knlma5,407C8F6BBBA1D147AB6D83E45E72EB36
asq6lc32rhckfqnv3ih2941ub5,427D12048B0974CD7E0894318FC93008
p4hcscskg9hdb06geg3891v7gg,47C1BAA2B65B8066332B332FC1C22D22
5c24il7eckatqi06rr9ife3s5q,44B17F96BEF1E3A58304C5FC9DEA867D
b1u26iq2qq46k1onjdp71mfpsr,445F53FAEADF03AAAC756444126EAEA3
27ede8dmc05ahnvat78kvji9lc,4276889B5505FC600634DD7B027430E6
675a5r6ccnhqpq0aqo8lhgi744,4832FA5EF5360B5E34FCAE6CD78F4FA4
c7ue70qb7jkk7k9s97p32lp1ed,40A8F6058FF0E0188D229BFC7F20AC5A
lvqaqsm9ik97hrsaadl3191ac1,4705E83E54F0910E733B3A3A98449501
juj7pajoj1alhjmd89omblelvu,43D2B2D0E0543DF1109110EB23574535
q63a7cbhd3ucn00g279fp3oicf,46B67AD03D1D40961DAB9398E564553B
igbulm4eus4i3d2gr86o3jj5gm,44EC9F94682EC4E976992F6F9335901D
9ndcj1qm8c1hvn56qpjchnpik8,466106B9A12449B918D341FADA7D94F5
p1vbsek59ijbk2h52qj7hje5gf,41BC0113C6F390D645E7E11A88BEDB0A
qbjost6hbiliitmb9r0t5nhl77,4936DFEDAA8ACDE46DAE2EB0FAEADAF0
eotc0ktdo9fnbl9j0evs5f0rmp,429469E574A41226BD84F58E2C3E2509
25mgrrohbu0dh7rc5468qoiamj,4653317E235A3750A3772CF85610DA03
acsoncr667ijrpcl7l57ji9rn0,47A64329C6EC9A930AE22CF9B99DE582
4n3nooq3ev80uth8ai1qv8l6bk,42CB97FB8123999FE8B6402DCC8A1288
vfmlma2bbvsm65eaaoj98vg12n,46999AE78D589B715281789A756C6335
cqjd5bmasahukp45ns7559mmk8,447523488EBA07E9D80326DA9C646006
fv17tm7n3inobsf8j0p44f0i19,414EA263EE99AB4DBF412C305ACD5C6F
6bvoorl69olkso898d9noec8ou,4513E828175D1188B2729E30A880A92B
5mskrcte3gggikje7rr6omfq2b,4989EE1C3C8E5011047787F700FB309C
p3difgm2ls9nm0t8b3mt8t0tki,4745A56E01546011E5A923EBEC3843AE
idfskrhgcoiab2s7v6c6hj9k07,42E56EC1F4E2A6D6EDD0B50E4F1AD667
kv0i9okc64tqdim32f1soeaega,465B071DB190F37E243CE9D43FAD4C18
fja7p47a2sc3gbpunqcfrodag3,462DC97A741C58395EFF026807CF7346
rhb7qnl9lkr07dm8s4088sh5rp,4108830982AF4364DAB83278206635DA
9gj2jksptpbmlmpve35i374p9n,493DDC876B9B05612231BD7773E39422
pvaimg2a7s1396r2tcgmvbq0du,4363F27C6E957F340777789392BD1BDD
81jo9mfp2cr2e19htgbk2704tt,44904DEE1D4AC93B68553AF83F841341
2g9cgt31mglqgnbctp5a34100t,4371B5DF8F91B904C444F0A1A1100C15
r16nafeacgkpi5n8k3f67tm70p,499B1FFBC6410B138E84AA3F34083397
cp7sqfu3jdg8ke4nvgr34ka64l,417203651DADB265BB2809FD94274BB4
24lhji7g0mdpadofbbpdq5ha2g,44E367958188235C86023CDC8D3FD9EE
8haqjn7gir4peqk0n5is9tdn1p,455EC6244C0BA4A8208E65777BEE65EB
pajj5ak8qun6t1dnedv6a6te9p,494E3FF6DC30B54142909FC4996F6D42
k40vdpd9fii9lqridbnkjh5nr3,461DC928B346E8992E2DC90B606EFA6E
8r5de4uob4jjeacfji8beol0g9,456524956D0678189FCEE5CDD99180AE
1t19b144fveq71ieobdibiv8pi,48420E06C84E8D90A9BDFD32E1CE318D
vs0qjtdirebgrjljm79fp4ghft,46A7CD6056A3FAF33962B75BD511D4DF
rsqqg5ae5fei7h9dputh07854r,420CBDA309D9C8315FDDCCE0FC96D675
u6emjud2tbht0v9o0tm3dplurp,487CFB11D7351758C69862B271486F2E
htjce31e85mu7n7fv3enrqu03f,4502C29ED5A353ED9119C09180452113
ost4oubaibt24rv2anhml64uer,43BC5079FF60FE90490F8F60FBCE64AA
d5nldi7k01mpjes3m5shdffhha,480929623B568A01D76C853EAD7095B5
sqscbdn4f7udh5kqh0cd2t9c6b,423A23A9A1A71C4C86347E753933CCD1
npuu4gp4ek3bmcfa2j6a21vcqq,4A2476999A4EE8F963B46B5CE69883CE
7kisqf3258g2kuptddiqlgi8a0,4702CDAEB703835501579E9161A1717A
bkakfdp9kkthktrl51coothq13,414D04528CD521ED694C25B76A9C55BF
975g0nh3lvmgggofs2gs0cgvj5,42A00D8F5D8F36966409640E9DB6752F
9qqjg9l85tm820uctqaalck5sf,4728B00C0AA4A7FBE06E01C36F4ED8E4
3sk1ka0vhghu2hhcqst7nhvgbj,47233C25B5A4D9EEB3D7890CAACEE75C
q6j152llek8c1qs4a175591t0i,421ED9555C5F959B3FDF3EA16BE197C5
dsivquh0b6vlc3m53hfh8b9140,48861148352CEED13582599B02F36D82
99nuuv49qqvph3e2h351htjrus,48BDDF06985AAF60BE8D5A22862F1308
2vtpuu3c0e705tfflih81bkfg0,4A0E52B5D7351347384F139D597A9128
qvua0n8nkldjp8omho0iu5tfpq,46DE7F59ACABCD399092EE226992B1C7
l0r3jb900egnlsj0tr8k5f80qd,4967D3BFABE6E3F622A2525DE597043B
nlu3cmh3co4qk1aevb3k32kljh,468B4DA3CDE50C127F02BCCE137AC925
gg093a36akepbj5pd4f145q6j6,4504A5E7A5400F107BAB5E94C0DD81CE
d9gqepse8gc2p2dt1b33pg7ga4,44D83E93516E9BE17EAF1F792CAFCF42
9p2e5n8fh9iomdvnurbu1bua12,49FE98C64317F5F7ADDA68C2CDBC1423
7jtsk3f2poguujsnvrk1qbfcvg,414169DB4EBA081480B0C9F3E8B7FE96
kslneni642tbl8p428eq7k98da,404206D853FC39D80AA7A85D1212B194
6rp1l68gr8h6i445h8cnvrtg4c,40F3C7EFA3D81F1C078570977F70BDAF
lak6jjbm3i99shak5n5qk1juhi,48EA0C03A09E94923677E9394E4CE3E8
47dtefln3rojvincg9id9hmged,490ADECFC406B2C9A92521B6FFC95F80
859jpgvl3egpdajk8eaf8ma873,468C0CAE8594E83C956F4F7CD0A0F023
6rpo0dnpl4f6d70rapo4kneb2k,4783CFBED33FECE832B0DF53C11D185C
ndcom0f7oueifbi3d6vgk6st1v,4071C63A883911FB69AE1FB2FBEDB9CD
765s23p3caueiuini4cajv3mi4,42DA78EE880BC5E79D5EE5374F2F7AE8
ka70u6kvmcmt29gr903ggp4v1b,4664423F1A554B42C57A7F7B7942478B
99nhti85ltcvg91vdnl15ac2kg,412F83370B7B18D82ED9D08568D6F20C
4dmf90q8sqrvbnqkjoj4tvrjbb,440E343D63BF4E18A89BBA15C22219A3
k191idfn744ig9ragf9no3iobh,46859F2B7E453E366D80840F862925D1
pb040bja2fvf859cp78b40vfpv,4726063EDAFCF517CF035E2890634339
tomm85vpafpcfss3ks7qhm2dis,45186B95812D1923AEFA0124549BC0B5
uqg865qofj7od1or3ceegpg12i,488A8D5D262E7DC9ED74904C83F07C68
lomcjupfs86cpc688bse3br218,470F24AA949B6EC855F8FC521EB825C2
es7k69c4bav3o80ls24mlbbupj,41051A72754D24456B0FC9E8189334FC
rm7ku0h3enmaosnp655r3f6k0c,460AF9BEDF5552AD0B6F92D2F8570A1E
bamhgvk9sc0kdsrivdlle6mvnu,409CD467536B404BD6F06A897F2D57F6
oh21hmk18s44nfk2rgbak36bku,4774BCDBC7BD6A9355C8804E7860DC0B
6es0vg0h28fhmbrnghiisqh911,41727B6CFBEF143954B0197A24B5D769
ve8hos74o2geglo0rhgpkibbco,43F8F89F81B306E6F2ED5FB3D368BEAF
tf80rmn6a2ul1vf96r5hvbmkr2,47D53C40F770384E30F0BB5640FA46DD
f0p7rkp5ttukekuqktq66ooc1m,49CEBD6B1950243A39089FF04347F8A4
1ul107qvf59sj4cob0vj2hvhh3,4257EEA85F1B9CB3577C4BD3587EEE57
u8v4t42t7ba3c585as2cmdheti,458B3DEE00FCB013C13D50C35B1D129D
6b81igtfesinobm9i4k41dqkrm,40B52E5E2BB3D74A5CDB63D91E862494
9u0ij5ndr98f10u6j3avtrm616,46319B2835F5378317E35E61FD4E25C1
3s9qtc32h3t7kt6osoitq24dag,43862879B7E912240BCAFED9C6A28B49
61n3mjna0ffn5fr2cje1o9j7re,47B8A520360A3ADE27A43F8B2842153F
j7j97fk09d0tdsjdufs44a4fol,48BA6C3EAE8B84FF3EE3B7C17E5F615A
3f2ka7mhk6dcdafae8m22jj84n,4AAD259EF706115CCBDF840565B1DAAC
ms2rr1ho5q9qfvvmkirmg6l96c,42EFB11CBCCD94FCF0FF744B0E84DF98
a922gjhtbtrob47dm838d0pg6t,4449E8305E4BE3479A0FE12CC806E464
7m24p4di3j2n8m1h42opnasl0f,41CA4FEB44DF7A26A8BFAF33C29DE1BD
s31lp81ak5pubjkicbpn4lfqqt,4502EB70C0A06FB4DA88A526845FC72B
10756o5ma5755l2kaiuakf5vjo,482DB6A73C9F5FDB530908A7DB1CE366
p0idh4pgpidutk0aftpqvajfj4,4577DE8B914E395DA72F3F4A83A07081
uonj9jatqjt2u46n0sei2436v5,49619E5080C77A804AF42C2051564E96
voakqcluosr6hd3pna3e0tksv8,456D4C328E822EEEDFDD72E4530BBF19
sscnsvlhpu3chbdgqh4ajvfo7a,44941329D4A3EC40E6FD62C15AF7881E
j91o6dg0ipfiihk662d1f40voi,49917F0CE0BF4D9ACF7A7F7C0AD46771
u5p8ne56ufadn35poqnom1thc3,42EFBACD31772A27AB796A4C9C6F6653
r9jqaq7gm36q3g12r1m4ub03i4,49F6C08FA3B6D51300A404F5F305523F
kli24v1atm5l3qlgcp9nosrf8b,48BA23A063DA585C1D564526536736AF
2jv53avtu6ecem670euvialvh0,424AA080D2670B55A96B1AFE2709CF88
6iijmn21p4bh0tjmu08reikfgg,462F7FD28A6644BAFB08C915AA27350E
qiqjgkt32hqb5kua5ek469f4sm,45C1A834850AAF8D5DD6E8303FFC5C2C
1hef07a5s1ietuk4ekinliv3nq,49E99AA661BB43E65C6F0C3238937F32
ut2jpaqu7j7mq5150apuq9i5df,429535D5BBC20B29E2868A959B0892B9
qai71tkivrqbh8v4ueqb41fk2,4282908940A7CC9E9682F7FA0ED464E5
nkpg2oilv8hsotl9hc6jpl9kv,45D74C462509268B05E4995CAD250AFA
4ag3ekjacl8sj7un7j07eb6lml,45B46CA426442F08F7FB98F77FB688C2
dlhfttc1sdhg60cn0qc1dpepg3,41E987DAB011F943CD7D6D18F0DE3C63
iurr37a0vq72j1b5l94tk2hltk,49DE2F50509FD77CF8C3CD478D29043C
937r62n7ef9e17paatccl7cknk,483B153F3B5F8A9FE166821B923741BD
iolkt6m3c4ojln6n2paprcabn1,47A2082DB6C1F61DD1F65DE2780B1D05
65umm3k9c5460icnb0hkoa3f1h,4800A688ECFF909BB7D649E8CF99480A
52hcmsec194h20mvk8362q2hhn,429F2E641727FC513B3E8E05568E1DDA
ermrfu92ihaellnemrgakhpoa8,42D6F6D09C8303C43CF31F24455E5A7E
inamur549o4mgvqku57mir8btb,48629B48D233C39475DB5CDF79F04E2F
d9qmovrkqqi6qk7pk262lr8f4q,4689BFBEA37BBDF12CFAE5EE14D7DA0E
mgejst4grd0qscou3r3n9uu3bg,4957218CB84E456888A6ACE851A46117
n2s1sklcobdsdq8gdc5u8fn7gj,48BEBF42C73B88A3B95E45F3E1674D46
lp237lv5vtj89p96d6eq6rt3g,4777203D479C27A16CA89B3771609FA7
jgvti0s3mdobg54ggt9cec2ah9,4119531075BEF3592ADA61BA7FD52BE2
itj1856meufcn9m8gemqae58gg,48C3581C637E3ACEA88466EF448AFAE6
v8kpngdofiil97423ucuv47etp,43B6B716BE62489A597424421ABE074F
7kq3l94ju2h6t4oqhlo8sh1s21,4639BF1327AB8AE77246274844E9E057
6nb6mguhh2k436qlp2e8f9o6lm,4741B72E8FC7D5CDD8DD7A79A192CD99
vmse09lfe5rdpcs3dtbj0851qf,4A2AE240D26E2B1E25D388D484B8378C
d6esrg6g3lsio6eskluopnt0fb,47BA6460B4224978EB36ADD414BF0975
sla2ldcl9cimvi151njke1u32u,49C87DC188B71E3624758B8582D5C273
or8bt04g4tgv6a0ie9jjba6lj1,461ABCDE87BC6114F69D7C1644636CC2
io7hd0gv526r0n5cvj0gr1mrih,44B59670E7B39D81F675A183F7258EE1
5brlqfs0195ig3ru5sot9r5bgj,49FD47CCF4A9706D09970F56D9F0A0F7
tma90t8n6bo0omvh0hq03521mf,414A8EB6B71D852BEF46BD79DD9F9F3A
binpo8qdp6ukn5lr9u55dssoa2,4827FFE8CCC98A89CF666BFFCBC5F655
qatma9e0t8g94oaq0p4onf5krl,463D30BC831CC2693E83E2692D1CAD60
ler739bk3bo14bstvbt24knakr,469443ADFF0CF9B4EC961BBA3A6FE429
qsstiq11e964100hojsrj5b7pn,47F9E8C768C50923E598DED33382ADBA
kpe4rork72lh02g42p61qnioad,4240E57539DFCD1124E103063AF9E3DB
m0imfiergn6bdh253crk814rap,44D76A28905E18E34EFF13C0A1DF293A
giavv1rucvkgvo3rh9d7ekvfq3,435504EC6576EA76A87BBB0A2B987AA5
s96impkvg2f0eta8fmd6c3ursd,4439FB487F96E280B25D58A2A7CEC725
gcb5k2gprupio666v14i4o0o2o,44CE26047A3C280E922BCFCD492661B4
trip7kbcq8b8c5m020b1tl39aj,457D0B40BB318B59A77506E5D8DECC72
m68qb8738r5fpicuqh0mo06njd,4546C73835806812B4BEA21AD7D9B865
si22l1qrralt1ie10t1pvk3fo6,42BDB7A8C6779BB99EB9E0C533AF8D6F
uke9ttkkt76dsbbkl73c3skt75,402B62F4DD8062780A19E7E57F7D1146
go671e07d3javbs3npkocma12u,4031E9A7CA7AC037991C5BC4C7BDE893
6apc6455m792vdk91e9ugq64tb,42253BA1EB889BA7B378BE8B140B8CFF
jjebcg1666g74f5p66pikpik9d,415E26EC2B4DD0FDEEB0DFBA09105A06
9ofp041e7snnegi1ql8urjvrh5,453F0C52473690F9446DBE7D7E308244
clna3g7tn2307nt2qhi9mg2o07,45D2D04ED2CDEE0DD1C70A3E45BCF32F
88uaten9rlpihbj4ujndg023v0,485DB3EC3BEFA9132C53A168DB363A79
1o7vpuv8fvi8j7298b047qpptm,43E3DE0846D4E267B212EDBAF42934BB
79144uvgk3up93rd1fe62nu41j,44F2E27BE219601CE5CD344E900BEC83
5cobp1n9i3oqu58diped1rrfut,482FD64DD61BBBA492016CCBAE130410
ls6sd57qbi2alvfq5ra4befo78,447436139740EA19EEAC4BECC00BAF55
245k9lv958ee8pvobuv80uafpb,488EB65E2E0800963CCA14DD3B8DB183
hc6asbljel2tceqiq41m46g7u,41958C03B42ED3E6D130494E42E85A89
b9n2ie6h5ucmdn5kn0ul8452jp,41FF56FA3BB767BAC62731942B7AAE58
u8bb2a9fn1lell7bitko1omos7,48E9C4DA652B48EF36F0128F7B4BC2D4
ommnl8e3348k2omppuhsq1t57f,47D61164E95E73728BF61FD021E7A768
m23tc23tmrh7eg8nqtfo6d88me,4072F7113E0DB58B399E3904CFE0C5B7
abegt7p31lmlgtmogj8l77it9s,47B729D7883BD788277C64AB5224E3F0
qatf7shcaldiih0dus2vvttd05,44C114C649BFFAF09FB2D712B000DC74
dbjuhc39dc6s2a81tcq97hk15p,467E596697E1AEDB5F730798114F9623
uhs1kfu26k06t7jdnjqkoqksd7,435A4E2DADF6048A94C8F22CD5775255
1of0nnj0sdmec268pal79d1e1l,4181838C1D10F5CFAB97E0D05BFDB59A
ncklcos0gbd7otmc2o8p3chuh9,474A531C733342616A5DA86C484612BF
g1itg9a93r4ldj0j26s80invv4,42338A71507073580A8876F12E93F3ED
ocf1r0nanp2c8gf3vrbj19iltu,443C8E5CFD615C67E35785B8D4998537
6karmktjiq5u08nft06360j2ng,458CC61D715D024B425C0DB6DAFA7300
mhnlhsnibheddf56nkmbdnu5tt,4717D713ADBEF3FD134EA3239699D481
oqu8lkuhq262e03eev30o2krbb,44816EF39408DC5F2D01F89703DB0389
mgcl241eh6q0nm1jithju8fkfs,411EEAA350925815869C42BFA78F199A
pots2jitr1ohc5hcjn4b67f9g9,4A3EBE0415ECAEEAAA805ED73F86643C
ipfbnmtuqisas1hgolvp6cj00g,404617368868F37C7115FA9B8EA263E7
9n46d9cfnn43caf6fpadjjfgj2,45BF4B0F013A9C6ADAB3E5DC99514374
t4q6dcgpm7nqgufl6p8taq8puq,47BC2185C09E3DF03037450EE533C774
lgea4t8i43qn5b1tejo4e5d1u6,41625832D92DD87141DF13E4E80E0BDD
79t4riqslfbrp3oqft6tjmmngg,4AA722C942AB079A8D9DFD933B3BE071
o3pvfus1qnigcm735171utr3k9,48EFF269A93BAB39F089C461694872AB
crq91edqu4hd78o6cu0t384sjl,4197C041A6917C347A0C5E039AB697E4
4tr8n6d6rkab6498j2s4tpfldu,48E9286B1A1800E39C31F608D5D65331
g02u6k982vmmptre6c8ms4lu3f,4461D7004B535A31D6187664D0E92AC4
cgdd5s8uhbejsvkbko5k54vc24,45B9375CF2DC4947682D665C7B4116E9
5jolfk0v3on46e8tsepdaromir,43B1F4223D7226535E9CEBD39726151E
j0es4g36ccfqgkdnpjukm27t7b,47BE75A6417877AC0D42646E39F17AD8
r0f151mrefk3l8gr32ha49jd9a,498B0C0DFFB33B8C9EC719A7129923FE
ospur0ohjfg1fi7siss99ede1c,4693BE392A49021294C126D0ADE62646
dt0iinuiebg6vb42lel6t1dtmo,4808104F67A9FC2862D0A6B4C7B15621
ekmn2ctvh3e4ifi8b31buk4phm,4069EFBA08F01CD28F89AB8269686CAF
mqe3snuj73f9821f40edqpdvos,467F375F092EED3BD195DCA5B22A939E
271annfibrqk64kp5q98rkq2kl,450B6CD9B8F71B890AE03E3719DC0BD0
sv6lkhfbmcomkheio90tvi8v7i,48ED9854E6E074EB0721AB759706FB9A
u14rmb6009hi6mk5b2ocref6h8,462AA10C7AC6DD711DA8F704374A6776
eicmn1iva9ul1urit7oinmo4p5,49604C84CBBF22C7AE4E42534FD6F286
112d85s9012o8e3guuo3sn8ea5,43F10CAF2D9C36390DA50BC5A5169C09
3n3adhstk5hl2j10vtnp8gm79q,47037258549F0648E2D95F1A49FB9814
u7jhiura5not2p2voc5disbfl6,481512D947976D8DFA6DC99EF4C17DE1
ebt1ulhkp8rtr9uef16vs0tlsh,46DE342E30AB81005DA764FC3A76E92B
prif49vvgsop1n0eqq4iov68g8,4018F07EF04B0E3DBC4B11012918440F
u6dm2hg3fgfpip70f3t13ig3nb,42B2D0E00FBB4CAB52ACFBA5E6F73DAA
la23ndtqr03l1a00e998hss22d,477011A5EFB198EE4F08A6C2B5B7CCCB
bmr9f0ojrae0ar2314mivqejqm,47102C89E9AB9A446B8B8CCBD1E1E822
m91etuk3k206afqlgodsinhmmp,40960E0CD88306B2BC666398B76AD94C
bokt4ocg7af6u7tcbt6l32racp,477ACFD1D7D75374BE2FAB82AC125B39
4scoulmna1avms3ofgko083jal,4758CB60412D4E2E845CC0FE684612D3
foh7v6m6krmsrnch0iedf32v5s,49C943D2EE6C7FC4080C6B7BA0BDD456
afdgh9gfstkce6j5q43vqvsjr6,42B5B90E34F1A0C3440E323616F1491F
akoabevoa48iekl9oq3folj7h1,42C0DD4E1D35615ADDA81C1462772DD1
fgfcv2g112lg44di37i69fmf56,4319ABA1758F20D2FFE439ACB971A515
lfm50k5mm7f8mq0i4odv13qnl8,4969DACBD477D6B7C4418C12EE52A4DD
4mc80t3ct6d5u6hjouuc2fjnj4,4214AED4E571C62E47449EB21D0614AF
knr5mq4122380jffl1n5nhop7l,49982D09FA08DA1434F7027D4EAAECE6
jg3soc8bl1950v5c8eo45f2on1,469EDECA0EC7270039E30DB48B992D80
e1ri574mu7q3ov4efl7mud077s,46A18324E3BFA95BEF43A27E4775437D
sjimg6bi9o9f2qtgp600m44aj5,477ED32235F74F64523B812629A9F339
2ctjvvlgf2kkcpeblp12h7rtg1,445FE34B4F035A62761AD7D7D46494D6
iedaa9npgfvh9dhipfet1tfoov,4A204E099D87427A2F6661CFAED64381
2qd9kco3ca1rq6qarpss62g7kj,443CA25E7C69BCCC7346E0219BD1B8C6
t3ueuad4hk8qhsgrkbb1ppuquc,45D6F4647BA16A43A30D38493A5A64E7
o5q1ogdun6slvgicmh860r51dp,498FECA7D55CADC593C2B1341BE12207
ndmse9m4tn14u867acdoobhgj5,45C1BA794AF06FD1AE1FD9DE225F9067
ikahb0k2k9tqai9n8mgp7e0j1o,430DAD3C59BB416E87CE9100FEE33EAD
86aca0o2l1135gqng7nc12hcgo,4983D9CAF1430B9DAB1235F14EF8A5E2
iueee558a46um54c33mtpoj840,445F877217CFEC7BAE48F1C70D6789C2
j984avnnuf1uvv1lt2ji1bk79n,40332A5B92A734BC3279DA32B8E55350
79lmd2qcnqobclpg61sr7di2c1,488C0F947301153152B16C5E47519FBD
mqvbemev0k4hmcnq3g5rgq6vqj,48BF4AFC1340B81826AB787F1DC89CA7
odeh8f58ur8pu2mhu5600gmg1m,413F10414E69F8FE300353823E610E59
s45ekog49oimcjovcprbt452kk,477B9CE269FF6CE485BC4E4D1ED040A8
ettbeeeoa5iecig601lstolbok,45E32DDA5F23685087C303546ED4DB3D
1jjjehm1437t0fk014uv03o4st,41DD3A96A2DF2E055B984FDE266E0416
u6pupkm6lh4sdlquskq2avdact,47611B8BDB1E0A443D62DF8E83BA1376
o9n1ub9gj0mb5t03ujlgd1gla,49C49F8CFC0AD2629EF11A7BA2C8E4B7
mkupqsuofu293ib0hdrurnpje4,46D9D170239605C9CCC9D36CD649E680
d0due2od77nk63i8rh1hv9sd6n,4A398251EFBD0BC61F103E3B2AF8A831
vltvs9onvvhpp8asd5necnioce,4683CFCB17BE3E6196ED4B2B301FCAA5
j0attsvgs74732i4ginu1o3je9,498EB5F3F4412A4DF37D0F05B1C8C8C3
vgc9tjfvqn0g5me1le1mp9d7vm,48E25988D6E2F6B0972EB7397D148F56
560jbinjm8hc0pako1f07jm74r,472BE6B0ADD30E548DA6C49E484CB085
l1qrsoge2bttmo4ciopg1s72ru,4A32397ED761CB1004934881238A1937
pfv5qvht9jpfai4u1or4aceee9,4788145E40F2383C38DC06F6E31750D1
g0c8qn4d460m61766ql10c2jk8,45E511576A249A6BBAC51E6CBE1E0B42
ii1j4nc9rcf19dmv1ga6d76g4j,43FCAA6A42E4A4E45BF16DBCE5141D77
qi8kg20uomkuu3jpbngn5u8bbm,41FE9494AA72D03E9535CB8936324E82
u7rlaih07ovc9e6p1r3u0e7ogf,466183E3882EDE8A63E6F9F6E6DCF508
ne3c4q1cbjottfco0bf8oorr75,42279AAC4FB0F6CE655E0FEA440270B5
aefnop9n3usdinluj7re36dc4k,472B61F6D8F441ABB02FC6380FD20253
noa130c3ub3kq9hq6865e2m75l,461640BDDA9C5976F7C58BFDD0CC6163
e86lrbep0s40gkd409bnb06e53,42E0E5049776869BE27B084B81234887
7duv6fmsvsukp0093lhdd92u2u,49BCF947FBDD85426704D75DF6B7C189
u3fm3iqm5acm4pefojbv64hmfv,42A7732CAB8F1E22F5D15D2197005383
9a32l1i4vem2nefalhg2esrmk7,46B4C488DA18D7CB39F46919C17C470B
lttuaj824qn1p5cfvqr5qrs252,45C4FA146EC506B3D9E578518C9DF15D
8m82u2fubqctenhskvnu2ee5f,478B5FAEBAC916E22FB5EDD3B8C4B660
11bbqvb0ipu6em1gi4c9mv67t4,44FD1E8E9E82A1F2D9F5CCBD28DF0E0C
l06fedf8torktmhfahm8vcgou3,444E61B2CF03162FA56EE5D987C384C7
ff119mba8tl383c36lnka1813g,40168DB982DF34FDC6E11326E38A107A
7t4t6unmi6b5os8oticamloj0d,471613984893AEC7736FCBE8189B3E1C
6107fn4haf77qr9khemubhk2mi,44038C308C516192EF5A753E46C31B38
rr7am9fi973jshst2hgrap6q4r,412EBDF86A393B14343B43948294B3D3
5vqplrn4tiorr39k02sgse6m6l,4091816DF4CE1D898BEAC7E4FE08A9FD
p615k8bm5pcad6pr9766p2a6g3,42D6C57A8D23C90A80A4152ED912AF9D
gl9okd8kcdb747756sq11oalp8,433A46C75AFA263A01460BCE39149EEB
ui6bb5iagact2dum5lk9jjgse9,473D4A657C5498F9087B4EB40E7CA8B1
65hs1nptuv3pd06uc0pbf4r922,4728523DBE370B1EE75BACDE53E28BB2
nmddkv87t7uflqus4pbj6rdgvt,40C53F54831B348CA508B3852826D06F
63faudja9d280poulf4gosgvm7,407A3C1D9454FA064D61D1DF35BB9EAD
fllngfohvhvoieinf8vb3vvvdt,4556C703AFAF91DA419ABA4B1991099D
edo3h3p8eq08i7b2oc1f37o9kr,41E6219A776E87C12864BDA7BBF6BE11
13tqedp6pa3bj066j5l18p8du4,49E5B3C50996218E5A62EEF0F631B267
5gfupohuo0t361ofrj9h5gs1b0,48200F1AC4D62FFDCC5FA26676638290
5b5ca8v9rvqro1s65bel6ke9js,41AD6E86972FE80B2648C38B842038C0
5q9amgegbvdt6i1rnrlpt4hrie,49497580148C7ADFB85FA6C70D5B36AD
s97lfijrb32s87fvllarahrmdn,48D3947A0AA9BE272AF9C4C1E9C51EDD
rq3uuhfaeq22d27nshfm6opgoj,40B2E100237B38881BC9BF26E3145E38
ag1eflqvsv3mkibuui2ls6oc60,480B7642C3FD9D42ECF2F4EDFECAD080
fjqhmd4rfsri1v9fq4e7159vfu,40AB0E34AA62E3406C8CD423EC05F45F
8vh8kmdsp4huquah62ha4u0rld,426AC9245CB3528069819C60289AC336
95duk9nrmh5ef3maj1tejered7,40E69DD464E3327AEF4BB1A36DCAAEA8
j59714i1k1b2f4nicnect6aonj,41F1B04490CA79916201C4157B51343F
rabdeppkt9uut0rp51vqvsk38l,444E8360589B5B06518DAD69E0D6CAA4
q3jejnbcust4clo9orhpn17d82,4708D8472870A2244A8A7DBB536FEDE2
295hfjpj24o2g25uc3g2tvk6c4,4135D289828FECE4AEC4C86DC22E39E6
9c2m2dvet3o0afhqqovfsf6eo3,45934E921C45E53F19DBB1B86564F3DB
3ir3oit28ct7n4tkjcdf78410h,4631A72B28160334649F32DBD9A1C9F4
jp326anqsvp3cf5d3kdjutsv3m,4424D352617682E76ED0087760DB0B71
epvq4puf3mqp1beeo7h096qfu1,46802D5D6B10551EC9D8404E3F93149E
f699nf9phv0s65u59nlos7f2ud,48DF35D281BB69B8FF3C2E902F42F499
52nnb3srn9iuelki3db14bcg72,4A309B57A126E5875366BFA9CA3DD108
nbussk0fnpsfa9f1acbg8re3p,44911153FABFA3BDC7F1E421916F13CD
t9m3v8l81u0lqgu92ct320ae02,4785760F87E1207ACC539AA34DF2B3F6
l24m4533e8bg3pv43jekfsibq8,4040A15CA3B05170A17C7F9064B1AC92
iu7qnm9mdg2d48ggndueora1h9,41CE1E472CDC3588B672A43E12132240
7vcmajb2bdkiebfji0n068sksq,494EE771E1857A64E7196BCA1B7E303E
al16a607sca52ofomnsmfn15l7,425365A799C3867E63185498EDC4851B
lf9ida8evesvuo1bok6d905j4j,48A543E72F92322178CB83DCE2814612
rmkifftj3184ud0rtihsq3lt0l,47FF0427F3E5CE62ED51B0FCB1171165
iuevogrq7idma6g7j5j3c199ic,40DB99B912B0E165540F56C63E5C4F90
maa136snmd7mov7pvjomk4c0s,415B442063061FCB95B5D6D5DE9934C0
od6hh6klrrduu3p7g28ig1i6e5,44A729660F403D473FEE5D4505A3D46E
p0o3hocd469e7hj8tchh68vs2a,40B2806997A59BE7C924FA77912D70E7
8n80cquprr2be3hn3kkj289lj1,4376E03CD2C3220340BFA95A27735BCC
8fbeua5mleee76mktht0gu3k7a,40E01355B0DFD39C57E6B7EEF7BEB841
bgghciir6bi26nisaaors6hr5h,4A8DDAD32727FA58891F83B1B5BFA2B8
3k51eq140u9eo0rmvpt1ahne0h,407A5538EED7C848EBE67DF8E06DB543
b51d0j9r2lo67nemb1t7a07m9e,41BF47CA9D7FC9698B26DE322381B8FC
813fc2ice77bd6om0d8qp1ve8h,4238AE2D7CCA091364333D9BE799E601
cm36jdam4uccg9lo0id7jdea9h,4758A245B2671139FE6F6C08F0BA765A
hk9f5hp9s5tipk582cv159d46t,4443F34DE96448E1129D5557923D5CD3
mqpg18a6d1jm44md6m2br4qvim,44C2CDB432EDD7F24C466D9F1C67AFBF
e8h3vhn74to6gvca99o907q25b,470E7A78990EB4D2EF48FE8662739539
48j6gp0i57esq55f1fihaa8j22,4449E4DEA51509D355A5E2962C9252E1
d44fl42ujhsmi5o8kgjm6jgvnl,48E6D57F6971F85428C010A04F6F12E7
6q1eaefieo3ekbh4qsglh59bd2,49D11E3BBE8923BA7782C1BDB8970743
m2q84g66uhs0rqshn1kksnsjdt,49BEE81E4C42566DE080F3D301405DE0
kenr8spbgfteklmtmbbn6hqi4k,4A73D4FBB7EB30AEEBA35093E7FA3543
g90lflfuhje31g42ni1j9s4vft,45B20DD7F0CDE77D660C8A8F2F186D08
lp6n8pprv64etf1kqo8fpnoogu,47E5672CAA6994D9D08B450D1A6AD3C6
8kk0po27s1mu072qqtvi8hfrf5,49E954A28B67C7DBE0F4363A3537064F
g1k8aje905de10raah39sjdq86,42EDF86E4D8C269921F5FF90D4D86606
52fhp3gff0pmmauqcvjaalejv,44549631EB3BD9EA06479ECC259F18B9
89d1fag3uil39k13p9rdl5qb83,47084463E49B82E0D8230BA954134466
53574hdnp30dbvoe8dra62ppha,40FB048BA0788C9CF12C8C042DC9967B
8kae594v9a5t1dtru6n42op9cn,40E5033C393832602FA8DF495DF06257
28g1v2ehblct1rdttrejlu273t,4737B95FF338160193607CFF4D6490A1
kah98llnqr742r4iihgt6pn98p,454C837F5D7987917A75380D9EAEE1E9
iafjot0pku2bu1cq0sdp102eet,47A936991AD52F884E45190A369DA930
qslk753sbahom2u4v1s1bam3cl,45EE6ED4609471236E9294EDEE03D127
hd3qcqink5ufd880hr15dbi68d,4577AF130C2831FB6E93059771533FDC
j144mkmlm2tobgq5u26c2rnjlc,48DB447A33B5539B522BBD741E3AC63A
3n1hbanld4bcgrb9cqdvpgnisj,45063A5979793D9BC92CC588F6C5A977
di8lhnchodkahklg2l9ivvs2qc,463AEC04F9AD9CA224EE41E314C5A83D
5atpghtki9dhfcquea8n9hfng3,44922B54A74CB20134C4F806B29EE62F
5ptiv5bt5j8k10vqks263k9e9m,47729934E31CD1FBDA69F894002E3DAD
502kr9meile8t3adg7f3e3t540,401D64CF1138374AAD69265FC965CA27
5kbcprqsu899g7anrdoa0nfvtj,41FC00883160E93BECE04C731A83A182
670g37mlqrkas2o25rjtta4mpf,4A3C135EEC56EEBFBF411CC1EACF45E1
ro1chublh39419ldv9s2e2m0p,407F9B05D5DDB5B3FB240BC4C176DF68
llf7ffln5u66ibldp5qj7hiq3h,42E4A289A62DFDBB65F9D2BEEF3C3523
64p64lp0fkurt1pggoocj8vf40,42AC59DAE266C2FD40982059DA2ECFC7
co12cqscm8s0hjtihht3dornit,46827A6637176858011957F62EF89EB6
d36mvq4e5fd2pb2gn6aoq28g8o,45C3B3EF8DAB6BCEF975C78E0B2443AA
psj4jbl83delmtq3j16rhiaho2,4829AE05227776C4E00F5CDF93C6E53C
nfglqavg4vhfk4meou4adjb06u,48EC41D37E82EA9DFEF2706D70556C33
ke6tb1f9rcq5g6072j0mt2b1gt,407607DE0D7C521D5CFA5F4F7374FC1F
vtc9olpr662gc57o0c59u1esdv,4430BD8F2134CD99A50A72C302A634F2
o3selithui1r5m4smmqu1eqqtb,4A60A6F874AF2404D0DFF5C6F0FA9600
8o06ncr4jhg383uhi7ggcif5lc,446F082F030D5DD4C648442CE20CFC8A
gh3sa3bshm91dprcdep6kc7cul,47E988A0F8BB62F03623A3988131034A
g5l8pba9p78pgo149qhm2p5sgb,43A2618DBF27059B4FF85E07821B30C0
1v696u70r0gi950670f8bs3lfk,436630434C96352D32945B14968A6DBE
p42i8hv1a3np6uqmc3tmpu8tet,44E48EB248B87C8BA8B617DE3EECBF97
u8hhm9u5dem0h9svrohcho3sh,443385BD3FA1858C1B6657ECE89F9BB4
ot5rsd7h2quqc3ig8k4h6c3k12,41FCF04DBD05A368E07B3C38535AD301
nfhqoprvc7m4qh8j30mmc9espf,4616E5FBD0F34C2A97FC891C0ED74D5A
2jind36lnck94tiqtot8fmr2o7,43A2CB0C9FB74C78F8B997E19DA621B6
vj52oasboi7788d4i1g87ev27u,4169B87BC415BDCFEFECED96C683A5B6
dtfqin7kt4enfd7su9ip413i5q,4908C580CD77527E7FF9C8293851598E
1m6espp34qvs8di25bpm88n7jj,49642A8210194C43A5F543FA8AF0083E
atopng78jmqtjrvniono3qs9vc,468AD897BA8945208463AA21CEDD935C
bnsuc5lmud9fom99i59plsn19q,4A889EE2F7D3D704B27A68B02358CB3F
sib58i9lf2mq1rqn1q6o8ajht3,431BC6FC431E3174F8DF9B40E8108525
ll8uif90v9tq700otoo7d5e1hi,44727FC52E298823D4263B0DD7813B98
tlkr0qj6j2u9til1cog6tmc9sj,45B3D7B741DECF9308688E217B68683A
bs110f4jsj86q81f1ledndho5v,415D3FA66088F66BBFBE3CA501DF9CC5
teopumc8gcn075s9uarth2kpd,4238D50C6AE0F90A8CF4484FB1BE2C03
7mchuih9nmsmmm740s3fgcitj2,471D809EDD7BBAAE2D5271B33C543846
dno2fhpsd0lk9ognja1sjc0ulo,4011D68622DC778E45CD95FB86688741
4bc7avkvhlcfjvb6n4okec0r38,46846DF1C65844DE079BFC244F5779A0
v2toj73tc1kulkndd10fhg0djh,476B47F7C058D71F2041AE1881856D29
di9c17fecntkqr4r7mflo0vbe4,43BEEAFFE4B6F47CF26D9E1AB962A7EA
d8ghq9upgvtb1nd2hbql3u4ui0,43BB3518BF51DDF2175D535E4D8C0F11
uacul0q9qjfsdnpgnr8s1ig5qo,46203AA730D1FB300F67EE59412A3C3C
11jak1vhgmin20ccalsqv9poc5,4863133CF1DFFEE106AA526CF8238C87
4nccd7qh87cf9eiutgqv1cegh6,40A375E63D775FDDC022A4C8051AE691
19aipq8ed2qnshatta1k36f9m9,4809D2919CD6C61CC7701680F21D562C
3653ranljln1ge7hrr6nioa9jj,468B568084E1AF2DC32CEC169A706FAC
sm6vofunjni7n9ubu1ubf6ibr7,46B793222AC6EE3A5AF04D5F711FCB2C
icsb9bekb4c8gerebvp0uk3fbe,474BA22ED27CDCACB3BB2BEED8A04D93
tlfu88g1kjfhhi4uu41k9a2rle,40F3CAE5B81E50CE6F2CC26AA4A62981
6nq12905vav0o9ik5gattd0td5,40384159F944AAAF0EB1EE6679FC5CA4
tp6rlklrerdr22b9o9rata6194,4A6B5496F0CC949C5B123D366805BE6D
hegsi57eq20djg246pml0tig8b,47950A9E205F8A9188618D3966EC0209
aq48eb1klpgh9jffn5v1o87mv2,47F61C5138860A981B0D7F68E8400E45
brmng85ptvhav0dj9heqd9aca9,47D896D994BE9B8105B966A3AEF065B7
o50midpvnkr9sne9hc5tvbec71,4782E1A637FC3D0888D62FAF5F94D0A0
ct0kofd1q7chljeluce6nbkn5k,4391D6F2D427DA03295FFB247E317B33
5j05lg96phnugafgdmql488he4,44BF079F2B6150CC6B20D72EBF340979
ek60d8hvq55vp68n8ttpnbd5lb,45901927A76FE5913FA6C6E30F7A6446
ghaifvartppl6k1c4hegv8cak1,446E5F2A77EDAB7830B65D7CB1632EE0
t88t43kga6lkm067qmrfbloan1,47C519DEFA5810520FAEFAF4B521B064
frje4qmk0p66ip34up6iojv1ka,48C90509987904512667462FE69F9A4E
57namaodrp13ik0cmhelkj2t41,48BA13C4D8F779974A8830C3A4E2EB03
j6c4sr9u8bai3n8tng24j4mqhv,40E1D2489B30D7E4D527B5389D103A3D
vsi687snjccr79pbunn5vd2g9o,49DBFC31FDB6A3594F9A2738F77F9D27
ignhg7p3j4lftt3t2a0jrfh2c3,471E6B77243FF3D0FD7BD22EA61B6871
bkkts6tm5eje8iuf8bg4ap3ssu,427240F4E2957716DE93EDC7BAE1510A
p3q5quh0ne90ft5nd5pvp0ec7p,44EF5A597FDD3A901D4A222235DF9540
pqq8b372dbp03f7kitbusimv9r,43D91789B09E108DC6A6FF33AB235801
pc8ps0jsiu7m5qk8icthg4qss9,40CCF4FD10238533F7FB7790D42DA3E7
s15eeng5skir2mmoj1qvgspcvn,47729C4930EB010E9236027C24F92A89
8hou3t0tn7occ72jr8v8br2gpm,4944543F2C5989C3BBA2315724B44A5E
klf3smgjfk34s0c4cnpdrlde3k,425D6C20B10B09D9AC269C30F83EF1A1
eepfubr1uu0sfc7echgn9bfkrb,43F2381A6BF839A605686D21155E711C
dv3u15stg0156levj6gh6d071s,440537C06BAB051304D81DFD6666DA3F
gfs3rvs7thm5ogatjllu80g9vi,40232ED09E44789D272A20696A4DA8B9
scq78h7sn31nmu2u0g2l67ocb8,48F82E88C1C304794633C9C75320DE22
7ufifvv7kucen311f0u9fthubc,456A1FC4C2456CAE923ED4AB689CD679
329gn8dv74hn9u9qf1m1bbfaca,402E35B512AEE4F03FF0AB028BB3D4EA
b094hlahte6mopah379blt892a,408C81008CC21376B295CB0E348C8BE2
cvoi3trtnkn4qikb1ulsqmoou3,43C7DA581F12AD41E860391BBBEA099F
l7fblc3vnm0u1sjmiaffe5mtqb,4269891458CF5EF98CBDAD690F6E6FCB
8j4c1033336vt9mdp877lme61f,42BFC5D235452614E4D3213718E5D9FC
a5moss46kl0099harljr7anp24,4223062736CBE3F42C589F5738762E96
5ag7uchtiv88a5qei3tnsnk4l9,43CD0220508CB8B9F1F1B0BF2E0B933F
6s2go0k1uptd6s13f6atrpdgl4,48A4AB1493987B843C34847DA70E3081
tj8nnj7kn3u4fpmm7g5gee3lgs,4476F7D87E2F5443AED879E9FCAEEEF7
j4s35oti4s3np76msusduipb40,424DE3D347883A3F155B10FD8697599D
22u9g6klkkpg2eauh0sibkrcf9,44222BA0D5A190B6043FDAA6FED6A246
saf92ua2c43dcvg3sf1mkj6vs0,409DA8CB7B08CE5B732B3834D4B14B01
bm13ulhjmkia6rohv4rghvf696,47C7A0EDA45270463E3359FDF693D5E6
5inhoklf0snd9pv2t09d83bpj,432A8C03BE9CA66BF47930E231D7345E
964p2tsqbv29b2jakipqq7alme,47FB494ACD0C3DD22A90B60B5B2E49D5
bv1mrji007nkljrmoh82ccf9b3,4A5042189298C5B004B32603074861C3
4brl3vdrv4a66oqnuva7rjgs9f,448B2B3691B870F252B0942F714DBC6B
432m0mc1g3ttehrkbtpftvsgvc,4A552DCD99155F1715E2E387D72C136E
78imbjrrpevd0h69e4c1ma5sjp,4642CC60D333F0E0024E1B2211A7B237
gccs2cqgqdjfbmj4k645j0gu54,418B5F5FBB72082231DF42ED6FCD6EBF
k5un9l789tug6e6k394crmj9jv,4803E7F41588914D188E73D2DA2A7973
rq2dshbjbopjbjsfh3ufpusl88,4789B1E87C6D9B7345A828ED530BB416
msed6t6tmrf5o4h1k6fsh148gr,4A88F52256F39978651490938EEB008C
qtv4du51pfdo1k0fuh9p62m5oc,475CD4EA5C5DA9352A56B3ED6F176232
73rs6v43lonmn25j9svsklofep,49CD17E8925EC2B7450EDD12B58AE127
7smj51daua0mni73v5h9748dvo,496FD41293EE6F0B965499B20E0813A3
5k0d03qp0tf16v76i81k3ips8k,434F204DD1C2F2170C0B708445F31DAA
pphk39vgqvf1mcrd2msafqlcr8,40135D9608E736DA554610D37E6679D2
jo17i18pufgvclfklkq3b8tng2,43B86DE1E7FFD5A67E30473B73915042
q8s8e46f7p68i5b4ssbhq7ipch,42F422277A250F78402C0FABEDCC6821
fc3ertnkk5irbj22b99q5et4cd,47681A684BB74BB8F70A8C08A8897873
9nknam62pdjni0jj6bbve7om84,4104AD8CE31F226748824820FE2A5643
cl7ovm870it7h0cdc8v5gsmip1,494B46EA28BF364AC0E2A4943993C2CA
c3mn9c10nbtt1l09bjocke1bg0,467FFAFCD8DBA00BD245923587711884
f670pojhkdvjij8hotcsv39fk3,442744CD27A2268FAE5A173B0D0AB369
4k1tbfpq6le1v9imdedt13fqb7,43E77663218C137A1FCAE3C3D0FD4E8B
sa1of2ae3giadmkcr50ovfi7p5,44221D52B963AE90AC40F6409D2A2212
5nfvrn9mbn0ffkbg4n41n69flg,45E602759925B2F691D277A263958042
t40cpdpdssr09mhjid39n6dfmq,42B042BAE795D1541ED31D9C539F392D
rtisso14qq8gauikepvm711qjo,48966EBB8C3AF171ABC87454AF32F5F4
34gbvippm20no7ait3ggv3odfp,408C68981848A7B4E40BD90688D31410
hg2ddsibsju5lsqdks4qpn67qu,4117171EC1A14D07F85D75DC0DAF0569
qivm60jcksvsnp3e552a6mlebn,41C4E4C5AA089D4A4041E74893600F9A
g2sf4ismq0b73iqi8qbfsnu4g3,47CAC3F4B8D741A884C675A5A2E04692
babtjmosjbdl3v1vs74lclm8dl,4980D4D0324B2BB829C3A07B30FF45A6
l4e4gjaleu1a6gtchtk614oa38,441281D67A25010A9D7624903EBFF492
3jcfa1qu6fn892gqpaluca9pl9,42CFD42D9569081AC610A7BC75813FDD
mpr4hgp1ird0nqthaako7hdmr6,47F65A37EB34F6F69DD95B9DC2A05BF6
u29o77s6q8ru1f8rq376fci9ev,4549DC1FA22B0995CA74F155CF9E25D5
nrl1edn08en8s76v76l3rfbvs1,445930B063077FD2C4D08620CD782869
o47vmh28dps57tivckrt3fo495,4073554E00C0AA8F08A8394EFC701EF5
8h3h37j7dfvo8sm4tb9neia74s,4470D5191DE2DB125643F1C99CE46122
ma7pqq0cf5j5fr13qrdd3qcebt,42A76483546B88DB95850F72912EB1FC
35b7h33r76ps258cgtud3u7mih,45472D9CE373C9440095E4BF26B657F3
f3t5h12kdelu19oj3vthr44v2u,40167BA7AD4248171B561E6DE9DB102A
kjb1mrnpq47n6t3nehvhjrdngc,462EA0979E3860F3EA4F88A305C4ACAD
j68ca66s7qsqh4hfvc3dbn3cfa,469537D103F03403EBEB08CF4AFDD026
q26vpfn7u8iu4u2unpfll06tij,446CEC638A2D6D9C96E3A62EF191CF3D
kcgajr8d44rflld1bkh9krvo1b,44A1F6F2773F7D63797E879B58DA0077
d7umacmmuad6bqmc33hbrleikn,4057077A8841F79590395838655BF67F
s5cdm14b0cer9nrpkook74csik,498FEFC91970A6AF3E75036BDC9C07AD
rqm841m9sbljmb8usmuh2nr23i,4212F249E5A32CF70D660ECF2D96550B
vu4k9dqqjr5arcvijgvrd3fk4b,40C6644979F1D26E50EB940534008D53
dakofa8q897pufasegg9s1u0mv,427942988B66CCC73DDD38C600B5FEC1
qgraa39rarnavq1vhec59uvan2,453CACB6F6638A7731E76E7472E22F76
c1helkku4uqsa0m8rvjabkp65j,4531495B03356AA80237436A01C538BD
19cfjav89gmq3tophtntdr2n24,41BC9666AEF55E31FD06BFD95BBC4796
tnt8ff237dbbedl3qdf32tl1ic,4517B91813A1708A530248848BB36F66
1rpnek6pcu5ao0r8a2vekn64a2,415DA7FA217F6CC30483AA550D73589C
16mas7b8as72ovcg4ah638lv3b,471628B9CE3EF091F3C8E9B3359CB385
k4bu82dcsr6me27ne6144c4i2h,4188A7B103D1F84AFD9280362ADF9F9C
na90clghidsubtgl02veenbtge,46DCE2640FCF43AA80F37B1649A6A87F
l8i5i31eglllj2hrhmr42e07j,49719D994C8C64DAF666ED9431E8C4C9
ske06dile9vf3gbvuacooaiqfj,46A48430F36E1BF46B0ABAE349575EA4
sjh3vr8gq1d6l0slp7f85o96n4,40737755762C76E6FE5A760D9F964F7B
b3bhjmn4tfhkb20feovjp70hm3,47E0AFA115CAA14CC63BA4F3F532C9CF
tf98rutj6e09bhombu817oqa6q,424F688D36C58499DCE6F66105042179
784h567jt512g8nhp7qh8hp4v8,460C034C1814B79AD838C735AD2C67D1
nb2m0mmnds4h74a5gtpgrplc4,46D3A6B6AEA45F13CBD0C43B6BABAC6E
upd3qa6jp1brelnclm9demviqc,484464A70BFC2AD7E4554CDD501059BF
v72fmumvgqg5ir01m2cuhpe5jp,486DD4A15CC36B48BCC7C1B76AA6356D
t482c9krivmu0ralrihvb3ladr,44AC27E687C780544F62B7375CE33B55
cseu9a3di50e50k2ebr95l7cpg,401E69FA9B91EFE8E85C0A2C9EFC48A4
jfcg42c2fat6h81175uk6qrngk,4A2E85D27D8F9C0B098072691F17ED7C
8ssae6229tmmamg20jnuaig0h1,4081B70D18AA357E78F26165845F14DC
3vdt8lsp9ssjns1bt7n5tu71b,41054FA4A0AC7C7929B0906BBF0167DB
h9416l28q49m2kfk245k8qfkfj,447A6F1C2879BEF8B8E3428F7E6D711F
m34a6qti4up8cj8dhsjvdt5c6i,490CC206056E60B60767D4A36417DC0C
u6804ors2c973bbraoqvt1mem1,43E53CF62B51D7D57FBAC332CEE1A4A8
n0k0to97vu85blj4rabqr69lj9,477FC127F079D64C0F92D8BD0C3BCDE5
rcndm48911201oc96v9566q56d,45632437A763DEFEC31C6D44CAC7BA2D
utn9use7btrmgoksosnmf1jdsq,49C48292ED04BD88857AE6C235BA2E89
vajcmbu0vph0cpodmlje3u06q9,40FF9D46D52D204A7FEA384D2D1E25BE
l8dgms5i0ntclg1poc0bfck1jm,43600D8CED27386E4B8870E873FB5D67
vrv0ssog7nkbg8nppclqsofflk,404A70D9F8824AF1F14E22D9F04D9702
ubrbi24ti29rnk6ksnees97je9,4A74120451BC11BCA02A03CE811AEC63
rfgnpu00pbnfcresqubko7iamt,43A33098DCFEFFD719572C8AF473747D
llnrjpioc9sqdf3r8aj5t3hmcp,49735B4FB2C93A3DD9A800751D0A4C97
tmleg5l7qk4g1kfoff6iuc8o2m,4988DEFD0758C332317EC392B40C5091
2k4uq3mndkoo908p7aeaqerlrt,45340258BDFEF505AD68B391CBDEBCEF
sb0qajp8fqr998h8helunbajhl,4A0BEB67156047447318ABD4DCABAD98
9p52qsm1dlmkuiijb7qumosaso,46AB69855FF4D60FCCEC03D0A53A59CA
poo2o38i5bduklvldph6env4ea,459C91BD166178169B1BEF4B066D9DFA
3v035mvb0j0av84kvdblactlc0,41267BF771F6ED327DD9BFEDE77A9898
srn3osrvuh6defghomr9rmg6mo,46173418F670D09AF12F6D408B220972
ic06pqi3u5mdgoo79bk52g326e,486D3D52770BD74AA662188F5AD779BF
hdvncrkhbumuda35dlib9g7pr1,45D269D9AD29E080065B6400E45DF025
f480mh7vp3u6qcsp146qekf7ie,454A89B3876571162E1180663FA758E2
io3cnum0ko58ts6o49ttpd233c,476AC97DD57C6EDE6C602F92B2F6BDB4
nr8mju20sg62a4uns4806r5t1f,47B2F664AA342C28BF00711384C48CAD
nsgnbt413spg7dvbr1g7oe6bk8,42EA91B6DB20A1E44C8B584592DE8A3B
o865tblhmu5b73d0liopqqqo77,40B5E69AE4CAE342BD6EF55D4BBE7E07
265pi809jed5i23nllq4mq6sv4,48241A16D5FC9669BAFC97610340834C
o6tcs6emg89fo0nt1qihe84e20,46AF8061DB9E5D4CB0DB7861DCDBEA7D
glqdrq6aj7pq1ltn80rq38fug,4902265E2DB9484DC64A37459F12DEEC
ekp1j41d99gnf80d4fchr72vvo,4825DA63C605D3BDFF25B2D92DD0FFD7
tnv86oj60urjdcdt7vcjmnq5ml,4A766C63D3460C9CAE4C4DEAD97A8A52
sin3rupuvf7hhksd208enia7sj,489CE935B207F20309E4CA9FE0EED8F4
991kvq7sbh5523gpfgr3i98cpg,460DF12A67A01680B14F0DF342C676E7
lkjdduuq17m40t9ungqd1qbcus,4967FEA7954200290BD0FFE1CF943C10
5s25ao8qu1n4n65lmeq6qdjplp,42AB09EBACA83FD3CBFE59E068D1C2A6
bbrou8n9aeek6fpgjafmrsta2f,46C9D6A72758C631EB79A32EC375CB1D
287me3ntb406qtd35sd0tmih1v,40EBB6B5440F77C82D7A9EF9CFEF1DB8
th1qsd72jper1gvj0coek4m7dn,4604F23FB4238CA1904D4ED27A48BE0B
a74po9fg2jhdccctb5qg1o6bl9,4342421860F72DB883807AF8CDF261C2
9141f2v89cu5eip590np6fq26c,487EA91A6366A31891690F06720858A9
glk24vvfc8sgjorc8lhkmm2439,416B44BD2B31DF316E81A6DB6E2EB42A
1hv4j06jhcnnl202q0c6kvivoh,4174E04689C9AAE48ACB69D86AAC8231
2fe57s425g0v2dp7k0v4oavjll,438C68ED76E1E05613B239B4823A379B
6r9jusiaer3lggu83475ie5vhl,48C52AD3CAA8DB2F7E0644C998B7E82C
e5hq6oeim4nlvs4fakrvjn1e8v,42FE10DCB140626B1359600B0C4CCCFF
470n30csv98e3kkdrqsemu88nv,41ECDA19651E12A0E253EA61D4C416FB
5cc1hjjo0qan9psnn7m1jt9p60,40A6D75AFF1B89F9729D0A075FDE07E6
3tafia30urgtv32c5r2d84ha1f,464AF213CF12159DBAB42E1C21D050C7
7vcf99agi2emkvnhpvmusntpcp,45A81762098ED8E9C717807F3B2956B5
5dabtgbg1mo3kobdek7ngh25lg,44B6D1AE883CBE273D7877CE0817DA90
ee12ajg42732ge1cueqkoendc6,49C7A1C2A01CD5986EF7B069BBE79056
lpuldtftgalcp7uarf3vp512ra,41C5C889DA3E0E429A4A413F0909C971
pci23s24bppclnkq3aq235urfh,40E8C316C83B3044CDB343E521B6B9CD
hmasa7luan1piguvkva36rs7mg,4595B51F72B9E3C42AE730E44DF8FA03
ncq266do0nvjuk2kkind2658iu,422423CDAD8F7E7D3E44B171F2835452
vv4nr55vo1po16nlbs7gr7paaq,440B5CE19840CF41E45A05A0A1CFBC10
k2v4buhamnhklajcs5mocru1qu,44B4D5B821AE03D1A7FC0248E9C0A8FA
bhofa53alt8obkv2jteuu3toc9,4A60958B7CADE843AABBD78FFD86810B
hba02k18ms2istu2o3q8ei98p5,4795ABA08B1443691C2673249E51AFD0
m8mpk5gggrjr8r8pnkvgeadqdh,4487A07C3ADF9B59AB6E0DEF78414127
gn89qrt3hd14sgq9lfk0n2hrgv,4433B319F31BFDFEA822E2EACD6C5043
cd4gdn176v7g2orggdtf3srcaj,4786578D5020A6F6C49CA1C3EE0F6A9F
geme6kkq4bc4lca3o6b7a1r5n8,4A2D933E13A455E6AE869DB7E56A2AAA
hoqeng3r8c2r199ofjbln47u05,4A46BEBFE8548A20254160B9EA266FCB
bge9dpavb9il1132ucj3dh4kq,414DFF8C304F7692EA5BC3556EBDF57A
u352bgv05afakplls3sskots7c,49CEDE2CDB1CF3B24424D59653A4E357
834bn3actmd1uskjl048mncgrn,422593CC3AB42E7D6F2B2BCBC52065AA
34p9umkf70urqtv2hfninvvufl,405814C009A50D554CFC8CECB261294E
b0rfqsmp3jjm84m8dk4l0vq1cv,447CF275F47597A21A646E6DFD562796
ahtrf3o2mfvdits763os2j9bs,41FB6EB985F231DA48DD404F4EF54AFE
h7mlp4ehsgqm5kean73ls39suh,406552A1A695ACF6365D20C49C57CA4D
2kodpfiion7giconmjuoc9su1v,46EC38DE83FACAC435A6BE65D47906C3
trp74l3qfcihantso5is04hbf8,47112DD35826B4656D39AD07025F1528
5eenkpkechh2d4rvk0ee63v7n6,4A4FDC5025F880C3FBBEE8582CAF0C5A
ud0us564n49jlnvb02peq2006t,46C001796C2181896D6EBD0D766F4B1F
97jin9qq5iheb0n05k1orqnp06,47C8FE452647369B8BD3AD7A510BE0C1
trc7thcgeo8f4mm9fo9o0cb143,4856EB4CDD1EA8F14DD57FC5F727E85B
eeu3b2eikj6787qrlj28jfih59,45549A0CC260B782699CD4DFA5715665
qdf10rj73vjv24pfe0g3ocglfk,435141B418FAE4128A21C6D288FB2092
h036v0s070k5s7lns5sni8lfa1,48460A80098C9EADB2C894F90F23BD29
g67r4reipb3hsohk9i6conq114,40F28615CE160D73B6B0ACEA8FB9B8D4
g6jcvstbbnbvdo2drsehuh82hs,41D5E0CF335D4D91EBBACD237264D3A3
2335bsr6hvdebobtnm1kvmcqbr,402AF8CC23886EDF705BEFAE972B10AA
9msb6ed458m9m4t3o6h6rlb1v0,413B3F21D42F37900173CC38B3F30953
2tg9asppfqutupbg34aq31lp2,45BF1A017D21CE06211A0D67A31EE6EA
dk9mbt6u1mus8rhmvvb151iqq4,4105A3F999BC7A2D402789B85E5E2079
gb4ehfv760v345idt5p6r0clm7,4831E36601B0852EDCE843B7473EB4BA
kf4aoa8i75nihsdgjmo5o165c0,4137A045518D9CF88598292147B13878
dico3liqi7danb70793ufb6o0h,474CC276F6343BFAD5E6C595E9F73B32
o54ihrf0c7tedgdbu9cib146ma,466995B880DF96E7F99F6971D87186E8
gjtg5v69oqm7dhqcrj75nep9rl,4397396EE843160620FEA71A84589251
lf0n6jeaa78fjc461j8fudtber,4116231EC9C89BFF4FC429CA72D401F9
ogq9lt6dqi73ibt9qmrcpsjqrb,4874E50683F007DE59D219539E8C8AA4
arh0nqdeoq3fs0781i28eig8vt,447643C38BB5C4DB5A763929B7D8651E
mtqdvlk2oi8bhu2egsessk9qvs,45ECB87E823E875E4EA0474F49470AF3
bl2j2ails6aqm9vna2sr8cunbp,47A3F9B8173CA2BE6A5D39E6138BBEF7
lpe1a9cg10ucvb17n46ep96fpv,420ABA36B43D455CF1E3E9B116B88717
lv4t61m5pgg8d1kord5qjo71mp,4342075BBA129FA1F7FB9F550B336912
3c5am599duc2ms0d1hufj14dhu,4927C2003BF27AB6C080E09A8A0163BF
mbpjfaummtn4vsg4ojude2saf4,42FAB9F8B6585E6CE5E3BC75C2D8F68F
715oqsdak57c01dd5udcq2c766,4A0869543C9DEA60619B98DD5BAC04C1
qpsv8bpl3u48psvuuf6iq9n1eu,4A677B72C89CCDD2368F4B62D13D822D
h2m8h8ono1rot1jab4af08estn,429EF423D37B2E8C610C69D24D4D38E5
b7lv3f7finh2jhqmp5ngc3qf5c,44F5C1C79F5BA61E3626B1524026D3F2
b7053hi6uonac5pjt55f1oboou,414544B388B33521CB0DEE71C36CB6C5
5j41digbsfvln8pgp77tu6jni7,44DEFD3F9D8A05F5FC488D3D9A977601
objnll3rlhkbnn2g34segkm1si,439007DBDAF796C4E1D759CE688E484B
63tnfoerve5fvfa4fkoqjvko5d,4315BAD8B9819630478F6F797B5D50A5
ne7suofvr5v88spkp86etlecgu,4721F1E8F953CC17BEE1BF87CB3D5AF8
kccv488m71lqhcrbjp0pbrlna8,41DE21A277B863935DFBF201DC1DA2DA
hh9sh9c5q644l1q0pl5ojabg3s,497ACC7D6ADC65921CAC9EBEA750D01A
2g3t2v82ftc1jtgttar0957erg,4039EEF9F4AAE753284B54761FF36749
79h50gv3khapvrknoaijkr6cqh,44C6E07841C73E89ACBBE155589690A8
8oc242s07keiks4dvbr3m4p6sa,421DB543BF9E12BC65CB93A516C8BCC7
cn3rt0ckc6b0jufr2nh0gnbe7s,4086272AB0C36DD17FF9003A6A40B54E
g6tovg9s6nf0g4hgd9j4g39d6h,4190859F7F6A1368A6D52C4BC050C444
ci2pbdr46ddi4epcua07dtrgvl,45C3DA2899012D4AED7ED0DF185A9754
o60pm3ga42061sa6qf3a52hdol,4528EF4C0AF28802D130FD6731F8641E
hcnt7v90m03s2njgeikpnldqa5,44D06FC868349E8CD4C6402D931D9990
cmdv9bpm60c3ikfv7eqj0r5ap5,4593D7A7E3B04C7BFDC6783B422BE43E
nkln89dufsobup6s983rkv83i3,41D3D4E6814AFCE7368D5BAF8AB3E84B
hkot93q5hb1i29imtla1e9o1aj,4627528167B68679A820DDB451236632
p23f9ia5g5tn3053q40knvhkk8,49A251853ED0AF10247471382D827F80
ap7eogi3d04lecivobqskgtjgf,477343ABE0C75D0BED4F66281103D923
361oog35pmrhpv1a4fsasapc8p,452A6F3C3313A615372C7F9D26F29950
m0bi6a65vfl3ob54e2tbe95hrd,4A6A974AB858AAED552F374CD31DA021
5b1vdqeqh289lr4hhavv68gtsc,43169D37ADBFB16618F696CDAF2D2730
kk680p68mdnifgugnbloj443ov,48006F2320221E5FA34D307D9829E3AA
i2mom9v6rl1uibs2ke02se4fse,49ED2D94AF6FC4549620D6BCBCD9BFC7
rio9hnb292jgq66tb0lvm8ep5k,42EEBBB7C1D456AE66412177631B1E77
qdkrc0iijonjqitmgkm42nm9o6,4085021F3595FA7B90E2AAC3C1C60148
o90nrk7nbcrptvdj2lffqh896h,46D9DDCDAD3F8A074F28CFAD451C3AF4
5hhmd93p0qku1tdd9hnjufopdl,47868AEDBBF07E0AFEF8D24053EA091A
8pqprnm3iij0jl5cpuake25ib0,49D739FA58B94D7ACD59715BA6475A02
m5bcuphfrf7e3sgnlm2cf7phml,4A4E0848D293D48488579E0F9D76BB6B
3s83bu6vhqaeif3nvps8l64th5,4A70511D07E492904831678911EC2BC9
98shg5mmdb536a755tmh69anik,487743587114540943FCAF7F464BA4DA
a7ei76p6ssuv5oongq93r70v71,414857A7E81A19D27CFD85C6C5FE286F
dde4kje82rdo149r5aj5daktbu,449C2C21BAD13945C37130F43D3C1AEC
7tbek0g9odb8pcdtegmpce9j9a,419F902AE7EB9FBEC81B903B0A13E1E7
vk7mhk3d0h8p5mn8jva8a96f55,41B21E219E2913420D9A9080E6DF1BA4
d5e7eb6ih3hr7lusgf52f5k5lm,47FC10BB3E2CA99149929DC37C686AD8
1i7tj87qba9mobjo7a8asfne2p,4377C43480187F3118CD521C21910D11
u4mon9i35ee1v99mbbi1n2umhf,429FE26E85A22F4C2D80079047A63C14
u4ua40cth8sie04148d255g48a,4AA04331940AF51E2F27AC4818572632
oi1msnnn78cb9i3oc0epg9766b,462F4A012915877FC366ADD93AF5C9B8
32elk2lir1m0qff2imk35lmaqf,464C33726C27B00BA123FFA946BC739D
r20giup585c10nd70601mrq8mt,4404252814EE434F1B4270DC1B8B71CC
rqfvtvri5andl871mqt4l338p,44FB9C892611BC90FB0E9B35E7DFDFE3
dj9t8oiqbmh59fdbfnd6km488j,42F5F09D979CBC45F7A3BD78624F6044
j1hcf7rdi6r58kd6bq5hvbf4pm,465A229073A06DF35EF72BB405D32769
vud4cpdsfk15valqrm1jag9lg2,456B2BE04FC6AF49E470C87AAF0D52FE
j6pdjrstjncp9slc2i33k7e77r,48181ED36EBBE48E011F17892EAE3B1A
ie0cc33sfjv5isksp9q4ok6vbf,41C846B35D18A36AD6D62F4B2A045256
64717og1lnr6abb2klhfo69pdb,49410E75D925BEABE3E3C67188BA4114
npo9i9m1sffb4jvcq6l5i45v72,4906B69A42B73AC4A56A516E6F79CEBF
ad746i28at6mm69t172nv6s0a7,45229984665DDF3BC1EF4AE5373F2461
onkppho727o5mv1ajvqept4a9u,428FB83F983977F44180810B2C224593
kh2drprkr5jl83rmntiitpk3tb,42607690AD6BBBC0D9C869C98242199F
b2647io716bsuhgf1s3fiinokj,47CBE9E2089FAA8D00EAC3B6D6616285
t4ko1c026k43p31mmcitfvnp0d,480B18CCC44D74655197B5F99EB67AC1
v3h5blnlid37rlqa8s62phtmqo,4930A980A778D0CFB193111E5AE3CE7D
mv6svdj65ee9b6lslh1pnh5n2v,49E10EA655E56C72DA4FAF7B7FA62D9D
sa1jetj93lar46c3mege8kecu6,4110D2BC68AF1263910863F5BBD93474
9okcm0gkqn65cb0m1gm1tvio99,474C93D3AEA418289ED573E1A7DC3226
fa85g2j3qiomiv6pbtif2vjfci,431E3102A6F4D75A969DE5F2448E0030
sql4m1sc8945kubm7rrqk9r51f,444B8E5B0CC696F1E3AF4DAAFD5079A9
qqmpc65oqpklb3g12du0gh9rn6,477AE4CB3D785C5829CF0D1DF07D6A08
fdn4qm198qlrl43q9u3hb72fp,40D16831AF1B8C1EC9B45061C9C2672F
cs9ijgd4c0fb1q97jgqtu26e0i,4430B6C68FC23496B28DB177F12DEB71
mkd4685q55lme92t7dcjsoof0e,4A2CF0023C17398106D7170924585616
dtvhvjk0fh5ehtjj63q47spgbb,485444964CB3CD7A3244306530CF0474
a0th6dsj10ifs82c18ap2mn9qn,4993C0A21CB49099506F6D0AC9C89E70
98lf5e1995qk95k4rnilvh3tp0,47D433AE6F870074BFED0EFA7E2EF668
ffleuj6guqoeurnp8phijtnknq,41F282546FE9C816FEC0D3457F015046
eogr6qgb23ai315ajb1r4g0ofk,485461D2F0220939074FDB2314C10388
2a4unlefs645p5h93t4g6oti12,48448622E790FAE1C052F3E0D4783029
frcjlen586rko2bebc1ot1fs85,465D969746B1FF317884BA010884CEFF
halvpmt2karm3u761s7ig5noru,4573FEE5B2A094ECD6B751BBCE1D82D9
h5e0l6rif3odrunk4ld5l9f8gc,49888DC054EBA872AA28742A8F93553E
ki062u3cshrjdpkp6bhd0u7spn,4160EB4ECE8AB665F80CE4CC1E0BA641
tjkc7qf2n7rv0a41hkk24u6oeq,429B36209002A2B6BE85EE3262BE74C5
61o15k0m2fopdvlq258obna9sg,4A27366E9674D026734C2922D1C529F5
cjlc5h5h55h4ah2cbadcg8d3sl,473369648B997709EC0083B6106B23C9
555rlnukdg5gbv91h5g5pa0dhc,44FB52736FCCB189AA1844546A588D27
u5dhtl8hjctkc6ms2h0c0m1up1,4660713A83AEA0B76AD5FB299DA172AF
24n7vlj5fqq5u2uiuf7fnotb1i,43881062E8E18D58B32BA4F60046B7E1
9i4rjtpq1vjeoni0npoc1cqdc6,4A94483EB161682DF7CF691389606FD0
elntlaf8lab35r3opptuvgnrlk,46DF25C11E7618925A4452FEFAD06148
4j6pontbtfd5ir18aj105nat34,4924A0DA01FC12B5ED2F18A731A64018
e429tpvpc7lpelrbrmeqe7v9rb,4843CD74F4063424F68F29AAAC01F7E2
p3al7isbin3hghg9jt6tqnge2n,4AA30EEEC4F9D09DF1F4BF06ACF0FE60
35a50132a2notr5et3aju8fl6i,4798494C8740CC51FCC66687685974AC
hkpnruj3pd81hkdf7ekmlmcsjl,450C6A6CF0FA4643D08AD30E711F89CB
uaqclmu0fjh1lhvu1pi6jhh1ik,4211C1C634CAEBCCB6FC75FFFE76AB40
8tdcc1ube2vc09etf7pe0hjepf,4A228826B3115021482DA54777C64DAB
e3pa2m0s5p5l3s5rkhff5mhv9b,433ADC2EBCD79009C2FB07460C35E13F
dfr19tv57ps8m8bkctm9fta3l8,437CE7AFC6210B5C6533A9C87BD6A92D
k0sl6sd99bt8iplgjnfv3vp1jk,49CEDB0CAC2ADB73EB188357CC0BE761
tv7mfop9fqjfpbuq6bhnga69is,46F196D219E4E17820053457E2E922B0
hfqevvpblogd390g0tnv989clk,4729285F428958FDA09101515126772F
rlurpti71t3a3afuvb5iqpikke,49B7C55AF7945FADC47B69204C24C768
lohe97vjcrocjo9n76n1elkdqt,451FCB43ED58EA8DF2D55B7E5CD54927
dokli2gfnqnjeg2p6ebcd4uo3,4125A0B4AF2BF4C2923DAFFA3F0FD64D
ljp7227p3p0qt44hecvi8mboub,49962302AB75902879B81EC5065EBD4B
agqqa2adcs516tps4jqmdejcci,44AB4BF41C4DDBC7AD2FA576BAAA066B
b59hmh4bvletron0jr752r62o1,48A3D5ACC2467FACAB953952E5AA042E
gtui76tjkdbvp8omjhgfgvgej1,4320A2947C67A67E7E9A9387B50D1826
9qdcjh0see2e7mp9hakf2f4nnd,423DED9EF113F4BFD2D40DB38913FD1F
d6hdbks6urkr7q0jo3alq9vse1,435B910C1C90BC84A951B2B342D5CD5F
ppohtdhbbognpdq72m341k882t,47F6AFCE34644984FA850D8C27F8BD22
b4ti5pn3l6qjtqlvsrmpt13q50,45E3423B006379CED92641569CE009AF
i7phjevfkr5o6445nqsparevm7,4608328A6D4BF34C864F82D2A27B202F
gd0upjuplfubon2uiu94rkqbq6,43B2A90ECA4C47963BB1F614A5696D88
q11smp5tejpg5jn33ad3mv3ffe,4795EB58A09B8A64ABC7EC814F845970
lf63jm8seck086c2clv2elbo4q,47AC17FD8EBA1FA10562214354D5B6AD
n1frr01bfrrf9tjhb7on03j4vc,49AC84D606F266426F21C037E02BDA4B
8ff8rhfjm5h756e46pfir22rms,4443484D8B5149EF838148E5ADF8DC06
106lcmlmanh6k97kaf4aqhn91g,40BD62A781550113BA4AAD3E3F075AA1
d7o00f8bpt9r2jjul3akkacrar,495F4B399810FB920888998F154C38F7
11egkfb04ruao7n8ql6l85lpao,41E2D36D1ED6A250809EEB22C374A616
hd8pgdhgmlbglkgup7spak1v9c,49496B8F339BBB90B8CE6AED7BDDEBE6
p8jqg8ng78as6e339evqb04jl0,46C8154467ED388E2B2D17B5D317546C
tcrp15v0qco9b4hm4e5c0jpu5s,46CD1D7CE786E342A5B02105A55E52D4
uot4logrcdpn6i0l5ohl93elad,47860A5A49E7126B54385D3F67640131
dcnm56a9d7fsvp6uhrtpindvje,45E68B77A245940C2D54A3EBD25D1F42
5k6c1i74h1b7qmd9fkrtchq38o,415B37D3836A53ED0A684EE9A97D68C8
ufvpp1pknqf9g3qmqid0bk9b6q,44CC2DFC869AF87652C533FEE7D9585E
jt8708fjamjs1mtpmq3bsakm4l,438205A34F4AC462DF8D9D32B137E656
chafop4v2uj8gmm0cuk83fijv3,414EF372802139C9C8EFE264E72E5182
rp9trta15f4hopnjp5plurga13,459F474B457DE5B0FEFCC42CC8A79B8D
nvk85rljdrshc9n5kpv453nptn,406FC3EAD23CC26AE9144DD3EC2977B4
2ffj8mfspef56bncrj5pgjshbi,47B84FA19E15F300ED31198565DD783B
e39ligphjnag9dq3j85p1babjl,4740C46D01F887714ED810165434EE64
5luqpqf18f2kcj9aap2vsjtlmt,47EEA5BAA95CB3FA923E1A0B369977F0
t80cgikvk8mghaauie6sripdqp,410CA17F8BBE9D48A27CF98332B65B21
7f2qgv4gcjdjc9a8qrl6oteq3a,45AB78395F4A021010246DCB228D090D
pic9tc3iu41spq78k9if474m17,439B5545CA1C1527264159D3FDB04F8A
c6gpq61d5qp3pbrhaggd7oho7s,445C7F9284F585C5F8EDD2FD6101B1A4
cuufecq2977p744run202leg2s,414C7696599D1EC758A891ED6A1A8F39
m3in9ib1rv1rr68eapiuvpjhh7,481D3FBAC73F6F7D367397DC1365BD69
7usbao3ftusujqknvmbcfvj3rl,42A4791221BF37243341970AA5D9B640
ml4sd3l6v7hk3puhequeag53jt,49C57EAEDA95049F59EA07B40E5B4680
odveglqi8gmeld49op7tqmlvp9,46D9AF7DB0EFC15A2BE0DB508D211194
3n2i4s9dnrspekq1b9iehvef0n,4752E795EC3AA72D3CFF17BD6EF3C763
39a2aggh81go7lj2sbpg4baslb,467F1D4BC659F2C8D77D656FCDE7969B
rftj0e8tc4tuklvel2pka1jjcp,46146DDB23770195287CFB8F59E5E81C
48atp5bd4vqtvqr2h9m33k1hjq,41C925381D69AB9FC15694E5466881BD
is6d871kobocacbijd5njnf5rh,443AB828EC7EE5614F21792222B324BF
3u3j68lfrf8i0b7g2njm09op9d,49B7E5B5E8F0F5E7D179421597ED9023
jj6l35due7ehd5qdf4pehakmnj,46F5C002776FF9A75295AED5446AD63E
7eejgl1cfavpn2n2slfrdus3nq,48C1A5A69F55EF0B46ED0975D275B4ED
alnq0vc9st55grd54u01spl4cj,4977BF0C8E4A31AA8F387364FCC5BA96
9cobdc1uqaoftjq1pg5h65sqk2,458F641EFFBA0D136D611619CAAA4CAC
t55vdlgm8tbtg9tjfq1g83daec,417D813E3637991E007B573D39656024
e99523ej1u21gj5r2v2iclk5st,41836661098B40932CDC1B979B11310D
c9tp7n34r43nkni4gp58mvha53,45964FB0B43AF7FE5C26454009752EE7
hepqv7pm5deruudq1pv2s2fdic,447EEF79CA480C5B7F0C3BEA24B91E37
41jteehn4qddia7gm15pu9gbop,46E728071FC52409507828AA546D58B8
52beb4dvh4t4ukbnk4pspoasjh,483ED2ADA836614FB79BB422248642C4
svbvpkb2jc8mdnmsmsmcdfkoht,4418AE399DC2B7178C940C122E8FC787
oqnij195vlohq4b23kpp2pceb4,414731A24A8436AD2CB23E8CA213C1D2
ltuomlbdeht1mrg6fbg2495puq,49CD5EAB53DAE672E6BD1A375E909882
493pvi4irocbasu3omrp3n45t5,4865ED137429F3851134A7B628476B47
hv55dffuk5cbo8nmtfv0qo0cn9,4810A7483E2E84BDF78C581586786BCB
iqetur6jb82o6cirto3cc258il,428E796E6B4D94BD5FB8E00F3F95A310
bsvf7gdj0suhfdi25q6dbiaijf,43680FAEBEBDC9005BB006625DC19958
h3dibbtag8s9fb18kgrdvv7085,465056EE5B1CBC1877C3719236DC736B
s4j3hrniga0r3hr91727cvutch,4370A4E3E7E341B3932F9FE827FDFDCB
akajnpnoah2s4kod99vi3mbt6q,4674B8BFCD24D7E205C0B2940AEF1F80
ul9tmc1ro2ihg0v4nnpeq164tc,41478729A7025D8A785E6A04F52AB142
4eeskvv1b7oocun5pvnqcubrk1,47891C6E874FE1D855BA32B17EBED3C8
fsli5b5bqjfkmmi4hc6kds03t1,442AB76DE16ADC176DD25A4B550414F6
nbg638qpi4e3i3lkba5nrm443b,425CACDCA415711ECE52E7F2EA93D168
b87h4t7lgvgkfmlh91q00hol68,4411ADAAC2B9B47C8D2CA17F17FE4C36
o7p8kssfs0craggsmavrnl8os2,44E8B0636577F8065BB94370A84DD7EE
8obdkc6rns0gmtr1tm0hbe7ock,4A995A1F77065D4A5C25C83AE841A119
ag6v9gj6abm19tet9367thhv2t,4830717461D348AB0BB74417E76ACEAA
5r37jrpjh114h1bon3bcbgs0t8,457251F9F9DED29242CE6EDEFE70CEF1
qstke7mqt0b1oj7qaf6ud99uoa,4782E0BA7C7A5F084FE4435735FF5016
pi5trgbvu17cbq7tat2b9jkbk5,457FBAEEC38509251F2B80DAA8F5F60B
95avqq16f20ddn1jsch32mbanp,498381361407BBC02C586A41DFD69373
ojgefam3ike8d1ahj1oi1fprno,41544F317879B885D3D4ED35468F438E
ub27j39pc38pk17pfiiuhleh79,4806B2D80820FD2F7C613296E9C3621B
8nqlk8no44c1kbk4t8hatosm7j,47AE0A7F1646D123EE257AFE3B8A3E5F
mi5ska9bjcsq80uj5pb5ejl4mj,4813BF031E6846B12FCCF8546C142A85
hu0b61cr7vd18p108bm8vnmclp,4636D38968B615C4D2B107E26DF78AE8
p138e30lfnvk51qqc3kvj0c98d,449367D419D80FAF108FB5F5D2B1EABD
o661dkkcu772qpgs1at5v4cuhf,437F2EDB6941DE506A0CB556749ED2AE
3hprd691u910efnbfbb7f16g09,4352C60E709C1ACF04338122D5DC1EB4
k1t47voaisp9jk9fd3n6gjugqs,40ACD927FA3AD92140675DEB96310545
shi84vfeai097a8hdq7lk3k6gn,44B0D125A5857B7CCCF500E1FDC6F641
17658utvbf7euuomlek04mnirk,415F54A4587EE9DE5A8306B4BABB5CB6
gvq5dgjmh7h7oqumq6iv7mpje4,40539CCC3459AAABC39615685659E7A3
1vva6da8frbi5nmb7anfpreesc,469FDA23FBD28715BEA97223134765D0
1kji1oinlblu5pqglsokh5c2a4,48DEA1A9098C8ABD2B45FAB29A0D1CC3
uu9ijhm763q960n8ojqinvmjb,486282B93BBCC61AEBBC18CEE6A978DF
hv5nk2l0lr9eg1pvm15imrjvu6,427DDBAEB6015B423470C968AE7D4429
fkqfrgho5tghqf8vjdgh6ntanh,42CDB383F1E13EC35F953F7B5BB9CAC0
26r9eor0scdhuc0bi1i8odmj72,466333275626A8072DBE368E05FC9077
tp3mk7kra9ai5iq18ja23ucml1,437FEC11B7BD520B203508D5DCE28A08
q59bi2bp9k75tkefl9ij1rogf2,446981BA727B6E7AC9DBDFDD87FDE0E3
m8ipdeov8gd1bni154v44hoan4,47CC02BBCC0AE3B91BB2CCD3F03540D6
1lq97o1ud884rvgl28j2fkjp35,47433BDFA941EE5679A128F9C5593FD5
baifoqfe4ktuciar1v55hsgtdn,499033E3909C4D243777D6EC3C86493A
o9oqst9ug6qju0h695ek91659u,468AC44645B79E1C1C00C3E3C32B827D
vjrnmpvg7sfmmj192p2ssu0n6u,43551F5CDF83D5FE1EA288D835091C58
taugk748iq1a99n4jno3mppqi6,4967909F06ACEFBE4DD1430B976FDD4B
65dc5hc92hp4hu15j5j436t5ok,4688550A9356D997AE22240424F8DFFE
70ea5enuolabunea57gplt8k48,45984FA5DEEC9E9640FB8C8EBCD26573
fuvrqjdqq6b60klkfk24qls5j0,4330E1372DE08CD9C38F8040ED326B45
fpk8iojj8s804k48hfc2s8rt3c,45F39A747356129E4887E4B7374EF414
5pm0oerb5nsd4n53de9tmpls96,43EB4E4D9CC1962A523B78C8F2064F7D
b2r5lg2g0l8eevorg8jn4d0sb3,40535FE05964BC2187D9E7755DF4A74D
26c4ngeqg9g72ldf4eprj4kea1,416F89C7A43C4CF19A5930A6B201BA82
n38g9deon8e0615io1kp7sjh19,41F1F9BE227CAEC3AA204FAE40E8AB3A
q9fc5kj08eh8s2iv9aogao3qun,49C0ABE0801EDC30315D02F508FA23D1
j8jt89dtreds3j8qssaqaks1gd,486604DFF54C3EB4377132F9EFC75168
qbvn8hrglkd9no0kkr0abh9kq,40D7CD84B61900FF06CCE4CAD6BA68E8
13mq9uscjb20gdttmu6edn06a0,4A0988D3F3F4067F411B83C535B1A242
570v0aqun0t2l4op6nnm7dfa4n,4035486076375974A4520E00C7FAD28E
68682amv3g5el84iapo3012frv,437984802FCB284EADFCC00D1EC80507
dtrraqhfi4jm7s56jfghqnlvc8,45F84715C497BC6487E70CA53F41D70E
ca201qcgut8lh6ohg7q1hf87l8,48343022662308C8C465055F531FB1A0
8t2rppgc5hi86cjgv9qe3aih6d,48DB317D46D91265796381B35519331D
b447f5i4lrj534kuuimlngr5bj,440A57777FF731E1F904858EA788084D
kbd52hcss4476phsn94t0j6sj2,4112EB1BD2D52CBD5B90D021592BA041
99mumsf3ghr0q8k9gig8jdqsvt,44AF60851964CA4CC241940C640864D3
prdrk7s452pq6v1c13nbhfsgjo,4716A30703353052983492F2D3D69AF4
mq40l2p5q4o73pqrt77rtnp9dh,44338CD53749324EE82E5965D36FFC5D
i26s0cgk2cs5msni2f4n1u4i35,412E51665F0E396830FA5DDC84A99F5E
qbdtrh2at70o9d3kapr0cmhkiv,46B52269E761FB8AEE5301762BEC76EB
lqsb2erjpl5mrlvpoepsibl9t0,4862BE004A87EFAADC07F0D1B6236CFC
knil80qhf246fhcl100b2bo0sq,44FB17B8A7F9961961124022658C2A92
um63kkc17nhki1u12l738lqtfm,40AD0660CF40FEB700B69BC19925869F
nbgp096fcf1b5v8s0t12q42jcr,40A5A857D943FC80417BF64CABD9C495
qcg26i68i8oab0ffi8h1gq6a6q,41302CE866903EC2528ED7B9B0F8987A
o6ktvac59qs2nh2o12q6nglc0f,467AD367A4951E409A545782E8112B9A
