Key,Hash
7d0h94nvilqjfb0epolub9ssnl,1FD417083DB67E3F5690E3FAF7E7B10A
l89l0fv2ipiqrii00hlmmmbf8b,1AFC01B7E46D063D83F51552DA4A1911
6itto21jaa4ke5ga9jv57fe9ic,1AAE370BAFCD9C75FDD8763017F7037F
l6lif67r0ekcbacqkskdqgodh6,1DC56D3C898D1698804DD371F987B92A
ia7biqncoqsudgm4u0siah12vi,1E01B283A2358B908FBE183775D3D3CE
j68tdicevg2na7nofanf8uukun,2000BFBD21DFAAEDA21F7EC025CACC1A
mn70fhp5g888qkgctfthk97bes,18BE90761C7088294642D4172044F9DB
4pf3qo9f4v5qcrrf05j64u1il2,161D8FF64EF34DDACF2D64BF8DE456A5
i6e2s0oh4t2h97u91mtl4b8na7,1C3A2EC8DF9DFC51C117B1EDB734686F
atuhd5fh22gjjlv2u3binntl2o,1789DC9DF2235948DDEC7CC438494EFE
37o5e8mfp9fra8m61najg97fhr,1ABA464E0C9990E97A34EE4CBC4EF81E
40071ggte4drs4gb3d8dtev3n9,1CDE1530F3F99AEACAD3453CAB91ED71
4gjqd1pk16eg2pkjacbrodvodh,19E70987C63350E828DE3EBB4D363E3F
og3anhvt8bmjua0ocpq5f0e3j1,1878F91BA877562CD19D5DB60623C157
vmm75rosacfb7735aq2v0qno27,1C2C1E721C2683C98932CE24E437E933
s614t5lisdpofjussoqlj0f72h,167F471160DF7B2F69A3B8C2B5A0C38B
cbh6j8ejadem661e1c609imb2n,1A96F95D9A39900C39B561E08E176E83
6p489b2jqippdou07tkscq1ui2,1F92994385C9A33C16FC6D202FC06818
4crtkvc8urlhkhcb2vomau5o5b,1F49A7DC3988B081BC16C78D4A59AB05
77pi5c0v51ds8gi96cssmu55ru,1D17176819F713F3AC8A3DC1C2A4B1F7
j5e92kimqpo168osvd1obsuifj,1983648F5B6F49A91C4BA08246A8094F
btcfmj58cpupg5ndk7fq2ivfsg,1BEA5F52A560EDF1AEE2338E15191AB2
fdsuaspd2940d8ir8vdesj7vid,1AEE94EEC162AC0884B8548678DF99E6
38gl7eed98cp7a3jlil6m4tks9,1DE8C650ECF187EAE83987B8ACBCAA70
ai9beei4r6gtnp3c6vd7pjbg,1AF4DE48424C76050CC710FCA359D9B6
2vnmmo11fhftidl1v0pkiek13u,1C7FEC0E48D49784B211D45E0CD3E48B
msd8pt4d2vjlho5t3fj5m4n5l5,1CAD966AC35955C9429EF88E2D0CBB05
ebs7fbte1t8bpidj3he5klge6r,1F4AE8E60CDFBDA2720B28AE2100825D
9l09o3rel2vra8lprt1i68v45h,1EE18BDEB163B7BA9616A110AE82C71C
kf3q1j9e6gl1n2ogaeksc6cncc,1C36C21972B95CAED1A0BA0A9F314E0C
k3n1pog85lffeqtnmp0tna8rhv,1AE348ED2D6130EF6D1025BE4F1E3C09
5t25h3ec0oog0iu96mkc27pk58,1C0DEB1D5A11A7A6DD03A70FB18F7E49
nhdjuoaoafanpp19meqb28vm73,163020CB7D7186A61F630051456CC4A5
6cnpe9jc04o1qhp3p4kq0inrte,1970E18BD494DF231FFB3C075201F19D
u2tlji3t2pnei7hvcu6tlrd1gj,1EB3AD5A89C09CDA23996091FF1BB793
ekh7o7biehofl0iu0b8qe3d63q,1B649A2D92CF2395EE6DE9E20FAA4EAC
iol5kbk0fv8ijsfkd38augbct2,1D3E336D132DBFACC993E8BB453978EF
vmhs264v0da5iv91n05p71af2f,1DFB8C54D2FB33E1AC6CB44F24E4E034
fg0c07c42hip96d4dupk6mug31,1A2F212BEF051296860BFDD18571CB24
a612nlobrbc4ha0pavalmi8c1d,1E3F8C966D94A4E684C7377CF7E95E5F
vgl4cmu9epmjgtqe1pi4fd0923,18C07A109E7FC4705CE8AFA1F79133FC
p7qjr2al89h9mpt3v5oc696al2,17C183C55C991F85C59D119D9FAB3FE2
6sa9qn8rvqr9rgad69srsve604,1ABB0E5444D01B4E7F43A3BE594F9EE2
2con2fjmtdfg6va9k2df84dpov,1F6CC830BF5422088534DC8C44744D94
sjr62900uv552n1d51ege40jgg,1908202A920F84C523CBA170B568ECCE
fb38pb5rt6t3vr62t31u0qhqb7,1E79016BD11F6C7BA13FB6744FFB045D
af9lt16otsmmu5dm9kgiiblnad,178040D5B6AB7D08111500D44D376854
vj8h4f07da47ci2ftcjoculjb4,192EB4817DDB221346AE7ADE13C8913A
l59hj73rf2gq7rp84ejita1ich,1D365AD3B542F7980E677A3DC31F8C66
ohar474dm3q6n0r4nhotqq2cso,1F16BF650BEBC650EC0A6A6137E76F97
30r3ptdt7ftqfau0055t5qg226,1A25DE554CA5FC3486F0043446CC4400
60llrnvhgtm36vg4p7gun1cnbj,1F39DFD68647E13ED6D3DAE421CA10C7
jr977qqrpuaaan89t704p9csj,16D0635522971AD309D92D8A138C9023
lujr8nugpi3tf6tkd57p34f7l7,1D900127BC73367529851F05A3456EBD
m3g7ie6vme9ii36v8l2u6kcno7,195D9C451B230A5B6727615E34FECEDF
q8vjli9d8ev5i85u1qllf7mfes,1B913712D5B6D37378F2F1F92DE96BD6
pslcurdg2n06incme9lospsuuv,1BBEC5DE105025F090314682029B4DDF
3vasjg84t5k6mph66buroh3qar,1A86102B3D7034C800B46D959D0A871C
m1lfac2pcnuallgdh3smq668j4,1AED6909B0605E78D9B0C219E1BD0B06
e86kuler5dr73sni0paon95mtk,17805B87522DBED06CBA91BB47C7BDDE
qka19mi0an2k8scah9kjglshr6,1E9F86F98227C8E04CCBDB4DF0576CC0
ap3dcclh452n3ttspg1p96agej,183CEAC6603F704389A1A21A93610CF6
pnvl62agchusuijt542d040ijb,1F6BB85205E522F6A363C8ABE776D7FB
4mvsqeuu9qbto4ogvcmnec54ki,1A59C79F30555C7A46B7A69E38FFB0CA
oajs1vagqjhq60nq85drs1j5fj,198FEF9EF2627B3886C94D21D6C9E2A7
5apt04314uvrjrg8dqrkp92r75,1B469E8D85754255D5C819E1F9278B20
mrpajn605a5svrp000nk23j271,1F147906E9BDD7B4D38BA68F1E2CC324
vbn3eo9rpigbnit1ehelmacfas,19FD6FC31AB4A289EEAEEAB021C02381
86hvbmg19n095gbtcr0dd5iek0,19D31340FA9F5627ECE5EDB0F6393287
farq5bpflcbuhmg41lme8t1pr0,1C7ABFFE2E0C2A8F61C78622FCAF30F0
ucffvlc897jbh9qrbfccds8q20,198A7DC606FE083326CF8DAD36B75C52
8m52bm0kdcjj4bhur339pvfvd2,1F3AF0A4DC65441AB689574783F4A1B0
n9j3pd0fup40r3rut5n2nombae,1E019AED8D2960307362B658DDE9A953
20ga8giiaif4a6b9lnp9ks9hhu,1D3E54D3F7339F02D61970877ED5F635
dnba0d1bgir7adq3ensbo0o001,1C0CD54319728E482F607D840377DC3C
q7vfqaa7eu42vj85o2omrd617q,1EF94B926162C4CE7D07AA5483C0E39D
ue945flbi4piilaejaikppsvfh,1C6323DDDB32484F5C6950E03F2BA0EC
5500949377pe3i0avudmqo1588,1CF757DC470473CD8DFB723839539203
fpgk7ulddrpffhhm1l4qhmn8sn,18111DB27DC462DFC585886CBDDDCCAF
9qavv1n2n1s38hekp0hj4ud6ge,1E5D0D8B5E3EF7977C31C8B9A2D8DF54
i0i40ia0rsg181ho7tivrh6pj1,1598737160A1C87DBDDBC37B08B44D99
5slfube9207g6d74d3pj00bhoh,1AF776EC8364319B1830E5744A737CD3
ut0r0fb2bl4t7hn7efdlrf0hfv,19F8268AED92DF8D0539A7E2532F4A6B
pst5dvka28g2csaqis3muc8t5e,1AB7F15441E07F14334F05D1E4A12CF4
50ttu6ugl87skfk4ugfkfm6fih,1BC6DAAB8457405F5545675EF64CAA3B
u58618bsv7shcsbtjptiu33ot0,181325C866CEA37E19D55CFF74D39056
2hlse44vfmtludpbn4k31votu5,181F5D57196A4BBD0AA86F1852DB96AC
7djttotcbitci0vivmi44t24be,17FE80A1A1D7DE475F53B1254D4414AC
f028u4pmnsvbbn8oq1u1rhqv3m,195E07953067F36487C96F451551C586
bisvogrptrnn2ktdq1fcnp9qed,1C6FE08CC7DE57690F750E4E8B4BD2E0
t62361gd2k7rciqgh8b7qrp9ne,1C08FC2FA83C9573208AF6AA7037A93A
4b8h391eq7lgefb91gt3jfldr0,1CF7497263627A478764A70C74C961B4
c2qn1h3m63nvm772v6dfs9cbho,18AAA09502CE077C10D153BCEAD6A766
67ja66rt59cb7bbumtqnpoccmf,16BCABFAA1E97ED7DA2D6AE910659E5C
f588b2ucaqijooli605a3elajk,185927DB3E3EF50F53DE5368E79BA900
6bmv900lk4r22oac4a2jpq4pii,15FBE5BD2197698E4906F096E3D990A6
plmcnsl4idoa7prd2ht7v2u0j6,1766161F3A8314C742D94145840DED28
vvnfcr86tsb712816pg619qa34,182A4C6741F07AA9795A4E1AD1D7D539
r7047iadfngbier882rts4p4h9,190CD1AEA4217B9B82BB4414DFE96A1F
a82f5101tfaj9ie02c3cbonrna,1686B88F1CA000E8DC48857EBE260FCE
dofr7obgk4v31nmp5gjns4uqdl,1C76D17E8B41B8D0FC3DB1E14E8CF7A1
70b9j37f8ko1np50n757g192d8,1DC989F9722A253DECF0DDF5A3DF5FEE
r6lkcai834lcn1oj5d8cnkv03h,167C1B5274DE6DAE478261C117245D32
2b031rg5kon9a1i1mk5j1fur6q,16C6BCC78D7F18E826291BCE3B2EB4BD
65rn6fna7qo1av2l6mj3qq0kl0,18207B2941BE44C407271E4A98E9B473
f34oe99orjq3khli1j5momdpj3,1CCDBC3673FCB81210FEBC600CCBA560
93oh4otavumnfg9mslon17b4j,1BB7E36E5387772FCB732D63046EE820
vo2kp076r722lmslrg3quulsgr,1B32A1462FCDB61578B288E7DE1AFECF
q1etfv8gvjg4puips8ruqrstmp,1F42A0D126B21A7440C282AE284400FA
bj7dt5nout2385qdp1k33nu0ai,1AE55B1BBA812C4A96AE0076293AF815
s9niptskaa24r8mvi0fn7b3qc9,1C9E2E8C709D9B5AA38ABE4A147FC2C9
83adf7q1j7a7kqot7eorqgc3c9,1B06070B95BEAFFD05D764F6A1D9A12A
q1ppt1cm44jsg24eratik1avdr,16B1CB17F326A63433687933AA7ECF74
goeinv4ehhbjh6nvlc73i76gmj,1CBF4BF70C6C5AE9D7D3807EF5984A1C
c16a72ea527s2t2n55bvsqq9uh,159C0B40EF57744203F7D8C2A0D2284E
sgnro9mtk2lu8t4n97g9jqe16s,184F46ADC7D7F48B3B21582C72459EB0
qjh4i2r9u5c5ip14835t65cb8n,1B14801B5C9986865AAA5BE34D917D8C
hkkucm3fg8h4qd48es8ov7ie2b,15DC651DF7104C3480B3794F58B3119D
a20pv060uau1qgiejp3meq98ij,186C1160A8D11D4A1D5A24E0FEA51B14
bdvq0q9fqnr6ekls076dk61d5o,16BBD94EC142E968D9F11F160FEC09B0
7eu9v19e6io0lbonr3r4p9da2v,1E28794978A5C754F03A4E415FD75023
praqgjp28ths6tgdfohj4uu703,1B5D76A7F280CA64F4067263471968AA
69liqas1rl2i4v2k5djanmuct5,190AB2B167317F234CD1C3AF628ECC85
or72scu8e8k8pq9n8bp1ne7vdm,18FF3D7610392DBF355C4D452D5973D9
tcktgianbfv8129p6lbartufns,198829E958F069A21563009CB0FBDFD9
hsl89mg5llon4tl60fuonu086v,199B999D63514199651168EE355C0DC9
d0vr7tc0ivagodtmh9usgtlee6,179DAC69BD1CD59CC9ECF25784AF75C9
fci7q91j4s8s330b7id226roi4,1CEC4D86B85FE3F562C9AB2C628DC2D7
hh5sm3k10i9themdp4o1q5f459,1EDDC44635C28D85042E30B1F7CF8FBF
5ljciq35pvljrgfnctl38t79n4,1AD26CD962B28D52E441381D5C058A45
c2ti4sg264l76jtv1gsns78m30,1B258B281CEACB0893829125FB6598D1
9ou6vll4uo44ccv7i996h3f7n0,17D27919EDB7572F7B797329A7BE7E91
ue130l3vaai0s1tgvi81jmrstq,172AD675E428F66D7415695F2C304D3A
l0tr5o1vf7orvvkde9fq0govpg,15BDFD128EAF4AB8B403F8064789530F
csf8nljgckv2do7911a2cbiom3,1DF49E1282E7972AB156F1F06162810D
3buvgvcktt96kvhjvjjnd82fiv,1F5596A75F5C8099DA97DEFE60205400
9c3ogfsgqqstnb5o55ehlser9t,1966982B79328B7CDF5DD872F805CE91
hh2vrj8ap8b9pnnkrukk06v0gv,1B265471956EA51D0FF12EFD6CB8542E
9eb1rk0o7otglsij3bb680ip6o,1DBD439F3535484CDCD046BC1D4B9C98
2i0cejk9bjctocqjj7378nkak7,163FC410B68C6EC1FE83C060F10A842D
8pam5erh2oikcbrqn2hrj20053,17AEA8E3507D77206754F81A88B62BB1
7v73tvs293o7h8ul48mjufnt6a,1C3C6C08E21EDB475BA9C5C0DBA92BC7
s1jvqs1tuc0ppt6nr7heq6nrkg,174C4D8F277475B0133DE6F3957BF738
7ngefb9a6l1v8tg65lfoti353b,15C714175D3FE05D6C32B86A25B4A390
5d221h8vot7p689sh8cn4hqiip,1980325AA104ED9647CBAA2873CB256E
3o0j79th7hr2uo4kpb179n9in7,1EE100381551395B64791296031DE496
mut045l33fb3g6fgk5vvptbhlv,17B3699AC437845422FAB0F7215690A3
im9aju0qk7e0dpokjnf49bqgb2,184684961BBC4BDBFAD36B1F1300AFD7
gcd34rar719v10o0dl3r7kq6ff,1B1D29F3BC59118B32F2A41148EFC08A
di5kjgei7tfvia6uoclki066cp,1C846D184CF86E34F90B2E17CC8FA225
ojchqdvao8i6jj168okp2jmd1q,1A7FC841D12CB1007A5BF431F8795051
3emrticec0oo9021sslv62f0e0,15A0911620679AFDC853B7257EDB8DDC
jampg5sdktj1feq55dqd0numo6,1CD59AD792479DF012D8BC80229A8252
1u4st9l6qmain5sks4u299ofkl,1DCF073AF82CDDF38D8A273B1E3DABDB
6lo2vj7cu29j7l63cvr9igdu7v,1A4C23194B931E3CB75D999B72476FF8
64jnjr77rcrjcgs39i4ubumi1p,1E2EDB5E9873EF726F952607DE191CAB
lg09ubkq75h5sc274lh8vep1ig,1DDFC86D4C0870B2719A5C9AD4FA8E2B
15k96nlvjnr6j4d4c32o0aufo0,160142252A0637C5E3AA9B5E88B4A379
hpuv0n322s98e455534cknuf7o,1DB4DD4C0264F3A70C35CDC4E41F6987
sf213c9l07iv58e0sdoflbki00,173C1BB9FFD659F10B6A87EC6B15A743
cs81maov75ii9bbrqogvrhlss4,19E7BCACE933C568BDB913A18075F5D4
gf076iugfjdeqtkaeouo6m9pvt,1E4E33C482DE07776F9EF81AAAAC63A1
7gf1ob9m0uem1s5pke0k7emm6t,1FEA60F388FD79F5E227FDF09E841D00
uln3ccunmp6mu3hjp1sta706ee,1C3898103AB708640C836D7164AB5604
s4j386cmv4u3se52mqvg21lpp1,1B5270B076083E3127D147CFC145EC21
oetab2civgno44na25kkcm1eqf,165FD9AAB3155A0DA0C0211E1F15F62C
k5ersm0je3f2uefhf5ds2gc6mr,1E5A44B960AB2C4DFB76C794182FE44B
cukqjfshm1qqr1448tcem4bbr8,19D0A26D680255365FF223239D06BC26
tbdb2to84kap99h7c7bg05sl6g,1634754088C368061F1256DCC82DCB1D
lk1kmjuvh0aabsqd8l4p3v0cto,1DC990F00A5316069ABCA80E120A13F8
47cmo2padekg2rvn7l8143mb1u,1CE0250847E152B2F97FAF70595DFCF7
nqncpnj8rf7v1ktnf7ng6rago0,172EEC7C1B4C1BB2A969F96B74313310
ia1524qm6v3f080bpeo22qb95a,1F71F2CF124AE173FCFD4136A2784CBE
23kqt1peihe798umuqre5n0215,16032C1FDD35630DD8F93AAEEF072C69
s8nl8nqijpajeomuivl95v75pi,1ABD590075999D886DE03115471A717F
gha2gjin3fuicsgnau1vpjl0pl,1DED6C2AC45351B11B45B6075DD04D58
4jj9gf31ejrkm01qudv0822ghm,169975EE5A8A100FCC75EEE2F035906C
hms751gvd8h1t3h746sim59uap,19BC9B1A9A3E2BB48BFCE575AE6E473F
a41nede8p739a49qv84th1743d,1BDE8C426BC74D512D45D209C7DC70CA
usodhcu05n4c27hg82kdhk3kpq,1A735ABE151B720CE726F073C8E7CFDE
a9n1b5f2qb9ofgq40gcrccmfcb,187A34621E2E7420DF5AD265A7785341
ejjs99d2o7jenst45sm0m3r6he,1E76893F1C0B5BE1E4F7CF68A9BE96E4
a224a8u1qt4eerfkped2urjk18,1B66982B49097F301E78D5712079EFC7
4tq44s8fajoo69qmiklole3auk,180CD24453C154C6FE46307E9FF9F3AA
abs56thi9b12jep45rs6q1mk2,181D6F28C9384EE855E9D95260A39EA1
lfdvq3ss3gdo37a7np0a0pj730,1F2BBC3B642B6C3C7C7FB85E455FDCC6
fcmptj7rcf6q94fgq8rbro5r0c,194B86E4B3B434597AF8E34BB7F7D2C3
ct4jjh6kvrenu4of8kmt0fb10r,1CADB9E3E040E395815DE7859F0C818F
dg8bahtcttn8g4mep1q0onnq2e,1DEA0CFB45817E5F70E6844CDDEB8E67
unnc20sm4k6o52foao1kadqag5,1658B9BA6D37B4FD45E83FEACEDC4A10
gh94s6r9g7ns22rv3ebr2jvuf6,1C0D968766A60F1E5C3C05B847D59540
92cbtp3rip3anvk8ukjquueqeg,1B9AE924B880A3CB637440619E7B2DBD
5onj2oo3jaa40qsc2274riss9o,18B22DF5C376277473BF0C8B7E4C97DF
3jckhqlec924hh6qspgloguf4r,1F6B3D494A220D14F8DACE9F8670419F
4aamp4l730qv08kuhpukp6r3n,17B4DF07D009F98EA79E777CB9772403
focc49qnkvild34qmr3ug0d6jd,1CD0B9CC1B6D71C8DCF20220E9EFAC5C
86ipjb9ktm6ooqkkovhg58f9na,19D5DDFF13ACAAD20F93C6CBCBA1C372
us02l8pvi7g56avs9c4o9ot29g,1ADC4405F6D792F75638FDAABC2AFE78
gc1kdofj0e8g3hk7n4v1pfch99,18F269D045B86F25DE5FF268A5CD3F0A
5cntm1ktkssuo60dnudh6bddfk,1BD3BD1CBACC470B3315835C80B81ADC
5iuurf4qu9m3vusgtlv9kg386s,188E99036B6F6AC96CAABBABF78DFC41
4pe048052d68p77s8dfiaatdhr,1A768BDEA51BC11BAF3E494D5E217257
amb787k8s3oa9sjdio9hu41jpc,1F3403BAB001EC46E57E74E46948E4F0
v3cvbmh3c0n93q509bc6nsl8d0,1E4114BFDC0472FB8076A0403BFAB883
qjh7a7dnpfg3q6m22ool7m6o5l,195D894D5C748BA9EB02D5F17E9C5D94
m4um6uh0sgcsm49c5rdg3mv2gr,19FCC233F02B151074660A2FE9D375B6
krhpbpkv25d50unvgukiudgbld,16A8FC10BA063DD65563BE26036A0EA3
6jkbbbjj2rha36ogb9n0644stt,1925126C2B3DB5961A601F02A10369DD
3dtt8gqip6ir09o3ndfc7g6abm,1D3A76AA03CDEF28D1E2FE80077F7849
1m1qhscjrosd4ghhei14m6osl1,15805EE91C4A37659BFE6F57AB66CA55
kdtdonlebt06qee806i339e451,1C8C1CB05D5CB8AC2E6FA76428E4C6A2
m2b90cm2vabpjgf058i41hveot,1AE38B212115A04F04573270664F994C
6ie6dab4b900nh61oid1caleqr,1B086C92E991AFF69C0290CFD5D1E955
gkrtp5gbivj6uaf7jrd4kv01o1,1D1BEE82E035AE281190AC5C4C6BBF57
jtefagfgj948hsmirvdik5bdt6,1CD478ADE0B17D0235510E429503C71C
osodhm71bo5fe76ffa38mj8j3f,180641C3DC3AE4BA148366F13EFBE7B4
b9jooahl4ok0dangeq44mu30l0,1F082B8B503E7AB8B6618DBBF04F6359
2fh4658qpfhl92s2chmpddbei1,1CD0BC6CC9FF3E83BAD61880B1B9E9CA
23c27fsjvh9tv1ndsk7u0mvl0a,1B67A5163C782F0FC2DFBD8C5A42AD68
2au8n6h66n5f71lj3f8gqqnbvk,19AC8E2D610812810351FCF685485317
2i5uecf6j59f515ksm64kmmp9r,1AA0C2A3FB66B99520DAF828B8B9DACC
clga2u1ihb05kchvum9gkt103v,181A93BFED62D29B161FDB1FA1DCA0F3
md5qutdat7jedfck94epq1qtb5,19D38EECC2C8EF2202819148B48FB364
2ik0il542m0rvgta1vm0jg9pbr,1EFA6715AEA31128F647EDF5A4BE9664
f5i66tao9cdvhodlc6idrqfldk,1965000F4CB054485C630DD45513103B
993uh7mje0c50j055t6h87kier,1A3C7A0930860D9D3D67B02A64E7BCC6
ennq68psu1movttqjmsu34mg3u,18A1EACD3BBBEFD6C4D1945BAFB47841
8tcko5evtdv079in1ekrctdsa,191B868234FEF039AC60D3B56B883852
6ppl5oteg61m916n5fdesqekfk,1FF01DDEEF26617D810468B611BA7991
n4hl5jo29fm35moahjtqq23euu,15FCA5DFFF600795DD1EB732581A9CD0
tfthrhc63j1eacar874vo5rh0e,1B4B6DD4936214239BC187155B8BC487
jnlpr6im6buh655aei5h13632v,1B247014077C9053688192DA9B8A0C71
vbkilvin3ojpuqe8jqlkahd5l4,1A6CCA5C81FDF0B24AD15545ADAB5678
scl6e43in21cde22julg1foias,192B49C388AA0D2EB55B943AFF37AB5B
jkk8t3v3667o6sjq99as0avrhb,1CC2EF46F159D488471247BCD23C1B82
fakk9n91m5tj3v1fpd2p4ljqco,18B67AF48A44CF76C3752D25AEDB6885
8no4bh9n5q4onnlsdajpumrcum,1744C0E0D7445B0A86969D45F3BFC0D3
eu6b0dv8prgplm8bl392oqvo90,1D9354AA86ABCA13C3C4CC89C2E6CED3
qgh0ahlti6tk50dmdasvtr3evm,1B6C7334BB0A950AC4C5437560FE5359
tsf2c18741aomedock86afd52u,1CE544B9AA6A473E685DB0A621000179
mctke9rttl6fvo0vm8i8ivaecm,1AD338E6FE2979766031BBA1AB03436E
hn74013uq2efk6rfpnbc3b4bn5,1AD37CC23551726F6E51AE3EA7157C09
gp600pbglna8ogt8mnif5at43c,1DCC0FFE88410DD2BBF0B999EE5725A3
nij3a8nccmiolnhr6bsr478pp7,1E38A5F5A77106EDACB3B6EF5EE15724
5dcotdhvu109peds6dfg2fidem,165A90BA06AD6459F24B37F8099219D8
jp0j3e5av9paq50hju1jhbripd,1CC4AC7682FE30E0C6366D995326E256
i6gja9u0sf27i88nnf2p0sp6oe,1ACF0101B18DBD0D48C3248DB3CA4189
324oqr0v152urmndk32hmghe9g,1F2F2A7540419CF0BFC4C3CFFD327D81
10f6b5f4lc9r2n589bn4qfakgk,1F28628D00BEF8F95DCB4FED00CD020B
aa9h2d0v5pn8bfecgg8295e1gc,1C292DA8C9CFAE5BA4BC77688D0863DF
qrqi0ne3g8i5hqb1r32fru4q40,1F111B7F28EE2676794EB1BA2602ECF6
uu7k8dqsbqrbgvrkrotqfmrsk5,1FB14A00E5F3A265AD159811F66498C9
r4glm1vc6di9r0nvqrm9j2h0ml,1704BDC912AB689896407910B31031F7
qhot0m5cgisigbti6euk453joo,1B423189F457E52F0FACCA5DE1D57412
p88a2elfrovpq50sv9hu53bm3c,1638DA7329782D7B1B131BE41B132598
2favkp7j4s5bu51daqq348irng,1A668A109AC1CC256D966FB377894979
8e2o89io2t6gb700bls8a33os7,173543092739BC392DC610E562DDED96
513bjm2on5i4dhnj0md6ruok9d,1A9BE4E643E0E0DFE69BADC7AA7A9639
32rjstes7su9ul48e5hh56fnsm,1930B5691FBA7D2F5258B89F9FC3A5BC
82v74grjg26544kashr67f31it,193E4B15820410D3EF3465DA702546F0
it3e6qjn2anc1e2lppifmcljmq,1BC7370A08DA3B3A4F633B9D1CC72E54
hgic7lephsehp2re0evdnnb02,1C25F67359859BDB1AC1ADDFD64C00E4
tjp1msshqfsjvmjpkk97rr2j8a,1AD6C8C4793523EDCD548E59406F14EF
fvpchu53bmivemip3p9u39692o,17CB1DCDC05A8805193B9A0D25DB0C98
cc5hshk10dkmjn0qsbue2ejou7,1B9EE904C5639A8A229FE3740C8E97EF
6vl16u3nfaqae06e53u164fpi5,19E664535E9E46131B5F9B7B8F0BA864
9pjoogklnfh1kqqnlaps6aha6g,184D51B241863727B7BABEDFB04B0351
j8fjvmvn2944tce928eed1f3sr,15F243C856B7CEDC926F16BADD54E4D0
tro3rhfsb9mf619e8o06llmdh4,1CAA2DCD030D6D81D8B1A8E5D3604266
4d69v8td09bu8017hg9pl2drqr,1CC18B0C799EFD9D6C319EA3ED2B6DAB
gnskiogargh93kcqauhohakhnb,17EF397EA0F99EA05D9A457B464C6A5A
3b6ts2ud0q3g4dddu5p9jt4ua4,1AE902B60AC32ABFD232D4BDC4291358
64tdqmke9jjkfqb3ijjafrtlcl,1F71B03BA665D116EDD739313E414136
j0qevvo0bi1h5ti3366bjbq75,1D361753AB16EAAA237F2A527189DB42
cmtjmfqn3tlfe67hubrjopedh4,1C162C8A4164E4F8291A0A5DA4DDAEB6
be0oddqu4eeicnmnin16ev4qp,171ACAA383C981CB7951AC4DFBB3F1E3
4dv8hng5h52t4f44p17g3sc2ov,1CC5A3C3E8DB40D8C32A475C095411E6
ireh1hqnu3dpjtt4ssaciag24u,1FB0D24A3921C30F3121C65652005A66
2i5ooccjld57gcgmjre5i9rhv4,1E51D1A27175FA5A289EFF8D1BA8A495
1l1sdi9vu84lm634amu1u7gnj1,1BA06990C0A8D5EEDDA1003D0D062CB9
fkuju71vu4eb9pkp1avg0nmn9r,1EABAAD900AB7FFC35FA3DA854986347
hq5br9vqjni2p4635k0dqj520n,1AE699909B900A7A67A0563793E01635
p9e8lsducdckudos7rc0jrpppi,1BC2C3D623293B02DE9A4832EC2503CE
hpetfsjm310irh8gcru2p6osc5,1ACC961032D685BCE97A2635F044E1C4
mkqg4cqqpddf335j4ran85io83,189A29F8BD9CB8BDDA48617B03DB5C52
4sjav3j7ocmbicho6taeehs50c,17FB17A3835BD8DE99E46583BB095914
3tjm8lv8gb7v6su6vv2nu12rtv,15A3EAC6E9E4F651BAA3A4F0EF14BDEE
cpcknqs9gd1352433hltfgits,16925F30289545CE79310ECACCE87B4E
5btjadvtmiubp7fl5mv0qdbv3r,1D6203168F39CF6C2AC384CA74E5986A
qnvbdj7tr0ug4b8nm9q7ntc85,192861CFEDFC8E1577FB8DA594B277F0
208n0e66g720kbp5qobn0o94k9,1C09A65B421D487188BE08077A4D8274
b6nu3k1bl1cb8232bai3002c0i,157EF49222CE0642C4299A35AA031C77
l4rpl0iuk07o4dqjchfdj2i96q,1B4A0C0B27BBD365AF7794DB18B55185
kf8bca90ootkm305hb98v2u6ba,1D6BAE0C556DA2BE0B00F09F0888304B
9l3i79qf7eb8d95mu8aef7o25r,18564BC5BDBF7DDBDDF23A2D6BAB8739
riip6kijjlqa1d61efl3fhj3ik,1EA1E8D8AE674FA9CBFA0B4EEC7D8613
15alemat3q1s4k2ltu96p492o9,1C4A108EB520882E8D53FED3D5AAB035
gbgu5aj9slh2n4ndbannn3g59k,1E40BCC9182F4AE7B0E5734B07DB4F24
ku2enl9q9l9tpvimdseut1pc6r,161D3339343D73CE5E6A299DDD0F7B6E
qp0qh398u8jjn4agkajmv99t8t,1B79D9D0386B1BED9A67E9D7A3C25FFA
p0fk206jjeuh12h59flk15omda,20000BCC74796E93069BB8A10AC609F4
e31o9umj3i9igl5nsq0nfv3ude,1F24DF4D1D1BBE0EA51CAAE4FC83699E
s4601d9ftl9tsnuembk9ltjoth,1DB59E3557F2ACB58C743E6A53157EA0
7p17cbftaodcv0t4j4tlpp0n18,1F089309DE5DBA6CA674C642A654C4B5
76c5s0as8hgd2eafopj1678fe8,15FFB8D1843E2E59458DA509C57439F7
104g3d6aeo3gjc4fr7a2ded3e0,1B1F898C5A218EB3B564B6CC0208ED7D
k97p5va83cjpud71pnrfaj67be,1BD7795E680176222C6A374EAA8EC1F2
b6fv2tq7jmo9oejm3vodtl8bu0,19DCE0FE5A0EE77DD2FDFA70B05CE6DD
s41o949h171gvkjldctqmqd6v2,16E2F0C74BCF204F7F75EEFD0AAEBC43
kivnohievt59sj6sbc0n6bplom,1F36E8B4ADCCEE2FAA20D111A5FD57FD
k6b76jrok2crqao8gkd85bl2qh,185E8E5D890F253018737AB1DF0CC1FB
lk7ro90qe9a19dlq2v5qso8mi0,1E63C940004AAFF3375CE76AE4C3FAAA
m6lib1jg8p066rgeot47o8hdup,16E1CD42C317C54E1730028CB1CDCA3F
uqhj7jl8d8japekaf8m438n9te,1A361B40E103E6F3DA2F6D7C8E064769
vb3fh57mlvg1ehjso5bij1895,1ABCB4B1EA904ED696534A58BB2B102A
4bidqmsqqjcjatvmctsotdtkts,17447F879269853E4AC4F86C8B8D20FD
1ose9720504bh99i2c25bmuk6f,1A4B2491035D32D0C0A1BCCDDDEEE4BE
7tdqa5hn19srsaphjffcstt2bc,15630F1C3E2B282BC27E64E7013FDF48
j64216crh7n4a7vnm13dp1vakb,1E238CBB952EF5D14B56FF49F5C35179
s11dapqll8d7t6m76ceshsv8dq,1B8348361722FACF014C5B6A1D4F7207
5nd3i8lb0254c4qtqkk5stp901,17837EA41589A499FBEF9CA611D04578
l0r21boorm98nh5201sijtkdr3,183261DCBEEA9847BEF8795086BD54EE
iirrsfl0t1dfki520ipr51o0kp,1CF4054F5545E633329D9B49230B7453
kg39m3jfi3p349p30q83u893rj,16101083A64EDE2537F880443C1C7266
q3ri58s3686a906rsomenudh5k,1DB17CEC5D26B2CED05AA4F0CD34DACC
rip3flldjn8ra2p4e2ahi9pqno,18F234F2050C0B82CA4FF1904485F6CD
lc58od3sg9pjv5u0osu3llsuii,17362AD350EEADCBF501FB67EC333532
eee92sa3s1oktv9fkekhbf8g7h,198803142B3DE222414FDE3FED9EA3C6
5ahoi5tslqc6h16v0o2fko96nm,1D14816A65D0957BBB16AFEEB7956729
67kda7tnmbln2sthagp07i4hr0,15A54C9C8D3BAD5B9E8E1D2956E0B9DB
hr51lc67phqchvce959671q5pg,1E2BC4D2B0DF21AADDD960A72FC9976A
cscdeufe3h456qaqltv0mh86eb,15C39546C2154B69D3EA49CFCAA540B6
hsicg8b3vec08kjm6jdqc40kpv,1E69A559FBFA7CA944C3DED3366F3150
gi26nnp5v3i2norjouj6289ifa,1C386D44904C4BF992C0ED338D6BE5A1
2e5ud84je2bb5855s9uo03sm2t,1F8D966EFA67DBBD879BD9411C8A6E20
n99t3qal62vdcmhehd0bk5fvhc,15C8A419751511C9502725E5AABF33D1
ae39fgj0bm43ss1nhlhmid0he6,1B2391AEF536E6FF44AD92F2AC71DC87
4uca6g29ppvc85v48c9ganobh1,1D3C94F4C1B0F340D1F0E43EE2851692
v32sakg4ghsf1tfdt1p0tm7c6f,15AE35153744CE22F975E3F12B7EFF93
loq6kqpl3k2haaacu32820kukk,16F0601E37FD133AA31B378C58DE797D
o7ng21tgskf1jkti9ktooalkmi,157E1DEC17B5CC097BFCBC61E0A37EC7
51u5jvhi5s5v1g4cvcsqfsofb1,1E5279FB1D5F688B331F5103D16CBD0B
k84bu2iil93k410ev2a2p5hk1t,1C29DD60A6B773EE37D8E027C3C99DB8
9764kgqafjvoh4qfmin1o918eo,190895D258C556C8F725781767C169CC
3pahrl3ot5dimdfc07dkj42lr9,1CDA73C6F679DC02347022A35E8EB468
1dbt643r0ucgh8g4lnqdu14osq,18E1BD2865EF8EDACB4B8A84E2A1AEAC
p5n8iokebf3a4i1svaa17etqbl,1BD428A8FAEB6C628802EEFAB22943BA
540nso1dginnsccuiq2gc7ngfo,174B9EA69A789CC2E556F5421522A8B8
g771sb88dqbcdrtlbqdp9ojndq,15EE3B2BAD266DD890953F8F8E336FE5
8bfg642j0u0ih19fhhbub944cq,178FC3FDB73930A87A23C7EEC76385C9
i81dscv5vd4ii8c38134n83fl4,1869153E5ABFEB95FB49B9806764BF16
17m1t0kacffuo64dil7r3f7p5o,1F089D999B3559895FAD45977EE36520
2e5snk3p1ddf297hmpcvfalhla,1DF96CB51F9F132D07600E2B01C6496C
lls9vquhpbm3r5jbd2nthu9scb,18D48F9B7B7CA5A9A700D7CD59B18327
v8lndf1mg5i8r3kl15ldni0k89,196ED831651A1F5BDC2937AC2B109F91
ka8e3bf0f0alpvvr0fuc718h8q,1AA9E34D05F19913DA4CF78D6817221E
cja8n58dhnulohphcki07mf8t8,1FA2CBE640EDCF59489FB23DCC69A0EA
8o7vcrja8tg7t7a9l7vkjdp60d,1951986AB39176698C9703AFB8CF126F
4mrg9pkv0rpsjc5enudvmuee6d,1F109F091F080E0F08E14F3AC5BCBDB5
tuccauflmcelcec5a5bk3sa70r,1ADB8D3AEC7FA1FDE3388C4CDD51CA51
f13tdaifku69is4jb16jgqcfoa,1691FAC504E3F1BD438F0E3125C48774
j4hsnlqg23e2l97jq8flgio8jf,1F4D1AB085872D9963B14F50DD71BCB6
f1edahl92hba78j9855r12vidp,1CE0FD0B45B9917EECE0504D96CFA6C4
igd6vvcp9ru399omkccd0idqj5,18CB344307577A257B642841E0461A40
ggshuhlqvlmstaernourc180vd,1D90A7492017970F9AF87B50A34C40FC
3h0qt2g0aggv9rg1girnuhpab2,19197469F13BC2A3CC38CF092466BBAC
hql2aur55isq9fpn7bo1lvjbtm,1E30379327C4D81AA4F61CC721403DDC
pq2gqdvkpk4uc9tk1uinh7uq27,1FFCEB6A0E19FA2727596DE4AA707F63
cssjm8r6dvvcmusbeq8ffo243d,1594B8986BFFEBFF8D689C4BC6F19DF2
iaq2repeogfa6nriv25tp2512d,1AB4A5BD9EAB818044E01AA44C2E984C
u00sqbgh3k8hijij19h7epnjfv,1AE256B0E72C23FE25F461782F455E74
5ng3g4455f80pufvqdlo03s46u,1704F64E02B04B9FD73A42972BD3E661
k9qrrir8e5d8h97see845c75cc,1A6072D35889B462558BF5C4DB3CC6CC
lncqakr7rg31pu9ikr7643o4pu,1E0C3CC241B8FF818C5F32EE6B91667C
rukd9up2tqmis53nvaib4036t9,1B6EE95F61AC66AD5B0F7AA5EC8DD20C
r6p9t9o0psg6rlocf8194i3du1,1B9AC146DB2CD5DC94211845EEB364B8
a4nqcsumtsdr5f2mnt87hbvtlq,197C36B68781F0906456B75315A4BA2D
oe78fbkbv775hagmd5ftllh43p,16DF26E804261550CA5DCF205954EBC8
bo4gn3svip7cvtb18hkitj5tjt,1E807F19FE79D9387618EA0DA2B075E9
usm41q6r97nvua0ie14oeovotj,18F4E9D34116A14FDFEAAB003458D67D
ftpep2s54puddm6333473tgj7h,1D35E771C22092006160746843A14B41
iom4k8jbltjkhtmag5fro86fht,182856B6DBD51BA2147B3116DC90E361
63vd6ealpi2ve75kk2b7ca4ekc,1D8094D554F82E9C9EDC66F55F50B017
cbr5flgs3lpqhkla3nee2qllrt,15EB243A12A328B9CB345058324E293E
g16j773j46bijqk6oh69bo1lbj,1C65CEBE56B32A724145C678B8C89CCF
ekjfjp7eceeapdrb28l0i8oe2p,1A50C4DAC140404BE0C1CB6DDC2CB1AA
br7ls17cvifmf0he6s2jv1rohd,18120E5A8032073D2A264EA9A309B686
8anjl3k7fe61682trvinbjfdn3,1915DF6A822EAEEC90B9843F53EE3008
1t0u9k4ps5q6gig3dbq2iflpld,19ECF54937D75499B4F3184A4ADCCAC0
e82mh737aovgj5caapcke4p5rn,1F2D7CD503E83BE51AB4EB4EB930308F
6b51om5f90r4nu3ob4md82jjue,1A8787E1EEBD32A01007EFC7079F6ED2
skrs4ege4t1us86623q3l1egth,19839976842757EE2B8E38FFBDD92A09
8djfb3n6i83pctevhvk18s57nt,1EF0D502C916814D4E3F671F38429ADC
86sqstdb6ri3km7tscl3s0pd4h,1694DAB6314780C428E6E252D7A3E236
ehungf7qfnq6uekdko9h5r6fdl,1A8CE01790C3C57C65AEE46D94B13302
a29tt82kllvgci2oapfnriji2r,1D4183A37303E91AEACB252F153E9BB5
dn393a7ihbdmsbs5n610snl2fr,1942A5CB0D88785A184383101AD5BC2A
iadlbhsnvu3vafare9ko6fgamf,1FD7999C6FEE89C831E2F788B660F33D
fn2gqt6k9bggmtqs34e2us1td1,1F7D94A7141419480C7ADD0ABF96192A
j0dn9qmehgmfm1i8qaia09mt1m,1593F23A490706BA3C9A03263BB3A4EE
e11mcparud2q1nq13elbfs7epj,18FF4FF220E1642216AE86E34698232B
q9c60p8so3r84jr03st2255qr5,1AEDA355BBB45076AC468F58F903FC2C
ht3fr5dqdufq4uu3ba4t29380u,1ED9D1D492017E6216702D1DC80DC06D
b8rg578aaa7g0vchfltvbbf33b,1A3EAB719C9D1F2468CBE089A217B8B5
2jsfrk2prssh6qame02v81d34g,1B5B77687A61195F6C53AEE6FE33DEED
okplidsuto6m8r4f96dvqomm53,1D9942CFD130337436A42D20CB5C3F23
fbggvl4ajv8k2u0eq59h3kfg78,1D08783AA19ED45C3EE81D673407EFEB
gou36cue7emqdhjp4417jucvhk,181297FB984FB25E77DCC1474779293D
i98tdmpeckiuh8env7o2bn3b1,1C5BC9FF6DE247D3F22298A05506CDD1
ndteosr23n4k61qhl0mbmsr2qv,1C287DABBA83C758CC6839E434E0BB8D
kq5hudthpvjsukl6r14ro779mr,1BFF030F7EABA27C9308010444394B01
3anotivs7n7pib7nn6fi0bfco,1F690E76ADC07E583ABF9EEB0A48D5F1
idcnnpcqn8anbdkqopdrudrc0i,1A57157FA3B0DF2C4F66A0056385C035
1nutr2g5g16jqah5omi81ejbpb,1AF44FAC2AF67352B57EBBF9955F586C
dgudgitlbiutqq8bhlscoi67iv,192187B5BF6B9DF57B2C97791A3192AC
h9obstkjvub562trqecjqij7bs,1E3E0DB9F3ED9AF89703D5DF86503278
emvo4vggp94l47pj5uqta848kk,181464E5865DE005AB392D8F9A969223
qb556ep6a6oajq3q93r22gukmp,1F91BF67AE6A66B7C876125F2CF9FDC1
cgbcq60m8novs5dff2vaog4hi0,18DF61FF387CA792DAC4CC475F5E1067
6s6fv07rp0p100ea1nnqbl08am,17FD30E3222EE998FCFE1AA3EE3DB5A5
2k13e8d89r1vjnhe320r7n6a1d,18637B9FB9E5CB58D895F5CC99F29366
kjl61hjdmi4j7pjqd353caq5fm,17CB019C92074F4C191F913829930FF3
i1ou288o1c66tg118sv208ep4j,1D2B84636593F5CE8FCA1234C9008270
27832q2hemav5kur1u1g4ouill,1FAB8D992B0DE817BA9DBB4D9E51C353
o72vdti723bj3bqrl239rvm1tp,177C090128085DC1D31B88173A4FB4E3
m1kl3grp2qm6llf45v6b0kduqp,19479D2761CE4F90A8DAB51D47D97733
elh8ltg27jkpafabimkfr95bo8,1D09E3C13CEEFD5835221FC1088BF142
a3ds24jeo2v40s16kdr6lpu2qa,194DA7BBC0B320341094FFAA8CC06B87
oc9ll5pauc5aqhabs83dbh31qm,1C0416A039C27050728CD1E1AF82D9AC
iu2tdqecu8rusj9fj4oq4p59st,179417714A24C86A17C194C1071AA98F
nj4uar51d5u6phjc4onsaputdv,1A93686A9831EC02ED54666BDA1CA54F
s17k6m7csb15crmfvquqrbslq3,1AE703C5D4C384830E8D7A06D007AB5A
s8ir6u0lt7q4ehu2dfl518efoq,1648B159C62B5B0635056717CC3C874C
k2o49v551jso61v7m5okspmage,1E48C0B3D5CFD5DE0A6BB2CA518C2EEB
5vs2lp8q4cuv0jcunqhgrjup8h,1D903111B71834DBBBF857AE6B60A568
kpddn2s0t9pfdsu619729g6dlq,1BF0273C1F22725895C91DDEE21C813B
l5hknige8e4mfq9j6l8q0e2b58,187E4592C364180E07ED0A3959B5CF41
vsdsfqdftjl3iupao4tlbj3m6m,189E38894CCA9719A4A950C202DE04C9
s4575ib9389rbs4oa2qid3nbmf,1FDF033B0B24C0043FB49E1E24D6DE90
qukdf8h3tde3gnopjgnpv2liqc,16076B6A2A3A77FFF6039EA7C3CA5138
steed1keod52bp0vgal6g2m003,18A4443DEE53464ADDA3215F5E88B8F4
k8hl48oaag9m62um8rurqtea49,199935D1932C70866A63A03BECF5EA69
hpvbgamsmkft9e5hr53qtf5qi7,1D12EB106B835A7598A26EA151537D99
f3l0occ64ldpvaarl69sp00d5r,16F4AAB94826ADC7280A1096635A9A7C
dt7vbm6d9g0al2nqrj47ltb4n,1D637E94A5C0588A6FA18571DCEEC838
3dulvho593pr36e7m31mf5kagn,16F471B6DEC52586980CF2D15C8ED016
ttm1fuhfba87rmasb3sr522377,16AE26BB06EFE6C54AE3B957D38085E8
amt51t5sk00lkqk6hml52dp128,1EE07D1EB99859E3E70185C8F43C1B1D
an7oam1d57fnmn5bgu15sgbvgo,1F08DCB1E2FD5FADCF5B3D999E1F9A61
a5tia2rn9umr566f65o2k9fcss,1CC1231175569C56B191418825B78D84
h00llmrf74infjjuf58hbp2onv,1A5B1CDB079FBCC61D4BF5A7D56C93DA
vob5pdi988efn84f6nq0t25b27,1C450A9E186F5E6EC9D43DE25C0505AE
j6ajq9f4tn15b98fe27vh8m35f,1DF4B049E3FA2A0D4D58DAD127A939BA
h0ph50k96vg7cgobga7clvn87o,1C3D53D558C7037049D35BDA28E207C5
2qhu501q5c4l6hjtcqukehn658,1C224C2692A699DB23C3C165E5E929F4
9g3rcd6ajir8krai3f2fh6qocf,1C7429FB96C90D231DEFB4924FE4A73D
c7vpetq8vgo0vgkt101t9h2emj,1C4FBC372B87AA8511375BF793BBB5CF
r4g2qrrr227gupog3mj3tjbk0,1AFD42A44C43532DB66378D9E736F603
dautndqve486sun2v4kcc4fkmh,17AECF4C97390A1379A5572495D268C6
io0175fgpeplm6n6h2rumkhiop,1B5D82C176E8E3A10644E60124CC90F2
bl6jkcl7658d851eldssf46jej,1ED8F8C890460E367B8A22843167F36C
8ogirj5icpeepu7mb80jrq75ug,1F91ED943D75F4A400E7000B3C77146B
36u6ik7edqo3dra8r9td52ob3,1D2B28F8093827EDE6470A851FCA3A7A
kg9c77mu1pmm9qeo64knb6f3v8,18E27FDA7EBF47AE63CEECD7A183BBA1
v58a1rbal8ddipfk364dfcst19,1F9896018EC7AE18BE77AF94673E5122
mihlcue13clmronujacpf551kr,1F8BC392E8173A62E21956E5EE4EAC69
5pikk6v4eb21kq4j1nq25srbgu,1F2A24A6D1CA105A8182E87FAA5F9C4D
6gen2q2qlo9al7mmfjk0sdj5nk,1B4BB4366AA5B0914D7558BA73486243
2b6fbuee40db17ls0lsgvfv6sr,158A34C0E85201E9F11E8738D833F063
q2j38up4tt2l4jfh8rm4ho7jsd,1835ACCFA78CCEEF618776ADB15A1CF9
frlle028h5jd6eiv4tvbuqsmin,1CFF5436E95E5CF61FA48BC5542DA022
aakl5b4ndtum38g9as0a4nci22,1892E829DC2A5C5B39461AF71B96D93E
pmj1kr19sn12he7gh51qh1maek,1EB22E027CA9386A38CE18C4A422E295
me332nsmsbjit8sdctgga5cdm4,1E560266E91722690604400F3854791A
2ms7hmql7n6h82gg9ubhi8g7pf,15EE3B2164E1E62382BC46E6C6B79A3F
6b1js9auvu3a9i4bv0q3er1u7,1D078AB6437C39F16DED3378DB5076AF
hicd1ramppuvgq5tm5affjdh3f,1A5FB1A4A19F911249EF8C101BEAD1A9
tbgc9lll8n9aes7b194rfu7dn6,1816C659BE17BB34F866FF9938F8A291
drh1av4agl97irv7vc4trik8dc,1D10F35B93F90723FE83D0733498DD94
veuvcmnscsor32gfoqcnrep7m9,1AB4F5BF2048D19E55F38CDF0CC08686
iu20e71o6n4n88hmfjoi6lh08p,1FB727550BCE92F896E146589C8A86EE
v1kff2jmphe3vbb9rc7o99ouvb,1716C7258D95211E99157DBB1A15E624
48vmg0ks8jhgttk5b1df4v2vka,17B25987C38E28656AF39E0B72849807
2vjf5vcksu3lferru01949u0nn,169010C0750D06D4BBBA199F44AFC487
55qk96c9mjtvollv2tm949arct,1FFC07A33CE20EA36AF6947E54725388
j4j4csqgj085cvg7bd7lhq16po,15DCC07CB6770A49666EA31B25C781A3
qjv0gi4p3ioadfostt28gc0ml2,1AEDD74308276F873BFE9352AC3A3E6A
su443q8ckt8fij4a5sdnu8u18f,19035D7C1523D79D1376449CECA04FAD
frgm81vgn5sai841to9ihdq9hn,1A2BF10037239C8DDE46ED3306FBD913
lvuq1chifecn94mgviofi0fhdq,1994B3EC1F5648B6D111E796697A5150
81a67oqthgmklg1gfdaoldjtjm,1DB9A34DA066933DBC3D9EFD9537A286
g73eb9h7r2egj5jssiunduhc69,15BEC5B611B6EA9F95E25F8F598F5AFA
3su7dmqvgvti25e518g4qgvmns,1FE590D123DC480C8D7AF5AFE10D7773
jnltan0aue38bo34dbn9ts05av,16123E2214371D78F0A8142AF6357727
un63ttlgcddo3o2n2cq43ahs7l,1A1929DB3C4B400D6C7C3CAC7E637EA1
3icsedin81nggi9ujofnr4l15i,15F5CD73E9E4C4F841EFC21E83BBAEE6
if77m6j1tkfocp8qcb1s0ulir4,1CF45D39C6D1008BA230D101BC8A7210
mftqvohanhaorql3j3d966756p,17324BF987EFCCED2A40DD2CFAA28E1A
vsi1o0g3i60a2l4j9abgua0f6u,18241B211781D716851CEF4F2F499DEC
baick4il3u400lk5vq4o3msuvp,1EA6944D2F672C94C0DA8932ED99C0A6
jj4v0qf69tqi22qsb799pkgs4i,16632C2739FC0369A1EE7CFF89F36CBA
8gbbsiebd6l5efg73pruur3ihn,1D11A23E1F9133ED16C293DC5B026121
tirqlmq3f6v05c8n8i9v4920p4,1DD32AB2E8CF83BB8AFFE38661254157
p9ndnarp11f724oicuf8ijotqg,196BD3461D43A505537D8A8AFB94D750
99d7lsmtbjgkprlagaqrektdc3,1E8599CABD40EB36113FF103D9D0C191
tnjfq0ag52fefec7p8cd7314ir,1613C5AA777D2B5771DA8C7062B32D19
n6rl43bum4rogph3gsr8dnhdrt,1ED784AB1B3C868B2D9F3ABD520CEB66
b0m8c943j1codgtd8mcage45up,1A7667B683DDFBC13D6166E764723B57
ujcf3ufpr73kcppqueoeiijtvs,16EEE35DABD5CB27E260152264D86DBD
1nlul441e0u993f11j8m4t602a,1B7DA361E3F171EF9945933B8C038C4D
prr45gb3p0i5eci9p4807ccofl,1DBE56570BA8B80E07E22B7641373389
83vigt956aksge4i2bfuv4kt5d,18D19BC4127D1EEE58586A6DCBC1E672
sdmhdbsbac2k19qf99lnuk5djh,1C3BCEE63D669642B8122639CC8CAFB3
6iohn65938fg1hitlku2npjcaj,1EC694B00CCF2F2E0541C93AEFA17A5E
a54ovf0ee90q1i3rb3gkbdfvde,1613CE1E76A38B15ABEFAEFC10FBC6D8
feluv1s6jj53o2mk1f7nptf695,1693CE53C12D8592A49CCDC0F84C95B8
sddpjumdmclb4vj1e8akaoj6la,1C25FE1E65ABB914CAC28590301884BA
mv0nkbvqhkg3kevg2q4hrhsn0v,1A59F8B7533E1A9197029F29FA01668D
6ld0ak7ckivsjsv32lvanteftr,1C276E55BEC58D83B0506B06C03CD806
6l4vm8cf10mf42u7rhgiva0r7u,18AE8020BC7CDC31BE3C43720B56A373
2l7boon91b88pnb9vrldrclv5k,1F162C67579986CF6EBF811AF45A9B19
t459dlk360to6nt2rsou3d6ahp,1F6ED5C969746A3159A8EE139CF251C3
893ua6hkcg2pekfoc6v95tv9eo,1AADCC11CF09917AB6AC84E08A5301C3
u1fc8e8brmlab5fcjmpd5os9ju,16313F0DD59364B64818A3D6F9F41327
9alhlvnlnugi4t4avi2kcfpnb9,1C23439304D534DBA0CB22518246D8FC
70p6g3at111npmlc7c0o0ea5tn,1D48655E4803DC1E48FFE650F04246B3
dpp46n5jdvgm5kstkfnlo0isbj,1A82FEA4CB68883A668E71F6852C5502
9d9kaqbnnf4i979bsq0uipcghk,1FE94D65A59657F0942DA4D250C57C1E
g8ase1v2tkksjraf736qvh8ekh,1CE66A063492F80A1A7E81A8BDB131A6
2o26s260o1335n9van5kk4uivf,180BA5653354A7DA14D902CCA3C0E848
gms1phcidqnq7a100tmcuh9677,1617F06115D6655BFA20CE87E02B246D
oc6dncqgi3hg1aim5cku6nhap,1713ADA3D9B898CFDC9EBE596DCE0348
4o1hiet7l8sb13bsm47ttfdt7s,1E56B94C1CB5C934FCB5CF100B9E0091
btpm6dbbns357mqqg3fi0pa7cs,1837E438B09C9F285DAD7098CC9B9C37
2klm693mb70fqmd8gti1rvp6ms,15DD96504C6FA90F1353A1B154810371
s3t8l29gh5rqmp5ormvkeoo5bt,1A9124781209B3599CB2D90307BDD77E
br0m3bvr0t06pviq32h8lmstlt,19BE7BD9ED01975835E1A8D662BFB75B
rr5e4cbfomod9h1h6m4e5ejrqe,1EC8F23F506A6A06595F64A2705E064E
qtjbph73lqnj6auunh7tf4e3r7,1EC0B0FA35A722AAAEE853BE999FD873
73hl5qjdet6l2487ehldg29vto,1EF665F612BCFA4CF408D9199D560AC8
g5t2tkiikj0o763850vusa7q2k,170F0CB7DDF4781EA5F012D540F5AEF5
io4ufp6cj1qkrualv078fu22ci,1E0A76D7304B5F57ED650355CCCE21A9
nie08amacn5rgb6a9e61si487k,15A9C041DF002B8F3E54CD2973F9F2C5
4ki50anlgedsbatbqh8phpv11i,1D524A8232E006A217DFE1BC63793B54
3efkeeglh9hccg0sa32idjp8f6,1A160815E22615443A9E4BB4A59E22D1
56su4ju6ko2jv6ekdrfqqeji25,16B1531123B55FE48C35F99E85F96BE3
mluo38kipof13kjrseve2oteip,19B2C0515CDCC1AF24942F9131FFC037
c9kkdc1ff7vu55gh29ikiikbv3,1FE0201BD4605684DE6EDEBEC792036B
5ca2k7kvovet67ild8m32v799q,18695EAC091E2076068039291B3A993B
80bb7tc2rqduhi3hq8ihhvfqdk,19FECABF8328989127C2C7DB404865FA
7dutmv77fjf50n2urlmu2hmu1b,1B55B390966473BB4CEB3DA63CF3AB25
k6911pdbihdi15cfmb4s1trsd,199A3147B04B5D99AD9B8A34F111317A
kfnta3gaf5ve38t5c7mq6jo2d7,168751467A423AD70B40E550C78AE3E9
f6n6lqb87khvo1esnk9thnjma4,1C68A4B0BA36265CB8FF5793D1F64157
klg2vrr3eb3r40d3km9tlrivq,170075E39C5E2D9674ABC500E9F95FA8
ilprnc1kpk100k5evnr0uqrmot,17170F5D51C6F3B420D7563E839BAD44
uud67gbts2v8d9f7h54sfdm2u8,1F786B9C6AD3F33BF8B6FC73DCF7E91E
4tkjsk4ek8o3kplnp9hur9h8pm,19F40AEBE479B11A37F365969184095C
ba2sgtbpms6bd4bn81ib96bjv9,171413ACAAC332B7C777807F037CCA07
3pim60oah0ms9qfnbl1f7m42pe,182E81368907535BF0966AC20B2B7F68
oujbtoe5i0js9kl84qonm3affs,1E0811E52E670210A56B1014F080A8F2
dm2ivu2l1vkvuv03m97e6rh7ic,1C093FEC58CC44CC33EFD21BA452247B
rk1v3cma41t9psh3g0c84b24im,191615643B3DB2DF5D9474C1D0257A3F
3b8421h5k8ljq67vn9nr28hov,1DFB70A5FC1AF66BC7ECF0EE1C83C012
96lgo8nlu8u1ki2vnra1u3ac8p,18ABDE3E92A08480A076ED711B324B04
55ma2gtsllp2m438nbmg4m0e1k,1CE2CE15FBA36F202AFEFD93B6A06937
rlvm827kcm7qv3bjon1vej1uo1,18A0C9B8304D1F33BA1B6A67F287A3AA
cjip6elqa0bgfd9cj12ucf857d,1579E400FC07C04C3DD860553C0A5DA3
jf2m8b8hkg65si54e0il5ov6eb,1A29F1C343F95A158B6330FAE75069B9
s66f9q6mdkpaj74cgu876ddouu,1B2091897A248280716533B3C1334EAF
fv6jqqjif17qm13086btu1rjp4,173139DD97CBA1AA19BC1803047CCE96
k09vgsrtumbb2qatkn48repcvk,1EF314D188EA797221977ADEE9D3B728
us0119gm94venphmq7ciio6egb,1F8BFDBC14F72AB76FD9CE572E94D397
c73ev89t5p24i97vm5mjf20nja,15EFFF1B7D601C862E35DBDC5D72366D
v8jlht4152t90u32jckv6v8heu,184D3DB8E9BA2DF2F2C2EBCC554685D7
ps5vanos45g4d0vh6n5t8h97ag,199147C2DE2C7FB374EBA66828B2F9C0
pb5rgelrhpf9e7v4e0ljto58ci,1917BB1283BC35643D6236566D803438
r82n76acupchlt0u48jm10jro5,1F10C0D7A2ECC22B802D6950A87DF464
5vve5v3ne0apdip7go12fqehjm,1C810CC2E899EABAD06C49FBA9F39EBE
4r9sfkd4gnh20ocb1rv4ife9dg,17EC9D44DE803754D3E5ACF4B3AA85BC
ake4mv5q0csdu43egki7vlf9oj,17EAC465E0FF49A8D2D6883972C5BBB7
s9a1jdbtgfs9jb7rloeh3hcb10,1DDF87A85F9AEF5C0F68580213344228
qr1k68t0nj1tcld4j5if0p1ctq,17CC805BA21E0EC7B7B88F0EA0D11BBE
rlbkmb0anodkrki2bn4abk2q0b,1B11F3148BEBBE4CFFE9451B603905F4
rvmh6vsdmhbpv4d7g596g043tt,18585082692D8C926E2EE9BC1CDB7BD1
scoqrgnmqsepced7kqi1mcuae7,156EB1D90AADBBE007A9F456D0298135
3393vs09mvn25mume8oteop2hc,19ED2462F8DCA041462788A893415F0E
t8ge19037aostul8l7gvvv9eeo,17AABE1D2EEEEC0069B6DBCE7F83B2DD
cqcc3dga4rv201ql5oncql7g2e,1B4D31E583D0497C54B730AEDE8AA642
kftursoa0tej1634c5ksg7qqqi,1800438751B9B98E59B6CF6C0430572E
amp4msh3ugapkm5tt7qru69vhi,197069D63B4B1DFF971D5216E18EDF10
dtqmlvv6qdks5h202i7tjtmlha,16A79A8AEECA3A54B102E63E1D27048D
v0kaokmv6phskpaab3qc3v79us,1872A7FEAF85B93510B2407713684409
on2hcgr9llsfte6g9btl4jovl8,1E31E748DFD611C47CE81A4875D428BA
jn6tqtcmcj6tkfi31qutglrdga,165160E4AE553296BF298B686F09B41B
h07167guolks1mg8urlmbsik6i,1B9A6E024A50FF2F76FD4E6319871676
evjolnlqqh23j3i7714kb1vitj,1B0682B19F9CD60BC6F1BC6618DB9453
ubm9vfuurm3l77tf40eji43c0t,1B3A73F78DE6E4F5899FABA661C81870
2gr3br6ie7i2o0khmeb017piu8,1F1B43453DE7C32ECB7A98E0CF68221A
vd0nhe07hsod6fgsh40b17uij3,1E3608ABD80A5C5379460619EC868370
7ae5k4iomg9cfq4m8hcrv7gc7c,1B0E5CEFE88C28F02E1C463F3D1C9B5D
ocl2u1qtr2hdub6ij55ku71f9q,15B8800AFE36009AC8AE8376686AAE4D
thua124ceibb6nn585fhbv63id,198C50B8FFE150835D20934AAFF83F07
tvn9lfeskc5tdr7g0tgd5v4aih,180007A0A2EEF7090079E9BFF139644D
rcd0r7cuvrg78fsjtmpj8v5806,1F66A0D458A288F112E270953D4404CF
vtov59sb7ndi0jlikcmrtt6i4f,1E429D34A58A6CC09FC863D351670CE0
7sl6fjuuhqboa6394i0u2k8a3,1CD66BB29310257E4DA4061A819A7D64
1s4u9hmfohem7b2h1vdpl8o336,18E64CA579637C4CE59BE4294CDBA3D0
ktqn2cqdiohrevvbe1nt0vt8d8,171701D170F1D5C57A4376DC374A4EBA
rebnvelv3b4lb7iev1krf3v3p7,19F0ABCA83900A783D43B834B6ADFC3D
8mhqblimnk7po0k3ul9djvu8se,16DBB9A0A617C0799236DC062F9F5D2C
pg8qnlk04plh8bjm9vpriauh8r,18D878077C0A04EDECB252B2979FC5BA
7r5uuv8buq6ivf2nu5oh5u6ph,1E9B6F81C8676EB449B71A2A788F0E05
p8hhuubqqc1evhqs2srn04b3da,1DE46C9DF63A296DF3355580871A132D
i3k218p4senq8g6beubt4gt6ku,1C001FACA9C182521127780D6946885F
sv8e95lf23lv3hp8r85gsg3i2l,1DA7FE3BD0F7E322247BD52129201DDB
o6ft43nt3q44joeu68kn3lle4p,197179F639850917490E0648FB232628
9c8r3mheovdmsla41gju1dcavq,17B48A501D1B53A02D6073345FE1C6B0
b7uqlola0m7c3pqcbosjl5840k,1E7942C56A412DAD7C52BD35CFED6179
3o5hs3k56pb7bivsgp8dgmh8v,1AE2737AE27BDC580969DDF078FDBCF0
i65evi04p8999ul2ubmh0qm39n,188916E53FF4DA21A3CD519E8027912E
el7ad55bmd662adqd7q1brmikb,158D92DF99A375CF605306A85E57B3AD
j6n7vcdhsk78rhm15130s6b6gc,1E91E739DD97D627A1B7A6C35F682482
8p5467i3dg83tv0gtqtllsb7lq,1C4E664E5327450CAAD1E538BA8CE75A
u8h1tffe8ehtvc3tpm8afrlqeu,196D0A38BF796AFD25054E30F4E0D1C9
4ohgr5sabl9hgp608toovho9s6,19FEA03957EE9BE775294EE0B00016A3
l9lake6u4eltub87puihhaeq26,1FA24053BEBFD36B16107E8EB27B80E3
sk3nofgbmkktujs8qbdo6drigk,18F30A471A284D5D4AD28758146FB000
45urdp0js093rjahvqfm4fcc2e,166686404F6D164293C33C79750153BC
jik6vi2b1ev17bpbhps6mjt9mr,184856E7D0F8F5ED10EFF1167E233729
nrdvsh3ahu3kaqo436rm04p9de,17CEECC2257DF2EDCC24A8070475E0DD
6odq80n52khf1p792nd3dp0c18,17202A86212A98D091C53EE1B2CD60A0
s6kb9hlgn3r117hl4jftbjavig,1DB8015DBE94EC1D5B586B6C12E4C8B4
j3dt3e2sfs0bc7h7kcq4plqcoe,15BFBF93BB5CB387337994E022F6C66F
f3s1cpp4d4g6g9t87mqilp43no,172C4D2BE1E9D61C561D67ECDE68FD06
ar6ederdn1hdt9emv603q7jr1h,16E8533C622D1CCE43AACD9BB0D4FCA6
4iih5kfm53ueg4mankuh3dktig,19A6945336FBCCA284601F050A90E1EA
r5qq35jl0r099h7mv0r1e79oh6,1B670E534C4D5CA24A5DF4DBD9779004
ljd3tc95k6f2gem1if703f2nmk,178687FE323B25D8B0DB7B6BDFD5C8FE
scqbtpl7cdbgv5s73bjfj9fl7h,1EA5BC094CB48D24B1A73622475EEBE3
gb1d4npu10rironmgsr0uuhfpm,15B3DE0CCABCD1995B8C71649293FED5
bi4m31k84dvuvd8rjjcnu9v4u9,1C7C40A81F99AC1D9F5A41C35959A034
6hgnsdqfva2kmqlaqv8rp3s1ej,17819AC05E025E1C52A1B3D7C64435F9
p9k93bijrcbvvi58a5gkduudid,1E536D5E67D075B7947BADD0CB63859B
r9mtaghia88v04n283l94v2bc1,1B174F93F30F5AB8E21011C29C75C6BD
g8r41f0stpgd0kkrvrn83i36rv,1C3805A7CC0F54D08AFC948BC6111168
an1bmp4rm6063kcsp2dfgvt75g,200303A0B157AD9E09128608C6B2DD09
jncir6k61g85dktft26ann4o8k,19E0E8E2B953A3B0FC6BD0BE52B6A661
on4m46b95vi67sbiiqpaptsbc0,1DD36F44FD96827A83F102AADAD4D9B7
kelddrpn6cbhrui6ov4j69dgrt,1BC87F91B089CC3D03A7D03D7EBB1BAA
9bnodb0qg6j9j9c5jn60pl6efd,1DBE0EE059F4A41C0E6EA7DD0C8CD422
jrv6egt9mf5iegq0i71qp8i0os,1A05D5F6230669DD5239475CFA3EA2AE
22l0r15svvqlss6g882robq9i5,16BCB50E6EE1AE8274E899A855D7B62B
nau629k7h6jf3r1imi5m29vgg5,19631F5EFEA81AF31D17DB247A368301
uvloq3tcghp3hfflu4oi11l2n2,1992C9752A0C10FFB083DFF2EC0F7C96
mvmnfnojosusaa0dbll0g68jsk,1DA7D04FFB40BD9987DE48CDD81CC536
du64fqjrpmqck890rikntp0ull,1AF7B21749AECC5B968B0F3E3E2473E1
6vp7fer9gsl3kqr53l6j1sse2b,1E96E226A1B0A341C26FB791B564E9A1
ebgvlvnq40u3llk56obvao1ih7,1596C89364D401C77F3BB0A3C0148703
a9ammdkkn3t1e65vop3lv92d5j,1A0C0C9A9531B22A4D469E88900D99F5
68p32bn2mcriaa95mslhtbecb2,163465FC4B6D7E65C40C2ED38246DC08
3u7tnslptebs2bbgj3e6tqug7j,1F9CE4678CDBC8F9F95B9AB7DE4136BF
5dn95bg073srkimft98c2qamjt,1D4AFE215A7799D54E7F06E6D0D499D9
f4rnivc0v4u752gn80s77f66uk,178F8578611188BA2CA18D6C6FB2E951
93m3r8231o0rtt3mopvdu0ibfg,1BB79955DE7B9183268C5852281B980E
kjjvrn8a7m5m8142v92jv9ng62,1B14C7FEF6CF0ECB50F6C64CF47E6EF1
h5mmsb176j1o2mle9j01l36rf6,1A98BB6C0C7B83DA4AD78515CB3D203C
6vd0nde6i78dbj4vventrvkn,171BCA29FC8AA9E448E9007A1A624879
mnngdup98kc1sfar37v9ptmvit,1B98C937B098C210A9FCD52606325B15
hdjaf65njdv6nkuhj34p622n7q,1C202637D6485F539303262E2B2EAE4A
o0ua8cjakqvu2ko3csjum97bi7,16545964F9DBC2ABD78F86E100FD625D
vdhsv1gngri7ip3capq6o1nopg,16E66380FC8C9C6AA9C043547434217B
6s33haa3m45jdcb53pobdm9jio,1768063E9CB98AED05A8C001564B26B3
fmumdgb5mohlm5ljko089spmv1,19E2748EECB08997EBB28A612A97EC38
c9dqp5ngorvtuiarbelka2p0gq,1BB86CD9EE8365CC2A0C7B9F6BF9A7D2
8pmjnb4472la16re5v4jnkaerk,1A8377F1DA36FCAB654EBD316C9072A4
590egifcaamt1t88ronbhnqmcl,1BF1A6C4AB62646E4A0E388173C13598
n6a3774ilrkdldk2tuni93h95v,1A36AE0127B118064B6A55AD6C3BCDF7
ijsliad8gg8nvtoj098uhsodgq,1AC812C363EDEF2FB7B57945FB317617
5br8uhmbn69oiv5gs416gv9rtn,15BF6D34F9C93FF5340369BF8D13475E
21dl3a9uuppdcqlhh9rh90vm9f,1DC268F3D88A537D45C7DA9BC3A56643
t7po9up62vb0fb0r6averl8f1i,1EE6365FF9FD9151DA670DC7D99641AC
46dok81gcif0qaujave7p3uk04,1CB6A078BCCF7741B3AB1EAB4CDED780
n2mktrca4jkd1r8ks6irnht0f0,15891C3CAF19F42637A5F8D28A63C870
li7qpn9ntsup07g6ka7o8p02le,19A11B01BCFDC5FB005FBDAEF5D26EB3
d7k46r5108v3if58cufroqfd74,17FC1756B263543DE5BEFCDEEEF8F9D6
322jno1h3u7m57slqh1uf0r0u0,16C5F8DB0857BACBE4094B280710645F
taa0m1b7nhr5dnt77bnsjkl38b,1F3E999E9F70277A395531C49F4555BC
vmmajcthnucq6bmh75km7qsn45,1F0CACD89B316712DC193BDF3E24E69E
vv6q21r3koq8ak3spg4bsohbdc,1CD4B69955513CF6C80D68A0657481B7
d90hmoad530trr0qm5bsbuumio,1E568A01445F5713619654E5D8D25A2E
j4m2at34vg00pd9e3gucl0to11,1EAEFC3A81163E7E30368C4D6F033ECD
a7kekl7dtnqj8pie51ht0kgkll,1EBED6674D27D3C6605A39DD679BA7DD
si55miek9c063r5irec2cc5hlg,1DEE9AB95B5FBBCEE5D7C5F90542F161
c5u1gqvgcjsveutq9db9urb2q,17049D5F765791800006E54B6C2ECB0F
klh7jqfj68cgb6pkbnf1hp03vd,1C1E331CADD4FDE9BE20E2FEEFB1D5D0
c8c0uqqsgrs5p67scu72smqr2s,1C979651A16AEBC8289695459DE5F12E
hq00e1rm6cftje3prmgd22qdi0,17B445A18B501B61B2487F4CC00184EF
1qpj6ohshb9sl3k44ir98incqc,1BCDEF91B1A2BD80D0B674D8CDFE1654
uvqbld2361glf26m7jotaajrco,1E62C61CC348090CA6FEE3CC66FC4706
v1shp0p82aogr88v3mbu442a3b,19E423C0DD5F58471570401BF6DD4F03
dnpcdb9s7fn8atnotnq9ineoc8,1AE49693DC32DCA918E395793BE26AC7
1uitocn6e54j2t7hjf407juuqj,16BE29585678B69C130B0E04CB2281AF
lj82d2a68l17r8qspi8fsdqnl5,166B34FEAED85E2066E33CCDD3786559
5jjf321onika4rpm74qotp0u5j,179D50181C8196806CB3A0A5CD3EB25F
rjfuk80g1mlg346ljncdlsv6tc,1E27EA80563B5421C20BC3715DE4371D
6lijlh7s9ppdl3sr2ff6ik1uki,157BF30C153CD788DC6CF988D468A138
sptlpkuat8o85m3sr63b5nh401,1EBD3E3D0A557E4BAD53C6D9CBD00520
82q9sa17kgoe6k2jong9p9foc9,1B9959A876E4D93C9C769BB1D5450D6E
lcbmq9pacad091rnaddcdpgn2s,1625A301444ACF825BA1E1905E00E1E3
71jqchn7auhvgk7r4bld39hd91,1AC4E47F14DD781982A2387E19D9409E
tgn94vg2p991hc1gl3h12vq3e6,19848BA345E54330FAE996B3E0202501
10nskjrdqjkq9uf07mo8hhl4sp,157E12FB55F11697EF6EB768EA7C4C11
tcrdumcathmj9tld21i8romg8u,1FABAE5AE5AE9C11D881A3ECBA36C8B0
p4qdb7vt79ti7f3ogv4vtr5cb1,162F3411EE74F19FAC9326D77195A87A
820l7mb9r4aabmd9ra2erg2cc1,181ED0D1DE3E48C1BEF5FD7EFEF8A5B9
o1i3musj520su9rpa4n15htp46,167B1171C1AAA9673D92EBEEF6B37B5B
569j0g1jgkn7pp7nbtto4fm7cs,1A2BF0086C1E6DAF2602351ADAEE7045
p939f6dn4t9et54j5uh89a20mo,156351F21C7459F1E7ACB3F031226CD4
hg474kle7secohhsg7imdnsj8h,157BE9FDAE7FE6DF871412F8B4A465AC
7g238o4qvg1m6sel2fiosur931,1A7638C529B058066ECD672F2E8B322C
nukl0j7sqrrireffn0lhm8fevp,1CD4AA082A376DE739BC6C636DEE4984
upua3428ol4s4bqf4ndip9bvm0,1F3B6F52AD9F28865EE14BF67B11F358
qvc5pqp7t63g2npkpc4bc5pnoq,1F3558A779DD0F94B5BB33A4A279E7FC
qboq53hsnn463o5boutkkjvojb,16AD2224FA1871F7CB888B04EDB6104A
qm74j8c7738296jdvoduffk8me,1E1BE1EA7B911B1C31342BAFAD3A13CC
3apj90lriac4j3p7erog5nopk1,1C28EA73B41BB18727EC229308F58E5D
m7i62q791jehsh2oidvm1l9i2d,1DBD4D80B11DB5D1190CAA442F4C875D
jl77p80oarfokmrptqsv319o4b,1CEF0E1F491EB34F8673982485F689FE
77koi23r0sqvd4p9cqmfn6ovn3,1B1BBC7D5EE3542071F4346C4F27269F
sdrt73sqckniq1ha257t0hrq33,194392769ECA54EB33BC3BCB83EAD247
f5psfm0h6gdijkd0i0pm0pcq3p,15BAAB7516558642D464346CBFBF4859
ti8m7vnth27iq1uhemdnvsooid,17B1FC9B30D267CE136B27A642CFF590
5t457ovu5aieqq41860ml5c4t1,17836F816C9EEA7C219EEAB5C55AEF74
pjkd0616okhkuvjgfe2mm4g7in,1C80FB6DDE6D92E5EC37AE416BD15192
ebhducg6b0p4v6bbecrqgqofb7,1DAC11C342999C24E880238617398104
u27t4a1oa0vfol82ktneu928cs,1DCC5C628E245CC1DD5829E0F4013BE2
qsm12g2bf48uprm20a9v19fhhu,1E9C4FC99834E058100E29E1206B10FA
k65a8qkh70ek8fj6hnmu9tdp10,16A9CAACA0088C16A8581C28426DCF75
9b9u18fja5v5i1repbjf05ipcc,156D63140F242D5B282F70F3972F30AB
ng6ro7hh8ep2d83905qvqjcg6f,1E3422436F99841DE9E26E3BB4DF567D
o6heos84j31ell7nvjhpo6ud5q,193A17CD5C1D6195890DC41899A9B053
ubnl5g1a1uij5aushnhcld8imb,1D3F7109F354460DF04E8296EA88DCC2
t68hnis0qjqs51lpbdso8g8ikk,164B01CB7A96103AA4587A7CFD8F201C
helquif17rc4mumngoupufmcta,17951020F3707467EF938C44FCBCD37E
4iuja1jiaomkprvdbnn3t3bu5l,1599B61A0CD25C56BBDF37E0C445AD95
btlsig8a14ptka674n960p44lm,1C48C21714EE90404D0E6187978E5FE8
am0m6kietqe2h5c35impg7bssu,1FCFA7E13E4331EF68A8D6FDD806AF21
2hoapk3vif0jfodakve7unqlcu,16543EEBA6AED12B4E68EA55902C0B06
ttpvd8qfjl1eg26i36f0trev3h,1A439169926697BA1298F77E99C633E7
n7p9hnd1tre8j640n309n0cbok,16A6A7C9F2B8C3B8C3B397AD97B1AE9E
87l6htvgd4djqr7m1hi83jt5ll,1F22171AC81F446877B7889A06967E6B
afihafp55jbrg076h79ghu9uc6,175904F9214DC817F382355DAA65E968
ekqujgcpvdcv6hlrmaa4e9ih8j,1DC2471E7C598EAFA44E14486F4E7D35
rkmpjbvhp2i46019l0j43f85i,1B234FC47830278D3CE704574D8AEE6A
pvqfg17ek3nb511nr1utsdppqm,1D86F1C14A24469DE99E07582836AF00
9ccl6c1jgj1m139eskhaube755,1E5881C53875B6ADC453ECD0A3143765
kr6s0sf1vkf22tjm3l73bhd112,1971C51ED2B81E7F5678ACBF7B52B5FE
a2g0uhoiohfm62pt5d0b4m9sm0,1E08C40DBE463A0F2A7D85F86D7C0D33
i348ri0ghi1667q4apmqlolmup,1FDD16F6CB320D966E72C40D6B216954
q6hrv61q3q32af3ud3jkv1u5gj,1569F1530B7CE79758DB959C2EB4C6FB
62o3pje0jgmiaj4esroaqiutd1,1ADFBAD435B4F152711DE7575FF06451
b1hhcs1r8i5be6b14vpd5so5qg,1C0BD9B2971EBA46245BB73580806B4F
rc951crdfbkhk9k4lco5snma4e,174EF8AC1598AFBFD98FEFFAF0B52A97
4tobegph64qq2jmqq77va3idav,1B94AF8CF67B23F2A0C3E805CB6467AA
ndbbs0eu0f1gbsdlk7jshpdff2,18BD4BCF17EE2EE880E0D61F7851EEFE
r3a4oo1sibfa7can8h9h402sqf,19985CC2884B5E40D3038F206B4A4244
e9e66aumaio9imk5r78fnjpins,168A2B50873A44C6ABD68DE108184CC3
umcse3kkrjas5omi4ohlu938rt,174975B678E1B79896310EF7F5EB3BD0
58u7vct2o1iu8118r9k1oklpbg,1EE34C36280C159D7EBE97E0D5A654DA
k9of5hb8ad3leqtgv3mqqg5ivh,17FEAEAB70C0F69F4C5D2ED58813FF60
1599hrrg6asstkjb5d39uu9ll4,1BE6D81E6609AAA1963FB71CE4105268
2oeqj273vfp7lc80mhi7ivmsce,159138C130AD0124522DE6813A8D4145
o4sj9e386n7u2pg04noqgat303,18E1393146C46E1D4035C8FBC0D6727F
26nc7a8nitbs374rgko7fml81m,18568C64ABC645AA1C4660D0CC8238A5
a5cqho1fkgdn2kadaad7bhqcp5,1BF793C2182F6A00E4A1DED1B06667F0
51hq253mskat0dro38nrbfi4p0,15793E1A9F541490DACC16B658A5E5A8
pk5mf67f37c8nph265vt8vsjht,1FE0D7D3D9B63901BB7EAF02430459B6
n9a954b8qf6a7h9vlcacb5d46t,158E4F40E446A3436922EF7E913E1CFC
p0si1ahesj0nu9cget7tagi68u,1948C006929195CC291B802C7D32E581
9o7l0ftg65a5cadgcndh4qmnlu,1F3A3F1DB2135083AB351E6B3262097E
mc3quhp0571edgnm6l93qmdg8a,1BC076CA7C57527D73B09A5D31DBF32E
4ujgnuvkf4sforj63aj0an0do5,171E2F7418ADE4C6009ECB871D9910BE
fmkstc6j9p4sbqb8q20cpmcbbh,19135087330766A53BD26C4A38C29275
q6kvoqpebm9mqc6lro3ck7sesv,178AEF94CA15AA1780CE2FEDDD5B45E3
4p31lsu27f9vkfqa658m6v3d65,16C7AA6844955A77D66C276E1FDE1801
1f33lso197kvjpgaqf604haetq,1DDA8CFC4E70DEEF6B8BBD2C75A6037D
g1k15nirs0odpjuda0ohe42ave,1FD9A5DB2CBFD37757D5C14EFA161E6C
cg5rulloqn9h20gk04fj1b5q0m,1F0FAE9CA5C4BBF803A695448DEABCC5
fcl7imo9jhl4c57t3ncn4mhcn,16186DE5E2D856C9B9EA9E526987C29B
e4vljt0d2d9rqv9f4f8vaopqfg,156EC0BE3EBFC64B77586CB357DB2C6A
iuaadgmfd15be48lt1ht0234gk,1A27AA4ADD064104D93186278066358B
2l98ac0p94c2ji5kbgfo076nku,1D2E245926C1C6AF91D23634F77ABE5A
44vh021uo3d1b9vrtsth9aajk5,1A474F3DB7F720FD2B15E4374D0B4606
9qb75jiful0c9l6umdjsajgdvq,18431D4CCC2C480C68923DA0B06E5905
2g091u98bm7br41nmigfriggu,1B017E8FD5E0567264A71A131E57BD7E
kuv09qj4nmpqd1mkgv9qdtvfha,1C5EA2898796E112674D65558A603B43
uht18rllgthu9i0seue6ea1k3i,16FE8D16E20D40E8C8F6DAB50511C50D
frhh74plieqv55q8f7t6f5nl62,19371B51BDE27C276503A6F9A9F4D426
gcpnbc2lagpfc20m8oam52gpf1,181AAAB3A635FCF5C60B4630315B89C3
7fstdf9lsl3s2f6ab4oni81ab0,1AD929F03B1D2954C27F8C5450194F77
najqbdenr01id5d7jvvbv7jbej,1F008B4360AF214B304A85DFF9CAAF5B
1eie2navq1l01put480i0et5jd,1A54C161B213A993C5F02CB8FB07C00A
9ts43g919j49andqm7822eemu9,182BFA7840DC9E1982DE0FC3666781C3
kh2svb6nfc3tdr3lqdsfk6rejl,1A7DB072E6E45BF8EF4DAB5B4B28DEA4
q3brqqfqkte8v9aukfqg5r61h7,16664B1414875E5F748724A7E38424D0
j3ubmpod22krdagcurp207jag4,1952108721E2CED4A1CFE3DA01D52F72
7a8f31nubrigqilvr6bgtecsh2,1C79A2F778538FAC5FAF027F087BF188
fga1i75lfiiahr3vnnpjb9dso6,1CE22C969D88BCD3E68DC4AB7C0A88ED
4p4dmn1neou9k9p4vs4mc0ugh3,15BC855E8B463229E71D5369D924A79B
1dc8o6uthe0vt329i579v7vjg9,1BE962295DBE7D2372BB9871EC48738A
jme7427hgnlri3cu3f027fvgqp,1A365CD8521FDA0C27CECC7E9DAF977E
5t9hvvf7v78q6pa6bkbt2nv0uk,1979AB7C090697510682C9E6B5613FA1
ao94sesp20f26802um2hh4togs,1B23F7565AA106105B6115FCAF0B4EAD
pvq3j9bhkobknhv6uaksl3n5du,1DB7EDDF30F3203079C8BCB84EA81519
msqpvrac32uf62tq232fnjii5u,196A0F9120CB3D9D690C36BECED8B26F
1g9307cfqj4o9u911cr96doga6,174523A0C4F0167F4EB4AB77A152EF79
tn1g6jde17fgvd9gujma28fs2,17097616A94C8B93A475E55D2D128974
1nua4ak9akqe5a2kj9muk7vhrl,1FC9125B481EFC275C7D703549DE054F
am1hm7se35qktvbj92h47k4to9,159A1C8BEAB512F3BE813E4F6A1BEB3A
puqkadb9jvilp0rismcrh2fd0d,1786525DF907DD2689B0CC64977621C3
gkgbodak1u3chlrs981l68s5t9,15CA220BCA59A853057178479DED44B4
cepppk5c6p5ekgve15c7q3iqn3,18610AC108E552AE618613BD4DCAF89E
qphg6750j5k84ar2b1598u6en,1751985CBCA5AF51E7B30F7F646FC27B
52pi4sd7ds8mq2k2ttl5aufmtq,1BCDFB2D296CAE569DDC5B329CF58792
2b4ir13lsm4916cm8r55b9d4kr,17387E3E553A687A986C771568B62CDF
g7jefos3edl2hrpln6ke8srhtf,1F3BFE0BA4298385A23C0F64E5269C7F
p06lnqdnd46of898of0kmhsrjj,1D7F37D007A8C1C48BD286EED66B2092
rup57tj92tiqf3do88s01o0sg7,1886893223135DFFC4B53AB997537A5F
aa16gbv3iom3212roncicen6e7,1899C728A72D0DDF2EE5C4BB779AA20E
qvvlq91ku2fc389kcnrp0q88ko,1BA0EE108006D8B9F8A8A5EE1671D81D
g70udajuk9oqmk327qrttqev3c,1E7F49A85DF693DB97044D7C9C76421E
t0vp1oajosbajr8kt40lsun694,1F6F3A5CC2D2471EF49F7D753A6BA3DE
p746ioj503rev567gak204i4fq,1CFE4ACF744B6651E6AC30D6F843ECFE
tdr0okrui8rs72pcpe7b5bha27,18D736DEB57821614F938FEE006ABF70
a1tedcvc5k5gaf85hs5oluafti,1CE0DA1465389E62C57769BD768A6D50
uu4pdmmrih2f74psb3q5chlgum,1695989086821C3537F70ED647A0E275
9q6liao0dcjbdv18jkddd88m9s,186D4417994E36D65C3FC781DAC91323
9gn85bl9ebp29acpgj3voedk9p,1A47B2A9B5D20674D1290D2674FFB103
abf4h6mspp7l9qvj8v4ae020ar,1740F301CE0B348E713281EEB6B9092E
viu93k95mp3mcq9har4qt6mg4g,1A123C892CBEBF5E5B6B22A2DC7748E0
vq0l7rm66uteccndhudu61klhv,1CA3D4DF06B2D9A8A93022BABC84499B
j83rliekl55s8i1l2ujrr6co7p,1D9CF9D1B6766EF77D16B78D5FC493BA
uhdtale5ij6t9v0dtra7ciohsd,1D8B50437B0AE859B7D838BFB0A57734
acmacaruph8d4uis2qefd1n3r4,19D08C1B7E28638B5A40FD29307B3AD9
j8u0ik5ep18sfgcj5qova7mf1n,1EB77BDF54D492364A995B97DAA663D7
u9rtrvhm5qlkos6461a4evgs7g,194FA6E07BE7AF014444595051D5A72C
rlrc1550522rv6mku1g1trma49,1DC64A3F20C92A1DA7B0E5FFE54B89FA
sgpvsj3gpkib3ul0jttocjsv58,198B04838236941A9340B0604602DB83
6lifgnt3te0hh1o6mkng5i4qp3,1658647617BBE64D1CEB4CB30C2337A0
u9v1tbuu9ohscnscg2549t4kbh,1EBA49E9F76E75D433A8576897443D72
5fju11lmrl0mkj4b1ivl4nr2o7,1AAD561BBF4A09E0A16150ECB2F05B78
v8l8t12ua5ts628r10lnu7m8eb,16F0BBDD68BBC6572CB3DEA605F731B0
imms5hcg2lgjj0g30c0g5ptspm,168CCE400C764ED752F2E8B92188ED40
r6bulopcq8s5066ru97v9i03a0,159B489D0520BE5D4DFE0B59082047DC
fje6dhc189kveeb8l6smaqc4ie,1C931B1F866B2C8DDE034191E3D1CB14
vmda1pekj20m3k7cjmrl0pil15,1B1E817FC5C89A759907300C29E5BEBB
nms8jmghojfegf7up9nhodibet,16105CF69B172E3E79272B5254BE63D1
s94pht2h8d9maihhh06h6jljjr,2002689A400472D846DED2FC5E611CFE
ns7kgcjdc6rvl2joi45p63pjjf,183EBC24CA15BBDB691BF19069909920
qlr03kqgnjvv5gf108dpqojcg3,1D78888C6F085E5C92F2E9B78C99D733
4rmik7qaq08ck5clnicqbrqjjb,196DA940D77C76D9BC128425EE79B82B
9ln77i7673p0tbji1vdn6t66l0,165AAF88753E0B59A17C6EC433EF1237
r1j9qmh46t59ijlqsa9pt1qboh,1771E50B07350C5925EACAAAC4A64720
2np4hoojvmgqjb8drip3g8deta,15CB720A69AC932CA0A5550FA3AEBB8C
r2dlh7meih23f34v9u169apino,1E82A3035A2B17C2F60E5192A0F252D6
nobrs3evdvnrd36br5ie0kds30,163324D38A2184B78B5CDD3F51CAA2D9
sfni90sotf9053oprg5rsftfg2,162C95358F467B0EBA88185834C6099A
c8cnddftq2gaj8vo0d8r5un3sg,19435B33B4B8FADA5EBB8EE11EB940D5
m2vf2mcfdt7m3jto00kr5rcgre,186A0D9828EBB0EB472D54A3870A193C
7lt4tuptv0235vjllmsn2rh8ff,1850F56C27B754E8A2D83A933192704A
c7kelhq42og36m7m70cjda0qbc,1CF3AE71829E68AE8878011D4E2928E8
ea8k1ib6ih76firo35one22r6o,1B8D29767CF0A6FFFDF506501EBE05D2
1tmsrhbbd85of85bv53jqh2ff,1B35D5E9D6B90DFDFBB3D939EA8592DD
5rp9g4alatporcbl5rhsmqnm2n,1D1D5AAAF80D430C6F3FEA3714CFA6F0
n5uq7c3h4qa2s3l931pf0tbq4f,1D69AFE14B7FECEABD502CBD7CB400D3
8amaaidhfm9e2pb558le2g0crs,17C95241C21D6CA5D6A179BBFE9D3A23
mamic6k7kvtbahjve5hiqaqhde,1A011E0496DB07A7CD23B134C99C8945
3jh0a9k3avn06a5mjnfrlg0427,19F6445DDBB0D729146B9F15A1EA7B3C
39uji7bg9k941agukqs2ki8eo2,16AEA26D631AECA489F4E9ED564DB645
2hnhk5rc2hiobtf8qhb1jeol9u,18B012208D497DD9B222DBD086C8F1B3
gmdubfmfvtnv6qkamrh7qrpo80,1C0577A80CE835BC6F591DF914DE7CBF
o2chm0elr207oeim22mfn0uave,1E0B7C735BE02FCD6C5E8F284D11FB7B
pr08nq05bgmutisonld2qiipsr,1AC2B886111E3441F86B987DB7ED77B6
6l1ljucrt29de479m2glebiqi2,19664465AA68D3821BE18E4ED733A3AC
ioq4kckir924qipbikgabpo8ah,1639CBB9A48E859CA93A161653736E6F
clc5ut54ngsatjtr6bboee27le,158486529B94134BC1FC0869542EB88A
u48nc011ksfkv7i07ff0o6gdiv,19BA279A2E194CE9E935E2AE931CF1A9
k2lojvrn66kd7oos9m3okprcc4,181E583C0C954B98F6E8792CC90D77BC
u0l30kqdhr69262qp2ei89u12m,1F0F20AA2B63DCD4F6F49C54F22A92BC
5np6nier0fdohhtd3smg6e765m,195657EE32600C632BCBDED627AF46E1
tblh5mquudb2130a93pnrokcis,1888D6E3266B9936C263E892EC7D7298
mle894jpkc20rk3kgekq9hqj7l,1A5CEF6B713A9FB12E4CF4A036EB051D
jqdh5pl0s14ep5k9lnquscifqi,1FEF5558D1E8F39BC59AA74ACBD24BEC
v0qk00skoi0ls8bam83aa5jv4o,1E86C9B2C8C7B8F3C232E9B9B6C18585
hsfmq0r6nkh0d9u73fcfuv5e4h,169E11ACA4F6C123E72A74739BB8FE94
v02tt9r40fcdb92st51as36o,1943AD6B59006EF205A2D6F410F1EBED
qkqb1f8atk2btgtqj7i3ku3lo2,161B2B337192F5D2C4CFE26901558B3D
1hi2n79icioiv08mefdcqbpori,1775B941F2307F31DC6108AAAE8B182C
qphrsegcdkbefeciac03uk30gq,1AAF834FE22317CE554336CE587BB424
soaflpn93h53iuim9n6hedlml2,1AADED277F4587F48B4744BF4028984A
h6kkct2ggajjmi2lcsg268tqqf,1EC7490A7558D1A4F91814BACC62E58E
nqkjahdtr2r8mjn5rrd04ondt6,17EE7094FEC7A80C6EA6DB28C1628532
k74kq7m5rtdrks5n3pkoif7isg,1BCDE519D478254494A0ED16437120F2
qsb82649se3qe9mak1l4jejrem,1DFB4CAA47CFBB891E000A8A8D958F4D
tr0ohjs1vr5ssq1rv6d6k9nq7d,177ECD378DD633E44ECFC5F12EA2FF98
ksr5skfq0t0gavtdtm7cgf4urk,185567B06F5781C31735CAD8641D5187
d73kqfh935s01gq4rqr1difq3t,165FBD78295B53A19CC593C5CEDDA51B
k7c5g3ckn89t97fiodtbj4a6kc,16A2C29F73A72287EEDE8EE6692F60B1
1v3d4ijd0djso4r3av10qfi96p,19A6CC9C6D8DA386E3FA3BC8025F0A30
p8a5k9jk4474cpdkh1lk46da3i,1D099DFC79226DB01E30BDBAC678729F
luvg17dpqcv1uqtl27kjj2tfbo,16B591E8CD63986AA4DC7616CCB26058
2rimiakcq47gbbjbjh72tphh09,1EC4FBEC556C0E7700C8D60EE40A6B10
e9itue9kkdm624bfubs44u0a5r,1EEECD9F70A3E6DD7A3C505A1EE0E451
cksnpd9n4q7p66ros9mibfpgaa,1D58AD8186929B31F4EF84A92673F5F1
mm0bmq79936lu0fr3pnb3nnal2,1E7E3F4A7B9BFF7FC888F2C5818EFE0A
e1e8ontkh8s9eql5o5fju51dd3,1D78195F039BA113C4A0E06F81249D06
fn3q8u1252k6n0b6qruscm2umb,1C0175D1451E55B96AEAC0234EF68589
j64revulj0t6c5b2peh6fa9eml,15E577DD238C60D3E5E853D0739C5545
1ouojhr4d778p4gtna2c5409od,1D58F3E83821C0AF82D343EEDD9010A9
5mmkrlinf4dhfns0kqt1cro0lb,173CDAC9020960DF5B2288684888BB70
vvjlt6pqs49u2u11c6e2g41466,1BF331235F07D8092A78DA38DD6B92B3
ccct47atravncum9ferqbnl56j,1DCECDA9EF9F06FA3DE1D45955FC3CD1
qhfhupc01frglt6jbrle79baio,182EA91A75EF4F5E7A30411E3A9C44B0
spu0fojg5e0ei9ojs5v1tlstbs,1EF474CBB4039FED0FB8C237F0BA8C8E
pb2jcvo73c215rmm3j96sluvgh,18ACFEB60C85812054B3A6121E1F3ED8
kaggro66gm4senf873ce3ro6ie,1FFF5882EBBAC86BFF2CB9BB4626FB11
b7d1v5ts0i90m4oc61tssrqjp7,1939EFC72166B97ACFAAAE6B8D3B12A3
eav0cd7fimbiopf319s4f5h487,1EC891D271482713A3F730AAA418432E
843mmjtr7ht6cnsk1pbqqkj86b,1D6D835AB301A014E606DADCF5563D4E
59fl2tslilofu0osi2a1vgdg1k,16D68B2AB46ECBC81590AF1706A8C819
1d5lv6j30plh39s35vc83jsd0,197D47FAE60875F0FEE14AAE771CDCC7
n5k77kvineu34umsberd51rln5,1FAB842938C219F45EF2AC541F694F79
c6khs0r0528stkjnhqi2nq3lnn,1938A52D73E886FFE92007D72FAE57F5
kjl4bqeqceogvisb18dh0u619u,1AF1A19DAF2B48816CDB9F1A96C988F6
g1b5r2utsi4bktulr6iv1u7cf1,1CADF166EBFB731B7CFF8410DA92C523
64ekdb9gj1qsgpoqlk94a1995s,199AB33630761203F05DD5F1F1B1E9D2
tj7hqjgi30dovso4fn0md4lead,1D63ACD7BB364D8109BF2BE087CD323D
mhm5kdr9d2u6i9hvu0gml35rr7,163CED53E54FF3AF71978A9D2816CE9D
o2iar9s9s24an1jou9d00bfbdv,18338746ECDBDD6B77E9D9C723449587
v9a5hgimu3r22vij6ajomd178l,1A3BA556756A89E4A59427ECC9003BEE
36dl1q32h8nubfapg71hh3v4m1,174CE7ED028542F49B14DF15112BF02D
d8pq6odkd5ctegrqtjbe72i7pn,1C1F3AD3577993322CE6A9D606F667C1
vtve0iqmo7itkqn6vajskstupo,1E1E3E9651E5F7E92D5A3F8CFB7EFD4E
sv4gvt1bf0meda4m3ptmc4tg76,1EFF2EFDF68257E4429CD03BAFF61A80
46ad5loq0q2g1qoivvvphhtgdg,1CE4E7E33C840585E8DD75D4F808FAC1
2vpkrhg7c6n5er0vkdh2efkmnb,17DBED981B0A621F7683C19E42E813AF
tjc4iqj6vs8c9d8s8phjrvn89q,1E987CCA4097F752E5A439A7F84CE739
aa8i07ucungguq0gnparo1jl8g,16321CEF7B95B347C3B333ACAC38DC3D
fv78jgb9b1l0nf0klpbn8c4f4a,1B94D8F7AB4BBFBD06D2B35412374912
e7miopkqpeemg0r7mkcv913uca,1ECACC48F26B014F4E0596C83ED98E96
oluvqou85k4rv5r86j9enoep40,1A0F156247F161C87FCA25393BD4B67C
9ldge6og5mh6ivls1tsmqrmqvb,1890803F0E369DCFCB94878ABDB86137
jblbrincjuc7uq31m5mbanf8d0,1F8CF40A364982DB9C4D6F66D887EF6D
lcu56thba756jvhb6pdcf0ife8,1F6BFCB3C1E5156F2DB04E000AB020F9
87as2crkvsb9ikdttld2fbddrs,1CDCF9B0D58CAD56645581728EBDE4DD
csuu397c9sl4tpuaegoptv7ufs,171967655AD1C81D224EEA3402683D8B
nn22n6cqp0f0kr728ta1foi6lr,1D5ED32448F761DDB1AD546741F19F31
e0ig11rrhn27kavgksed996hmk,1F548068A4FB046BC3374188FDE9637F
vo2fti4rica7mubrjq6438rqcc,17DE11C73A82A507EC4DF54A9C2E8314
s4ocos7ol8f88de1v5hrrb7e01,198DE77D5EBCD5505E1B90C0E0601055
rvi3v6uni31c4mefgok8kqh07a,16E8C07E9551319D5C1C0611FEDE8804
1pemund1tjc1jt9n97mdj6ht6d,1F2839296CBF955D6F70A3DB3BE09260
a3j4iflknagk0nkldqhij1m1og,1BF3D244AC32042860009CBAA786402E
v0ohof29ttlvu262dtpbufu8eq,1C3FDEEB5FF262D7544A3DE1765F4F29
jp0nre4236nc4cq02bu127qghs,1B07167BBD559DEE04B003967EA73170
cutestgki25vua2r2vihv322rc,1EEB8BEC5BDB20F910722ACA66A7BAC6
fcvtfkj14lf1e4t9epr08l5blv,1A1FCAEB8F6AF8B8A9FC4303A2A0736B
hs5uh3gs6lsn9qrerso2nkjue2,1C5A4886CC24B98A10DB0D9B8F83D65F
ivm5rlgor3f39jnb9h2p7l1mt2,1E39BA512026EDD0735B70DA9F108479
vvjt82mk3bl55r6c9vbfflamcl,1ABFE37DE9C19234BEEC7C720C10415A
qq4td2vt3dj2o4sqhv88dsjrc2,1AC87E0BD0C8AAFE0BAAF3A172C33A80
3s9dss1p89seer6a1me9g22a6l,1AC9E63E27BD47867B0A9FDC3849DEC2
dsfk65jvjr751i9mo43mgkgbq7,1F26F25AB38FD38A3DF2C4FDBBEAD23E
39ct9g523i3muippsoidr1vg0k,1B250BBA61A59C0F25EBC812EE50F308
sing4rjdeufihdi2hpu04vnmqj,18AE53ECEFA8376D9D7F8FCC3A32D1FD
tsjgopgtrasuhpdqfas5h70dkh,19FDABE721F20CA30ADEA306DF53D360
9dr37acrbq6egk36rfqem4krc5,174CA62D2502710F21DFB23C2E4E0CBA
6k5ie8a2klmhrtubhd65kp76od,1D2A7B3DEA00A7B67FE593889B591516
5nij75beodvekjtgvaemaj6ehn,174207BAB6AD07FFE2CB0D26FE460906
rq2fofmsg2mupi9rjmdnuaonc8,1BC2E56FDD428A5DE99AC52129347645
fhfkk0sd0og1ugpbufe9ele4jg,1C6828D163CCA2AAEAF56165E871D54E
kofjvnil4kj1ika8b86rv7ijv5,16BED9B751F4CEF1E18B0E7B389DF281
9kr5kh9mh09p4gjusj1sn7gov0,1DB6B88FE8FCB27F92B00605F650DB77
a1v39mh6i17ubotgh3k7rkcif6,1EA58ABA5D539F45FD23FEE2981DC061
keuf0coj3ve1ju3spuo7tmcmbu,1D3B4E2A688E66FCF664BC219119F2F9
og5gg0u1rc5p0ccvlqe9a961gg,1D619CF19518657E84A78981A182BF7E
se0416d37af8sprvqqt6v1mb0i,1D6730E24ECB555D237D4545071B0D8B
ubeo5026d50af29h4hqk56tlrh,18DED066876105EB20FDBA85B50BA40A
9tj8i40it4fd4odc33gjvpu1ak,19610BC9E605D69BBD20BA390D1F165F
nhj5ifj0dnjlif31k9mq676290,175479C6EFF7281A5E89E355C332CC23
9c6k17navdeambnsddso36o5m5,1DFE98C0A0EF4AA06ECE090C21BD7468
ltloip2h28vls091bsvs16e71e,1A05B905D3D59D7402A15180A917AA39
b00uhe230qlbk4nvj2lta7luje,15E5376867C86D263B4303468DF1C94A
mg1m84ujnql5ra0rrel87f7op7,1D28366D691D74D8F9214D9BBC8486B9
ke6tcfij2offhpepcjfjrdfbdv,1E0E3A53FE1294A6FEC9CD8AF90EC322
57og3tc9a5pr49n7cvs7n60v3e,1BA659F43FFEBEFD928DBBCFBD93D35A
t8trpa3fdj45f4empubpttcv72,15AF77015D75D4541A0DF426CB57AE08
4gjcrrth1b37tvbsvaauc723hb,1F529FE6E7ABBE3007718DE4798ED44E
90d24done93kikgqacmfrnhd40,1588BEF464BDE5AC363F9D952327B483
