Key,Hash
97edn35bg6p0ibgqknklkoth1i,5FBC6C61F63BE2AACE20FB3BB602EDF7
6qth85dr29hv20gilnnlnh9fnl,5984645A28078D9E1AA3FFCF32835FC1
rka9rqf5ro1no07p0ftqnhjufb,5C2540EE8B82601F912E95DDE5932904
jdmo2vp918vlcfphaen6u5lqfu,57F613043F9113ABF118885D865CECFD
8e5aug0ar6tdqi8oeupbuvhs68,59324B77A7BB5A9433551C92ABF1B8BD
r0vqs92r9ui2re2c09eodac55m,5BAB7D78ED53D7309835FBB1B61E9BDD
prrlbv9o8oe18isg14i73k7av5,5AA2100F3F704677FCBB455BC37857F4
92an2u5tikkcon86qllg7hl5ce,5AFCEA93AFC8EF8E7E1C4D5A6F4323FE
f5ghuoqnuup2pjncgai659te4,5A7940E20D10E63C118255C45B797D94
8fo8s9i7pahaf5o42ds00srbfa,5A4CAED77055A5C4C61F8541F06FEB00
s1adb1ic622rna8p78s7p7ugiv,5C9363A752833DA6EC1A76EF0EFC7454
pfrjci80khecu8qitp1j62heif,58D2AFEF5C9D79B806D0BA81D018117D
j92gekllme67gdgfaviqvpual3,58ED9AC22ACDCB78E0D0AC3D1C48EAF7
oj2r8hdn4u8jkj9ln93ao61vm1,5AB9A1E0FDCDF336A68C16D88557BB8D
52l529id15f9ms6id08mim0lv0,5FAB2BE24E8543D977F4DF36025F615C
mt6iadqrbionsn8mj235be73j0,5944C8BCB1E760A54451264A823F4345
aikfsuqe70tm0kr8fn33uigvhh,5D7277DAACE6D659A25BB6BA064950E9
rbjgmpua02hcsrrprn1bnp5tgg,5F667B632EC9CA23A218896FDDDD1EF9
85dh33gv9omn71rgje1autrr9a,5617BD6867D1479CB24D4FEA1BA8863A
l42ctp6ss9nrpfds1h5g4hff8h,57711E480BC848413A54CF447EA42452
toa4ohfc9fphrns3jtf3ikl139,57578BB4781AB2A396E0540D40BA89EB
3onp3ppabq2th0pqsd5cbdde16,5EEAB7A87A5CA12690D95D2E00BDEDC6
6n6nfqdkl1g23477jt9eb3duhh,5C85A79DB1ED9B73DF17C96165AA95F3
c918jrei2eiig8un13kb5a7jpr,5E90D9A8F05FF1143611FBD64CFB4138
ff3o79b9hclqqo2k96c696u6ai,56220D4160207A71D4A9C3492AFB1858
q5nddvpts14cjaif2omofl1vbo,5D36E133C4CC297E6DD927CD66ACF7EE
p9qci6nv4248h0158dkrso90dm,5C8AB52C542AA6F4AB5880151811595E
pmok2e078obhm7jb12ibcebuu2,5DE8730383B9EE2072E92DD9F150904C
inpmf11sv5a1gahu57lagt4afn,5B0CA0EADC358F93D4F2C9B308A087FF
punj9fs7brh7eg835tllnk072m,5E1190ABC87A37F81D2A6DF4C4DA35B3
8jtd8sv6agrlu7b96qaqc2p9ak,5A70397B7E9C6F751B754823D5F71161
4iv8db1nq015cu90i6haglmb95,5A6D2F7CE397F06E1E6EF1A68B451C30
8f7heujc46i8jndd11ugplbi2,562EF43ADCD02979A9011F47CEB8B5DF
41v063rcr53bkbi6ths0sv77id,57C4BF545DB36E4FCD9E95EA1E67424F
orfqtc8c4vttlf2qv67fm9l3d,58C0E8D706E3E041EF0E3E177ACF0B58
1pemlea90rsamcic5bukvrisk0,5CFB24E5619B25EEDB9B971C4984611F
babdpt2k35ebuso4d2hkg3juud,5DB2558ED1B0D4CE659CF5C651235F46
qcdh8ain175tj6pan1qtlq3miv,5A3F1F3DFB441BAEAA7E0BE8F475C86E
784622e7nkm74je6cj1i0lqqtk,5B12CEC61AC1DD30B1D03F86B9832F30
59jqgljo2mdfavgrqs7snhl5od,55A7BACF6F49892B7840D7E84120ADB2
hjmufn19cvmft57fldsjg9cvnf,5A66CF874C4BAB9660FB3A2A6BD935E9
ssq1gvliktctk620rfqv91e7hk,587827739DDE69A9C519B484129688AE
mafmeijd24vc8jhls42r0j25p8,59CABAB69CFF641C786AA927D0A7124F
b2ep21t21b2u1ugqm3pbert4a0,5D7D06D1105BF6031EFF0AFD354A13A4
kelukgduim55ig8pnf4doh9ule,5DFEA9633E9DF039B6FD19C7D6970EAA
jajvh8f7o552fve4u3qs7nsrgu,58851F8EC02A2ABEB6C7DD21F88CF997
jgfdi7b6qbq8l0ib53i06avsud,5764EB10129FDC027842B3344E647AF5
5i5t4719so2r69gqtsut8402i6,597D87F7B7BE9E46928ACE4F574421C6
n9rrt74p5jh8vk75q6mcd65rn3,55DBC0EB909DF55998B2515304DE6F1D
hr2vr94ir3dih8mkpq2h568u66,5B68B8F4135047CFBCCBF0E3187191E2
j8huhrarqjv16lbjcp002vrurf,571517C06B7878B713CED69F68A0A425
rve7np4ed5dd0e4ei4r24j27bi,5EC357F232D30F717A5455C2FEA73A7D
hnkge6r7dca0l5khm60a6md1ik,5E516E05B867F0A852CAC6F66457F916
nuufqssjeqaduvatn8d9mk7rpo,5E1F629F2A66C0622AEDB8D0B3484EF2
m37hip8m1qrrfmld1oqcl8bq88,5AE6431052F940440615390D9B16C4F1
29pdt7uvgn2qktvimiq1c32fbn,586E29E21FCC547828376401E3F3240F
i2lr35396mosds156i4r0uanu4,5861A760CC12195C75A018F42B44C314
iqhmk4l5chv5j2f2uamqg3l5fk,5CE7CCF266626C00A13FD4DA03AB695A
mtec92jmojmok7ga3v641q8pht,5E82FDD5AFDBE9DC4EB306B744BA5AF2
mnshlkvog9tunmotr5atep0ks3,5E10A237AE937D8B56F2FFC298DB0B48
lumrup661svau4im877gj6okab,56911884BF6EEF7EF7A90E25F9468AB0
kstok7k9l1m9og061u9j5u3mvs,5E184C3A9EEAE4FBEF78753B6BB28B9C
vtpece8v1b1rqn6t4570bclf9i,56D01372AD4C20CBF1C6A9FC4FCCD400
tnr8lpoqrg9ip2kp879q7spo35,5AB0EB13B4E1E56D3467F6CFBBEC807C
skh3j1079974m2q9i4hpkutta5,5DEC1A385B7C56D7151034E37C7563C2
fi2g9k2jt2u7p82q1pa3v206cu,56C7FFD3991CAC118B80ECCDCABF35B4
evtoaq033383446965bc0h13v7,5B55D3E14003FEB0557295031AE4A8DE
2g1uuho9bd60d1eqvca5l4emra,5992AE2DD76F4528A45ACC096620B86B
ld4r836r6du42a07ti3nupt5ff,5836CD0968A32CCDFDAA34E0F6CAC42C
3kctvc4q4f4aq0i74e1g33auvb,5AE5E4AAD87204B7731B6BCBDD61E51F
l9rajvffdp7k2hl4dhsiep3ikl,55A24C925AAA9FC1ACE108A00FA79D94
7uabmtemto8duk18g0jal9d4nv,5D045988DFA4924CA3B4F36F65823398
t6b83qpn575340fvc4114ae8g9,58C961A9000017F156D0CB3BB15C7550
4bnnjkv38slmbtaa12gmp0ubr9,57F61A4913F034D57B4A0DED78A131F6
prscvlillqto2smngmm6ovba1o,5F53CE5FEFB958F5C931D28950C5070F
3v8odts1vqqmd1d4qh84l8et8l,56B553F6FF05C089D49431FA3823C05A
f3ok6i0qe4poo72jdqk2inbqok,5E2751FCEEB401DDD5E0F31CE25203C2
fm6icuer7aok6smccad4kd93kr,5F6D218423ED35C6500F83C463AF5CD7
jl10gk6p0n8ef0c9l93sgjl8f9,5CE45795A91869E7AB61A5B28B0A01F9
5lajteroa5i8711b4otv9do15k,579C6643BB3F3EB12BA92FB04F35C590
tc1b3vmfjv1qrj3502b6lft9m0,5BCAA6A302852F9B84B07867DB4E4E2A
gbpsnjh8tpute06gqthojdf16,57F694CE8C16B88D2E0F3EAB232301D5
72l7pas11otelmfaamdjb7ur22,5F935AD10B4B957A0E35B002FB603668
8te3njcfo4al17lbm0dlgda6i4,560E9003835F5ABA14423C3F793F9AD4
u74tfs46vnof10dp8k785jge8n,5FE1824FBE638D3EFB0FD28ECE8F75BB
q88ebq8ml53tden68vu0fbd577,5735E0DEDBB5731B273CE920FD5BFE00
rui1d5msi705nefij9o8i0fa94,556C277D9488FDF2068BDB49AA711F9F
45kicidoceegd5n6u4rujjjbd2,5CBCE9A00CA351D14D03795E02A5E541
jvmu0bsefd39iu6qc27ecqu349,55927CFC12898916D3E66BC4FEDBF5AE
h5id63sbo4f9oifoj78t5qarh5,5E07A00EB1F53B18B2F5EC0934B94EFD
dqi59bovh72f837f8hp3vc9sk9,5589EB8C41C281093FF3BEED4E12C970
6la3uj6tbej3bbtvar7p4mec5f,577C4C9A6791B1D3B6D0D4F438889B3E
ep4q6j9bt2jo3chh75e1s55c9n,570F51A9BCA8270232E04DD17ADDD23A
8fg2kno376ovh9hq8epd0nreac,59B56574A23FD34EC02ACEBAAAB9C6F0
p3dpjff5p0i5f7m6v3e39boiq8,5BC7F6EFAC909BE96AA9BC7862155EA5
792ktmdukvlvn690pgbd74pnp3,58398C5737ECEF85C0FD1850CCB098E6
gqoqsajbsdru3675i3amprn6r4,5CAFA2C242B56C80E44F7DC290D78A6F
mf4mjplgfr2umectps17kp8831,5C00E4B1882E10C14FF4E9525A8352F2
j9nnai4mhk9udm6cqo3jfd60in,5A619838D3C6654B32206C2A8D4B06FB
t9m77eb7ptpu4qddodpf26cs91,5A8BEBC3FB6A359F82E4462292E756D3
dlk534qj6c9gcp89e1edbvjbp0,5EC8FACE04FC9F195E00435825D81BC8
jvhvib190rpcs708346e42554h,564B873422A1609DF7F6E2B9095BB2E7
jqso0eparnjbtf66rj6gdlr2u,5BCAEE2F0B7891FB1867D003784803BB
i73dq38slp6dh3m10rhmkdeg09,5B146F75140A75FF8B43F09A01C19DD6
pqhucmb7dntc7m1sd2jccsp1iu,5BE6D4E365D1635887BDF30231DC303F
l1ubcovvaouiubm3lf8fqc052k,5C9432A528A80E882459BCDA4A85B7EE
4sbkfdoao4ckmic05rnur79bs4,5E4DFE5AFCD2EF64A93B98FEA478EA7B
5j5l9plrdeqvqfnvo51g92ratq,57BDAB74C884009B693CA3679DB0A670
7u74a0ot3qaoi1ddf5jnd5lora,5F264ECECAF8E39986107C82F68B329B
rj3ls5ub29f8lpbcl7tr8vshgj,5778F5EB8715BE5C61EC49D3B1D1041C
mr50u7uokoa58sfa2hpbh1bocf,5A25088018A44C13D79B997D0E4214B3
9hv3060kvi888l27aj7lr0aihb,574B43324F2E1727669B9B76DA526B6B
ukc7jnk6i87o2v7kgpn04825d4,5B25CD4F908A4068850F7E3AB1372F6F
h4rtqn77pa2l35etfurg0gtf5j,5AF38F7D1FB3C02E775CBD049B77F6A7
5hal7mr9q6vgcj8f0u7hp5smns,5AEA0F8E3FC2F441D14D1620DB30CE51
i4ia9knl2qtapv7rllsaliv26c,597EF10518EEBD74B4955D571D0D53CF
h5pgucu9g5l55hpfp7q1ts2i3h,5BA47D88189EC95B7024972A1BDB6AA8
shgrh5lv8sjvnq520e5201v3e1,5CD17025F18A49E3FF424B5D86ECC240
mbf4j8qe7k04h43n2et2icqv27,5F398339AAAA755910DF26078C70D99D
entrphtccepuatmli4q090lv1t,5F81EBC1460EF254034441C1C7240589
nh6tdfnadovl8gahr7klhnhumv,5596CFE6B65D7F2D7747CFC6B7283E1C
rfqimj68bkhhfl9abg392h7p27,58AD475B561D506B1061F7EEB59F0464
173fa041aqvjfqkbv6pcl9une6,55E1D1B8BB3DB64F6AEFB19F5C56C8E3
782otoqg57ajujshr5dmojt31p,59B10A68FEC427E3C9A7E5AB9AC8D4F4
9hf6nakscnmupeh7kkf8u1do65,5C9908893FCEE212CDAF6D4886586470
4eg5ao4qn80given06mdvto3ss,5A0B013F574DC4B6BC3DC49B84147955
5ol3j60k5vikgm498p1eaulpku,5602F0AD0D5E3473B3E281E26AD682C3
o6nnvq6hf239s0rckd0b9q1e1t,58B2ACAD9EEAC1595A245931BE4EFB91
t2qnbkjuptmi717nvnl171qsl,5C0E87F920C89FFDE0E650C201BCAC83
lej5v5873rqsbm8i9qv34j878u,58D92DDAD5749FFF9AE76D8A8501AA1F
hfmmccek8a6c1id8ba315s4n18,5565D0B1E7F069C8639D00385AE762C9
b0rqa90b8bik0u4848nbk8ee2i,5D72E35CD76C097D93AA3BE555085A8C
ptd3jlfhq7j53d61kbhv4bbttm,5FB27812214B7DBFE86C3CE25938486C
i7s9nkubugau4uv6v0p6qgchsh,5FCB30FF3DC146B426B7FE9ACD2FDC8D
uo1i60cck4ok3jj9vmvieh20ss,5EAFEF3874E9D300CEAD1B7634C0F813
mfcbglki9ofvmb8b2rmd3bm3b6,58C8EB71C48D1424D27A55C881250D81
1kjro8nelp45244fug1inh0fid,55B34289AA50B6EF7CD2AB9FEA928703
choi6brq24c5gf5hkm7t5ra5su,5956444CBFB4A264670A11B3A13A4DE5
v0aar2jdp1ar1isng3k91tv0ag,5E7DA292F923ADECEAB0174CD2E5FA76
j97jp00phhhf70snqk3dmjku51,5E5B083F801807B50617D476FD967864
h7v4uk39i1b80sbit1kt4teenp,58FAE30CB929F87617EB387FF514A55E
m5b2cvnbelq1aol4en87lb1rp,5C6686E960E16EB2B00F966BB5AB17E3
epi5nm4d87g20mcojlaf57f2a2,5BF8DA6624DE9BF3C93B88CE2B1BE6AB
g8hl144h5qqlkqg1m0oiili20s,5FB347555369185CE66CEFDAB2F6290B
k9quqef0ko1o98a5b1pseut0ki,58BE711A71C953361849B731EC99AC4E
a06trkbepeuqeerodotu1g5vlm,5CD0BA5018B6A6EE34EBA37000C88A36
t56ohsq5btnj0oq2oc7lo5hmaj,572FBFB5C5E1E616E05717AC44A710D9
arpdj1k49cneldbpj7n2h1ortk,5D4A9E43D5802BEDC4431E072E3484D3
7785598r5ala31rq1n28p9qmbj,5D3567F9E8E5F70D690A9EC6126680E4
lo219ubihqrpiairk25mj4sbm7,5D3C1B9B83579E4B45EFA4861D623B0D
pjvngn00j7kfjmeligpalh7k80,5F07E91BEA63465129455C9768EF842A
3un8rd4p8dvb7odv5d1birsb5m,5948FBEDE2DCD6EEEDA29C16E3C0BC20
d83cjl163ctepchmc5ocfavojj,590A974DCD54A056694C4D243711CCF7
ki6m9tob745n6chn0l6kuh34j3,5CB9112D229575DEADFB0992897E77C2
bfktuul1lii2k876e15qnc83fp,5B1DE051A8BDD8A9E4A9F996FAEA9DA6
vfcjspjare1c7q2ig5e5eu23i2,5C0FC56BAEBF0F44ED8A9C2A3531E601
i4abd884eqquk5uuavpa3i6o1s,5A31D95112BF0FE6387F1724847709C6
utn2r9ao60b62r72i0go57kk39,5FE8AA4EDA13E7E44D64ED46D2E310AE
o92f286v3ctea6bfc052e4r4ne,5A00A9F4AAE5471613B5A49C6D3A7FC5
6j220hguacuun15j3kt9c41245,5AC03D41C661270751996470AB7CADC9
po6kc4ql6lrsqhp9377m14lfdv,5C4435CD408F65B33B653C42677C6179
1htcdnt6jrnruv3tomcitbo3f6,5A983A64EE7D75A32B4B997BF067CD74
8pvl0n9f89349d668k28g05qtv,5FBB2BCFAF04761A08D079ACD7CA3A20
6phhvqn61j57b853mts1l62ccn,56F40B963DC20A4442FFD97D5BE4D4CA
cuqke0bkb1statvac19ef7ame7,59EEF4BBB787ADBB99D231C69D53CF85
kkf2hk1a947cm1hiblvqjk1ca9,5BD3545ACECF7C7BA0E78CA3D250F4E4
pm7kjajicp49l8elcj83t4lmrk,5AA1E951D0B76DC5229FDEDC31AC3492
5sh76idine9n16jt9i94nti1bm,5AF76BC5C985A02D82679B96309EC0A4
3d5cd6o1fdp70slq0uou3n9eoe,58FA9308DFC26B228FF0EDEFB6176FBA
vsskadv2s103052d1hc5srf7gh,58950B731491229A264AE444ACE1D9FE
unrhhu15071q443n04t6alkj1a,59CE1172E800E54DD7E93ED51D631317
fd9qr1bsg7l951fq6fj64qqqda,5C0D32A481AEFA2E68A9E279188BE936
l2lsbg2v7j54n6b1unp7hfirqi,588B4E60D089032655AF698684C705DE
diqrm5vv2lrkndh7mnq90f3c55,5C928F0B0CE8BFB6F815BBB6724461C5
f8aag7p0hfv4gloq80nqnohl37,56FDF630E866BF54ECD3BAA35B6E0A5E
ufp1suem5hbn2eio76orah13k6,5C1BC42B3E1A3299C4592FA5443F1AAC
b8n5qilq5p2adqpipsdo5nnn91,5868CE172DE9252E1FBED619D008B3D3
sf6abmhsul620acfflb6g5rlid,5EDD99DB4B18085546CE61C7A8622AC5
jt1f5bdcrtag9n6ivohb6h6ek1,5AAD9AA92524C8DB961BBD2A4EDF4A76
2mkggu2c0ulhl445atmk5mjt83,57FE881312E56BA2CC2BF1FB6B35EC07
nt9nfplfon44vnikudhpmtpgv6,5DAC12251D2E131FB9A99DB09D15472F
rdrek0fr0vp34gd3tlqh3aik8s,55D4CA9A0E3957A6AC8594F8616599BE
crq88t6p6fd5fosm7ffhagmpa1,59546FD645A74EF668054F674BA8487E
n6qc56onior68e8k97oh7b1pal,58179627647F152A856817A1C2A36CE7
uederd7o3tppra997ok3fsuo7q,5D97AC2DF493444668CC9BEAC0B194BE
f5bpjo6n838glph4jr2lhbtove,5D5D537BF4E8C37315D502DEAAB5D9F2
1qvum0bhc0fq6ql3gfu6g9an80,5DBB024F1FB04C0DC8AD463980DE81AE
4bjrjcqngskfvbct7fs4bsjngh,568E2359119DC3A86AE94D18C6F2F61A
ot7mi5b18v0afrr6t8vag9o2p8,582230F2391348A94CC14E16FFF53626
vlmo593h4oh328qdgdtb10bhcj,59B674D20AD51B0800FA29B6A812DB8E
mkbq4l2dig4ftqdb5fsvh6hbea,57A33D0AC882BEB51A6AFDE8AAB9A810
pjd5ls9e8dkepqmmjr6hd5mmpb,56F390366010578DE2D1DF7BA3CFA5C5
g8f9udp9d71q068pejsvrqcvoi,5EF54692891C8FC9E761FAF3EF93CC1B
34dfjrm52kf51dol85u1u51c5e,5B2111D2C251C6A0920B5141E7436FED
fbe8f1u2nctsqje4irt22tmdi,5CE584044E1051770035369F82DF8119
nrugo8bu1da9ab8mm6qit7gdv1,578ABD9C950813CFD91D663EB696123B
lbedo6g5llr3thenht9e4esmu3,565C5D5EBF2C01B35AE74F83450C1846
93vf4tvjckdr6kg567q2gtb7te,5C044470B59B39D781541AEC0EEEE460
a5aasakhoetv4b3jaskf5e0h22,587666A5DCF4B94B9F7C2272320F3191
4tr57kkdih6fsv7ckvn5a6mur3,58F681F6C1128E2BD66FF3723B35B2CD
bh0g5ftk629eqjllbqgijuet36,574B7A48647DD6966ABB32F9F41E9F10
ol6ogpu2id87dkisqi6d7n9emq,5ACECE8F4FEAAC7F57D49ACC28928353
mqflq8rda5qv9geh6eaognkuii,5A13422703C204171140A681AAB53CF6
itkb620c53mf59q9d4sqv4hnvq,58DDB50EF2DACCA94BA28B721E36D032
paa867fhqe5b2ug79jlb10jjvs,5C5E7170295C44CE9EFF97223EE47DA1
4j30vonr7q9gn7ie9i3aqu606f,5C36C98FD2A3A0E8795AF8E873F40B14
l30gf9j8qgeurb7uidkfgfk4qh,59EDC8FC8C6BAEECF6D8B4D11D7A8DE2
4mqgnocpc51jhr0icp2o0o1eqe,5EB2362B4FBFA6B3CC13184F87BDC159
3ne9etkrrami4sj8qjkk2f108j,5FE10F26AB7174DC796EB1289C52310A
2cijbnacu57fm154u16qlihjg9,582953EB7573F4EA44FA1B99952B81E8
v6emp76539dl1u5bne5oris4oh,55C4F6C20F5569F1A03D31010135A508
39fg58ssdnd727e5g51id1nvad,5697FDDD3F04A5DC1800F2EDD2813B58
k3c5rv4htrtn68uftgi5s3elhv,58BC60851DC557214B34C7D55AD1F0A2
mh4cg0m8sgfsph0d2dal033e0s,5E2B4D2628E7AD7268504E04F5534D72
d6vm46sja0m8peusk5e7dmsvm7,5E189ACB38A35EEF021DB672553295F2
rfnmoo782e24b89a30sfnj9tam,5E60182F591DA179C4D5866F12F8EAA5
krl73o4g3qu3e46q322sr1rlqp,5E323F0E5758CB103C92E6C7A0FB1AFE
6gnmaoulq3a7sgh7l3gj6p1bfc,5AEEE0D41A37A8891322724DE759E299
m9g243g7h9jm8a5rfs8nobff74,5FB94F6D2FA8F7B2298CA787A2DE289F
4use4mk3d333v90em092ou8u3s,5D4DA294F87C54B761098A33BC18DDB4
rl5pmloffc0ke7q67gjvhh06kl,57861A68FA8E2A8FFC923317E2E08E28
s3v7pdhlgtpf3b91fp2fhb2j17,59B20D772FD1172730EE9CD22D414CF5
3usvb93rbgj9nd8iekhqhu43it,58266368F242C2042D95C41D72C106A6
533t50fudvvvstlsplouq9e6up,5D6CD56E86EF0B37ABF24AA0A61C59F4
ar84ab9p3fuvtp4nvrf891l4h6,5ABD326FA4FE008A2FBABB9E675F6997
eokvlnss9jdvkooblpqgbredb7,5CEA1015D8374CD3B55EFEBB7BC91B44
tn4ja5386id9q7gh7q369epaet,558A21677D58F3C63FBFB3315D80B2FB
ukaa2ic484rf023ddu9j0chdsi,56F1E0554C21624B3BE7CE7E2B6CA8A1
ldvqtm5kqt2b9ei4b0f0p5br8q,55C71F4B02699522C1FC04844BEB65C9
52drjphb4bbne4jp5db11b6ne1,5E5D67888252BFFB46989092F7FACCBB
4b730bsulmildr8b8c4bsldaha,592BA850132CAFBAF39E94B85D5B573E
m55gaftrshgml5u0fufn3bo682,5644C730896194EEB42BEB44B3EBEB26
ri20otai2a3h9boe26itc8qjt3,55F42EFED5A0E367B5187F0EB0948149
6q62f1d24sbj6u36gj989nau9j,5F7FDF908BFE9041F0F9E73C8AC3E8AA
6q4ip603gd76u4f8rd01fhsdiq,5BCCBEB4F8C519A0E9DCE13A44EFE632
sqek82h18o4eotevhvobn6v47o,5B2310E68926CB1F58DCB14AB33570B3
p40cu7aasism2jbp290p0voa8h,598DDF96B500D6FD10D4E222F2F0986C
8tirlebrleoueloks6dh5shana,580DB7A65429C2466F21DE402D9F70D2
n507736f23iskg2ervbvnsv9ph,562FD4E933BAE9395AAE0B2174830F2D
a70c4j4paltr4k9p34r75obi21,55A286624D809A6EC71911161D97C40D
hckhcp2sg54tl34ne30c0pighs,5C53895D63EEA43B6DD016409A2C19DE
tjbnr8uhss4av0a2iet0pbbn2g,5AA345D9A146726D345C20F692C016FC
p05to59u6j7r7tuk729u5pnn6g,56EE5EAFAD7B1B53937D37D6520B4D1A
ih4r5s77g0prrv98gi59rvrsgo,5A8A41DA623BA523163D70D9D9FCB12F
luqkmfdd5thgajo6lj9n0hri7h,599B415D1CD6F36BE8A4393C42F129C7
f7dfl8unud7jo1ej0thvreu1jd,569244C3EE1C24E725E64C50124317E5
v1up30uegspvlq2q77kl25ph60,58923E73A501FE320366CACC2D3E5D90
i5athhao6ca1p20nm501hcudco,5EBA2B197900E4389DE93D3B51D643F7
ur1rsp50vsah7plsiem34pd065,5A8052CFC8161CF023E00B6B24C5275D
61vst59squd0rrk0tvu0h9uqf3,5EC3CE1532FF86040FBA3E8564061E5C
