Key,Hash
p5u5eo95fefujsdjtmg9s56jlm,13198C688E09A6A52CD344399AEF7201
ktm4q3udgtjenmd65p7vm0qhk3,0C0D56F451E1AEF207B40A4ACBBDF04A
dhg56ktacqljpolte7i30vmml,0FDD6D1630E230E1F7B2636A9C46F96E
7m0peuu4m09kpo79md3soq18l5,0E8327E16667F780B1C37AA6EE329132
v086eijsbb073dpb3l0kod7pah,114D57FA6F0E37833D031AF843B01181
flqeig8opqk0rdrg65ci415p3,0D6092B6B0DC5EE9BA97597F1BAA4C68
31t0va52uelm48maoaucbs8d41,0D402520E33A61C4166F8457BDBE6382
jekstfjsf0tgemg9ll58emi6v0,0D71EAD979CDC8FAB228EB7834BCFDB3
bbsgpa8ed2ep8ct32n387ute43,11DD1A84AC9BE04BF2C2A6682843716A
p8aiklru8efna99m05r0abbhda,0C15379035CC904D72D0311CDEE2CECB
72vslsjckcropgvf80c15c8k5p,12ED351D712931A8E261751DD8D34B9B
cn4eo5a8nptpdho8flhs8poa25,1146C903E4273382535344C9480F6E74
u4tpfmvmrk7236a1b8cknj1oan,0B7B56552A1042F48174C557FAB5B2F7
97a1ecq1ut585o1bogttf18s,131702413CDE442BD40E2036CD3437F0
nlg0tddejrmvu9ps12hqnfhu4v,0DEABD2F091CEC9738FA2A6A38CBE790
6g35ct8fdpvd60oqpqht00mcqr,1503DF32C3870AF868065BD52AA03110
pb17aigqqghsmsdt4vklovs1qk,10241091DC5AC40167FBC1858025050C
63hf7pgpji9dkqspc9gj87hs8f,1244739096D868567E2B92072CBF2568
4ck8tg9d13s4ackue2d2k6asma,132905BB0A20EB773666CCD2AF3CCAA1
67jjcgu7f54qnphjmtagdhj800,0D9DC2D11153366BB03FD1B82F7EA62C
71uk4l4umlns6vuc6a3kmtlu61,130E35C8220B86401513ED8F8ECF5E6A
oclem3cs4trecdeb14kd5cjl4c,127A167EDD4E2660A6B37E9FA1247F78
dm964ip9daq24ql9p59edufdqd,10EF0BAABD40EFE1850BF1381596A9F2
snk9iajfi9ni1i7dc0d6b8qodn,0D016B2B437526813F59B371A4E16E24
oogjo8jv7vng4eg5oe94fgnkat,0DDE8BC7D25410E5566A5524101608BB
hncaicuhcd19ivs4odoiu6gp33,14B21813C4A87E97D7D52BB1E34C9B4F
dcsvruq21rq4gcjnc28b2mhuje,1320529DE29AD95FBB64D7C90D8E8BA5
p3bnpr6vtcsblpq45forncl6qq,12496435EC6E71F323AA94800454E2A2
trc3m8nk2kh3vj8i0niklacqe6,1172B91CB05E276FE0F386CB37D19722
polvghcpb8nrgkvp5p8vb0camq,0AC469EF31D4895E1C565F7821E2201B
tf4n25ukpqdscihlst0akqvhfo,0FA7946A05071C557D5C8E1EEE885147
e8q1d0558jn83g362bt4c155fl,0E994048BB08AF40A300F0A91ADF6B53
vridipcgjrne8bnbt3012qk1fe,101E55204CCD8D03E79C29B86AA7AB6D
bpgvsi8qrkct4etucon6orv93d,0E6214EAE177696191F4FCBD446FB1F9
lool5r0ibachaiud30s6css93i,0AC03164A5F153946F8595EA83EED585
46lut28hisdm6mrd8g60dfg776,0DDB94A9C58842E518F05E7D863C9BA0
6s67cqfqir2bsfh8lc2akd1vt,13A9E0D71B8DA58924DDD56A8B13C264
daevsn5olnqdrne5o3ncu68b6d,10F22B48E27A4D78B81D42766C043303
2kjsjaf88ghipoi93vdp42fenv,0FB512F2BA7C48390F91299EBC5ADA67
hqr3opf1sk54me1rnibau3lv9t,1151F2EF31B42616F72E989C5ACA37BE
46fovao43bs085ipctmod0jqmh,138974320E01C4DEB8FA7E9D3669E44D
u48ddj8e0gk2tfup6b7rkj3pn6,13C0B8D42F21F3FF1B94D5F5F70A7CC4
rjcq0t2at1f03otpcqmgc55g2r,12146671BA5ABED18A0803C2D0D493ED
9hjl8rdq14esf4oea1qreuqb03,12367EBEA26F6B4A9FB42DF49017533E
s4nvn58sba6m5ci9si85mjco2f,109F7963E8DCB1D056F975227FB5DDE5
dru54as6ceqnonte2l5mc5978j,0B31B14453370B50425165C8E5061970
4n584oqidclnkd1oppbml34q3j,0EB3322195746EB1F46212F339B9B797
skjgjl9nvbtb5ha8m7n8gs2qu0,141ECB4DAAF2157496AF047F2FA8A299
3guvutnkbgums0mocr8u0vs4b5,12BE57953B1DDCA47C2A64A479FD04C1
qj4fkqkhsbhrgimfbjnkvesoj,0AF5398979EFE097F6B1DB4C6BD4D0DD
nt8mkk5sg7lgfkt4h5mkagu6fc,0B74F11050680D19F2518673E82C8663
i8eiep83gvna1gflojd40rpmc6,0D5D90C265A56EAAC31209A5487D9D6B
l00j5ohac22h40e9kvt53dtbua,1253843791677EC34856BFDBEBD401E1
nqs6icnj20nm9bisd8bjpm5n18,1105830A2A9320E744481FA5AEA02479
3tnf22khl8h9frb44qgpbiqus6,0D9B0DC9037831468C00438B261B29A2
o5n154kv9f29d9ec9dta98pb1v,116B1010CBC9EEA853083EF8F25D336A
budlfe3f7qngdq47v8lvdlpfgi,0DB6C967AFD83084F8127524D14C902E
lqg8i99vlsg9l0ss46slkorjle,13BE0E8BE208A8766DFA5D4C0C71FEE7
frjajcu8qmgthdihskt7fjve7i,0DC915CE606C26CC140186610FA3A8AE
ans38rmd1jk12r5atv3u1dbaos,0E3F71998C7E056A254CF12A634873C6
od162fenk2m02lf25ieh5g9a3,11047089C7E2E79473B27B5376EA06EB
ra053h8tcsgt7sv0ljccg58agn,0C8A81CD24C3225AA12979F56FF4A378
ghl2hi0cjraj10uqokjue936ud,0E0D4EA439EDE6E3382BAADEB871882A
8c21mobl6el0rpc01a6edav3ir,1460ABA7D88072362B22B5B765A6CFEA
p80dvnf6cep8ieqmf3cv1rvnmc,0E743471DB8AF461EB9B8E2E36152427
drdruq7aj8mf3c55pca1p2g1b2,129DF2B1165080EB46653CE027CFB7E5
7nh9399l53jtbo22mosojq6ufa,125453D6404046AC44D6198979510F66
84m5gnsetj5fpjl2gtl5h8n642,0FC37A6A2189B4687FAD1604428CD90F
u0g9drl8arclb7a2n7grae9enk,10E9B62D0ACBA01C36F5C01204F09DC9
tuquh8b7lr4o6sodt117qsr64m,0DE92860D53BE9C675527221157D6FA6
6s2l958o13s6bqfkk23p7rpt8m,1326155E10A2F632E2D9B778603D88FD
q57kfumro6lafl639ps933u02i,0B10E47944A746D105EAD203DBBCF137
leivpq1k057k40gdqhelajrmuj,13AC1B1F9016FB6755A96970AC99CF92
qio4a4qg5pfjhu38fo5gc856rr,0D3E3AB909B14B3D6669D0FEC7E2D2EB
pqjqqcfnfst4jasfq95ii1bphs,0EB2EFC72532C758C6BAD2DA8ACCE007
oce6fv0ojp47sqgqftr9emi3bs,0B42DDAE1C6A76C22542505DF408811D
5t59alhs4m5jqiggpjo5oqiga2,0F6D3A58BBEB8C31C376C3955AA1F208
q4f9lb6r5ovmekbk4v0im09is3,0E88C828FB0A498B8505A336426B45A6
uo0ue0cou4ctn8opq0g210d0om,0FA6B1A70C813FF4B4801CCE631115D6
8j3okmkaujkvse7i6d9ors4fit,10B31839801FED314166D0EF45BEE48D
7do4r97u17pgjc1gi1222o5ca0,0B37DB562CA413CFCFF89F82E67689A1
uv6l03iglm38g7gftfrc46imma,101F298125CE92638B658F5B2790A14E
ervofmsvrm6nubhk0ru507qc8l,0D95DE026487779FAA4F4F8A27456F19
bpnoaae7iiprrff0knmsp0ef0p,121777B99AE2870223CCD28B5301BF87
bpmpsgbm8p3r5sj5bnb6rnf52q,11996D1D7F6BFFBBB7102352796F7E54
qjq52uo55nssefu0r1drr8rboa,1405C6DE21307A3BAF506BCB3D2EEE27
mlmld9simsg5jeh9jbuid0a00i,0EC7E15D5DD3FE46156F3F444BC62B02
jqfrjkcoongouk2qafmhcpn4hn,0B3996AAB6D26A6C50BC9881C194B9F9
f08c5eiaoe8aqtuh0ilf5cttrd,1022490552A3C1899DA4DE3138938DAA
uq8bg8ktirs4te5p18olktf28h,146B615C1A2CB843CFC22D3C4F3141D1
u1fhe9vq4v1ikh7sdpsbhg2fh1,0DD2022FA76C38512A2223A1F4721051
sguhsqmrsq0obmaant1q09r73l,112EBA72380CE55C06A09C8FF66B0A6D
bhh43ionuq0pqma5o6l2njr4pq,0CFD7B65190BF963FD90A8C5966E098E
p8ec0c7j298tfqagngjioico8c,1228C9A309604BE6FB25227CB5D91D8F
lbqvgjdo8m31mtsafsmq3f1g3k,11CF8FD26EA5C3E9A1474570A9DD745F
d9f6ue42ev9ah3n4rl5hokkdt8,125B3818DF56F7D2F1235F88BD93619D
jd4fthkop7apitn8p25i1e2ve4,0E4D27BEF59D735FF9226E314866745F
lfts7ipptkghg7rmaf7o3klvh0,13144FAB3019FD363A4B8AB6F236F954
eqj194bgoik6vurd7v5oksr981,0C16BC7DB840F540BC5E45EDF39BDD3A
elrgm8k6qjgnng879an2igefff,109246EB42E9C2583BAD725BA6834412
ehup90pur42ovfcuo48of9rnlr,1220C236D44320E2802DD6C80C64A192
tqcds8o28tojg5dgte5fq3upho,11BFC427C5A043B3EDED4A3418E48D51
h0movaubk1kovm6saaks77pq,127F82C6DAD0D59461B6D993B8219A61
rn9iqtf0orf1oeff4pmck8au00,0DC9DDE4967CBAE5D668A2B2AF5B75E1
5akraefsegevihbouti50vkcof,13F609D352C92C6A718272363674F258
keq25puhahk93i6gcssu171itc,0E19D05ED55A5ECBF62D2B58CA3E0B16
8d0t80amvmb32qje10jijhjmvu,0F70D1A1841CC31D011926447028B8D2
7vnb8ku2fsou5rdg192t6e05cv,104F748E089B1EC84916529BE4A0591F
nbga10epe670ch8gp93rc17or6,0E867C6F0101F7318DBD2AB47B5A6D06
9rtlfpcq4b6qc7qll0jhmk7rtb,13FD9DF59D77BF67CF0AF1BAB244177B
72kgmvgao3jgon8eap3eo019u5,0E4A99D7C7907B40345CCFE2F827AD32
ficd706oh2h10qpq58bjdf6tfl,0D7231937665007AAB1B5C71EEEDB589
quugcfj1o9jc0kjp90e479q7sc,13A9A31C406547C411EBDF0C3B371C12
cn3qile892l9eq03e8vikjb39u,1400FF4E2BA4826AB8977FB44F680F52
dtegqkjsl724a1sr6ehei0api9,0D74D0BB6050F02AE3B190665DA21B6B
ci11rgkf8rf5mh7eokqoft1h1k,1126C0E746F71C790017FC97012D43D7
hngfe3f4u1vgspdr43j38c2ahp,100323EEBACCED2FE6DC9D8757AF4290
3t1bik6eqet6kqj344vk5arsjd,1110EF0CCD6D553C89265492F9D2622C
rqjev7dljeqepno1vf6vds26ed,13CC637862D2FC940F320AF0E4E420E4
akiuvqpv5p6h31t7bm7mg4fmcv,14314A87DAAFCDE781B77986796FAC48
bvfime05ct0f69o0jugegk4vpj,130F814D1613B3DA3860589E88AA0309
nqmtgpmmfjqtia1t2ugj0eo0lj,123A2520BBF02F9C25900FFCD4CC4BD1
a1es0lqd0ur745n527gk51pid5,0CA37BDAFB193BD5D1FDBDF202853AFC
irr0grj9cafm7aqedub1f0bb3b,148847A91CCBEDABDF8B08BF226A5349
tmgcmlp06eaa46g5ahbu218t78,0BA457C5024F2B8A77402F848F7AC7DC
i6a72sllg24kr6ku9a4r6ec4dk,11DD5DDC4ABA7272B7F8E2F96A28FF5D
kkb2v6jo61mijbf6c4d81ujlmv,0F27050DA6A5CC397E48E3083C4DD6F8
okapq4dica8v4edcaa49bm4ddr,0AB958A87C089F533FEA22582A587BF0
lf118bj0r45uct7htcemcc7b89,0E05F24FD5660FBEFD9CB53022370F01
pvt2u31km0e50rgrub16iqa75i,11F52B3433D0E69316546D116D9A242B
4jas68gps3g5d1el70dhijqmdh,127D34D61CC08E7603E0327355A26B32
b590c06mjfteckjb1g06cv8fsb,0E6B000ACA0131606F9730ECA3FA9869
qe7l7q035fuli2knbjcs76gope,0F7E3EC3C01FC0355E9C1F175366F732
njmdv55gmnfs25lcgfrvddmcdu,13B707E93AA3A93377D9C363F9B7889A
in2j6ni49peo7d50cssgq7m96o,14C7FA819C4690ACC271F4D5E86E51B0
bmgutdjku16hd027gjq5a8i0g2,0B82339DE43E5A849C01BB0E33DA03F7
ml3le9da4ic96mh7n66tn1mo2i,125F0D2583DE0C61342AFDBC705DA1F9
be7mcm567hq7q4tm0me3ecg9bo,14750D20C1F469C3FC49B2F5EF1DD662
v6fvrip2532h8s3reujfngk1iv,10890864ADEC3B2D98BCD18839C5BFF0
3937f3geakso1lob3mvqsgiruh,12B4FC6071F00E107C5B791ECD67A4CB
618gqj2be7r6rnlmq3uc5qi7bk,0D1569C9EA419BE5466A8B04223B1571
mfjitq8k0fd7tlf6q45ch7pp9m,10DFE094650A386A79FA90E0B565FB22
uijj4t3ff5q0vbqg1fr3rmf37k,11262E30DACB28408637033E40F97155
n1tmc226lo26ool1fnsakqg5cv,0F2EA01E0D52094BF9F6BD684DFEDDB5
hi6ott9vfib3oi3919athg8mgk,11BA1C501D1A0A1113786B849D388188
20ep76d305rgbdorprqv31vooc,1389BB2262F7D6F2DA14F09D6BE82CDD
nhq24qd1n6u63fi0httabqhe8q,0ACFD362E9FE466DF380342F67A620B1
4aftpk21krjbsj5f1ma31podik,0DBEBAA892C9B6A2A9D0FE89B63CB95E
o4rfofpcmcg8je7kp5c89sr8dd,0C6946969609EE35C6AD1B87ED044CF0
seheqifk1uus13v9vd0qs8h35v,130011C3D72754A7C3A9F059CC363EFB
6mdsgqt60h8m3pp0pml6f0h188,10DC3539704A55D93F58DB7CB558821A
fb80jl5ljduk7siugoenmj5ls4,0D9C8A273CA47ECEEB3F54677471775A
dm6uafme4q8msal9r0dolbgd5j,0B51B74D6BF7A16FCB75EB896F85A7EF
n54e5a6ige9evf72ll3lb987ku,14261B0C1C6605C6FD93A60C9676D8A3
pbmjol9fq9p8fkk2i3v86jm1bd,112196819FA098E87929D56BD1BFFBBB
5df2g6jqqni5fb0so1m3q4n76a,14A01B69A2DA22E6B0D8EACD778C826A
40nvd846qnp77f9mueinj5jg76,0EA9BFD256BF1810C865ECE75E7268AF
6o0imnsbm03fab1r7fvodd0kdt,0B17F9DA653DBA09824566E6D446C987
l9qf93o7q9kf9j52b26qnh88ga,10CF96F72DB768ACACA07395858D6BA5
2c8nmkddhju1nikq26au90k7b3,0E1226B561ECE24D932E1AAF6849A968
drsoq6mul7m44ulp14rvv3fjgu,0ACB7690B12889A5D3BEFAA4D4665796
c00regdgtkgkgaa4m730up7uka,0AC943A37E72DA9179A8305318AC4412
ncqjde6g1c5gq19qg5mihrh67q,0B6E3E46E5CDBD59279355876BD40B38
ar4sv9s72ibqteb1esklm6k70j,116C1D82F134BFDBDD6C47C5905FF647
97abaq409ukh2g18627cla4kp1,0ACB14F0751ACA52FF52C24A6F03D9C9
l6um94ku5ljveke168n45v5fcp,1277EAAD5FD04AA487558E4FAD9E95E2
hd7n7mv4c7nke2ra3dkcp454nn,13C90C9C4602102165E90531FF3FB805
f7v4v2piiqlga828k5eh1j8tdo,0C5B7FCA0AFC323E0A2C22A279AB1100
7dgmi6bgi3ub36tdpal19a5bo1,14F8998B3205EFD0BECAF3AD948C8E0D
u865jgtp3f9dl3l8ef604h6t9r,0D8BB886F2CED37D424A0B7D9A9A6CE8
66d1vlm90mna4f68hvg1ctqkp6,0F68674A9AC256D9876D9FB66011C408
utb2c2dtaqe6a449i33scjaq8h,0D7F3A4C90E02F290FE2A0DF85FAD71B
aumk82501dro36tc2h2kgkqhi0,13854A08858DE817E3954D6E3DED82BB
tlqqv53vfsi3trqlpcq5a1lkqk,142FCB9C65B6AF0409B11B93BC3A9182
phruoj13pdq52r80n861sesj2f,0E6F012D526E4A72BB687598FD211946
bibpoeidamg2tsrtirfkothjua,0E4800A4DF152F5F785D9231963F5357
6a44k6jpnuu7b03pskd6b3nt72,1377ABA315C52BE058A737420C25D9BC
1pu26hudp799j2p9duciqvadiq,0DD48A7563F84253D3DFFF6E116A9DC2
lavhuadej4aq09dpgdlahpn80f,0BF7B7059AC20C19395F91945C724D9A
r4emko8pgoeni2rb7vk35e67q2,0F9310A9C1696706F1770C361D442589
3kvrgi9qd9nfppl265dpbcd0dt,0FF672CB3CF50C18476D339F600DB07F
rajurbhogusoodk39bu21brglc,12C065533059D0A96E1F851F6CACA5E0
plfcb6g3t7on4umta6lqaqjtiq,0D9372DCFB130B5EB233E40B0F222FE8
r0felt43spqb2teeepd1r53b10,13F2FBB0C35507436959D377E39B1B92
v4dpv24olhkvlepr4532kbv88t,1060FCD67C976CEB4321529736F50F5A
ot9ap2smtl4lhltqcbhc7inuvf,0C319C49B404C88402DD573666F4FC4E
ok2irj35mii0bis6gjh9qia74i,0EE964017457144545DB58DEA303808C
gt7kria1li92avpgpl9h2c2bn6,0D8F881186CFE01822AAA811ADD65F56
96kielb916669pcdhegv7ql0je,149038D38B324631E42A6377B3BB6A6F
nvft4h42m89ln6b92shmq5sr87,1010338D9D908E8E46A17F3863E0D10A
3b1b6qp1bkcm354bdsqb2445sj,0F6063535807735EBE5E1954CB1B3955
onqj9kast4fd220ldc9go1t5lp,13A7E68178F8CBFBBCA79E722BA85C6B
hgb7p09ssp0k1ik3nnoqr5qn67,0AD3FE0D00E51054F684A2B46B61B386
h6ttd9plvg2m50q5m22q5aajeg,15584BB22BBD19D94BAF02361ADE577B
ljr58oa43beek92re9ebe0fkd,0B6149CB4B25F7EC52FD09511503DBE2
58qgk9h1k1s9ho3q3vo2gc3o0s,1390696ACA04E693591BCD0CCB47C53E
bnm26fv74410vofuagfaht87rk,0F14B320B151B56DF8FE199691CFBBD9
cn7n1ql0rcrlu9g1b4n4uf9395,113387C5209DCBD54107DC3EDF0F8EBF
u31kgmki1hu7uaiovfloprojg7,0C17608BF9861109A134376DB4CF1A50
8e2cf5p2tbei0gkkstgugbrv67,10A4EAFCC9DD2D22F52C1BA48567985E
d1nlrlp0l6sr2b7j34824tjbdh,154296CF7F3AA4E0D06967DE70F61D78
qrqluesrbmvbp4r8ic2s1p8p9v,0F92140A443D5269D5D9C52F13A17430
on2r1mv509p7dmle7uh355m1ji,1330B753B4C0968103302FB0EC50FFF8
k719k27u6gn7f6vu66r41lglhh,1478BE37587262F4D45FE42D90D50D80
c76qj357u8rdi2draccejea7vm,101FE6ADB1C5E78376A7524DFAC3168E
bic9d3hs6ij0rnnd4b768tjth9,13968B58D78B0426DAD1AAF8C22F159B
fqi2ev56pusqu5afi80o9ukn2i,11EE36840EF24CE0CAA419F590FA8C3B
efipo5cavjqgkii2rc1o63p1b0,0FC7C597A5A9EB07597D2DFD61693710
f5ajpjrp1h6vnqjqvs007cp3pe,0FFEE836830C863F4996D766D0154731
e55rt56h6t0atdmhqumon0ageo,14E79209431805657C9B1AE668EA6075
9m3kb88d75pqj388anf7mnb42b,1460265B4869E82004C952AFABB625C0
v8t4mud18tbdm03ks8sbrvqe15,125EACC28719C5998CBDBA8B0E273B49
ivs6rlbumgee9t9qdcqii5e9pc,0E017B342F548A069B2B615E4740D148
dsqmi1l3uhv3qdu5pte1im06tr,0FFA6B6E288868D92AFA2B9E8A556963
tf7jdeuiovik1i3ifonaf6u4of,0FD1E7F5AC9CD5C4609CCF43ACC44B12
bru0jv8gtm2chte6ejilhhrtqf,0BD206475C41711B9B59660160136344
n8l8pkqusa81ued5l5nbn4f9c6,154887516E81E009CA503C79DFCEE7E8
onja4gr1g1omtlq64iime2683m,0E562870BDB27E284120FB0EA5A2D707
1tcj0al1s8ta73f10lumdi0boi,0F6DE3D1BB5C9E87A9D5EE6B0BD6CC79
kmtd7ufntcj64eg71ds38rb2gm,0E1539564D1FC732FF74D8E187E364E2
uctiicj6h6v5tlpk8564jcqvij,141B7C052C2DDF6652463CBD01F2A5B9
o26lvatumj9553b4eivglrob2d,1004A8E7071AFB24E79D037D1D1286C6
cepidlmji6nl42uunsogi34kjh,1132B2DEFCB6930F66F8AF5D3B70027D
fa19s4enafipjkvh0h90n4a783,13537801DB1B4EAF2D31303633CBB56B
bllf13kkfr0a3v2ecp1jrd1vil,1547568FEB28F7DFA3AC8DC66A0F2FC5
j5eo3bjlbuh4lkdlite7ghjb4n,0F290777FEE57DCE034CDB0E6BD44C0C
74i1g87fkgg75jpl08l1cc4mn9,1402811CCE172DEBE9A31DDA45521657
aaoordblvj0vafnd06823nv2qa,13A86C039800A2783605C536C85CDB08
s9ggkes4hlef9qrntfgc7l9c1v,0F50C7591925E52346717897404CAF6D
kquou3pl22h2usdjs4g46ugkei,0F288EEA5C168485B570155E2566D937
1rqitsmaa4mimbumhl3h0d551o,1162481B57F3222BCB82B4A953BE26E0
6mn7g2ep2gcog77lurfbottkqb,0F678F9913DB21562CA9FFC1606B1311
110icov48nkisq8cemivav8iu0,0B2C4318AFA6F5994631AE81BB5F04CB
1gdla4trkhvaf43b5mjii5930v,0FF9D0B223EA39EC110C8954E6336A4C
jhct9qr086lo19g2um7j6ankp,14D7374E493CAF8FD89095B4390893BA
rngl3i01mdgjor21te6ci2jm9v,0E9ABA02D2CC0676FA2201960844AA6B
amvd15aacf3rv33d42gkfoh787,0AC62437924C452C8DCE09390EB98DCD
sc4gu99ss0gv9etif23nb5d783,0D9934CFF8FEF742CE8496AB0ED21992
r445h9ago13hf0qpppdbtd49ej,14551D3842B935CE8CD73DF99DF65EC6
4irte5odn1d818p5a6bb8j1s47,1087C80BDB045BC53EC5D6231DF123F3
vnjob8n722lr6lacjuj03d8akf,12C532E2F8210F0859273AA8ECC17E98
cc8rsd1ejt250dnv6d6md4e9f,0CA63B53AF0919A188BA8A494B618DD9
bslen2h8ml7tpm16tkl5qpc5ra,0D21F6839393C6929C8AFC360F44BAEA
75p9ur2f9n13utkf1t1fhaqodh,10FF59E74545363C8A56288575E3A3A0
v3am64lvfrebqkc8ffekhkc47k,0C55FDB156BE6B42A23572254E6272C7
o2idrjalk9td1cggv7667dqq6g,0F30C72E211A4B88820654333A029A2C
curipqo4t2eq1motqhnpnr64qh,0EF510761460676190FE822B16E02B35
jcca0t2o7dlk1lod57r7dmj7v4,13AF5254362BC94040EF0E6CBE9DF81C
glbercqhq7easuthcqf8j8hmqb,12CA8919EE8BB17BBBD0D617D5AA153E
ge4eikvrue2u3smvke9nas2ghp,10ABF300D0989ECEA5D6FC7ADE2BC008
80o0emelv2voqjafmm4vpvcc02,11C02F098F05B57C06D7D5FFA56357EC
rpa05qhe90m1hvo2opda0b64r0,0E6B6A0F72D75B6FE1EBCC5C9DC2391A
b4mqabhgctq1pt5so5ildm4bhe,0AC899CA0F45970D0E428FC5329228C7
e5kuc6q3i9u67577ccaqr43r0n,149CEDACA2170A75E26B478820D051D3
8r8guthtq1rat8j2q2sm798ec6,135DDE6FDEBCDC8F3427416E615D4C13
hkvnt0rth6u11pqla7vgk2evgi,1280B907DACFF2609E73B4B9842CA10D
jaf7c3k1ngduvmvedp990brjt5,1089401BA87CC40AE97264D5DBC5C330
fu2d0sji4lg201ucuhppg3l3s4,0CC1E265CDB961D31A8EAA1AD7B78C63
20egif7ftssluo0ps3vqgst6e1,10CD1ECF404180EDFDEBECE689425868
fpmovd7mjtum86v2nnu5qe0a13,0B61FE7AD275569233A737FE366F1173
5ck2ql5pgj3c4lgkffb78hajgf,1223FD449A8CC802108C1E9C094287D3
f1pl2f4ks30oke4mmal9q4ic2t,11185DAE063FEEE9A5778DC70CDD633E
ks1grlqlqbnambklo435lt5k81,1083981F615BFA7C8E7CF5D51EBF0445
e0bhahudnrm0l4klsiiffvgo6t,139277514529BC6549B27E664F69ED72
f08ip4tlb4t40cgnug1gfijt8,11E6ECCE4E405F1F74842AC059BDCDB8
sanu3rt0r45ccuqag8tc0j1o70,0C828331504EBC28738CDA21DAD6B6A3
ocptiqfuk07tttkgetflm0m9d8,0F1F498FC93C7BFBE7FD281EA8D2514A
tnkujb62p39cl1f60ko85bgdf9,1380550CF1856654ACF2B33B648E8C58
n2qg6nu92e0vjjm8mh58k6rdpr,0EA7042C79C67235247646B2F2873742
9hb8pldo486tnmudurvajev5f4,0BAB0EEDB69CABBF07B3D113502448AE
9do7om6gnn498jljb7es3orv6f,0FF1B0BF3F87AD8F10A106E5B3E1CD13
qsuaa58fjbjqk0c70ld6720cr6,113E0664680A631131B1B1C662CE398A
g897si31b8kglvpr6h3rlrthf2,0D783B4FBE023CBC30CF3AB230A2D1D7
oqatq0b58vcp7hf0rcl84bbtev,0DB3F5CD616718F0B4B69148E32D1797
1d3m88kbde2cmtn4v4890592al,154E6314B252B86D696794755537767E
hflsdbnso45e56vdkl8et6pnp2,122E0FDB19DDC738871143A368819596
m6t639d504rvm5pdahnhl5p4f4,12D4EF4BD8DA250A543F6FAC6E0C8C3A
ntks8ag4i87dptt4r3faaqm7eg,0AD25F038C10E9D95E1DCD80BF10E2AD
b65qb0n7q3gad4q1bmnqg1dkas,104A282F64FA8BAE12E15B5F5790AD84
onvsilsdtllu6ji1v2dceh9s54,129261BC8CC1C43127399AFAB69BFB14
cbk48sp15s0vpbu5h73ughoasb,0C4C13B6DAAA67F7D8742DC9507CA250
vjicq6cl586t3kpq3h5tbnbrsn,138BCB4F84A7A5EC98588D61B9ACD157
a900m6lqtfo9e0eg6cmkls5hdk,0DDAF3A4FB68BB92C622B4F12F8882C2
41n23rk2ug2g89kihkkr9nefrt,136059F027EA36722D6284F7F1797925
vatoaeed2ao9e86hhfdbsa58ah,0BCA578AE50F16927CA74501825B2E2C
6suph3ug8l2rrt9rd5cfmjfqep,136167285B6C0BB23D5C1107B6224BB4
53nkvck9v2n1fds50236ldjphg,10B8EFE92EFABA7BAE609D069A4D4C5F
cgvfiprrmlpmvdl391vemabdue,0F5DB634D4640D16939894941AC36B1D
ie9buh7rcn8hggh1n9pfa05otl,10BA98A23A2BE3871BF57E61A7742C9B
nl62tv7csik56e5v5re4tapim,139AA61CF156CE54C7FE4329B23529F2
6njkicu4vimj5jkkg3tq2245gc,12AF2A0A4871CF14742EC3C61466FE7B
vpdtikat7f1qula58hs2au4nfi,0F07D56FFE6A3629C4C48F2EACB49E4A
cnc6t28q2kjsq8ho5et0co4b3n,0E5433A7B0BEDA8D9C95A2976756865E
82vbinl8ol9gupo1kbihvov5ue,10F7AF31979C74522068C937DCE2BEE8
ns7adi6v4ttkvc3nge36eem51l,0F89E577FD4C1DF90D583164BC6F650C
67gq0kjuq3gkdd1i9d8q03at11,1452C79AB9FF92FB4939E974B02C3087
t919gq77ce3f9cj3usov54s66h,0FAEF91EE68BDA95468980ED42D87792
o7fh84hl61m3341lrr16o7d4od,0FD61EEF074E81A750189C479CC77C57
hvsu43bsvoo8039rksofer7kid,0F293F9CEF93C48BFDED17233D803E91
tmo9mthmdpjf18bra9uuu1htk8,0D346369D8B0B6CE59D83D1B38317A24
d94j28772md4v80u7jvovmgk38,0B4BD14D48490B3AD0C218BFBFF7CC71
r97l82l81laa7v2fs9qeln39uj,107E06D59005F3990148920D179C555C
3us13oko1bnuedpk1qeug2615p,0BC81C56D56DDE12C6D04DAA8FE9108C
dvm466aqj43s4ojs98l1aen96n,0BD8505B59BDF6ABEBED2F47667ED7A1
n6rsr0tpisvbtg7ta79so0odsj,123E1227C38E51BCAF45149BA77C8E49
hfekojkare5daluef40ms368ja,132C10A9FF2DCE0B1D0CE6F637970D17
eqckkv10ir2ujcaqpub9s3llln,0CF8080815B14BFD287B6F65A429AAE4
ck41dtc3p7bnmjhrs9v1pc939p,0D35C80565BBFD658080B4AE4A98B6B5
3t4oov01evvdnulej4o27p2j1,0F4D2EFDF604E5FFB01EF7E7DDC5B7EC
94s4kgjrohb2is2j61g4a7v6f7,113B3369E9B24874724F2627E51CF77C
r7sq9g14ju188n9ue4qo3n24cp,13FB2071750C56F428737A07DF6178B6
mqctoof8tvigod4l569rbmr65e,0B780774CF05374380027C947BC3FA67
ve98t4orf75hu2c3rn7173nd7c,0BE1009EBD0E6B1F819ECD44C6BEA3A7
3plf32i8uqsrt0m7u9c6ajbk8s,1303EB57728B270AD5D504CE7BC1116E
3vujq0dqrjif7o6rsur8ftiqqb,1284F502B45AC0D7DCDD0773C8D328E9
pgic4pmcdrismr1urahb0aao7o,0EA51A3A7109842FBFDA016465EA8FE2
6k8ralhb8vfgn4f3hibl1p7t2j,11CD1231528A37A94DAD1627811C809D
69vk09pjni4vasd07augonamgl,133A2C2B0A5CF65852DB220EBF2189F8
i3vojc256dhsq5oo5n0ke19r3,0CDF90DAC430549C05A0D005D76D105D
78ph7cstn3ogai4mkvlaa8tgvr,0C6DC4560FA7DE47B09A1592903C642B
4cj3l3kgsf0bkaf0d182k39m0i,14E53B529B6521F25DA67F6B5E4EECF7
e09irmheh6f9nnjqmusfa804ic,147F3961AED58955F8E3328F75751C7F
qr6saqpl057p9vqqvcbjam3nj2,0F7020AB2F04A2D3251658B873725250
35skog75i7kqh79huq05ho5922,0AE3430095C840C242E2646653DA9EDC
tpia0vidsl57lmkhpjlog79n3l,15293601BC76E48D19F8BA048487E30B
psoium2qq2j6vh50pcosr3lej3,14452A18C4BED02F7B7B97D3A861794A
jv53h2tvsg8dsfc7rv7pvrs0sd,0EAC69543E8EE8A734CE4503BE3CE6D1
erbbqoed9rff6cjsg1q5h9gg6i,0E2416C6A2D04A11D609070FBB9BC83B
ar0sbh1cnegql0dqqncgjllr2s,0C20412E708DEABD7D6F757FF3B005B1
svjtpisscum0egckl64bg1f84f,0B3C3185CB2EB01964DC74D7F8DE59FE
gv4qc0q78lsu1agq2vrc6rekof,0EF3031A6C2864396482AF81C2078A24
hfnts2hefu07v9rsn327ecgpn2,12D82A085D3F6CDF133382709CF77984
id7v7bdivlulbvr749os267kmv,0CBEBAD54143847089ED3A409C22A8ED
9oko4iq9imi2pvg8826tdkkt6q,0AC6410970BDB88A552349BDE6B0B910
h42gsdlrnaae7t60l92qrkrh4j,11FBA18BA52370C0F82C85EFC34138A7
s575c3ag8g3p2td5f90s45c388,0F6A92BE2B3FD0C6B93B887A8AC4EE7A
dg71bpuahdqvgpntj3tmi2dh54,135B2808FB3A3593A95CC797CEF11583
pplm8j95iimk0jqvk14e2etr12,0F057939193C109763EC540C0C06424A
oie0b00jqklv1e3bj183be8o3j,12E38D8B985874DD00789E8D7AAA3878
j9jp2j6mvtjun9bubi4ucu396f,0E2281584681EA75FFD510F3852379EA
651bhcnf966tirirqcb4juvh5v,1109205019956116F56D344BF034FEF1
kk8r17clrofu7jg8ajig6n6d7u,13646B07F470639E88D6791CF16D54D5
ttmv3vjas0v5pcma2o47k9nna9,0B6F4E996F025FE10AA5EDF3F384D583
s78525ma60l9gehp692cqddtr7,0C8BCEEB5C6152500A077577C18B5FD5
p5ucm5jp9fubd1460lfv3e7csc,0EE0271DCCEAA04225D2F5BDB439CE0A
ic7fnmp14vte5gpuhr01qd2t17,0E587CDC4672D49F8DBC58B550FF605E
e56qpum7dm238rffigg60pnvss,0F48ECA2562F04F9C442D2E9F37E3046
gdv3rv995r0i67kff8pjt9ao39,101CCF2B81A30A25B136479BE7151876
ih7ml614bf5gteosvg4dald190,105C0B1C35650FB7647FCABC69F2BD64
uqltvv96k8in3vk1k2nh90ag0h,0C00F37CA89C37941FEFFFB0F81EDADE
5eep9dicg21fq0pgfcf2sna1hr,0B8A1C079F08DFCE9B4D8A3F3DFE63CD
2rum1eejqrupd36jme0a6mad8n,0B3FC0DBA9347A4BEF56B2EF364BD429
rfo7lbn77leu1k23sc0jcp4ar1,13E746950951596959064143B110E8BD
rc3f81ck49455nhquri2m04l85,0DDA64C02411D72AA2109C269DEADF88
60kkhctr2crgvnhhfh7tl0uigm,1509AA270F121F1E638D644E2C067335
2koef3rhhs1j1mk42k2jd12bkq,0F05AEA04DB749833FBC237A72BD0ABA
9i2qe1fnv9avdqlt1et0g17rnf,0ECD76A6705FEF5596EF0C45144FB409
ogq1qlnm3dqpvk5cniaemcs2j0,0C080B26C39D8AC04D12CB9D7D8A79C7
k9nojs3jfvcdd4niqvmeicv177,1438472824C0F86C8B74830FAB88E418
563ajvlt1dpva9jvjcj036hlaq,112E64D67F4DD91089EDABC2A9786053
nmlp00rnbuu9bbtmltfo132ulh,0E252E4BD01EE37384FC0456C9E0FA29
a51rhulg9ontg5mu68pbovicc9,1239CED7541E12E593D998D20BB090AF
rfnkn1fh3lvh7ujvmljp98ogu0,14030FB3BA5BBA3156B22495018E7F95
fr4p40r49d75nvebs7uad3edsl,142175B73F83D7E09399A0FF0C24F230
ijei551b60l54bu1fhbd9fpagu,0B1B5F1882C231050260FA3D270F03AA
nhk1hkbjvdjaau7abrj9smp8lp,1124FF260F1C2C889CC5D9134D83BE5A
vj4v48b29r8k4imntmj4mphuhq,0DD76D573C599A9E5D958B288BFF5062
ovhaf4nhbsup817ta19jjld5gt,14D54D6FB359B3C08D8D10E9CA346F2D
mt54r0rod0hamagi6ad79aubin,13696727A60F6EF8DF99D8A1AD842E28
bjqtilr1iq94u51d9eva5bm9ie,146A18B002AB8511BF5E29369CF8E885
8q2qhdeg6jemb1e8bm83fi8akq,1265D47B1294827DEA629ACBF54858DA
nbbqg8p5e9eko08d6f15ltdcgu,13E707A8E0959EB79F77A20BD358FAA6
75f16jd0efrvh3t42b0u74orem,10A2C4EDDF20414CFE57A3C059600CFB
guh30e616ht9t9olb5lph1rgf7,121A94D2CA6BE74C82AE0037685A27CA
gudnk54ff6449gidcf8o4doclt,11FBBE33D40E5283C68B5A2044046477
mp3t9ie032dnmk8tuoiqu3tq56,14697FC788ACC00700E0DFAB62AEE644
cnvdh9eme7slu9ck1pq16ker63,104B228110876804C43F84D51A7F5E00
3r4m4kgdudmurni9dqvh9tom2k,1029D5AD0FE9F08C2B8D0B00CC7D3DD7
q752vfc8qgd4gbfr5o04m61tf1,13CAFF5370F845DF2CEDDCBD16BE8FA1
gu35i96bh1i13j420u754q0d5l,0B53989EC4872B6CA1542F0DE5D65BE5
s5i4i78tdvqu6eubq3b3noscfh,0BC5E5B4B8F9115576AC7716B3E2B7A6
q0141j6j2osp6pnnj75n09hi1d,0BDD469B3EA2E09281E834C436287744
4fmv0ceove3jsjcvoj6o9o10bo,0B045479992E64AB64F5B364E0822B45
mc97e2a3f25e0odgfj218060j,0FA38F9942036DC5569B7BD2F5889A81
p2e7076iguj4f6rqffat22snb0,0FC9C0F541DD6C0A1DC2FB96E24BB700
4f6pmpdve1t9ps8gvunhmh5j0q,0BBEBBFF7493FE24CD24DAE65EF795C1
fv9003k3r9ii99otstnga3eu27,0AF6A491D1982CD9B746BA23398758FF
qht0e5eoddspt5l8a79t1avlm,1356BE822344CE2A4A26823BF249AEB4
lla2uke7bsfdqdjq4i7kj1m2n7,10FBFC9517890A922E361A03EA885E69
5b523g3bm53qukskkqrj3ubgko,0F1754D8017F1BA11C649160B3D83FEF
al1jsmhd8fs43iskgrfa8dio3j,10A184072433A41848538FA9D7F1A01F
lnl73hnn6tfhqer341n43ucu09,0F3E2E307F2B5F285CB3A06B337E600C
cvdria9uisot012vjibnj0vr6h,14958E1976202C884EF1D9123BDA9772
19l7dus9e1m8p5qt1b3tneqbar,122FA1966A4861F5F4E3F90E55427786
i14ab6n25eo3b7iphvb5f2lt9b,0C6DEE40FCF0700F9CEE17982CC95923
ug3hu3ckn2ia8v58c4klg8vr9j,133F1AF0DED6CAEC467574BBB2E5619F
aj9qim4diedtv5hdaldnkb27gt,121B5CDBF94664CFA738DBDFF1A5980A
ald85neo5sfv3hjbo5mcid929c,0F6A020BA6830F1C25065F104B89EF03
3dddeg4147p6ofr8g6mguac15k,122B5E3C4ADCB66FEA12924B78B3ECFA
jvgbm47s87upv3h84d97lr8dlc,1452E64640E31ACC3F5E789356AB594E
b42quh1n5uqb06bsnd3500igkk,14FD12501B114202C71D506D93B0013D
8bvub8raadqnk9u3kc2a3av8gc,0C0A04E863E8E0514CE40BDD28682C36
4vova4f1jgq3em6hs3q68kuip9,0D64746A7AA1884C023DBC0D4FED034D
su527nap82upsbtvic582ebf8t,1361C73F492A053A32BD2E45FA0A4992
rf793cehhv8g8he3q474c30gk3,154561DE57B06C1DF6AD3173B25166E9
ldmuq19qde7mhl2ak7tping435,152B1C2E7F2F447147654F3EB975483C
spci4c0aa9cqjt8okctcke3he8,0B261710C5110F654642F822067E1F76
iait12ndakqcdpgigdl6v6d42g,0AC4219445B4DFF5535D6AC2082C705E
f9fpc2t1qf7e0u8o54hjhstr68,137AE76D4FAE819F0A7990A4382CF29E
oruh6latj9rnfh9vdpbna8os8t,0AD63156425174A5D0F59BE2BDD3CCE0
r0nv5hh08c87l3dt1nu4kqkrm1,0C6007FB2ED2A9283328E0E40F1B4F73
2t43c5k39am8ccnepug0tfbr2k,1271D430C9CB9786DF48C5D192620A4B
rpg26rh93ssq9pir6rta20igup,0BCFA7A44B3E58B56AE75433A6B50DF2
vg65fp6d343h0i3s5ht9c3aog7,0E2F44B4AE05E36E59203A615D80EFDF
lfctpj18cgtnknvg6n7fvkcag3,0F60DE6B6056198AE98E1266D9D466F3
qhmhgfdmp6sagnlcdmvk04g0hn,0F8068EC04420177A251322FD7F90710
3lsq11eq00mvflsgodq5281plr,124175BBA7B67831DA5406FB2E2ABACC
5qguilvs48na0tchssnk23nj1m,12EFFF75F7C9A9784ABB82BA95839059
e7jnklff74d063qnlo727m2djl,0B85338199A660370DF87ADF8306309A
m0cqu4k81tcaa37uocppfnaica,0F85612F3E2430D5C9F90BE56A6EFE4E
tu5v5c7fji9ncbqq695no0npev,0B7A0F8321318F196C975F9C29F72F2F
1sr2ru01vu311vd6dqpfcck85d,141000D723D2E94D3B9EAF1BEEE9C0F5
lki3f9gjg2euhvaku32ftqfkig,150B6409163C077FC97F3959DA75B087
ljrhng1kra1t9tip95sca8ul9v,127F874D4A8E16B036B556EE0C3519C3
f0g45rnn9km2604boup51159bo,114F1153C153C43EBCC465EF308439B3
7g66ogkjmb69m0gi4ib5hc1gci,1289E4A7247F3709243FB90E6E61B097
ctn99iqj0it6lotu5lqf0fa4r5,10E2CAC2B39265B167CFA02D8B49E153
tpg6qqpdtm7co55v9e4uhd0tag,1464F7F21A34B8E7DDF225D96FA2C0DF
p57r40imlp7g4qt9t7f0tjr4c2,0D03350C740F1CDE3B4203488F3DE9B3
74se4rb197sb8l28fa2v2dmpaf,0D302BFB5E5324A5A669057136BE1C4A
btbn69h920bu0a1pr07it5o67u,1405E295868E3513725D23A8FB4B8ED0
m7g2rib5bqe9vseu4kcn2c7799,155302B46046F7DCAD544C999A6C4026
l6dj659lm42jls0ci2j99vvn5h,0DDE71DB32A916115E8D2AC57B379DEF
tof8s0rpkabontqi2mdn3r32kk,0F480A847F07EFCB5CB6CBCB40228CF8
cfjl9f8tjp6mbgk3p8sb94bijh,0D9040592F055F08D714308C6340445A
v892q02ndq7mf6edlg7jdufbac,0BF6D9BD30DAC3F2D6E2CC4F30AD6B18
sk8qo0dm1kpvt1ee1ihf4mlhpb,133C51FB5D521AA05CD2F6AE72EF691A
629vhn37lbdnueb17iu20gjg2b,0AC83DF15279B8E396B7A08E253E43A3
jmcpdrge5i0g541truo0hggfpp,13B5FFA571E10C0E5E142ED24218D84E
6pcuhf99e1b0bhsngj8t6hhitu,13FCE51259D95F3C24DC4ACB835777BE
33rb4qcdfs9p58t4du5lb2mjph,0C3B5F8135DB264479469DEB7B9D7027
4c0g5e21ghumsr0hhqka1d3rkc,12C5C3C2D146D2371FF2A3DC6C17BA43
a2ptpogtafa3qqsaga9391pj4g,12BE746D383D2E4ED8B3BFA28C3A7E94
nqh6j98ur2rs1som6adksa2c7m,0FDC1800950B7F5871C90F6CC947CCFC
3v3t971tke108dbpbngj0f33lv,0D6B6FF9845D3C6F604DDD9C4B825F6C
ehprel44fu8n00jkq406l4tf91,0CDFFE2F757D0E945A210A01DFA8659F
u425d0244tin1ep1jlg9d0vbta,1545496D554B080686E73E259B54CAE5
1toi6g4obocp5tdv3m6t6snsae,12834618CB83D8C6A986F6CBDC8A46CA
3l9m1r6o1p9ofqpmiaifqkksfu,0FBD4D1AA035777066280A8CBF13546D
6fqtkrir5orcmbnpm53oe2fmh4,0B86907C2CD0C50989974440B102BBCD
atccu1nu6p9r5uiq49e34hug73,0C3A796F04861855F0185537B4968DEE
3h03es7af8d7uiauji9vtigff8,13F7FB7DF9AC9F85229490EBC5594E00
bc1ulbdauf2np3tkue7qp0h69q,0C06EA2660D84EC6F76BE156503F0BA2
t0r7sttarr7650qnihl2brkblv,11546E8F8EBD730E4A1F5A98F0FE6B6D
kcrb98lhgvqvajmcmcfqposs8v,11E9BA6630E085489E3B73E3E1D53713
g5pv4dbugdvm5vv66oro41t7p3,0B724245F8D286F4DD96A1D71F162F56
tava97gjq0mq2t3k76vp2acf22,0E620B06CE736A69BE09C734E3859032
du8598jr3d4c3mrn4o3tmangvk,13590307B903FD77127AD9227918B53F
6ces7v13aoket37b3sk21j6o37,1538A048D04090801E5BB638286E116E
bhhojkjm1udpe7glnmvbjaj1lt,0FCB79842DA672BDDC0B09F36360DD0B
db233r910vv3crs2hga2162h2i,13D1B758904B0EC7B5B11E7BE208CD8A
ino78lsadcskp18ra2d12iifjp,0EF98BFB38E0DC624F3FA9C082AC7C57
f3vq1l4cn8ca9nr03eoklv2v3g,10CA014051A56D08A38E9D1B9747318C
p97bitlmp9ecohchnrfcmek5ic,1131375C47B5877A52E3BAFB0AA61C6D
n25648gdeiq3i15j2uc4vc61lg,130428B386A90E8456D327927BF1DA71
s5kglk48r14t4thfnflq5fjsrt,0C183595F133C92A9591E584E01798FB
ism4626sbbqq7ufl7s4ehufcan,0EB7E1B74E86B890EF9EF801487C5786
uo3kc963kdc1v7s7d9vdfcpk99,0D85D46C4DEDDCCA6D19076B2D5B38C3
ir62vivfmjjkok34p2177o9mlq,12C1E4FA4D92A79ADC566D503B0E189F
smoralj1i6stq14qn0n63perd1,1057E88231A441B52DA5FA4D0FC9C659
9a5pilace7l9de69qv63hh1v1r,0AB6C0DEC8E9E18696225E29698190ED
m0jqfmvpdgafokf20j2dujo6eb,0C692BAFF7CA23EA8651C15B10AAE9CC
ken8b55ua7hg7ecp43p4clas0,107BF760AF9953F51467C3AFC4F85AC4
b8thco82tb0kkvfunk89jv2jt8,0FF69D5BF60AF2731FFA1A7271821305
5puurpi5rhov3fv1eo37fpckqj,0C1B63E21E91457E08733242B8F1A6A0
kgko3tmhb3t2cio2trs2s9kh3f,10DCD4494E0527152EF60F4EADF53FB9
p792of78afna19pabi1dopckjd,0C96552973F65E31715EED109B6D6490
di9qt48nr9rrf48g55td29blum,0E77BDC32CFA48F0AE0F8FB6B58C8B9C
tm6cv292v9mbj2ls6ukjsi0iec,1473C5B57CEAB0B9220EC36F26EE7124
tdvrab1c9i042knqfm10m5lno1,0CDC3FFE4C3D0E2F43C3A6CA3D4D0289
8tj76vn1bdf4j9k4b0cjcm70a6,142FCB5A9A11EC93B0BAFF7F98DE674A
s161kdj58v85v7roch1morer7m,0D817621FFC148351EB5E8FC53890A4E
addk29cqs32t56l353u5gnaeiv,1252C902E765CD3E2A793F9A87B35E39
3s88s8iq48q9lk82ac7ilnckrt,0D70AF4A60473E2A0B9F666D5D164051
5n6gmj8udf346kpq9gdmrrdn0b,0DD15C444D3CF9F640B9DE4205D45664
v4gscauhd6fasil2fsmgdfbrov,0D0154218228EB60D3DDE76651FAFA04
ddjf7ohsmrdg34g5fl0ocdvmm7,0E8877E1230D57DD6854C85394A3E8BC
u6acstqi60mbvfm714405m4nge,0D9A5E8C7146ED347634B332BC6FC9AB
8sjro43cbpa53lfmhms3ivofb7,0ACC6BD2DFF845ACA7AF109F5403466F
ed1sir92tk0qtco0pjtjn0nvbp,0FC060042EE1D2294C62768A19F6D1BA
rfnbecrjksjg19noj0p02ln56f,124B5023BC2841E2E768A9542D243CAC
3l749tem71oeqo4k2plss8v65b,12772A0F1C5B686814712290E5FC407A
mlm89tm3fmjqfhd3ijac88739,0C97E1081734720EE637223A62ACB031
9e0vdcr0gpblc7o249p3tt11j8,0EA2AB454877CB60B77035831A27BB7B
e4ne12o76n28a9n9t2i4gvs2o1,0BDE1CBE11D2BE84886A5250AD4B9B8D
snklofamatku5qpo8jkmmga252,13F6BADEDCEE088E158CF79628AD038E
q1sq4aqncrcu78jkft40d9lcg8,0D4AA6C7E5824ABFF53F1D51E21D0071
ml3ng46403aqm8uqe0okcrci4,15527E1E1D868A79212F49A0A9E2DA43
v9s2moph6gdqllqu352pijbjsj,0EABF5DC5448A7CBDD0E77C16A6A614A
651fffi33rkdk9nihctkr13o7p,0E3B1829B0932F29BFA12C23F71D681F
