Key,Hash
ul450r2nf3h64kd7ugt7bl0v3s,4F2CF5E5506BAA071B67A4150D0B0059
7acdn90q9u0e3r71at4iqfjmi5,54E536A22E6424C469C398B90060D3F6
6h1vvl9510pt5019brtpflbsmi,4E6B535598DEF362851CC2EEB88ED486
g1u950fk6hcb32ocns94s0e1ib,4AD19DA515767D1C5E4B9DBA5CE6B93C
ps2k4vca1t6dcb2fe7l7tq2fff,518CF3CA7B185AC75CF801095D7FE4A5
aanro1psg3lm0uopm27gb9adk5,5457EC40E7266295B6AF17748562A979
15ee5g96s0ci33vo2v65kccmfe,4E45A610829ED481EF839730D46B5C3C
e9udof7f4d73fpt6vune8u42j6,4ABD323A1F967FC6BE6F752A67612D44
r9ne80shaiu4v2rg792midcp49,4EEABCDCCF7F29DE7434F7A58E974BCC
jgn9i18i1q848tquhe1njpide8,4E722CFFEC1E3093B537EBC5766F3798
aahhsf3gbhcn6d6gipsldvsl82,534DF193A4E3DB0F4B819AD69ECED093
jhsclpvmmso8udkbkcoaje48tg,5142219D1705996B0AD2C40D7BDDD1FA
3l2f3gnvq5hc9l9h8bsgh6c0h3,4C21A16BE48A7006D04C8C60564B16EB
94vcr1lpajmc1v6ad9d1lb9hoc,51C05C8CD044728789734A2719BE8816
vcsdd88b0simoo0a0b7muoj3h9,506F43D6DD29614C96DF687E3A0BE4A8
57b63pn4efp77qbmmrheiechrs,53761D8C3EC969EF73422A6523CF2A4E
dl7nf3e4c39gq9et6nr8jtc6ee,4BBA7CA9B6649BF1115BF4847F2A9679
470l5m497fqv2tlsm6tvrsvhqv,511E2CB1829B922FB73EA2E41D74DE7B
clvhmanargbbg65telro5kcisf,500BD696E9E29F7C37D5F1253F01E22D
v0rrls6cbbtd572fuccjr13sjm,4C5B54462C7AE88948C345A4A3914550
jepeirb5hnbutqt6gamlooopqg,4D001B594C2C697A22F9DF78CD65D9D7
74teeplukb5a9e6nqpc8n6v8fj,4C28AE4AB7271D54923814AE69C4DD0A
fut7cpq8dsdj079ltv4e7ofsl4,53A531131F072C4F2B282ACDEC6C5A77
fr7ubrt5lkreqr512tlf6r1t62,5337BD2D5971DFA09EE3A757E55CBB82
8gu125c27sa1gdvu94d7t98gfo,4EC8E6FDF7CFAB87531B194651E6FACF
1jqug7rpl0277boeqqaunvl1ai,5233F3B767D7CB24F87DA0258A68547B
fqqhc67t1pk21r8isdt6gtem8g,53702796D5F302A98C8487ABAD0C696D
5e6lefuckhhm6b4anrk64oldgi,519780F229B849219128E912BDA43AA5
qa1qaqb3fd5e2kgd6f1kvtpcus,4DB9A09A9383D78E1D7DE9908A84CD81
rgs0qq6m67e1t9u6pbt3k45er1,4F87693836487AF8B450CC074DA27ABB
r3scgcrmvrtm1facarskc1p792,4AC6CE40F277026DDA84AFEE77DA59B4
2bv8j11rd4ico3ivnl3459mpd1,4C502D048E0723C25220CD34303E8E89
hmbbha7bi0ftv40marsp72l5d4,4B6555A0FA231C98E73A2B205CEE4FF4
9bk2jm6mh04ru1cj0geajgu8c6,4FF63FCE8870184D64BA20610A3C1D73
osmbs0i7tighbas20q0fhl3muv,4DB476470A186BD3BF960256369175A7
v5ptbl03q0m5h9ngoknpjscnuc,51EB4407BDA1EA2A488509A116CD4929
71mld20bi247ep29oev115too8,4EE8215F26BD05136C438A4CD8561214
f0c5ieu00uuu3dhns701iqg6oc,524F023DD31C3C4F6DC571580777B753
lp5kkqcb2umnd3uuporp0aosqh,4F77D3A15C80A34C1960F654A3CDCCE7
lnqamvcne4r0is3fhck13qgf91,52743100FD8284706F7EECFEE4BEC36B
pseceda3dehk7kualvef09heti,52DD54B3A2CEC3D8FF9A7E9E5BB1CDB6
eps934n54g4nabtc5oemq363ge,4D301B15D880490CC398A31DD582A612
sqg2bqrhqku2f29o9q7te200b5,527B51816395A196480F1B9D45BEDC05
rj9q2sc52ceh7im0ij37hkf9i4,51726E5B0DF376E3BF7C3BB9E44F6983
u91uuisbd73me148dri1abne7n,534D3D69D272E4E41D387F13C64BE07F
aucji5vd92mt5gnr7j1uph9nvg,52D5486E67BAE404EBDEAB6038DEB43C
g7n01scfs5trf6v53vptjnedik,5291EF7ABD0027F4A1B82B8872B09A3B
33phlsebu61ar0j7kg8asf4e7f,5197B0791369BFB3E987F398D67CE422
vsi4ah033e51j7trbvt10daif4,50E1CABF7D7BCA1CE714E2B644F4FC5A
rk3ue2l2pjbqmlmr3juom650do,5032A61292099A5BD21193F15281CCD6
ea6u1i2hq6fugp2g3p37lcvcv1,52B6804E9D7EA1EE1FED4D4EF835ADD5
8ojmcdt10qc1s6virvquru8beu,4E79203ABEDB86A4AB014C6E0ADD5758
58l6lf66h3eqarcadakd74d1sg,53807A9C67A25B05F12D958636A91E53
9cgt89h2na42vcjoebi8b7gvu2,53780B131D02E8F2BE48C9791BCBD94E
a0iklqhqigksoe88lid0roeq35,53CF7BFB4185E59DCCE6DFEF769BBFCE
kdg68kaueg52c5l5g7bselmav0,4C0CB745F71F121281D127087145AB0B
8mialvshmqek2r878tlvsau446,553D08A8E37C4B89CCBC8F0A5E33BF89
21dmhem1o6n44load7gfg1s2dk,4DB7AB786872572DF73549F0DD3D6017
p9ofk951l4er30pgluk08mvv0g,54552A3356956B70338F8AB3B2CC8812
2v33beod5c9nf76ft36u3u4g16,4BE790BACD98F2CB73CB91B187141C6D
a42npeolge8n6t0v1m269ncs7h,4AEFA2451C6CDD6D0B222E7BFD154AC6
it875bhsg4t1vsc13pb1amlas8,5210BC96F34C2087D678DC554719B247
r823t2odusdm3qfmd7a3cg3ts5,4F94EAD1FCBDA6200902FD6705BB582C
98pk5p2vjbrr8k2sc2mtjl92j,4E958B7038ADA43559DA54019B33A91D
aog534s1o81jhhg58t2h7k74bc,4B9C9A1EA9ED720F5FAD5C2EABD6109C
5bc78p7gibe79j1gq5s1ing5i7,4D114A42BA28905723AAE205C79D9ABF
5ienf15f31d2ue1vja0u4sg553,4AD05E037D8E5AC31975973693F37B99
6b33l3rqq3mkj54p7cr8cdk5fq,517A6216DB96BF41D2105244EC6FC5A5
5onejknukhv398eirvn9bvnqb0,4E7D5F48DAA71A3C49434DBC1AA70E3D
gecantf042d0c4q2v6vehpaqoh,4AF4A145CCC5D34023C86263E1FDDB33
i6l5hk2vam5skehjejtbsiik80,4D6B9DA4604773563C6F6C31438371B5
jnefqrt3navum5iqi7fod27ii4,4CE63F5A472118B1C80AC19A7D012DDB
o081e27qgj9378jl8eqefnvjlv,52D4A4833CF494F0DD9D878417813EB0
819ue9kopnpv0jl5o4ba7vp4kq,54359635065252B5942A29C226FBDA7E
d0gajto9esru1j8jqn8n32iqmp,4B62A30577DAFA294C863F61A4BA78AB
3epuje7rv2cnrm5q7neddf25p8,530EBC05EF0FB7214840F8FE2115CC52
2p3c3vsvic0412nu1ufsbae2g9,4F480B64D5FDE3451A1D44A83BBDADD6
mjpl9n3l4fjragg0ao4kdmcbf0,4CA1E7BB68D489410C872C35E3F88E21
tsm1ccaj2rlh9bnj19350os78g,4D6ADD484C4AEA99A6DD7AB0574657B3
nbr2h7btalta96nu31ddcuhhfq,4D59D3D222DAA5F0AD1B698DD6758042
m4n45c32o2jiqruiua2lqcfpmi,4CEEE07A74EB87348B97BF7EA64CBC6F
ou2t8rimfcoo3c174t951kckub,511BDDB6E3EF33C327B83C9F0F9FD2F8
d2i81ho1p2dp29ucd1teof63hq,4D9763718FCEC6C23EFB628BC6F9C95D
2k69oc7lpncr8seeg7ak62ne1k,53D80F20AB3522B5E5BB6F48A1C47BD2
v1v6l1p99fus9vg9sn58g3jtln,4B5D191A20DE4C0A269560E27ED48BF2
a8iklf6n9jd0roeqjm9icciph,4E09D214CDA74030C00593C627FB409B
fiji6jlkd1lt3pspatppdngaca,53AD10F399B5ED2C73F43BF27C27D2FB
s7bfqffv9bjqdvjodn4gitj9qi,5555445C6B2DC4AFB4BED3B4FDA4C92A
t3ihbh0apdlo9d5gtmkito4g4h,520D6490610FF0B043FDDE35523DCE5F
m7ispndfiamlngqm3kumn49nvr,54B35CB2001F79ABD6E60113DD7FB4F4
b8u4lk53c60bmh0hn2q800hu2,4DFE6CCBEF66E5E6A57DDFAF31F42B70
m9mbqqdv5f1d5dl2a79t5pnbht,4E8AF5C592CA2AD9F2234782EB6926DD
kr5fani6nqu0mvku0lp8iatao1,5499CFCD228422698E646C0A4B291F12
9bsa6bl5eujubpc7gtopnq6ej,53BFBD54ED66C4910907DD90CB204497
49nl8r1gf35rddmsa17bqi6rsf,53A3B267F24479F77BFAF84CFC653FEE
9qkad61mnju67qo7drbc6fh5rn,554CB0A9B451B71E20E927C04B57B5DD
6uak16dejrt1kuf0q7b5v8bh55,50F4495270ED8BBA14A240152760F379
2ish4lfj0m29m0kurufb77bogh,51BAD6F41D15731727F96BBAA4DB7FDB
n6mrdqpgdbn8fjs42h518qelus,55166340DB5565D9CF02A7D7ED3A4DBF
p6sqelpejjjdl4nm3b8cvicjel,51F1E0250FDDC1202AB5BC44C7E691B8
6320m91eqr3vk2coj48ts7d8ln,4BEAB0B495C65B01A5E84520DF701D65
9hek61goj54cenkp52210rr7i5,4B98F9D30C29B33B4B0EC38AAE723188
12d7qj49o33tqpbkhgqevace1k,4D7EBCEC8B72E104B11C500C7AA8640D
mm9ptjb6p12smm12i00bul4el4,4BA29050EDA8950F74441FEB8C287644
r2h71srncb3694gstdfqlv5j1f,50F34D8B2A376A9FB51AEB5A9847A249
q2iuakv614194gk3ift8scvoaj,4CF97CDA8576A2C346B866C1379F01FA
11or5r09ggacpgbtiuqskg5t0i,4E11175EBE5D954B06551110F34C1362
mcajaim8jl96dtr84ia5koubso,4B3FA59967A91DC093E33C669B52332C
q9mqftqrdg20nnjma6e2omt1e7,52DB66CF7C8756DFD7257E941E564D2D
j5f2sprhk0eglq227vur2uep4b,50CCAEE36FF58BFE920ABF7D6DEF63DF
rs7i3v7613ioehorark36q5i96,5412ED70A91921B2495C75A2DBE04152
kbm0i2fsv1hebgqjp8294knc0l,4BCBC0F1EF940CCA88459A84652D61BB
ka2is1cvhtgbafo699arnc2kb2,4ECA369D499A62FFD4237E49173DE47E
61gjjs6d7pol3ojg30e7fe5ifm,4AC606BA28F33F2ACEDB2D415DC7E182
h7cm8ofuec5dflt8s3hf0tdp5e,4E0F60A152AE2F26CA2AB314405D9433
9h5h87rilvdj9kvr4amrhlpdpn,50887EFE4F654CF7385E768D5DD301F0
qaeaod4kvuqornrehv2jvcmpm0,4E5E17D3631C94A29DBF8D2473AEC039
b58hlrmch7e6rq30kar5omk6b1,503D8E445D1B1B8037D186B631E18643
rle99snppa41ca95innfgmkam9,533CF27958C366431D36FAA4427FFDA8
9a7q7ae4763sv60jlm9r8ivs2s,541D184DB115ED3E26AC2683CF8B616A
ih4dfrt7um3okophsoqs4etgdb,53EDE71852193E0DBC427CB71B38EC98
8kbuadm72oe3as8un2dukcjppq,4B7852366D932EAF35AAF48390EECDF8
d003j2rsit32nftnk7i398627l,52AE99D515CEA291B0ACEB9C852F2C34
re15ang7ks7bkfh9prfu8v3049,4D2839AAD22AE32AAA77106797964B5A
7l1rjbo0t0ds0mutqqvfqfbnp6,4BB8807552522045EC5CC3D7B71BB91D
8mkjt41sq47jger2hba4v9umvf,529BAC35F95DA4EC15CF91E50C54ACF8
erf6t8kr6spgokstq21j1vt7k1,4C44462C74646EEEEDD158F575311ECC
i3rv771puefudasj6sik7vfgec,54FB5C0E86904EDAF9118B1943F25900
pv10rek4rskv13up8utal0o853,4B3BF1C5C63B8F6CCE8FF9674B677213
3np74g5ar4trtp14li0immdgit,4CEDEA05FEB62D95FEDB01D909029F38
i5t2gjfu5na3udhio1is2supa5,53BD8FB6500002BF50EB2E3B915BC7C8
5i48ad09q30deel196nbpf69hd,4B7733F34C64E1B781EFEE31792658AD
mhc5go5sm4aabn344jmr7h8aqn,5243A398C3D3580E8870C7656A17C5BF
v86fseepvsuke485n639thb89q,5146F6BF1B3F09DF76E5E8EE29E25F9B
s369opnboe4mdn17dva15q61qv,4FF265B7D614B5AC9F41BAA059C710B8
8dgu9a2t9qokkmtk939q4176a,5482616EE07AA02762534EA353F05427
i6uhb5skc72q16alkuu4non6go,4F7B66614E1383AE17DC3C772286A3DC
mf4otkisbucdsbe2kgrmgpkinf,4C08C423BB4796A3574D27EF7DB5FF5F
9n7p3t8s0gqduu6do8s6t9e8at,4D06D498EC6C63CC26A8F72883AAB5AA
5bh8ci30kndcpdr9t0a66ge6n1,54A1DADB8974D04E47F6AAB27AB1BAAB
1382sj536lofoa1dsgennbm2aj,4E5C0BD4E7CBA701DA1413E0ADC16793
9ratbdlcc6rg5ea64on1qac85j,4D4B7FEEDD448E43FD2A268688054896
b4bn9oenraksd8dfi55gcm83e8,51B01BCA45D277E32D2B6CB76B7EAD7A
gtkvg182al8fclqp1vgu6o5i3t,52513AA5DAF2CB0B8CAD9B026D025082
k6ansjg4l7dqkk8tlomfvqle40,5376A7014DA490E12F65D177504B3262
g62318bo42215cdag7p3hkc5ij,4F6703D27DA764EDC22FAAD8B667C8EC
g4ue9k6gcafrjkcqc7qt68tvt6,4F0735F4191CA07F3EDEF047EE350388
sd767c3ckkrv0fc7s8dc0nerto,4C9663BD91942A8F790737855B327821
4r1m0n1oh6usf0hsh5spcc9f4c,4C96076A6EA8E1B806218909A7393CBA
p6q8ia5ehcqvqqarqgsndg61qu,54A65D63003457DF8144A9CE250767CB
7buhhspoam833po814jf2sgenl,4E48A2F79815F66BADF94E3B956A347F
hl9prhga50hi4ur4kqh0jgsakt,530BC24B3D757341C105F3CC666962CC
41iim7iahv9muverajrnaqct6j,51DCB55FCEB380D5A16D7A55F42590C0
7tjb3anunb38usp9b0jq9l3ppr,4DF41A581A5A9537E6989B7524B09D1D
62jmpvu9i87sjiuumgj9jvgg7v,4D34952D3A4BF20E00014F4350FEA23B
95gmhkbm2fhhrgqknndcd73pm2,5152AAF75169595AFFB2C26DA074808B
3090lv5p56c8bvm7mk20s8esa1,4B37F214E72EA64DFF0F77C33723A6FB
d33gd5i39blidkdb3kor7bmaa3,4D748458429CC500F244CEB495D60131
vvto3jl659ecjofup6936qmi,4ADB969F26C387BD9F4152A5ABABB037
dp7os4bc5kqgc3r2a3mbh3rgau,4D1AE9FDC239938ED3684A4D4F1EB311
lb64jpqepebjfuqmpatu67rcr7,4EE77E32F8E392B30389DAC6EA75C6E9
lusbt61jehg3b9vjtge0he32gq,510F32A883BFCC62309B8685E81749E9
qij8d88ui350qt0c6107oa8vmm,4BA827D0FACA8938003A0537405B11A5
vve2s77grcovll6enilcbahu83,506589D4B40C5E6478798AB1A1FE17EF
pffk0v3c1devrkq35itmo16t8a,4FA6EFA715B5AEAFCE3BCB1655BF2B15
2ln9k9dcbfuiipkhcbgph11208,4B9B75734A40CE52500D8B7F93A355C2
88qi692s3k20b5k388el19shqm,514C2FC21E7C3F7BF33C7605B2E9BC03
8ksrtsk3ri178id2ijam8dgjo7,547EFF0F38DCD269AAEAC29F1773A80C
o3mj2d37pcglh0mtm6a7tvi9f5,4E022E2081073F824552FFC335440A39
4uq3skfc4eo48rllgtl2pel9vt,4BEBE49035EB565F327F49495BDAB97C
2ono6h5uj0g18oe1po1s9lpncr,545E62816108A354E6FC185DEAE7C3DC
cnjua8jeqe0jv26ei66tem7nob,4AEC4451541E0A4BE2ACA47FC56F8796
midbdvqqnmvs2jui7m125mu75t,4B343655C8742BBDFF3F366A69F3B375
4svlm37lkip94nkdt2aidibpie,4C74DC2554C6684763717F9127FF9256
vv0dcle7cfvlkrh9oio0m9rth2,555111C4641E886D3965CC737F8EAD3E
o4eskrbg5qgnihfvu99tgg40aq,50BFA84F3E1E52433D6A922CF75DA3D3
v9vlasl3fdj3nuknq0m2eintfp,4E5FEB2B1583D9FA65B2DF245F53BFB2
pe0lfgmfhl399tk9rq4h7g44c7,51738A47E13AF0EF16634D4B412D19ED
t6fp49m7e3ruv7crbgos9bc2d8,4FBFE42D522C548DC9D0BBD8FCFDD8ED
kc1l8a1bilr9sis7lnvkfd35o9,4F1F0B184246577BF3EC4DF14C5831F0
f7nql42gbtvu5aam2i972s73vq,4F05EF536897ED5350E325D8E3766A28
hm675o5ufuqmhilgt3fekvckge,521AB677A68734465525F128E232D6F1
5s3spqj8kq3ddis5aoa10959o3,520A0D7EFC632D4337FEB25E1AEF7809
id1tq5efcjoh4cjq362mec25ui,52507DCB53A3CFEE23F2026526475FE6
c4el0k07b4dsipmpn3fdpnk7lp,54CD111D74A1D53718AA769D3A51F911
iht2kc0jrmocinvscihvju4r0p,523BC43B8B1ACE312C11FE0D6F8C0142
s6obthai03u525b3o26dpsbjd3,51C37894C7173900B67E3D0423F20469
f6cfjemmmjioeccv2i9ejra8bp,4B0A551D64D9A32EE23707F15B02B9D7
j3gh3vusr5sus1t9adta1imksi,4EF2EEEB3690BF4FC00B2A8388B2CE11
cqp3kilatkb2bj6eh8p9oc9bp,512A7892AC05B9BC98F7DE49E631AB13
gng5kn1310q91u2ctkgr4rplfl,4B53E85CDDFD458CA1BFAEE987375DD2
1h0cfv3asuo8qm4qi06ciuqfb6,4B3081B71C1DE5B0D7855CD79AC82681
sdn657jhj42lf1tjiqdv45nhia,5429BAAC3E8EFD348952C49F1BAC101C
cck30h1fj2vtnejbvi12u9hlag,4B730FA9C2BD3907BA8DE9F9B4D0E9C4
e97vm3j1nbcjaik8k28cqrkqtc,521AD751ACC9C8F921AB157D6D107824
6mc2bc6he70buchvgo5r6vuebe,4CCACA5625B20079BB0254BFD8D578BE
4v5gkh46ej2fh5fptgpgr9rkkj,4FE94D95E2EA865F74FC919F41467B7B
huktocv6s98lm0s67k8e2jcj03,517D065B8E2C5E981291D410A47D3BB8
blgujj6bc3criddphpvll8718v,5210E71BA137FF53297B4E1365C5BE57
nmcnfinsatm6hnf02nohugo13n,4F92C65BC5D30214D52B6C5BD97AAC3F
50pabogme6a47m8fskthbknd51,53848C2170068E6886B58D8750D733E7
sv900cr5lbf23i90pbi00c1rbd,54B5309D1C70CC474EF1D23BC146895A
ounicp3lrcm4ukl2u91n8m4ghf,4E97475850A9D61CDDCF69450E7DEADA
t5lj4unjciekm1cpgudnan393e,52B941A9ECF5987BFDBB3C14D141DBCF
i3s6c46jdj0lshgmhg08nrjvsl,4E71016D879ED4BB95BC86BCDD47C2F8
e7cclen5l7ktcnov8qameb0ja,551B1A37F0489B139A37BF035FE9978F
pa2hf6bvvnnmhi0hkressqgkkm,4AEAB8D253DE6D6A417C888E3806B031
j5c29ibrsa0nels26lv99hphde,506815426ACCA9A879CF375FACE398D6
13lgctalee5hdsep7gdlr2lnbr,4CE8DF8E59FEE299345CDB05436BD9FA
5baku5v0gh882dm6o88uqgplk8,4C5974E243021FA4F9F0C746E5668C67
q1m0s2d4uhktp1cam3okrhtfkr,523D87CD56F76AC396460484C0620DD5
mc0fn48eobpmliob9jqfu75aam,4F4F8CCD412C7D0E8B599DB8F9C376BD
tnm7la9aio652sdmavn33ahqag,4CCC9CE927D6C0CA48E6BF22A9FC2549
3t2hnum3t26qrdmdd7bg3rogjf,53327715BE974B4C568CF1F256F33114
a5b0h6sh38u7tll0avq4q8ki8n,530DA3F89C4C34503A4D4F0C375115F8
sqh8gb6tqslc6b7brdle6uh965,52E0D1250F2B15C38622481BB01B5BCA
v8dg694ip9ks7lr0k6bghs0idu,53527DD995ADDF583C992CE17AD1CF5D
9mgas98ha48hn9820m03q35mpv,4B8D333B825F99DB61AA10B8A9E172C6
oc0ft3m7kp4f7cigedjda9e95i,4B262713F3BC4DF66D883E163A995631
rhtc6mjpkeva69a8l8493dfibb,52EF239CB74E32E42C6D4FA5015A034C
4vc4g8lld5unjb61iejm6cem9j,4D7C404BA34FADDE260D6B38A2FABFCC
um4id9362vp3tpuv40mnikv3vm,5322FB70C1DC2767AC628109496F3D03
pf220tphiivhs9iql1dssu4ajg,4F4D1BAF4AE08D89ABF1F51F70B9D8E9
36nk7ibi62gej99psb546b8mc8,5212EBFDC9F5A094A9FAA9018136EF7E
vkkvn3vp2e0qf9sofa01n09vvl,50555018A56E2D1F728A5125971E6693
aksvi97k63f5553aobulvqcr61,50CFA45CEE7251A45B99DA67C80C4AE4
r9sa5v85dla1td7va68fkfcfs3,50FE66DCE366833B370FAD974C1CE6E8
p6h97i32v3cmrs2gnrcnm9c0ra,543B9B1EF63D00F4D2271CA5F22ED11D
99c54a0jviui2vivvojbqa2s36,53B33C965F7D7AAA2B6D7B637C89E033
t4l9ej2mg3sd14jp69eeo7rmdp,51822C6E9FAFE8C8EBDC27C02B0F9933
crdrpik97k9tpo4t4osj191sik,50C07CD37501349606B1C4C1B921BCE6
bbuufmck6o98p3mqf9da5afr98,4C8104062F2B4F433978D83C72D02478
3f72ro7hi5tri98h9v5i3kka47,4FCDFE9A308C742F9B9313C1EF1FCEF0
2hgmhtpds7bcno1hc8akahiog8,52BDD017BCB91ED2B53C526BB819D9A7
l36th5ess5hkkolj813pbegaso,4E7C59DE553C35B79D9E20C4C33C2B24
6t5672sg6lknfi5tfj0l21gr2d,4B5B828C61DE3DA5023F218690510172
cgualqmpjdgav61m06ndu878aj,528A950EF89773192D2A3A5D74D92BB4
cndgco11m4es5m15e0kqaho4i9,4F8E0F4CC5BC9DB0CC67583A5EA2F912
l8s2uniej3fr487ev7q56p56ue,4F560FDEC1B78DEEA97AADCADE586549
nihv513ru81njnqm35a56v1lh2,51F7E6681B48B37FD4ED9D5DBADB6BF8
fn4pj6uj7lbh65hacdvqv68vr3,4F5247DE61145257FEDE590936F4ACA8
dh4i5hpicmie0ls056r9ui1pav,5418C35EB1850C514401A8AD1B44EEF9
943iugmgkedjs442ngla48tp2j,548005D77D5B29AC21893AE9B2ED1687
mvr9m0b7hfio4f5tqncn7lfb4q,520A354D561BFA73F584214BA0A7131E
3uvvlpsfi1ua8kjq5d60t1r5ld,4FD93A717D42960455BEBD86BF310565
sgadr5m60vbnhan9natpen8gi9,4E74043A5F0F8E9A996F64AD15DEFC15
s782h2nh43on0q9ck9pjfi6bh2,4D798FDC570BBE5E0B0F576B490012E9
bo82uoq3v72g2plfip3tcf0i3c,4D2FF60B3AE073732E56DEBC728994D9
hnb88lbmc15od582o1ttfnm8ke,53FD2D7660D819A606D8AB2E0D53293D
a7i90rjvei85dvpoplj7b7v8ja,4D445986E270A041D18247B52B0B3EBD
cl5djdk3p5hjclop4mrhp357pv,4C4917155526B63031337206544E7FDF
1b8mnkvcj72ki113u1076qkn6j,53B92B1893C87495A2AE035233E6417C
6kgec77n30722i61jo86uq21jq,4FA077E3B27C3F3BBEAABD9C6B40D0C4
k0qds1g0fktdfea59jpdvh7dpm,4B28021F5CB645BB3C04403691BC6F4A
t1ofsilt728lbptih7nqc4d64s,4E43C2397FEAF263972C75D09C1F8F53
spp5is3p6hf6mc1af3dloe3f83,5459D498DBC1FC66B1B614AEDE41B507
g4b9qi58nlofc89fagcksb1hck,4C4F9E10AC80CB4F77C882398D8A6E74
3o6lh31segjug0as7tepoff91c,50CB83C17394F931C527F0B6AB3AFD2E
u5fkt9p3el80o0euuh7gsrudgf,4D7CD036B30DFA013DEE18D9516A9D7F
72tngk9bagt83s6b51oi50mdpl,4E5866930F08475BF050B5921C0567ED
s1dcqlfttov15c4fklhquno3q8,4B669CEAEB441C2FBD4AE59FEA597F77
afnksqkgs9jdbfmtgte15tkjoh,54D2292C22FDC6539B79C171795B2FBB
gmjdvr3s8djfvpul6q9oau8o7s,4ECFEFFA4F092B8472492C0598533226
pdvq0b992le7540rrr4tnhgtih,4AD1FC8E66EAE1B49B97A12B027C7790
52mare11anhm0ji37jratkqr0b,4C2F95BD816980A7CA533A691B250675
c6tarqko88hs4jpso4ohej6g5m,533890AC7CF3FD0E258ABDFEAFCB1091
u3vic7v216mk1bea14ke8vg0fa,51AC7FCAE815C258CDE53AFBBA276386
navg1bbdjo4a1lggil1c36cm30,4B91BB835675D02B0D4FC2ECBB5DF740
hn7pekqqodkhhmu6pv0rc1r8gd,54C63182CD7A765B7E10DB985AB6AC92
dgfva8u87ucbdiit85gpgfjh9g,52B9D996FBF7C722C2AEA696B7614566
1jghthfitf2osep4ovrhlrc938,5309AABA68227139AEF9D3CCFAC68122
hj241s3bnqdra9mt5si224ho3a,50A424E2DD56AB8B666DB8000E915DE7
hldipf782bvuh3evc9pbo5b695,4D9FA4DC3D6E7458DF7FB93BDA157427
lbbgn881ftlo7iv8g52ft3cj0m,4DD38EC435B588644ED8F6CC4E0FA0A3
gj9aurc4mih718sgs456pbhtti,50337AF55C0AF1943398DB015A46F790
5bbno14po8juluusdq3p1ajlbp,4DE5F74508ADEA007D4612BDB8166DEF
fh6j3qhacn2bvqmub3r5b56a1c,4AFF9BD200C75F55B41DDCAF8C289F45
g4g570q1k7a0kmsnn5tkmlnubg,4CC4C1E6CA1E95D770F19303CF69B744
sukiphhnec953jr70ej0dg6l05,4CBF7D2A81736ADDA7ACAAD19B9E78CB
cna4ampsug3tgg09nqjb2a2mp4,54AE50D66D7AD9894EB86DCED8F9FA59
td1v99ed1h329is12q3s425j9f,4B867FADCC6C8D386259230C65AE2014
o4d2p1bqej39n4sj374e1lacen,4B793A81A1ED3945FDC3C06D788868C6
bdmet2vdl5m2ev1e91vc1hoksn,4D97D9092B412D0EC224068A19FF7638
acjbnv67q967l1co99e9m3j219,51FBE6CF8B4876CD1C03BF439E64EF55
utcmgd2nnfog9c7kfa2i5u4a9g,4AD3F568D80D73FA88880CEF2B49DD42
n5nfnihqdmp20repuja88jqsj4,54A9C02E9B23C0DEDE3DE153459ADB3E
87fgqksdq8l2fkrfkai8adqbhh,4AC2D41B7E1F937522D57D7E813E8FC0
9bqk5mrlshtflu45oiv8gmvhu3,4B41BFC2157B9E70D22DD114543A43DC
fmm0d7pbj20qip1sccoslekfjn,4B5CDFFB52713FC079D5B7617CB1373D
13jl5rt4cmqrordv0to6bj7bf2,4F14563F1CE6952D71B4B013CF6A74E0
5078nabhkic2rtdqrbi4qhajfc,4F1625F04B76C7EAA647D2F095A9B8F3
mmb73k02b94gos9rs2umqh4aoa,4FADB70C79AD230E1A549FB9A4B48C79
9d6646ni543cb3qvdv0evrnc4l,4D4C747D58E3B2ED39DE9BEC96AA2426
uts3gbblld0g32p0h1lhjorelh,4EB37D665884A60E95CDACFE55C81FA1
59ar628ip4eeru2uqmsk126lvg,5163FEE00C5C431491BA58182CEB85C7
na4b1eadhp7urotvmfkuu5n4ce,4EDA6B3B8898A93499209008015EC9CB
m6t3a5c6qkgka2tlj1sp2u8ca2,526D5EC015D9F9C3CC7491A2CE4D33DE
3mbp4htjb3oafpee8tibv7psjj,4B3316C1B054E61EF61FD620C10710DB
vqvhv91mrj6segt7o9ekrl25jp,4F754525D071D636A0205A6977B38D3A
qj4p5np0odlmqu5gf6hnekbl0a,4DAB556C5ED4886AE41115690899B508
8gklei5qjrp23h32pmf31vmd9m,4FE45CCCBD05591EEBB006C15BF0E4EE
tnf86083musrjdctnf6n3aqmbu,4FDCC7E650F0C19D8362C719650C42C0
93mn9tjqa4ep7o9bton9f7e2jh,4EFBC6053E2991CF057B9960C40041F0
opi37qt613o8m8ij4naii3ro9u,4C0D8023C0AE726520BC378FF0101A22
vhsc45c9p4fhh0iad0e1av2a2,4CDCB55E9ECF86560B1DE09F341F7B49
fr6tj8p3911vov5blha6s31gf3,4E02B1BB4F17540B029F2836986A1DA9
qc862umbssc9fipd44nnbgslnd,4D254CD2C99462C60098914F922AEBF3
ctc0jpels18d8sq94f8d98p87u,50ED7E648FA4A4AD7CF939CBB26B9ED6
9i70367ef0m3psq2etasddpokg,4F197871425196E2B69662369BEC046B
6gpktghsodv700cvb4e4ma201a,4DD57CC7E9457FC4F76F74419ADE303C
4j7rcqb9gfsng59ki4nk8h09dv,4C0423DD38753A13466BBD9D77C70688
ptcsfcsj5el8vq3fhr6v3ch99l,50CA190CC5DC211A2FF536BAA68EA23B
unsdoo5859231fa5qcjvhvr0a4,4F646BB4BC31650378D719BE174162E6
tvqc3t8o0d49u4bdntkmstvq59,51EA103219B25DDF9018B95ACCC8C493
lfm9m6rupr9rn659k0u8ud525t,4C9D4EA1226BA51491C73C6F2DC76ED6
q0um2qunvi0fhdrkme0flh5rmh,53EE335D9BD50468E87A6C94B98D7A2C
olbe9jujjh29p5lvf9kpmv2r3o,4D44BE787A57AD6203728CC4900E8B0B
170oouhsjhvh666rifbrg37dci,517C5749108006512A1ED61C56ACDE6A
q1na5m8kuiaccb8krtsmmed2te,5061E93C1BBF9D0757C350ABCBC2E26B
hkcuk8bivm07bgj870eh0i3n59,53B8562B1529CD56104A3E47235F42F1
t5jgodacjq1kr23259k857gph6,50E3E0D88BC107B402ECAF23279D06F2
7soj09eq43doo2hqlii6mflb8n,54FBA7277C094B6C8CEA1F503F0E0805
caal05vdvp40i5d6jsbo31pbs,504A055A29E5982B9DEC7156327BF90D
644u4ki6k6q4gia7t06b0ekcj1,541B614C3DBB1BB70A346676FEACB961
gfptamulj4ll0k8r37afnbtab1,4CAF825C382CB48C39BAA359D3AF7C40
qtimtrun0ks7d4njcpri783b9s,51F9B1B80C1B097153962B44D3EBBA3C
1l9g3jf9ci9sdipo2hedgg90tq,54ECED543FD74690C8BAA309D8C60E8D
m81f58rs9bu2sb9d8hdm9lnhoj,549FD20FC0FAA0B43DEB3919FA1E2999
fsr8kc416r0jm4sn9cmj22g57o,4AB47C8CBAF0ACB89F408D71D60BA69B
jrdgko8k341e8fpq2u7dklsf36,51BE57EBF0C24D7E2037D11858A50067
l07ju4pa52ui4s95vg2lp5i4vt,54070CBFDB3F4036371743FBD2B1DAC0
osi9la5ht3b0ft8aaiqpc6pe6d,50870838E8F30EA2AC4DFF5E34309787
ivoe2pkphrq9b6dmqid82e2s3a,4F47BD52F0EEDB48C55987E14BBDD9D8
kmbvmpvet3jlrc9obnusn3kg5b,51F10D3302C4E3AFB69AFCD8DDB16133
sjl32bb3krr879bbg1vmlomhsi,51FE872A11265A2F552BE54920218006
4lki1l3qnmrbkt6rmt3nivukts,52E481808083FBB859A67F0C1E1E9920
hd9l535phkuf1i8cin057crh91,517F834A431EB23A6531C801E588D02B
dun7lmsjmibm5co100mdf549f7,4BE101B6DCB9803E6FED6DE2DD51A24B
9250ph8n1l94ipiu83n4rspgkk,4B723B972D9C5F0B3947E2BBDBB5E182
lteh2nlot6jarpf5khusor22ge,551D3AA87687F4E3F006594B100156CD
j6u02a8aoa3bis87sqp3amk7b3,53591CBDABF3B0B7DBAD7594E7A7DAC1
7j598t6rbrird13s646frbs96m,52B7FE38841244CDB117874FA3C0A61E
npthi3n6dk73fd9av3oisalr9v,5367D30D3D3975267145489DB33EDE05
jvc4cb1urkr7v0r22g8dh50ipq,4AD7C3A3FC12CD905401302907337399
n277h1r687pr5mlbvn01m9q0at,4B9AD20169BC38AB9318B5A41072D61D
ddnllm5p8pu65ap64fqgidkgca,4EC9CFEA7405E661754C5940A181421B
k6t0jbrktimtpcp7bc0im8ae3i,4FF7345387E01BB37C33BBC4CCC46C54
ao96l9ebdjsmennafnfa5qct2f,4BD661526E76C777927A576486C78967
rolsbrq4q7au8gpj7ks8u3gm04,4DF65DE67EDA5B720C3A69DFEBB9CD4A
d4vh2ounn6ijvdfaas1ebbgaot,50ADE5DD4BC4BCE85F4C80D38A3CD433
a8qp9qrqlddbnbd310jjqnaqvq,4BE0A2F3B51DAB5F7E227088EF01E23A
1uvlqjnigd2pqvkcb4lq2qlrat,52CB3694AB7542389FFFD8374A1B271A
rojghm18k5lb58upbt6q87049c,545DD70A3C81669309EC88484A61C27C
70u0i6gf3vpa91viui626759vh,51268C9EC309A48CAF4C0EA0447BB2BB
lug02uqahh53bdn2ft2qn86j1h,55288B0EA1F74E71C6F03220FA96C58E
3cbh9t9apkihdh899nf05drk7q,4E51D58B79BA3F8869B251B3774CA757
17ea9qu7ad0vef8eemj0rflrmq,4F3EFCD419BA4AA0F3AA28206BC12645
kqpgmkhqjmncil33h3qip3jms2,4AF2387D07D60F94195BCC428C004ACE
1pu4k3ptjtj97qpis1fbeovgbu,4AF9EE140250D97E24ACC793A64D0929
acn6oigdddl0cruam7jcig4jii,52870A9934442C4D4E11F013E5A49E71
80jp55gpk8i9ngcko69kr8dcq,51FED1BB4A2A373D1574157EB9FFD795
c3vk8kjdqh5iab2ua4bpvhn5g9,4FD7FEDE006C0C3754ADB0E938198684
gb0tmvp69eg1jpq04kkvtk7pab,53290ED9750BA566819FCE7FF84ED569
n41l57q1gv4qm40gk5005atbfq,54D192AE47BE9CFD1209C2275DFB2056
cjfudkmvm95050lld2lrce7e8t,5162556AA1A398B3CB076D35E09F662A
mel4urg49nuekg9clrdaatrofk,4BAE35FD40FB9D270B00B0B9D667E8BA
qfca08bttgpvcshopo76ffe3ck,4B48475C85F1E04D81F19F4539358720
lqlsaki8sl84v6ug3a1c0ek2fe,4F330E57A8EDAB0D2E8EB6F44895BB38
nc4majq79j0dk1ms1c1tt8g8r1,4DFA1437FA8EE856868AC24BBFAEDA79
5capuphdk7ki67t4a3k9df2in7,4AE10B0927EBCB1E2D7075CC97668BAD
k008hpkq9tn7mfklh0e0t9klm2,4D234C6902354690696C269B3B819EA1
gavpsb2uam6fav90529r8ma8q,4C12727F8F20201C04B3DD6CD39B9F23
g5t20bap6mcqe24mcs8b8t3g48,4DC8E450E622FAD91203FFFEEDFA921C
iu1i0r0rltni9uij05rf74k72p,5156C611415D6B23F06D06D1EEB1C2BC
lces4j05vcreh059mfrq2eabb5,4F77A1E145B4AA43B7FF5125204D2FFF
6h8v5528ctrv2lmf77tllrgesq,528FDE971A38D00CD073CF7E2B427F52
h111mffgcbj5h3upr9ukgmcs55,517307183F62158B6D50BEADD594D6B5
uoajtru5k5sn00odc4ag9hes3k,4AC4D4852F39D65FF4F7FF5B0FE780A7
d37bp3ihevid2lku74n1arvh04,5426260511C410A589848C8D1A410C79
8fsjghd8lrdva4h6cooprej1nh,4B840AEF5F11851FC1C66621DC0E0708
h2vc8fg9e5vfg75l6f1c42r7kl,53A5CED9A3754BDB128D73514BFA8ECF
sn74aj83nn04pnn2da6mcfkesk,4F021B2AE5B1872342B2410C12C2A8C5
jt86ju6hmaia72q10ip6hclkta,4B251B851C30348A337C43F535968A0C
363b5786tdf4ek5774r05pjbp6,54B2995D8487A4DE328C912F1993B71A
d9s5p6hts6f420vns6eteoonrr,4D0D9A7795B1E07D97E14BCC9B7213BE
usffeg3ov0eltmhj0v6vgns3t1,54C3FEB378093034A37DA02B668EBEA8
doeo04l1ho2ufjk4rfm37gu29q,4E1AC5224F2130919B768F3DBC5D3922
irc63fi336jv7kg92ik8qah2te,4C7E25F015587AA30DFDDEE85BA0EEF7
h9dbbvbk0d7optvnnjqcj1h1gh,521AA554DDDD2F0CECE7098818C593B7
6reeko7jk28t47j3v8pon5r4o7,4D9E7DD263B7694CF8041AE0F3C65B60
mioj3r86q4hq9mdf11r89ca6at,502F80D57FF99D2DEB1E56FCACF27C98
qe22u4u1j074aih739m2pnrbib,5545A6B763494C8D9883BD5B9EA00695
4179t89mkecf5ljhpiu4eiavlo,4CBFDF6036924C58CF3B3DC2019A3E9C
87000qinufdhm9s7rhu5ke155m,4FC33BDCA7D64F7A53A0840007FAB83D
28cq4sprpin4l69iu279ecir09,5064C54DAB8424EF7CBF2A21EB7DD77F
u99m1tb9a3cn5v06ckgcp8m0ma,4BCAE8AA8780687E8AA98EDBD92A688B
b78mdr97dekqf3cp9s4ekmc2jj,4D2B264F847956C6E6D8A4A915F1430F
q4dqimdf7nq4gjf63sdlalchuh,54FFB6464943F64ECD2AEA0230D16225
ce8de3fopgonenskbelf4o4que,516A68A274285A1FDFAE55831193706E
if21js4cpc4m1s93sq9c5l8453,4ECEBF9F3F305D5DCD38219B7D1EC576
ed8a4i66smegvoc02ln005fogt,4C79B06D8EFD49DA7C669B13B0D15B2C
j9daulebcsnmrt14bq3op0trpr,505B6887B54FC3BEDC39E26A01943D33
1co08gvqe4e2c5rluko54sthu6,53400BE2692BAC20C56872233DBD4814
38ed1l8g65uhullvm59bo32rup,5003D7212EFC9521F9BE61EDEA0E7D5C
oqvtk2avdgo221te6rnhrmitvj,50AB741CF124D5379A1A2D5CCCD76064
roab0h4qcbva4v1kke9td2l6c4,4EB30D3B54E1DF946DF5DF504952CCD2
vnfnhhi34dsl98dis3lfeukibl,4D51372592457BEDC20CD3B9339501DF
ehse3djogdg4a3ss1j21bpq3ph,4D038733AAEB2CFE5070D5DF7C04B6D7
uucjsjitp2e11pdhva2vphoure,5284A8F99D99280810348D2DCD45709A
d8550mkp97ccagccohljen1mqt,4F9FE5F457D3B89FF2E5A56E40FEEE8B
c21u66192dkp8qlb5ibqn0p2n9,4B6E6990C81C4EF0D28278ADC3891605
k7flrrrv7a8d845jc5qse78c7n,504B4AE7C3F51D1395A587B44BEB81C3
t5p0t27hq8nlste8epvoi02cqk,50A40A89D6EE3E00D1766038B5C7ED0F
2lciuk5dsjn9rfk9s2rhff018d,4B82F8D059DB2F9A543E36C8DCF7D573
omhr7spuk20r8sjusi68eefe9v,4E2F9268758E1827DEEFA52FBFC4E6EC
d3tsli9dp9vh6fh8lhg6qlrqm6,5460A83A6ABCD00358C4FB168CBF5F4F
2mu0lf21ri74k4ulh2d83n8ec3,4B3C63F8080118E4CE64748B0F7F7162
opdt6c39ssidtekec26mhr6e4,4E65B54CAFE16AAB81F1A9EFA0944A47
5kmf1nmdirpnd93hbav6g390d5,4F223918C303B96E2F152BAB5B225718
tt7ra3vl08eq9gp0tqoigmdl9q,4C687E4F1A6B3E77BEEF08AB386A0A63
l8kemifa82bapp730b5ofieh33,4DCC10E0B173785EFF3BF82A33FB2099
2m9ohk8p529efttgpeua5vdl34,4CF91DCDF443AB2A1B6081A22233A0D1
hnuj05ds3solm67usj1r96agfr,5337CC24463D10728937065BA83B60DF
sg11cm8kimbfmeq6laiqrk94pe,4BDE8E789301F756D8A932996A8B6B7E
er9l094if5og1dba8amn6v5p77,4AEEE66C107968FCE34340548597D88C
m1o27ee3qvbluchkkt15kjurik,54D9743DE2898ACDF26673D3AD1250A2
cehk3kp7o5ib0aal9iqb8ru0lr,4FFDED7CB58C4CF2405EC6653491F179
t706jhiu76ae0th9a5m20p58rn,4E3EBFFFCAE577F65909A464D70A2008
gv6kjqa27ae50065u63g79o738,4E8876E70DB7BF00C036626972A08F8B
hhtgem6slknksi4h58grcq7rsp,53E790E1577FC6CA9BE4D5D700F604AD
lei8mtnd8qd80e4lnj7vhps4a5,4C21596BEB65FE578B9A66E0A6C7736C
5ekqkv3oj0k3500r6s6bh9ikj1,51CDF24FDFB4CB91D64786122BA2C6AC
9qli26elb5dl4icf02jnj8lf6u,4EFE65A4C212252A786260A8E13E3488
ilfru7b93b6l6lbjcirobgs0s1,51271D44C7EA3E83C843AEF697FF5C8D
o20v81hr14mrp2ufa0s19t30vh,509B6211140585C3690F3B6FECF96A87
98qcipm3qh2k6bth49o4nd1eu7,4CC5DDA8B61E722653195CA5B3A93FA7
d77qn895splb88kdehp5m7e6c8,52D44097A2CBF7F26E74E770235417EE
9rqoe61jedcgtqoeg6s0n1po95,53D7CCECA44D584B724E5679EF614015
v29tg9qbneasg7sj10h6ulpp90,4AB94D82A544C22092383F5B7B29E3D9
olemtu8iou1ooqq4r7g834kdvk,4E596B68F0FDF27E5392DC8B576E9208
k1p913806ofu6vn5pa710sbu95,4CB8F98B9933C0A3B20A2E33B0CE4EE8
lk9ant6e9trh1evi2d8crng9l5,4C99C2ECDA8B7CAFD30E7F0070B0E437
73v9mpvu2jfq8dij4896ol49s9,4BE282D8976EFC8B8B500D36FB9C2754
70pbdcq7d30cq9rpv7mf6vpjc0,4C4B91FC331047AE5D7D1BAE30C0EF81
qj14pg15ejaf0gefrth9er7fq0,5399422B5AE368CD8DF08A20B4E3BC1A
8uonm4ge5cfj9pe5sqtbqpfpnv,4E8C6FD1BADEE9410B155D3F0EE77304
jl3nfd7751e02nohgo13uqlmuh,51C0C89B3357DA2A0880A5E3475670F2
bnmij9sp6obp9ip08gbfjtgmdk,4B771F3F363A6054ABFBF6AE50507112
hnek3coth8iskuba0clalt62u5,4B8780E785E94FD9551FF392D5890799
415t7ehpsjpv8t0rc2drl0j8rq,515330B90E4E4F3C0FEDBA4F00D5508C
shf7vntn6hdspb4tk7a2f7vstr,51A0701FD86A132F391452866FA6CAC5
hjbe7tl77opvf2ouckrt58hkm1,515A4852804BA61B8263A4C772DD63D0
49835vfm1149rd0k95qsb2d04n,5297FB5655CF8C7A0E4C162FD1F26588
5hkjuie1lmm6g6ihg5o2pcb6l8,50F9C59C9DF6C54EAE2DB192667DAF34
nit456i1d0mj725o2u4h1sbvej,4EF6444DDBF64435434E9A89A223D155
168n4c96j28f77e9dqncj28kbv,4CC6AE307F1933719D0208764387A2E6
skr3pgpob53v41v26u0d0p0v26,546568C98BB3870BA70635EC141580B1
f28if3usn4ddhk3a052o9bscss,4CCE47D9F8843A3F7A1C90705F1CC20E
50ar5fq9pam0sarl55gdl40j39,4FF8F9CE3568FF1B41CA498DE4B79162
v0faphdb2p9d1i8lgu79b60e9l,4B465B723D5DA4E61DE62892B2616A8F
id6pfhg7glm103unbf34gtv11a,550F9C7EFB26604C8A5DF69991C1ACC1
500l6bi0nbc49voa6ikakh4n0u,4BF6C6CFD1075E3AA2932311CDFECD01
o1cngkqevliqp9lf0ri8jlu65p,4BD9A7FEE74199AC28126B834434BD96
thaupctojlkseuigd5euisv47j,52D07D04630BE49A00D527E1F7D35D05
bn15o7ln7uj4u8popvdmjjoos2,4DDAFEEDA5E4CC213091D220A59B5C8A
khdqgf9f3oruohirfi9k90g0fh,4CE0FE3D95A25C057A7CF88FD5AC2D3B
4ra8d95g657kf12f6r0lu9kurt,522D79989EDD0208AAA70CD4B3433E16
240lk306eg92p9e0bn6a0g8vt4,5386B37ED0AE00D30023A0B001BB1F9A
86atihj4gju1uogrp3ad28mt3k,4DC39FD90D16B088C989D0574599F46B
5gob68up9pgght2m7rirplg80u,51C85915FF470DED8CA6E3A062EE78D3
e3proden33k3ado5adjc4vugrd,4E5F2CFBF4DDAC035FF9EEAA616DD647
imi76ggg56cbgo3e6qhkljn1go,4D3B5A4DB41292280FE59ACE1312FEBA
h4gp6ja4irf04vlobibndeit9t,51C4E8CC75C95D8E2C2B517412492198
a4941v8vhnug27v9s899gfg2ao,4BCC9EEE924217579504450C1C6B10A0
homblnsfh8f169nqk7iki38n83,5546F16983E2D83980950C917E5ABAC9
34oira9qjo47jkhiufcf96k8v6,536FE8381D79D43EBA1ED0A7020760DB
kfnbgjh3251np320d2epejvj00,4CAADD3EDD36694ED220ECA532B7D7E9
fdu4oehp89k601pvr3v3l1d6r9,4ECC3F80988433CC2026D26608415E0D
fekta1pd7616lth40kkkap34r,4CD51A785BF31A8B3154D19D83FDE965
8ou77rgsavl4ii45hutp25ui27,5433E1DB510CB925F6F21CF7848E9716
ofr7oqehb099aj63h9ndi70359,4C0DE2D19395C3397DD45E94B7795DA9
a9hesfm21v2eu3ngmqoh3qen7i,4D3DECA0B284B595C0027CBAD2FBBF0D
km73flu0aalo74rpc6vkrti4rn,5114AE6FF448E27593F077747746FDD9
nd3n72290rs8p2v1n0vctopng2,4FCED6B00158E3E32462ADD83B3A8C77
mi7oaq8me2547hhss883p7mg97,51284F22524703685A3CA0134C1F0A18
5789lmh8c8kd4k4gjat5j0tq04,504B1F4CAD5CEEEFEA5A0C8FEF8E2C65
lmk6r4aidv3dvnis8dqujo7r0o,4F507678C75A43DAFC8061D53F587E96
eq2nj72kvf7n3qnqhe44ffpsud,54D17FE13E9865EDE082B0F4CAA94BCB
t42e9cslv2nai8l7i1umh2a849,551F97267CCA0132759EE7217071F267
83ldclp9uiac09dj8ehvnuo6op,541EA6881AAE4E7C25EF00C58A694057
p03p2rhtfoc0hm43tgujiur1dr,4B9658034A4D309CCE2BACD3660A1B16
oi94765rf32oratmnm3pghgeig,4E63A68E9C71342E3EA3F769E810A2E8
dts2nh6l22qcquq7ru09ccg4o1,54B4A03397AA0231C51E50B96E3C463B
4997ar9ujbqtkpi6etd17s3d8j,4F1CAC8083695D38C35510A8C98CCD3E
re6ir1ig7f0n4lr40hfd2dses7,50568CF565AE86AC83CEF4ECFBC0003C
dfq8bon2n0k21d7qmj1otmbnam,5538E686A57D3F82462D7526AB4D3FC9
hthaboi81i111el38435okgook,4CACB38F3E2C0C65338637137DC2D51D
iqek3315ioe1onbvec7h1bm8gd,4B896EFF3D4211D2A80D67F5B64B5C58
6j2ojmqdcpkp6id009kb95nmi1,54B0B22939DB9288ACF7AB31E6AE5D64
mdrcumeviedrf146hef2d6dklv,4DE2CC0A8AAEC9BDA2A9916C771B40A2
