Key,Hash
hdlqpuqfqq941ack8h2k6hb0iq,14051AD3830424F5E098A10664588CE2
aqen7nkvaphdaglau2ph3hf0ng,16DC1158049CE9CF75C517976DAF7AFB
nujk49kaej97u7ei55ic9urfg0,1ED8FBB40DAFA50ABE64728338E65148
nojnjh4mtmdqcbbpl8ubv6055q,1A1A1115AF0EA4B56C6905CED9015B80
fkndlr8k690u5ekcvca6gqkk1k,1FFC687A013C5B236D39809499997FE6
t6pg0okj831qlmn2fbrtstie6l,1841D0A2BE847738FC00B117A512831B
ac4ibsefql8bt1rokal0bq1uos,1C8FB5864E10AEB36AC570915E236E39
v9cg1uu26t9sjbaekeiqht79na,1EB8FB06B2B2FAD3D12ACBEE492757DE
3l6e5efjnr3ng5g5ppcel9n66q,11A5992D44AFDC8885521CF2F9C92258
hl500nt78v3aci3rtmd2ouien5,1A4E7D58EBCF50F90ED64B99B7BCDE5F
jvpihv44a6df31ehtiqno29hf4,1627C6BB037747890F9FFABC540756C2
338859984blk1lk2pcrkqaafjn,192E39BFC5C4554B59692DBF3FDECA36
9dg05vd3mit56l7tgebmhm8v5s,1669C86768CB6304CA65440FFBE1659E
edp0om2p66p3icgql9icudlssd,1CFF5D885F6AD7E6B399135674CBEC1F
dqd3d9rv7n84obrjbg85phle8e,103300B794C2605956B608CAFC8DA324
a6trsjmmkek9o5rb0b4l842a2p,14ECB12503FFDFF987F2706D43F2106C
v8tqe0tdpcea306cjmsns5qrn8,1A0B0DA7D3C90C3F97E655AC9B13DAEF
4bldompj5o1jjng40sotms9bgq,16CC456FF53ECDA0D97C1FF7EA04C65E
laborthanmd3nmhs4dptahkq2,1A68AA48F641BD81D4B94CC3B8E3CD09
n5qqtqv3qb5kas15rlbb5tq3su,1908401FC49EDD14EB0F08921974766B
kieoo4o7617drdt3723gcc1n7t,15857AF158F03BE7412E68A6871D4A43
7ptau4ngv2l2narnpd4d366k8p,1B46BCF9641F0F490C9C4C9D17DC2BFE
suu8qvbnao556ue76qlf4mc3dq,1BE43E83EF071D159D12CB055B8FBE2F
fa0q0c60isu2m02p481uudsigh,160ADCD0D22A36EBAB13C6957FFEA36C
nbornae9ljh2ll1kl9ql1dart8,1263DF9125D5EDD2C23ACFCBE9CC8EFB
m66b5arttah8j7u0cdcln3f685,136CF6052539E2D78A7A1D5814DCAC40
fhuku4f36leq6d3t6s9v5rvhn0,19A4F45E7480DCBF1609789A213791CD
hu468rpuuob7vu58irsjmtla2h,1E7434530C1CD2E27540903A6C160B5A
lv8rm5kt043u818lddea5bbttk,1AD72971E05E43681CFCF728156F6448
ecue36ct3ilprgcuqi76padtuo,19C5A1834A87307E00DBB0CCC325BE08
9fbgsevmitqk65vcg5puniiq22,11D95A4DB950217E1FB6A3E5F9DF6509
pm2eqacsjpb140u2gqnc2b4j22,1F70CE4CEED2FAEF118EF2F8F414D7EF
ejjkr2ba29h63rtgcsdk9arbps,151AF25A34EE9DAB69C747CFA291CE33
ncmgfign791jip5toh6p4b0bcn,1FC534CDC0F9BEBC4A6C82E5B4A2433E
v433bg5gdnmgjrsh0que1fqfod,1F93C2E1C5A2F1BD3FBAB678C4BC3CE5
lgsivs5bpdrbknmp9j3h6q3u6c,12AC04072D33B5FC23413236A6143A39
t51nuvopq88ani7cvc2pu5guo8,1DEA1EC8A33EE15BBD299C4D9ECCB590
2r219venl2t7cd5v5nh0pkn17l,13F726ACBB61C34B0E9DF5C251B6A08E
cr9382evccuiuh0eqnvr89fiju,1330C8598C2FF1D626F9B1A8994EBD40
t7nfhbqdhdvto7cm76vqobiucp,119AE630F18C03DA56B6AD0F4A842162
4mkce0hka9rl8vps9n832r8vpc,19B4F87CFF4C8BC80949E9DAC953059B
ks0ob20svam7tsf55rbjpsmuur,1CAAE86FB64C8D017D162A2703D6CB27
bl6g590o0ii8bv6tbbgg078l1r,19C7A1CC72CE453043BD99DA09B8F8F4
k9rsht5ukaa0sev3s2sc4cj4gg,134A9923758C1F0DB2DB1BD94E93AEBF
u4v7qvg17hn7qi1h55cb6t934h,172330720AA1A8FE6283B617C20114D3
t4ckmbjph32fv0qkfav8qubkg7,138357EB6B9380FDBC0CD813B0E28CC9
jv02loivdjaf3elk3sf0attnja,1ECB9F3FF6AD0513CE57635F23E6B989
hph85rucb55330ft0b679u0f44,1B87E327C54CEB63C4C2CE4B939F03A7
5lndg6033ve5eup64iitj4790i,12D08926C09E8AB0AA0BBA1AE0E72F03
rrs747fep8ueqjq3mb4h1uc2vu,1BB0AC81380B09B5DA4650F0FEF751E9
6q244tmv4gqem5fd2m060nkj7g,11A5A6B5B7B79319E63D303EA2CF2EAC
epq6a3dnioc447dkf2b6sm3l26,1EF5795843B3177FBD52C69514FB3BEC
925houoef6hidl118il8k32fft,18F9C7339293B59E8543401B9CEC53C4
dgbpedldvglrp4heg8s0sk132p,175195002AE1E1CCFDFD51C8E9114D5F
lqf2m1h5akq723k6f6nnteq9at,1D24B447ED6A95031B1968802DB2B406
nlipqvklo942ht8sslkjiei58a,1AF4669CC9426797C4ECEA388060F5C2
1dul9q4pknq4v2g6grpo8omeqh,165C42508867229632CB607C17B24D46
das6mb6ij5ss96i7ds1mb2otd1,1B79CB6B993856EBD6FB716D95D499BA
fqcavqc385f85647nvs6aesks6,172DACD37114537118DF5968BD92CAB5
ntvhbiri4ts99c6h24rspdtr1u,13943DCC763193EE3B12DD8FF81DC78A
44ari9s639uri6t8guufce68jt,133443C30B892AE98349F46E475A4621
b22fqjp9hhnht16ski8qk3khit,1C4E5F5EAB999AFDAF4FC00E2C07B686
uan9m11k3hkhn1ch6iafialq1b,14E82C82F3FB19137E6B7C2CC2BC37B2
ua7t8oj9vhgg7akptvu8vgrh94,19FAC5FDD6997C68C2B5C523719A3481
lbv7h02hijfk721ucr4b5eubnj,1AF557109FE28ED5524F5C70555F9E04
v15hef72oitagufmjnde65dtj5,1C7D916F1F1D125268A1D7E82D1CE3DE
5i1tjrtjsbievmlbd0ksdajkkt,195E1F976A9694B1E3EBABAAD5EDE748
mhn5vk7gddp55q15ecmqkascpi,1DF98257C3906FE8BEA6B29FF7D5F214
e7mqtbk2mg0qekemip7i4lp6mo,1EF63452B3237D9F5B66E2F8E8303E3A
lbpv0l1mgt0rif0a454tdec4ck,110172B38FB5ED29E7596ABF5F020FF7
d83cusrskn15av7tqmomj42h3g,1E7C57F2E82969DBB6C6C006AAE69639
1h56dacscfturcd91bh3jdadg,17860E1DB40221A3A82F8E2CFCAC3A8E
1vpohn3bskaj2vn0a61rct4q79,10F28FF0A9C6522ECC32ABF8B6ECB0A4
1p8fl859pqk6bnrp5cjb2iceot,19A1D1C7150C8C2C46B2D286F12E08FE
ruj3157qtoj46srvgk7qghh7hl,174C7A7A23C65F044AA2B3D62B01A828
ablelanbecuhquc7hqul3joord,1F1FC44706AED9B47DA156DFBB74A5E8
df0siuqavlud5vl38mtltfhb4b,122A6B3E1B1901E9CFA603E6A518497A
sqbn669pt8m9hqp0f0nlv5j3nk,1E7587A8C9A8692597A1641F02E58E0A
3cgptj2lm8elg4k9okr6l3knh5,19C58C958AE17C2E3124DCCD6A484510
5bq4bvblk0735uhphrcpj4gra,17295324EA25E3557AC73B904ECE47AC
e310m2jhv4fv40bsbh87qnciif,1F569C69B5C1FA2FFBBE4D0565DA6D84
6cmuffdu275t78jr16fk0iuh5c,1E8715F01C15C305B4526650E17C5135
l8bcsst7akk5itq20gmbbloukj,132B3E5AEC67DE35CC5F9BCD61247FFF
a95362a9r445p6u8r32j0oibn3,1292138A5FDEE48A01CEDF89D846F13E
95n0q4ggrjrqk2kbrk2hpinl3r,18E7B4B47F4E2990864EDD2247F00747
pje2ekc4tqpdnplub0qpsbjh2s,1A96CDC5EC789E513E57428C8CEC2AA2
3gbf91h5pifgr9vut460coh558,1D628911E9639D91F1412215BE8DA429
c2iljd4n9k4m6ojqd8dvp10ute,1B6BED98EBEE2EDFA3A7D9926382BB6D
rodksgabs38dohomn0au5ka4mn,15F37D5F41297D98F1B326AEFED6A520
iol936iibo8kl3vkerrqfko8rh,1B7A01CDDC9B90F170E7205647BB4694
mbejn76ppr4osiedoe71o8rqvp,13882A272C6AE2900A2F42B896A03697
58aspjao8a1t4i6p60fhbat56u,10B7B51A3852782644E3FA2A06E806D9
molk1sou9aubgnltlsgiad4bsr,13F7B7D0FB3419F9F586D38CD8B4E096
3o7st4gofp48g23g5u2432kr32,1473E72EC8BD8804D8B61B12840363FD
jimdhjg9541kolqqpm57tm3pc6,12CC0EE835DB1088A22A84F2CE11FBA8
hdunf528aubr5senlglegrfvm9,1C54A2F5C99FFB7CA61644D3B790E1C8
p24fn6nh0655akat48lpe37ahr,192E6AD89A05A55E150D36FCB7CA5238
k1fco2v2dpt45757p5i4c76n48,1145D2997419E6E05CA79DA489A5D683
o1u90j4hb6eps4a9krio0np42d,13716983688FDB600D1F853DA76BC8DE
97m588vu6uf9h6rgcunu1hof9h,19C6B3F185124F0AB44BE78F09D7DA77
8ila9ssg3bhopk7604q9ngjbp0,131FDC1BD09683AD1ACFE37E903DEC7A
3l92rfqc00eh50gd8sjv10lk95,1A4F15C0AB779BB91A4AE98E085D69DC
spcgklvskpbukbapdk6mniki9e,1786E8E4ABC509559090158B2FFFF90B
fgcqeg0978mqlrl9feuglelgpj,1AD649718519217B39F11A86B96001E6
n2hqf1d05qgrknbir6qt948681,1709B27A266FE1B022631DB8ABF43F40
dosa0g0kd1s961ph7nhtsmhjih,13D10BDC1091FFF8F386615450C897C3
8s45mdfhng35rl4j791b6flq0q,1C5EE9BAF5AF117D655BD987BFE7D708
c1l1rbnj77gc7kvvh3dhqoml76,1C40F57C501B4285AF9B9656EBC6AF22
g909nriho25ufqolude2c1shnr,1DE128CBEE70940CA8D7479792136A1B
iilkk1illd5uh056fddph8t6n5,10A31A837831137F1A10A051390996D0
ek2gn1m7vkg5offlrgra41gihc,13DF2746F5920BD9E2DBF22A15C59F91
7ebh87afpdhogd5abhspa5vej,1EF7E36FABC2CED2FAA9539E40CAF5FD
ib7mtj570j3g8nsq4u5093c3i9,16DEAD209CCA1199D3B28C52520DAF8F
tnruo0ou953eea4cipifu7q124,1B343712FA50F5D04B866FCD7C848188
qidqoqcmiohdhtmmfg6tdlah6k,1F7AEB3E6278B21216B91FBCF3BD4F23
o0dnfgn3fjsk8r6n75a64eqf7s,140CD973975BE0F9FA34045BCD19A1C2
uckg57fhk69jimkpvq11tl1qsd,19850B1D3C6BAF17FDFB187141391F35
47u94qcb4qesvf0637rhp7anc3,11C361AB0C877B669E56CBFA4BAC214C
se7d1s30u85t1bu8vfubls9eij,1539AE7A3DE2DA8D1EA9D4027E616AE5
l8eircid8js0fi29u7p81je69e,1258855B8E014ABBD80AA7825A7EF6D5
r3e0mfuj2v164vii2dh1delkuv,1F10AA47FC37BBD41FFE98DDBE7C05F4
g8tdkgm8c9uo6tmb352dtrsiiv,1D66CC4D6AD694D2E5A1F3A1BCEC5148
ccm55j879nrrdsl139ia60l9mi,1BC4D9A784D30AF1E243431904706717
gvuneqlkgu2u01fgquuti7rpm3,10DF3D80CDF691C04D8E514DCE5D2F2C
2aci7i871nemgg4q5b9c7f7kl9,1C60A4304803CC6C636587631F901947
beqm1h2ck3uo9skkvni08r0t5e,182D08B2F0CB84D820F9AAB58631958F
4huotke4rssj1jvuj19npb99a2,15556B32C6EA17BAF498CCC2D5BAB8E0
gomgkqfk3kqrfeaesfdevs76u9,18D9B9B5F882E3650641A4423F0CA33D
si4clfbks0ed2uriiu79gat96,1546326D6255D0FAD7CEB6EECBA12CDD
g442d2bja0vq7lss40g624b010,15377303ED6DF756A11C03EB7BA3257E
e3346sc8lrvekuo78rpd44qj3g,1D78E5C88E54CADD6AFB32D25FAEC322
g6bb8urvvuo9qhjhpjsatlt4df,148B91EEFC9F2F0860C5CF072B0FEF5D
epqvctl1ohejqnjfgn4ltiln83,178CBB68028329EED21F18E646BD5D23
44qomlt1s8i2ojc86olfjrg01u,1577674CF4422D9C2D9961B89EF221C7
bq4qujjjakchcf125smcgp592d,1DDD832A78B430FAA554F12720035140
sslgpvrj59sbdq0osmqsn4p095,1220F5818E6BEC59AAB299D4A8D7BC9C
82fjcop16n71829blaeudikkjh,194D5E0ECAC1E45CE4E50BBB7A945F2E
rabfrelovoojr4nsv1a4ev6gn7,18FA28DC024BD174F3F6D0A995E573D5
idij5lgd7r2n0skorp11vm9k4b,1BAEB430F32947C6898B93F034B9CDD7
39d2via9gds6hgabp57i10e206,1B530C476A146B85B7E9BF7A88B5A580
ccn0sseos02g65j1qdkc06d0d0,1B8FD685CDA37FB20C4808C77D14AB2A
cb5nf2fe5jo5jatg4n48mv79nv,1981D16E93214492A98C0CC5BBFC4731
qr6pbude5krrmbf4opvi8uruoc,154F5B2C81196D4DBC48F57A459A217D
ft890j73i7dc4hco3r67cqi0fo,1138901A7535E8F1C411E8F620D47600
a73vulmt6jv955igck9psi11bd,15D843F277FDC840DB6C633E24C7C6A9
3l6i9q9qv7plokg622i0k0fkre,18B8BF5D7006409C2079EABAFD90351F
92t5aufmtl77d5jiodps6sp5ie,1339652CE0878CFFD297B7FFCC6A00E6
m03gmn33317s5kto9so9sj8k14,1292D8E65CAB1AC96E785E8A44490D44
n48s80k9ek11lm1okc9tk1pkj2,154FB61F8446F6C8C7E3DE0B064E2A6D
n224kpgem63nccvo18qgv2bvpo,1166600D4946AAD8E43BD9C8A4BB4913
hd3o1blvo56804cjsftrftdo6f,159157332026388FF50309F213A266BE
mkf5hag96cs2g4llmp6suki3c7,107D5B93215BF62659ABE3888577DBFA
ft1t3uscvo2an75as5lhq8h6kt,1147E8E997C3A8D7283CE1D58133FEB4
5qluht8a993skeq5puh9f7bq16,192D0812F212AD86AF44FEC067EC0035
m6dbe170h4u4r5rdabunlvvshh,1B383D22EC3A8114E9808DB162791B03
eq0ps2uf4plneh4bn7p5o3hu0e,131B4884F72406A2B354409758A7AF93
dqedu2jp77lj8ilfhprd0fvojq,17E1FD3F173D63E5D68DF1D97AC9D6B6
p9hig9o9cngh3i359q8v0mtdbg,12700B708A16625124A3736DAC4EB659
idtsrmhmhu1fu2ag8pka1tfd3m,1C1D7DDF1B72B6554CA68859BBAA74FC
bl4mtvpe05tstfii4i9t1m3jp6,1C9302FF834E14E3F8D91B4756C43874
jm0g2rkbpvfl5mdhjttfs13o9h,129BC7BC4AEBEB7EFEFA74B4F1A18702
stj827bu50ed0n5nb89jv4a4ss,1068C5A5B5E7345D761D75566C9C15B4
lch19hsti24kj1ov5g42404v0b,1344F80A8C82B5BEDCE4500B39ECCB0C
ovf0lf9n8osjfverql1lvf822u,1FA0C7805CC99C68F235784D0AEA9341
p635uodtukbtd8hjemu3uscram,18521142156D33D81E7DEA36BEC84DD2
k7phrh79s8dhhb0dmi8f39t27b,19786820B3922F255DCDB1341444F59C
j559fi6rbvtdjoofa97l6av5vc,1894461EB49596058709CE9449FC477D
tp72pv4prve6rlu1rt4sk06jh5,1E39CAAF93523208B0FCA18784B22CC0
hlqib0hfnr8p01q8o7d3knaa9v,1EE39D6B163BA57D483F898C0573AF7A
8cnccgam7ft99arqjf9v3q5ft1,1B44CC0AC0847804CD0DD8F5C06195CE
f6286203ki51hvsth3e50e2aqv,164CD320BFCDE564145D7CFF6FAA3A0A
b1ua0pm6go8nmqeg0vc8s1r3bn,1E9161692B7395061F11C59DAD5B36D3
q3445r6lt06f4q6prf3g6nvfce,1640BD5AB7F96904AB7B833493A4F958
t1msvcakoutiafakt577k2q0aa,122D95DA05E34BAB68097E39911F5C05
48vdnv86l822l4k1bnjakq8shq,1CF7F3EBA017818080103340ABB84FB1
9t3499t4sjo001h4m3dhtf7jt8,11A2DD68B1FCF0918F9B52DA717738FA
mdh9ufgls4dt3ng2l8nupsqu3m,1AF46D62F0614D0E08FAE074565CE796
v3uup8jige509b3cdmicc1b8nm,1567F08C0E33111DC096983E4603F0EB
jjld3qag8gie2rg0cc50sgi6er,16EECAE02AF800425D47661E6B8EFB2B
jdrgr62gksl0ei2ekda3butlr0,1AFD11F57D5BB7A9268B664B843CD6CE
4aeec0e7ses9pj6c0ehln6dsqr,13FEDDCC671B33EA98C3C6CF4D5587E5
i95f78hi4qegiitt6gm6nqnfqi,11ABE4D5D2814925527AFDF5319ED41D
s0nc9odvst3tkduonavq4mmpus,13B809255AF3AC144288C00B4AED917E
19pvlp10p9b6d4791th8msa9sl,1DB691477DAF4BA7EB6F1B096BA393A5
pkfsmntdusiemggrk4ekd4tqs9,1807E76B269138093348F006EEBCC456
m2qi7saguigeopmn74au0lcndr,1BA5A4B861BCF229E09505495CEBD67E
89pt7eb2hnp8nau8h8g4do4rql,1572F3EBE23E45D5DEF5E0D222372ADB
9jeef56cv33oiquel63f252j0i,15017710ACC9E327AA7F0BEAF09DAAF1
jaulrbvlh4ehg3mtrikdqtqcci,110EF21A67D04CA2108B0E995A6482A1
s90prm2d48f6m2f8go866morav,17278287F09308B4D042C8195BAD28C2
1rku4fvmeagckdt30b6f2hltf9,1B457903979D260361C7E253A4DE487F
mm3shbebsa9cljj2cp5e8ojfpl,1B14DBB48970DBC73A8945427ADE284E
hm8frc72g8q84hqjae5ic2b8t8,1559B288CC7405E83EA38F0492C3F4CE
buofe1r5fvgtasqen85e8867km,19D788B6854223A43589321076D7EBC4
7r6lbbbodrsqbo9r8342ecl315,128F54B2287021CF0B5DD98515A3C203
5u7o5qvs1i8guo9921ghr8r28j,1D66C962BCA9B9DEAD7EA5798F59BA87
bqkj9uqoj90i3nolvkheu69g6e,17339E3C7F81A094C0EF5983F23200D8
l95ar1qggf7v53e6p445gb9dug,1C2FDD3F918D35E83ADAE28258BEA25B
2kgdqfdka5pdb2kl4ddtc13l28,1B206C2B70C1344C9D7F5223EF4C5E99
8kifjr5c7fv77qjisgrc4mpfa7,1D0A748BBF35E1502FDCFDF750A5C68A
ccradst5cbbui0r0naj1nemioo,13C533DF69DAE8AB6262C8AA2089530E
qvpigv7jfjghpe49qnnsa5jfcq,1F9695A31B25FFC1D4AB586EE2C2162F
gis5bfrgcj83p0rmp8sndnp6nd,13331876FD39440F1C504D607FA74CEA
ghncg5ph5rbl40s2prcn1je9dh,128B18AF0ADAC741FF01C41F92C55669
j4dc8m52383j187pe4gkq8jgd,175D243F03C1731BFBB8B09114B7960D
ca466c9q8upt2rv1glr5fv14sg,1D530E2457937B0833C42BD23CBB065D
ja780gm99ouk89hlpt47233ioa,1B8D44A8A2953F9A6D8713EB752EB5EF
g4eggfab0rq97r9gb067g6en2b,11495860ACA40236EB286EE22F33538C
32lf5fa8n4dltdk53uqcjg5tro,10139EB614FA846CA04FDB45C36E209E
2dpdpqm1bmnm7o7lm4h8mqii4g,1B61B78C0AD512FD8588161DE1A719EC
qs37nbbuf10rjhrl3en0a9atb8,112BE27CB6167AF3D4891A2FDF984090
mbsju6j752t2nh095q11io16hl,1CD5B3D8F83E17396183530F90D3AE19
r8qk0t7v7633m8l23n8sfs8ubn,15D41514FC99AA6FA254E058E8E3DE1F
ou6d2u3hekldos0sjuhm7opth3,1168410F4B637835BD3485E73E8A12BD
h07rhjgtif2cnbo41k9drk0prs,13B8BDF105D90C7ED69E62B67AA8BED5
8lpifsltt93ckt4akjocgg7sp2,1086DCC4224CC5201C120C990C88F859
p77ukegtr0oai4hmdq9bkhe9p2,1F8FA9376DA8B5EA2F2B21DFDF73C632
7b7c3anmnungpta7iau4tnsrjc,17824AE521CF5688656153E756CE2833
ifqqt0dvefckp7teoc9rfk039n,1817CF0F291D6B0A872AC4386DF0E23D
8i9tfi6m8m24e4c7ihk60qmol3,197346355E308050DD320791A30CA868
6gt3sd8gc9nvbvqbd38pgbmlcv,1430709BDC40FF52870EB94DD753980C
fbvfgcpu7nljcoslhvq86002t2,145E9E816425267795810C870D787C5E
mojt6mrjt89p3ucqhnodil7s0j,155CF8B31F532DD9A97866E65562B806
nsaaoo3fi2qftui03l1r1b1s29,10349EFCB9E6AF00CCB0BCE0778E06B3
c0sic1f1psbegi5u1dnqrie67i,1D40F5F28CAA026F4BAB6E2D76404B28
pii4daaae4gp86pli3ma7cm94k,11AC3B99BFE6E530F0DA7418959608DA
qj6o9qu8jsve31i7da07h3gsvg,136050FEFAD639E66E2D2F2D00843C4B
f967bplujmnfg789j00bgjltp,1036F9732A000F8427BBD9AF27BF2D59
lfl6apsu0k8ophn0e1p20gojno,1529FAEBDDEFC9D2F9A9182CE0460A7F
5daf63fkf81vv4eumhg1e43nu1,1A40541BB86F05EA4F898A0E0304E57B
hrvnn6c5md4j83v56e19crqhpe,1A4176EF0F9119E9E03BFB1A3A53209B
gqc6tjk7jh718rq1kl51vgia6m,11F264E15DF7F8AB446F0FABDAC78F96
dp8q0f3o0cv05s3feht00r5gd3,1C43FCD682B255F45AB26A06826D921F
446kaim5nci5rspc36g93gnl4e,1E8AA9F9D1CA27A7F587F180AD34A79F
d5jmed0ut583icsals8dcscd6m,1E4D3A266B1EC98AF96CB443D0E3788D
3busmk549t860bv2jsh7lc17ci,17C3EAAF0369A9350661CFA0616FA501
d0sds799ls8s5v3v7s5dcd1lp6,18C159F46756B079314C147F8A3A63B3
tbupdmsvfgp3skohapf15kvvua,1A1EB3BBB512FF3AE330B054ABF1F796
95gc2itoosu8i770rj4kgvu097,1A1E9D6B1BE49759AE85E94B044545C4
8vl36qvbbpchvom7jfsc9hguhc,161634DE3925573852867E17BE857041
pv8k2oudqklqj2a3jc81dq3k2f,19586E1030B5FD36F6B3E02A26ABC2ED
8739atr7mpuvjk5k36u6q2rhan,17599F181C7AB348B3B153F08A9390DF
fkv95o52rh5cvjmntvss1ijbt8,1D789233B577C5E24CB3DAF4FD9F3AC0
1sd72mmp5fvausc95ae016sb2b,1ECE3AC5A5C11B817B303D868AC27D85
5vao8vhmqf6t0i3smsmvohejtk,1AF3DF8FCC4F3AF958B42FB2845AC034
ge6enrvdmr88bs9trj3pekegn2,13F9432523B79F0935F32DAD97F2BC0B
pdh76j2btapch3kvroatrgui4v,1931281F79DE67C118ABAB2FE18A1C97
gm1dcipl9u40ss5s0eiq7hkkfs,10396937A7B11BD2AE5B8C4C0476D5E7
q49jjr9f2ur1cru4r7oj5iohi4,100BA2996CBFC8B52EB1D78444602235
1rt6mu25r7m68ljbqkqottkuc8,12F8ACB1467860D3985F3202DBDB15C5
qld5skokt58r32eu1g14b3euoh,169884CF87D3EF8D2C0383283681FCF6
8f3401o9tgt9p0epp5u1lfqvth,1DCCF78EF007E9AA4010663B98D97BE3
lfcftqugnkkhmu9coaf0j29emu,10DCFB0AFF488DE7E56FEA1D91CE0C25
8l1hoo7snsik4ahfblmnrmn4ha,15655A0D13D35C8BE9251DD8CA206837
62jrvtff4saobulmr1dpg778rj,1CB19FA0229EC0DD6849609C4713CEFA
qjv5l30tb2giis3qo5i66h6p07,15ABD8B0A8BCFB96F964608F8B641851
ms53r6ib4ouui27qqk715b8o0b,1C9D75C1BD3DACFE931B65758C114884
c8p2631g5guru7ne18n36fi517,138CC2C22009B3F9AA85BC15650AD692
fefli4nfj72q51j3rr9cg4r5r8,14965D5B8E032BEDD7486C06976A60B2
tnd033truvrc54jrijnl39i3h2,17A04AE6CABB2A73B53397D1868B0D03
vs9udvhgu981pm6g2n4m6hv49v,1533F5F771A7373A003D4420A6ADEF74
ihvn40eqhc5vno2c55asmkssu7,17A3E1884FFA902E8D40A6F955514E99
4qt4dahd9a5r90d932e2j2amfm,18DDD669327FEAE069E0249C3F5C67F7
i7ceacfibagndh9632c97qilav,1FDFA12CB92E785F1CC1348AB5793E0F
qvptkdpsah42vvuhjgaoi77j24,12C21E986A1244E605095B8F53C7BCDF
9ffe7j4cp4bnkjgpri4hfnkovt,113C90ED1F2BFF6ABBB06BBC878DA380
7knnt35201s5pto8j2mf7la93g,18A0A4A56C169A53AF515083717A6574
pgahb6jp29tnce5qpscgj1oq9k,13170C5162ED733B3B32BF7332F914F7
d6hm1a4tfj15e71rp9p85v2mdl,132E5562FA882FD52C2C979AABBC4B83
t06shqupdih9525h55tmfhf1hd,17882577FC4C58ACBB9B51666D989425
hj8o5vsa29j4jm1k8k15deh4fr,188182053A8A8C413CAAC250C48E3BFE
m2qhl6hm4fitf2p773dj1r911s,1C17B954273D174C9B696E5F2CDC83EA
cvptcpt27ovkofq20q7lvrcs97,1407B3976888B3D0C3434156452036F9
u5o7gk900vq4c26o6kpqktcimp,19D5A29B295596231877FAF1FC9E978A
o8rlm1he1v86h21lsjt2h7fcmv,1B4D40C53618AB462C8FBBB9E7A128B3
o2849boadqfak9gc7jl4mjar0i,1B8841F0CFC0E276B01FB8FB0AC7BB52
gnsgohpppsgrdsuc7272la88n,1F134201750B23E65180B9C7F5BB3196
9ip7f3rqj98ke7tcdt6memi527,1BC877EDDB864BAC93EEA5E74A0A5525
mkn3frl9kg8a55tmarn1fns6n2,11C4049D7684F40899BA1E86D24E84DF
dnqf1j1sm5r8q6heqr0t1qnf7t,1C5469D38FDF68BC11A796603DF022D3
ptqjgo0d3dqlaoqr6e7o1r7c15,130422D83E8B4A5B420D3E152A0DAB9D
jmpg3f7tid6imb0vvmd0tfqbg6,1CB005D7F920C4CDBDC31CBD9DA561FB
d2ilpe94oju91lgnhradnine6k,1B355F298CEA7C6868610B55A208BD44
fh2uqmc6975t46baas5nscfmg4,16F3E5DA91A7A2780CB6244440B7C427
cstprrbn2i0nbec97nf99olqur,1D8CA7CDE6379DDC801C6E9BB69DE723
2hr4escbjdmmvp7tdjfovo6hek,14F85AD49CA28AD0046212BBC2F9F2AC
9l6stcmr3fivne19c16cc29ame,1C6B902BDB71F5AF7A2783D0872D83CF
t83ii1ue33mliquf30ua2qd2nm,1E0271D476A2DA84F46C4323C8C4B76D
ajb8adjpbp2q5psv1c0434jva1,19231AECA0B9CDC34F6DB754D544940E
8gbm9b4u4m159mi280ar6i0df6,1B453B421A288D6F3DC0D646C4285540
rvon2ns2hjmumq0q0c0m14vp1j,1C159D7B6D89A303B7BCB504B8E7D84D
v669hfn1o3bueonlt6lr6aq1ii,159DC4E192BE2E2BAF909E9BFD2877B9
f2bs6crc4lm8vmgb16ovtecqdk,184EF6FA991ECA15EC81037F36A285AF
qppji746ai8ikr0hpkp1efemk,197212FA0DBAF7377F40BC1A139C6B18
cs03qqgvk3clums7ums742h1vj,1AE9FC2C6DD1E8FE89E00F78D6E80B50
con4b6ip4hd84dibadrutim5af,1B1587DDC3FB3AF5F07AEE1380CEC0D0
8ubef1ecmg4el5obfja8jj20qp,1429E69FCB27F381C91C424AF394BBE7
i5iuf0fn23kaa6b0a3srnqfipo,19C7577FD140D2DC5C7811CF03952278
hksbs0gomrnb11m8v3lm8p6lne,18A7203B834BB09AD671AC1BEBC5299A
obso5aa9ag86kiobo5ig339s3g,17B5A8009DCD6E4D25940ADB0ED030B8
fkcmja79riig1jfvd9fg7graud,1579ADF77F88D763343AAA2F7E5A25F3
a1sth7do69ot148oc4ne1r0gb8,1C45E7AA790B5909DF6D405AC3E85B56
o4aqiluae5kkprfqsjh4qeg1u1,16742D052D8C7FE92CB3CC71D563F1F9
qfgt639fpd7p2abfog564hb35r,13B5A08B8F331CBCD669A6283EFCCE0A
6hs00st6uttu5v59jpcijkm9sn,13555B16283FF1D4658BF561E69E79BB
8rlmgn1ngbfvppvt5la9dp64tq,162FEAECD67C0C0DAAEA874DEBA33015
q6446grntp4nmhhksitlhjvhcc,18EE99D3DC2D8547A466DA2DAEEA7F0A
4mgmf2v4pvh0lci4d5veeo66fa,118B9F244E6759CE239CC1BE91255219
atr4aph5qdf3i09bsk0db384h2,16EA4B6ED7B19AC19C57E0CD524B0FF3
7hke5k0pg7pn4rfqvhasg1c98k,1A2E1F57A12AE154075FB37EEACF3D02
7ih0brtsgrc6p5fv80ik0p5grg,1EC78BAD9EE3517D9F182CCDA642DB4F
59s57s919jeb3pvi41d5ikjnmv,191508878961A56E56F49F7721713520
fkbravg73rnnjlfpofmkpkpl12,1FC1DF4128305C405F86EF175E9E12BD
mfq5kim5siuk5p6drdhkk67sap,198704C9FCED15131BB22AD8EE338A3F
coabf0b1kfm6gnpsf3s566brir,11FEF2F418B571E12F3D6190F72E57E4
m7jhnsh16at7maq1v2vqgtuoco,1FBAB17EAD716CC48F00F4773DDD9D45
fdk07v2m9q4a60ohd508oq572f,1461CDA8A952480D0BC24F55624AF5A2
o26bka23952v0710bmk1re6vcj,131E0C5530ABC83534CEA41A533341F5
iq1f6etja9kdch417a4gngfn9a,13EF941C2A0E1A344C70B359187214C0
v6s9i2nibh0fg1rp4l8plkak9n,13FBFDF05A42B928BEBE0ED326B066BD
aq9aukdcoorf256m10dqoh4bma,17E356AD065D6E93A99CFA5A1E0C35EE
1ejab7mp90ae7itmul90idctv5,1ED17C476893509D82C27DD2DE5B8279
ankh42nqqgl2gmuoqr69j557ek,1C93B9A48A58F1EF6510F9CD8EC323BC
1ku5bka8dh8a2s7e1prs21t3d0,188DCCF070679E4B304BDEF815BF052F
42omuduci0nhulfi45jkfp1hte,14954DDADE810B07C6B43F11D1CCE082
28d78oh3p2otg28bhpriadajqt,10E7DDB07B7E8B23A67E00D4F80A123B
uke50kjsr798ucjku2ppdnhv71,143BD1078148918F5E1B2D31BEAB0A85
qsjqdvrfeodt3d38o3c305t99v,1962CFBA7B63CCE8DE5B493FC5368CAB
1buuv07vg8gsi0j26r0ga1gadp,150B8E0EC9259FA28BCAEC2C90B86426
elclav8d6vhedh93s1ofafratc,1FBFF549BDE36707AEC89EA40C05C418
o63cpv6ms51t5r7e49v7l45fn4,10A401400B1F3343EF2BE323FD6C3B19
tj0680psp6kh9b2rscrv85gqj9,1943F18229EC5BE7D90454E4539D71B3
9dgojq9hhoi9l2j9gjb3spjblp,1269EB6FD58230A01952F948CF596186
vkm0d4f81ri2j4tjchhsnd91jk,17530F5C6FC34BA6064091D254C8198C
6a7o9pha6003v7pcs5vvjl5jn7,1555A26D2F95E8C1816574A5D168264B
8jhhv7ibovv0t3hdfr1f0e08u2,1E0FC4E1F1BF00FED9D53625F42D6E07
b25mdlr9a3013roph1k9hu0t3d,1A06804C28AB5227E3EFCB63AE027021
7s6i7haljhknedern5qbumeklb,1B7FA0F1277B1DBA60EF81D4CEEE78CE
vefagovti4h4sfhp21rttglihr,147CD65E490F6A14BFA6454C52814785
603rt9ttj62uln7gciirqrabpt,11A816ECD481C487D46791693C28488C
rgsnn8pu8tvf9sfcfij73gs4id,15066C8E67050083F3ED364CF1C40542
sornubil2e27nnem70bpp3egio,1063FB131103BCBB078DFF162781E1F8
j01t821hnvgkv37un9agqo9n0b,17FF1E68AE7C421A2CE76D7AC46B6493
j5bis0apqb1dbffrcsu15575ho,1A4CAB417BB0F4C20214AC93CD3147CA
i0ti21t9hlm4qtpv8sgrpe4ega,1B8F0A0B841407BD8F65CE1E0BD890E0
i42dllbcnqqkddiu5qhmtcu1d3,136370DAB391CEC723C0EBC35C5AD2E8
481tcst6u9s69ba00uu5kb81om,18C46F30E0E84EC42EDB95F3AD77161C
8dai3kbgs64e48magapinkht2s,192231C1FDAB6C27547A5A2C7494D79F
melt84j9rbn6icelm6aihq2f83,1423587500056BA9B183A96456E0C708
tcvtoe6tfslvdh1803idb1blqs,1E34422799C692EE87AB078B904DA11D
rq2f0buc81et03cueenua21ptv,14121F6B7C8D219B18142EB59A57A3C2
gh2gpkad9n8e3efsnmkr0b76of,1325BC7010128CE7648AD128D4A17038
sne1qj74d72hi705rvvs3b5crj,167127D45E6E7C97977BED1F12C2D8AB
iamv7gjfossmlngg2s1su5k0tg,10F89E419BBCB52A2E7C5392115550D9
5i832i99f7l8hapn58hgjth16s,1860359AC1E4F3A17DA7EB922C049AD5
9qvmh4m3hage3bbgp1lt3ar16g,1821AD7940C89EC92E1B5CE500E872FD
junkt30uigdtgsivlvpha84jkl,1C61DDBA2E958690F1F6147BECDC179C
srh5smn0mdc89pk4vbr8ukghnb,1CA945C59B2FF39148CD976FC4A2ACAC
fsds7b9g6ol2rd2p0ds9se8sna,1BE30AAB114A43D45A49A205A1664969
n9v0q1k47gh848etmn2e4c7lf2,1620C1F56A9310AEB537CBFE020B00BD
bdle6dtgbsgdjs1f2gvhob952p,1B7FB2A7A4B87C2CEF7ECAC299588071
qr5648nu58qeolieg1vpc4lhg,16035AE6F26D45A63C8F1DD76E8B6334
t58la2965orl1hc47k27ujak3p,10C65B87A3B3A450FE36E5367C32D16C
lbamb18620fkp264qidcrhftov,165B381E406523CB2741B5800953FE64
umcroosviacum0gb51taur0gd1,1503C21D480812F8DA1F49795A7AB050
9dgl321pkp36tn24u0moh36d96,10A3DC9B080071E6527556DBF561303F
3k6vgqpg1krtegj6usgbpe63gr,1C437EF2BD9E0429A7858A55D12FDB9E
g28tvq66i85l4d1iov9m9sdlkb,1A0ECF3C9F17E6E9EBF14F48E0359B1F
g0tanb8v7sgmq7ehoc1tmeeuv4,1736A8D418F7CB6E29BED8E2FDA24430
c39ujhrj6q0ipbu07ekf5dde27,104F8547B330F53BA274AB56AF9434A6
l4inl8b5t1ijq3u8ghsjraddlp,105DB050B89C8F46107D5E061F3BECA8
ugajgpcsifh9r3japqvhblg9i9,10C0B56DEC2A744554FBFE829479202C
l6caads901d02cksshibbpgist,176F5D8615C21405BF60591080C3F07C
b35fep34d748qc9ql3n4q6mh7g,1BC8D0E9D3D357555C5C60E3A422C51A
cericm5grfq3id9n8kkko4foas,18BD8225A328D6DBBD0D2F07205798ED
80miqbibh3fq1sjoac9s14k77o,1517FE26167043E2B11DA366979EF81E
tfu853mk0goougvfmfd1fsq29r,104A6742CAE613525ED9914950299642
c8aspb8b64ca5l5nh89q61bqaj,1626890CBBF5477E36969E879F24CC92
agolthljf9vi25trnh21jnovgq,1EECF763082472D815231870BCD15BA5
c9fvg13lh6tijdiuqhphh0b8r5,1040EBF55301683A7438B31F373B6572
g4kur79gf3ar25cgpv7hishivr,1BDE6FD6A5873E19F303E8DD01F03545
jpit9oqsnkq9gpsnrvo4i8309m,15D2442A101E4642EDF32D875AD7421C
3o13mc1khed7sgj2jud9todtbo,1FAB13CC0D1166EA6F95EE12655C1EF0
j2762fihq6gqhnbmkap7ipe2de,17813ECD2B7D18A7E5B6D07219590C98
8b7019v99trbvnh8ejvfjg67mo,12C601EC64B0D33E7F7EB8D8ACE8F38A
hd55at7pkrou0li24dgami3e1l,136BE585C0368620DEA8AE547732CE91
4t7d32u80fu294omck3t00plp0,1460396B785973C35E8E3294A45A111A
jjodgk014hrjq9sjs5v1oa66js,133BF349F49372DE3C72D52B6774DECA
2mb0s001gu0ipigs9qavri9sqv,1E2490A28E300520ECDBC658944CD47C
7gqo4btk1j9k2pi9nfjbo7n3fj,1BC9564087A20F2215823242A5C02771
j0mehh98bjio2mv0fhqporlpvt,1DBDC0FBB83435B5D93822627AD44D47
96dom4g9gbcuhe2amjru2dd4f9,1A766A30C24E959D0059D682D30CAE58
u8kuf1bptko6g2blsbe3tf2o79,1E190E9BF5CDFEFC47C85627C95475EB
pn7fao9l4i39dt38k1vr7phb80,1AAE4A54B2AB4B6065A3AC03048FBAE8
3h7ajkoa1f8m67b5u256876l9h,1DDAF61176BDDC82D210BCEDA6A2B520
teb545nlbbmat7kqqvnfbqdgd4,11F5BDCADCBB9E52095C265A5BC898D9
7qnie4crhbeotjdl9hgoe38ego,19EEE63087F779517FF491B599AE2154
cpprhbohuctm0j4305v15hnam4,1581D2589F06CD49043A6443B56A9EC2
h6irleadb4haiopdd3stt6mtrf,1403466B724A93879C88DA5552FCE006
ipga1lsbm6gc9012kngsklnmfv,166D15A75DD18902EAC882A5B49B7F94
t71ik9medkndjil50abem0rlvp,1EE6CBB808D154D6897B50D45F30C969
kqfrqbm5r3lr3kd0iroffcaruj,1EAF3144423B4D278807DE3B8C30604D
ls64gdqtssfelsdiuaronpvsop,1578DEAA8675BB4211EC3D9FA9CD0F21
9dsm6mnmvonta6ulq1ncr1ouq6,148E07EEBE0877BC57FB1704E5ED6A31
f26tm8ms126gcjearj3a2ie3pn,126EFA28A5921AA20099386BC8EAA709
662djn9cu02kkin6dsp6mpdbup,1C2261A1D819C3486843E1969EF8C261
p2ugrk6m2hccgeorhble5mt8hp,17AB7843717CFEE624B3B52969362EC7
7h4u5dt7sv18ptgma71m0o2a7i,1F6E453DEC002CCCA34921ACDCDB853C
nn8im6beem3detj2salto4k39d,1F3FCAF77E02ACA103C22FEE694AC946
29k9n3d0qb2v12gpcbuskse9jg,1B04DE3970914884F33175F6864EA9C0
jq6v13sih26if04rced55d51pe,1E1A4AC445CE763F19106CBD58CA45FB
hbg68fr12gdd784q8baqqu1ja1,1CAA37B6EE6D159C289A89B084E8F96D
arl7jqsh1tvmpoquhqse4n7ooh,18CD5FB6E8CD9925CA89C0AC0B77C2F0
9npdslbdk0pva5m5ohd6f360mo,12D297662E06F287D5A9E737149EF757
6kmbtuk01klvja0v1vrkvnbq4e,196C34E95AD016627B5690E1D89F480B
g7tqhvtluqml51fjhskv9he8qg,15BAF54CEC358ADDE05AB3319CCE4F7E
tp56vgan3cfvl0v01i1h48vsu5,184E431E30405CC69D43D06BA202E6D9
379t0c2o6f83s71s8eoq3gk98l,175E3106C049D3380BD78169CB4378F3
liun0oqdm2t7jsth23dhih94b,181C1F2416D4563C06F58910C3C3C2DD
ei614p3ck8c7lnjqaagm7oi4cn,13AA55B19A3121833992239F9B4DAD5B
juqimpdd6v9nqqr4goqjf9ie1k,1F0B782EC26E408A27A8A5BB3A05E5B0
qlae5qdvajs1q8rbq9qc2v0lad,2000DFBC0BE218DBD517BB2D90A6CC32
1lg0vcbrqgn41nq7ki3mvgmjsp,1DB0E76B5909BC1683ADFCCB6B88AE19
e5n3p8o6uaeesl65f3qqp9r48h,19C1243861FD877EC8A8DED2E52EC6EA
3ngs8an8fcelrfuke70p1mvrnj,1C3C32C1D8E1F901DBE895E701548378
q2bqg8cs19tusu2ouqc2pvdchm,128051063B58EDE4E3C8A3451DDF4DC7
m6iqubfk8u4c3ohadh903nn63o,1C0A727C15935BF4B19FB1BEB6194F18
9mavck7reg5avkrebau1jrp65h,14EB944C9353E2406AABB3B0C3FE0E5F
fts1klm9b7afd3e2r7sdj066ik,1613D5622801CCEB886032301A0AD7FE
sm5jok5ccva2pvt0a5h217gmrg,1A6C70861C0B290C37362D5A930810B2
ndjk0l16ii50vttuckldumv2dn,17D00C831421672C514C31916A0332B2
cs4ou1t3vbblvoui5fdk0kltba,15C59F7B61C4FBCB4CC253B766FE6700
ahaajc2qg42dj1o09r8n3if8oc,10EE0455C5A932E8F94A5BF4BFF0F8F9
5s9corc61n9eq0r2i95cn2tqr2,1F37298939109B40794033945CFE1CBD
5bhe4cp0rhcgl607fl4j6plbq9,1A46B55D18F1BCD90FC479A31F399CA2
eg24ldb34kq4rhmlkvv6rpem05,1CB16FF3958224F9251E2E13D26C9EB3
gn1ap0gu9k5mlmfgmcf1lhg8te,10695EEEF3B559DE1E1718DF5D0C91E1
9p39kvdin51p1qmcnk4b0q5v4c,154993ADC781845D935598323D4862AF
qdfeo9j1c99v5nn9cqpa8p087c,1D8DDB0F21C2BE5B97F1C9C06E90907A
pi53lcl011cc1uc5an9teskg3b,197043E1F0E5B3E8F15F7BEAC920929E
pm0no7qolkdvlb918jr6perijd,110B335A2877AADB6C6E99ED30C20ABC
32sb1ae9vpjelnpkbkdnloib7p,166780AAD309270B581FC44EA1D72A5F
8f624harv4a1jenv0040u7s8tk,1E57B0090093C49602CF3647AB911BEA
7dqlp4it6co49rvdjc0cudlo31,1437326BE1841127B5198942A4AE8ACB
6u50tdi0vss9psupo1tntd0ndg,1D8699F25E1B8D43664AE1401CF57DE3
qntm27jjgdknmtduqq8chvhbdh,1C51CD39EBA1E7DDE30AE22C89E8373C
6ip32vmieuge2p7vhk1ntat8vn,189AE4B41429BBF57CF4C8BB122A0793
7rqukh4lnmucuunb24grr5l056,1D283B2C54AF862E7FB9445E948C1ED2
96lp441doarts6acgrbla6f72r,1EC6DE443A52FA6B32E3EEAA560FF58C
o3jjjvdqvnm3k8mi4h34m0t9n7,12B535A84FE80E9278F9A29D319CCD4C
4tc309jl0ito4iunidftqmmt7l,15D70CDF3932E16AD8D17F3ACB579BD7
o15qa13mmt81a6ebp80dr44q2s,139D1CB53D7989933E8D71D61DFBC451
f7dgtkrj9raau4eaqg1rccns68,169997A51A9906C3256010520616548F
bctentdcf6rkc30iblbif5v91e,1A0DE68B4F7D2FAB294948DFD39AEEBD
913fkjevli2bh5vcdk61pck9hb,199EEFD6E3AE947B671CF54D9865DFE9
65hr5r8j789for7qmfe737eufg,13A5F0B2EAA01345C99BA126083DFF7A
oecohpo9833bnfai0eng6f4p06,1E518895459E31262C25437BEF51EA20
fovmhqgh87u50b827inuf0h6m0,1756352DC62E46581B25F2235D53EA29
igv614rmu36463vtt0div2v1rr,1E488ECA8E95A4FCDB6D0D468135C5E1
cal9rlio0i0d1qbl8n3mp6o8oc,1B46AE931C348B2912068EE2B627A7A3
dkiii8inc2u7qgpmkmdk53ncrp,19620B890D4F90EA9E84FFE31937A1C4
m124jbodvu4uorhf4pqlrmjo6a,17BB4754254CF181E041BA0B43B22085
reuluqcf0imm7mqb8qn7rvrf90,11F7BDDBB105099063F9036AD665D5A3
85sjav6mausgtlnh6e8k8jcf4t,12EAE95A40AF268F99FF14FC7D6D5D0C
1p4iofc91jro7nf5lklib0o96f,1ABB6CB1570ADA325B8CEBA6389418DE
56dvuu63h7vo5pgi9rbg4g6ln,1D77E4BA56949F747DD5FE5ACF24D8A1
dcpp6553l54qodfsen82vet9a3,19E2E202B86A04A6179B4772BABF3B27
d0j7j2inj7ch83ocmki99k7fbl,101F912716C059C38CA461121280D994
8rinrhair4nht4g7tdcva3nlpo,15C91C1E8913458E1384FDAFB07E3BC3
t3mqhk5n5es9tjgp75ijks3tve,13204BED675B3838E288089281D9AE45
coueqjpdnjcd231ctvbm3l8p99,1CFB3D048365A6AF56D262596FCE4E0E
p0batn05rho23u5pbnedgnnkns,1D0B351B76A286DD705AAF3A0280798A
h17dn97e8doebvqqqkpau4j6nc,10DC2816FF99E4CDA3FC1EC153BA5CD3
tgk9dgkmreh60a691dksmio26p,128868BE673D1E244F5D71ECA6C83A2D
lis0dbbeum2g6d5ahg5ecmi6e,14C30A4EBF1B58BD3E476A61DD2D9E17
m46462qlprh5r71nak6gh3qd49,18EC704ED25F1485B7D474DC8A9C1328
316vdjrms9mv43t4rmcknbf41a,124CDADE7ACE3645D0607000FBBBB0E5
92jhtjisrrd02884dveslg0dg7,1434AA15B14E8533C0D4DA0484B26434
lbld5pgpl0pt3281uh8efn0ivh,138A6C7F3A844206D90B461ED2408A45
nte7boduir7sptmrsq9bm7lggk,1D515FD7AA7641766D77BCB0C1668B2E
antqr5mv78fktvn1pp8v1u6s9t,1B7F4D357324FCF5CA99CC9A486067D7
l1t4vuto2g6pl83n148ioaelqj,156D30B9913890469ABB6A6A53FD66C1
l7hjvdl8bms4lg81akelohqo4n,1F127504A17616F17FB18C987067FD00
l2gtseahfpsdvpa25ncfva5png,18EF0D683508E9D7C19651228B7A4C22
ak52mkefctjualva9h7q52gjem,142BAD45CFF8F39A2EBAF14D8CB326E8
c8piu5sitn6phtf3ddj9o3plul,1F66957477E0687114E142F8DA2918C6
lmfbuvt53olp7npht6rjq2fimi,1A2C67E70D48047B1DDEDAE23990323D
pdsr41jdin3ea7h8c0m816b8ki,1834F5989789535383B8041F584F85EF
q74g1so2a3ti62maua0cht0f60,1114313D991DE21B22E147D89640ECEB
c2tca3tdh2p4g08r7hgb4rp7c,1A3CAA2A5C723C45FDE871C30B82EDF1
79mts9p4uv13gofhodvuiurkv5,1E2D5D646507412E1D4685EFB74EC5C5
jth2mfeof3n7ae8miqqj76lg85,1330CA488293295C0F2429FC2A75555F
ouqctnp85d4sj9hl84mb0t6v8b,1A4A99A06B88D0F3BD0BB2D83EE5759B
o3057pk21epqne3t3r3uon6fnd,18E5B74D769A6F706ABDE45531E97F7B
tcm5r8s2n0pi2v6jk5pnkaq3e3,1881D5998BEA3D4F7FD0A7A46FC2C3EB
nt9795c8nuskt4mq13lvvamfok,1C231EF4ED2DF30DFDF192D7F144FACB
cbjbj5jhl3t99i6cmr8u7rlbv2,119C41DEE2BD3D6AAAC63F33474F6857
f7jpk447e8hdbh95b20es4jb5k,1A90B42F5E8C736E9990FABC104D0473
nsu2ne0qdsaot30s1m4iefhf18,10D9B73A6B918E15AB87F6C757CB3EBD
2fsktqkc7o9ih5q2alhg9h27nc,1D045F070923CDAA1114C1F3AB5ACDA2
57bp086jooim64uq7fjmut7upd,12EC60966B4F15F316BA77318D3161B8
t8efur3imtbh8l56c0pbrcef8d,1578CC509D78E5622A656F3687504395
pa6eu470dqddaj92qqn5n3cemh,1C9AF580E3119E61DC7C6D45F5D9B22D
6k04d1d083fefgsgkktp9uqpc4,1B2ED26FAE45B4733FDC699FB3A04E44
cu983efem8r1cj24qdhqunk9am,1DB9B3B2473BB2A7C7E063C8E565CDFB
gqibc0k6cm8g5i8josjc9v4mp8,1E7D4E77DD82BA5F9C7F5BD9B14A08A7
e44jchi3ti71qjqrpmblqouj77,1C27F3D7C95F278E94AD126DD4DFCA0F
gpkgobegi7bopc634lvq3oukqn,1B06EC1802DB35DCCCF377FF37086ECE
rfnqldj1bbkqe9vtehmhr8vs05,18E03D5F1213EC83E474ADDDE198425A
abpnrbovleqmd2ajph78ang9df,163AF719355FA85D60BBAE85C3B16622
to3vmibb0ep0nq9sviv7gm3av1,1E693EBEFA66A079103415735692C2E4
21fbfv62u9e9v8736ot1dcsh61,11760171C1523ABDB5EBAF00557DA018
fv4rutin1iefscrhvfh8a3c6r1,168A8B0209685D2A574E160F9BEC2A89
puq88h88q3oqs17sdtdmrr1n5c,1BE5A99CDB1362952F315403234092DC
f2ql50vdd2a0b3o9ufjr8g3u6r,143D18E3246F4A31026A3A9C864109B5
8s23t8kuma40n7uopbh4q62co6,13B8AE9FBAD9871C76A7BE45B912396A
33svhf9akplqpuecb46vvmlnsg,121B70D625B0FAA75F8393509BCF31BF
78sqsv0ug5nrd4dv1dfmolmq9r,1B9B5C94D47304CA344136375F8A7203
9jm2rfi58hh36j1esgdfu717av,18DAC998D09E4139D57844851028D1FF
p9elmotgu886lol4akrg6jv3pn,11A916514354C9C405209D731CC6E86B
ascam651d5qvh23pp06hgvunrt,1BF7EEE43B5AC62154D616E8925031FE
420kl2fc91qk13k3pnfjl6ec04,1A66783C00F97A5E7D671A19826FBE31
an7ba8een6sbjum12o013auop9,1662A92B2100D7C444925059E4D1D5F9
hf6jairvsj0erjfg4saj98alu3,1D8D17F10876731095DF926628E398BE
rfaqt0chm6ijlgb4lfot2fjdph,1F35905294D8237C27C559309DD7B6C2
9acqct6ldf2bp2k3jkdf15j8k2,1176771DC62FE320910AA17A8F8833B7
f7ms931m6kddr8ht0jfjfdklkd,188BC1978BB84626B0A159922E3FEED5
1t25j186ro7n5qhcui91cdr5k2,15C1854E88F0287836DCA489BF6D0F10
lec3lo9dfi6cg4gkiqf1e5178m,152DCF1692AF409BB336D1920F7D2497
up5uqhv4talde6o09pph2r20u7,1098DBB7D37270C8CCEC32CFAEC1AE19
d6e72oncue7op9i6q9t8nsfo08,15716D9F3E39B134A40E773835CFFA8B
qdd4g2v6ak8fdnu3nu4adoqs69,1544BE601BA90B51A574FCABCBDBD4ED
lfakdpjc3evf3h5jemudlb920r,1622BFDDE0C8107992D57B8C81F91104
d39lur0mk5ot1snqseu5udqfp7,188021ACA1903B49EBEF1B61DD1CB9C5
7han92mupu62ctmmb1rd6g62lq,18DE574921C32B641EAE5AB31A5112B1
ultaake834dgpqbor3q0fk5mpo,168CD7CB0815773D4FDDC20D782735C0
688frl2l1sude8mla3pilcme04,10E41BA685EE22F36D961D1466614343
3qu23r5ued1545ivh7jah0qov9,1968F9619147704B42F06C3D28D473B5
9oa9qcnip69f51u5e03hi1nr68,1CCFDBD1B06E4DBB604457777EA04735
ag9u9tj81c4ptho2oqci8n7n09,133239C9C33C845DCDD14F3991ED8069
7ne71tsn44j7fss6e41139ua5a,1BDA73CEF1794D00A1DC97F4CFD7680F
1fsslikd0q95967pmf4v31vhjf,14591548695729341559A10E5214EA03
hv53gd9errd7esn7vugsv81rc,1B780FDF75EB90A1F8EE1B552D9D1592
tlg3mqemic8liif06qrcd2rpc1,1B0A754CDEE273E57ADE10559A208D69
opti34q8jeu75sveh7ls0jjhlm,138031954BDAD00AB11838BF8E66A792
ai3h2tms9ojr2qtd9vtinq5qpe,15B1839F6BD83E92902B0155BE3ECE3B
indbmjs4254ui71rj16iv49n5p,176947B4C17A7DAB2222C95BAE4610F6
k88klte3mu5i26vt5ir19e6udi,1D203C378D0424B240963983936EAE71
nl9v27pfmgngthvs98u53cdsrj,11CA837E32026DF781670FA2951071E1
6s783umfd5djqodpbqfk2prcj7,1986A53348D4EAB7788939F8072CA2DE
d31kdask81v4qnkahb51ibgsvp,11A9182F7E344DBA1480D3716F6CADC0
172h79cbtftl33v4kmuitvg435,13AAA58A1B743FB8F3A2EB700DE2E4EB
7fhvofkvcqq32tcbvmavmvau65,109234974615C0158A9A7796D5CCFA7B
4u4t0modaulqku73jr8svs1al3,15D69F6FED10DF14BBF83CE689239061
rrtd10amjoda38m29iukmaafvv,15E6D59280C8B85AC1D16D926ABC1473
evt1q0cpeh204hqrfjuomahsr3,13E391FF32A9FFCCCF2E71E6610E06B3
rgcv6s8u42rn4ff67tj1c08uft,14DD7AE1D523AB0705C3B88603B36F44
j464e23ehc3i4t2c8sbuia26n4,18DFBE8D01247503CD23C4C6954E3E50
pp17pk54rkeivdones8ph851ub,13A59A5FF62E64C5386B5FF8FCF61DFB
aqkagr03octue8htlsv12kecjd,18318B7D70470C070518CFC7AA20F7F4
9ql75vn45q7u8qj8tbvls30rcd,1504E7DA55F7B1D2323585B890C36783
ccm3l1720emqmcbqljjpg5koq6,1F3EE2442ED16DAF4F85DA0B019FCA3C
2kdje5fs7083fcgba8qq69h5kl,10864602AD73DBF1C6E1BB94B384057B
u5i3lu8751linkjtdv26dcp4kk,1A936AF6B2B3B6F79C0B655929368F3B
dtq186ue0oeudbh7d4167ai3jt,1E132E750ACD7B20D42E8BD7C5219F7C
ot0vec6udgejrup1nmaecp1ald,13F17B83D8701022EDF8CF1DF054D262
paqajvdk9q77m5jkhifp69tp4f,1829C90944326194FA9142A00FAA7C68
fe4spjjfnlv24ce9m7nftacnnn,175197D4337BA004503C16E5218722DA
i9197cii61p9tl1bj42dq7vjhm,10D0F654E0B92DE1C78871A300B83CD7
31rsf3diqcd3vhihcq4h44njb5,1AC5A08B3B3BBC096EBE0AB31E7F45AA
5qsndhct030208v6ktkqju9tdp,1261835E31B7148E92A1A513E0D187A2
t467of0rp9nub5d58ihh9g7k24,15100504C2A9ECDE1B19A61EBEEAEDCD
med31e41opqo6epu10v87f2a6c,171452F9E5120C4B308B80C7893F1982
ia70t0vmt65nlrpl73pijhala6,1FA2F4995EF9422136C89221F97326D2
1vpjabmu4ff2tdlg8c37q3n7im,1C447C9A9676206931ED1FD4B122918C
aqpavl73ihav2jmespk3i5e1fj,19FF346AA11AA83ED2CA0BC174D6DD1B
llkeel1meqd0vurouqv36on8pc,1770022ECF477AD3608AB4ABD35DFA1F
3ge711bff2i5vajkdth489d64r,1E5F0D6CB461832EDCA6302B0371F32A
j0sukmmpf9qv2pete0u30ieadv,196AF70C4BE3D5C68533A19C9C3E1918
jdbqtnb2rc4aouajdv90dbq523,143D23507F800F05F79BC1076C73FA60
qanbdk5erl4uq92f6nrvgiuj3,147D3B9F8164D4EF02B26FC4AC37206B
f8emp9uis7p5koas12jdltoi37,19F3B27322261478D9BB7197ACA6EA41
4hvrmbr0j3736pr7uia8uvo51f,10DB2B4CB53374892FC0186086049218
nfh6t91nm4ns7lr42q198qfdig,19B8EE19180E9C38A63874D33EFB34C4
kaq38s4hrh935hk61ire6d3d0k,1B9C91F5EA585E31BABC5101175D41ED
lgotap5he1v9clg96suk89p9je,12C6A13E1B6FB377D5FB13BB8936C119
rtoqj869vu24brqpknvt45bth9,1880241D17734FFF5AD5D9FDB9379F40
mmmmg1iivpvjtubog5po4slj92,1A34D7C6888450849B63484E491685DC
lomunba6nefsc01ufqdff0h4q7,19CC6E5220D309001615D79E45DB26FF
92l54381001jq8fe1upev8oec,18D7D2F2B58626B79E9197F76E77BA19
msiesfnnvbiiiogfu4v2gh3vr1,1443180ABBCA397A24FEBC7F2870021E
82k7tec628le72pikpb81afetn,15AD5DE67F428FBFCF7BE0FAF681048C
9i1cofmq4f21uv0idpmmq3gho9,154950495E686C7A2FD8454CBAAFDDCB
i362eqvprr1850hlpbimj9d1jh,135009204F6986F9EB7A31DD62892BC9
spqv2fgn1krd19u5lp5e6t8abl,1A391429DB31AD1FE5CA95FA3696F3E6
8ve0a6vjlfgtqrotj58fs8374s,1825277B39065F0BC753BB46CA3B9BA5
jvvo7qat0t8k88uf5n20qju7ga,14BBB5583C2E0E61C4C0A5DAD581F34F
jrmlajmoqnep8k6hh387c15cjo,1522A13589A51DAAC47715B242121ACF
o07pudhf4m2iejhcd2kfjt32nr,1FE3761E329F39422DA5BE33014C2DC3
8gi8cuibf35oc67mc0inc8hrlc,182C3AB20170E8EE02E03EDB57F5B559
en38g8u0713bpkadmcbfs3vej6,14DCA9684B7C5C90BCBF5F7E0772B858
k02bsdsar9srhmjia1psn2d0t,1506F5EE272838D03CA7647E9F73B242
jvri2bubfpq0tqetdaepmt45ih,156B6445BCD36D9A7B0A00F13AED4D35
rhlmv20npqlqptfo1pcr5m6iop,1C24AB2AE37C8B11911017329A6FE54A
184r67u5b9gfduiobcuggb9odp,14E6B50505868B30020EB5542331B244
m4kbslgpqs9thqvvp7306b4jtj,1222C16D2CC81A0A3946D87DEE9351A1
hsbvsjlb8icg5ruf7iitfrifbc,1FDDF045E00509A703067137A33F149B
v9ub5u7b74bqsu5r7cmakglri,150FDB87E6ED888EC2C4A483DD6EE225
oo39hhq94f5mtbteqp6m3i6dg6,195449DE90F5C1BA46B4832576937FBE
7btu3l893rq6tfllbhlqsssubs,1D7502B3601B87F62D85C8B0F98E7FD9
vqb89b3pgn14cqh3hi6b1ni9ti,1A869254B09CEE9A9950B9BAA6D293E5
h8s4tlv9n0gn2k89v64t7f9bsu,1E1788BF2797F28A97B0911B6C4F3982
qg3iog17uskrnvj471g7pvsf0j,1BCF72765B9079A224427E582DB572AE
s7smmfh175mflbjep5ig69moc3,13558ADD9AFB7701C099843600D7EC05
638dt1b0jme5btiq46die15f5t,1D047043D474A39939DEAF3062F045F5
24jtb5pa4q7cnnqp90v6joio77,12B76E087E062A9A2D6064744E68150E
aetf290vasnfvsa78q7dd2nbg9,1E3FAAC0BE0DD15D3638D252CF8F0249
l5jufbstqpsuurec6ibjb8kk7l,1247050E0D7810C0B9BB72896AEF5390
rimh31dnts20jf6m2i8dpac4ia,16A625C8CEA660158DDA478AACBFA23A
clhk5pje9and2vs0s6enhp4m3f,1F98E099105D2ECCA124D451829A0805
stl6pfckefuosgqps7u2tljcs5,146ECB2DBA3137B939186EDB15794E1D
a8b9tafdmc2vdhl223ph704ha,10FC17F6BB9B20226A5A65BC11C107E1
m6miobcfuudp7mnkn7q51aehus,15D4CEDAE33D78B983D16451D5B3CAAF
f5sjq94pn16g5ccu8t37hnhqqs,1270ABAE4FCED9BC6CA16D2C94F0F476
m9enr3d0np02lpq7jh52otgba7,14688CE6AFA4392CAAAC9FD948E97E0B
4vovk5mgn1p06ds1hd5tvv9qot,1E0263A6C0E81375D329FFC11A243919
rmj65c1kg8moh32lrrpesca1vi,18534AF9BC0A41087F46B513E2586259
87kc30vjflj66ek8rkaigs2sa5,1E915C9B28DA828827BD2C74661391A4
kst250ol0vqe6cdh1vhgq79gm4,1191A71C2A135580F140B01C39ECAE96
rgv7l45v3mcia8t2c19cmookgu,168DB3DF90F135B91C6DA2CB47E27F12
r0tbqt809podhm7gfp7p41294l,1033D29B42581FDAD80F474B717405D3
qgjelpmppso2auql155re0ch7c,13C0A512540520622CCF0F457504D44B
fmr3cbge9k1bcfuc0cobk1sn9f,1233A0D12E8000BCFE696CFD7CFFF945
p2pp0u60b8tuaavmnvaje08ech,18D592A520C4D4E07BAEDBA48A34FAB9
2f3emqq154gju9i02q5naus310,1D6929EFF7738879EEC28104242BA43F
nhekitalheg7vqhbqvfvpdt567,151AFB31D2E465EAAA465743F8ACEC38
her79kr3oa32a653phal6336n3,1F7469268E8D33E2F347BA9C271F7E8D
p0pogf4o7jaahrutp01slccjee,1C2C8328FE0850BB37D0E6241526A217
d0fal3l06flrkjl5uauung6d0p,1B2FB8A6DA4B2EFDDBF8AE65F38EF25A
r78caijee8kpp5rsnodlplls5n,130C71751561007B484EB0B76BDB433D
dgab0elg6ur41ebjtdg9eakubq,1EED0E6F3BED903770FDEE06578F8696
4a20i1n29b9aalstel7kp5vpcn,1613AF44452F007805946B0A6B301C26
bpht1ees5stgnuflk4hjmnlp4s,16A673AADD7597E82BBC640D647BED4C
mdrt01mmgedu71tnoupt7isvbt,117D03159B1190C4C491C2670B50F671
hgoahsha4785aorurt8odua3pp,192F7B77174A318F6AED1928B831A78E
6sr0q1ejkll6jdbc56l8ri7vvf,16EF5FD847023DA564C067F830B1D084
9818n68uf2s69vo4ucfrg88nli,16E60DDE3DF4B9A428D8F8DC2E4EEE65
t79mniec802qmhsdb97hvsv1ci,14E9542A90BD0EBD617AE74E67F3672F
p3b852l4p4p3tijdfnq7s5vpph,1C9443C60A4B050C92BCBBD1554DC48B
pf0mr1umb3p9hanl1cakn7scur,14BC080CFCA7310FC4B040C5EABBBEFF
7ipuualoeca52qenh51np4rlr9,16D87E97F9DC5646A6254018D29BE314
kh3jsehkoghs1772al5sr5i01n,1EC0BB7BBFB9FF6B2BCD431AF3814B80
gvi5rrlhq8nkrbnimf7kvj2cal,1ACBF73B2F7D4BF2E804FEBE502C3BF8
1csrb6juueupfasbbr4pncgh8f,1CA621B0F5F5C9B75A32E4FBC891EA90
lanqj6cohsq24elvposkp6i385,137A1A164CA949BD774FBF73B79F1286
6ntmoa32ieh6687pnrcgfic437,10F1D977589A1A8F01DD39947C44CF99
9cthf58blhvaq1rd6t1uhm4k3n,18938863CEF1BF64873D0A48F302003A
bdlavsj5gbmksdbooo8ag8ogrv,1B500771487C89C08C3FE70782F34B13
ekc5j939bkvhoslsagsoftplh0,1F61E87DB39E0C8BD4E132D516D215AB
3dqg7hht55nv6i6ismmnctbddu,1A746AEB61E9C37DCD23B464B454FA2C
ks710750t5cje4d4f3gb9h8ia2,19A4AF6D49B2186EA3638D49312962E3
s3n3he7rihiaoeqalfatrmbv5j,10709AB2C6DE59B8F11A4CD770B02D52
lv31fhb5n8upfslmh6ps5l0s14,146D640D23719F3D7CA12BDC155C0E85
oo7o9d5e7698h0vak4m0a7v2b9,1B6714C4C788EC45B2291686C104B5EC
5c3u1cks87i9ogqot88tj34u27,18F72CCA1E8D325CBA5329CD890D1A5E
r9f0srdejb4tcst0q7u3ru38m4,1096D1F51B4A3F8D3CBD7DA3C71F37C7
qlj689ondmrd99hpfs24u5kbsd,1911B1FA783E55C51D07881563D6D84B
rbrgp57fjas43udno4kkaq337k,16CF53E8D20EC809577152F0D00D97BF
jp5femvd8crmq8vfr6mbcfm889,1783AA9737E9201E3B422EFF86C87FAF
du8tgbirh8shgrebqmifm50nsn,114F5F2271361B92DCE62F22C4286F08
uh8jmffq67uoob3ctfdt8fmans,1ABD042A2367D548F4CD634CCFF48528
btiv842gag6rnrrt08c83rde72,16D99EAFF3B99FF48CD4DADD6C325FCE
9vjtjaotc4a4e0hv8jgijoi3l4,18683333291ECC2B187AA2C00DEA33D2
1ltv33rc72sgntlrg0s93ojlui,12FEDB5FEFB2BCE79B5B2BBB60358262
v8hvfserih0tvvkqlrn3juc8nf,1134F997C3FDE32503D718A7C359B3F3
vt0r0ao61dhnb4n59gnpcrheio,1824CC9D1A01401D5D8A51EA4B3452E1
lsmioqaoehvssmiv9eicf6sk6a,17F90406EAABEDF118225D9D708455E7
qhh0n03gmuhk6lm5204rm5uiv2,1FFCF1177FB3DCB7F136DAA003579248
c741645l2fvji32csfl01lbctj,11F953BCE337436A7F4EF18696DCD9C7
mi0smrgs86c78a6d6nbv33l1g3,1D78DB0C8002BC0323F33BB3B88823A1
eb5omh68jjcknr5e18f4hp24ve,1207EFB3B3914F0CF9AA4901B7CDCFAF
u5lqm4rp6uo84n10d55m1f3tib,1B072DD0F0A08FAF761D35CE72CCAD28
4ismuc4mkj99orfhkoj1d9ns0q,138DB50BE5223B2C8EF9C6712578A98C
8t914b6aboate3uf8n955chbmc,1D5070FE155E695338F73DF31090C6F6
vbokove3e0cio4scpb2tpstni5,1E2AFD449B3689A5B1ED1957F537A0B9
qav4f21g4o6uami8uun2ggjqfe,1FD82B263AC87EFED6FD1263E9A4D3C5
vcfctht72a1skgr5ulgcfrcb6h,12D30FE42D651999FD6D3CD5F3ED0BEE
abgecf2q9o2069foqltg8tlk6f,1B90A512AFF0C3C35BCD337ECA3C4C51
qfdhcsea6g50iebmp9knsj1o10,1D038F346702DD7497B3F16652E3C6B8
bdmgkk71oo8bu4kuoqcba2dedu,14215D0AB27AC5D02C706FA65B1F6F55
bvef4d0j81hefacbbm36gp54a7,11CC3DB02AA75BF76D1DDD81AE0FB4C0
3ad3lbc3gbncp28u6ds8ukv1so,1EA23B9390AF59EC49F8707BE721E44D
c1pv8t8s3b7jtf7s773gn8vbvh,172C852F47B1E7D2B13C0B1FDE7115A0
vc1vlfdh58nevlph94qjqccahh,106DD93705329F0D73107AC95E02700D
rr4ein7oa5lr3105mgnh58qd88,1547B41374116610F3C0877C8EB3A823
kshueuocr05ia97uvcmgtg66e0,121238BE75DFD7191D02F9C651053C57
7u5ijshekucvnhi0iima40pem3,107094B798AA68398C2D7BA38E1E2688
tnjq47h493ekfnbfd9ue1hbj3p,14F27FBB33288F2222B113A63CACA0C8
fno8p6a19uvirk3u50d6ck9l5m,1295711F2C3AEEAADCD919BAC564CBE9
g4cdejlti8jdeiq51bd857rct5,1CA7E6591DF67685F37DC01AE5F7F87D
ucos287k1il38mu5ri157baid8,18565A3F66C9447BC523E2B44FC0E56D
ngo7k0jntunqr9lat61visf9q1,182850311C44FEA814C24B01888617E4
nkegtoo03f8u0t5o0pqkt9j3vq,16CDCCD4800D748C71147BD774CE81C9
vqbkqmo9c7nj8kql7r95jrhv6i,1A6944CAE0EB4CF5CCAC6DEA93E998CD
jqesvgd9pn4at9mqla1bacmtr4,1087FE8C7C9FF05E173FF9FFAB8E1F93
9jjpq189tmifg6j6q3733g13ut,11DE524D0F86B0ADA208DB7F78BEE7D6
4bbdr2htmi3v30e6psmn1j0a3m,194B31A5E6D2CCBFD991069A20FD4FE1
kb2nktaee5j7mnvh8u7penefr6,13ED4FFD3AE47E1B8D31667D0B41AE80
ap48859ecgdv50836psjo7a54v,19B7094C6F1F155FACA68DCF00C8C94D
cl3f4rqpmc7loe3lv9sccpriav,133078B6A8D8CB15CE8C56ADC862E52A
pdotdugk359naflcnvslaue8n3,13600A7DBE85875A167E0957A515CC9D
r7vj105fcjq7ca1rcm8ntj61gb,128C12FA88B48899FE5945BD0BFE06BC
69m2e4eq2u5s72gnmd1j99k8n1,1165B15E8E6F497760D8F18881B119A0
cb69gljajc76d7iposmtbjfh8k,111FCABF10FD2DB55360152CAA1E8BDF
qe86rsm1tup2nq40jlgi50rmvt,14C29BA32CB207F6EAAA8E5A50531D74
l1ep8airr8fuole11ij4117mv0,12B3622316953F6E2873F0C45C828280
ra6gjs7788arl4a0dreh3mer2e,1F841F2FC417FEE03181547DFAA052FD
mnkujdijsraen8imms0cfo500b,16C4412E910F8F6710CA7949AABFF979
ggsfrb8te48idcsfegdqmd523k,12DA7D760763C7D013ED6E0730597874
vmg9tuhft9pdg613h735387q2c,1A727477EE241FB5FD637DD77AFDF33C
6l1snci40sld85hq832pmjlpd7,1DF4DDC8FDD14A2F9DD1A76702E61EAD
sibt9k74rcrvjc3k8pg162fsg1,15DD11D5CD7D51627DC2863A61B0A004
eiij9b3i6ih364q6ksn9lsptnp,1BC252610824C02ECC6196F7A3A958D1
1h3s3t6gksenh9t3aaecs4d09h,116A2E9EA5321455F7C7F43A6A2DC8E1
e829f8o8cqt3i9v2po05u06u5b,1CEEED7E5A72CAB877A0B023DEBF6545
l8aoh1jv5kl645aepjqm2q2coc,18039FC663AF3766814FF31FB7922A41
skavf3fnvr0g96gog7rinf6mld,11F6AB12B1F93F4DA340E6EBE083ED72
oml251r0fakh00pts30i6gn0hs,132FF2A1093E91E6E1DECF19D7D0F866
s6nu9ksu39iormq1e7fcci0tsh,1D592436B4E392F31D4EC9794C7D615A
tmgg5sgkq2nm87ieg4uhqnkav5,1C056F67FE30EAA3117CC9CC94A1E3F0
dkvlkp3a223br3a4hc1kln2ie7,1A6AB0E3637915BE5A4C352BB51682B2
sel8k5592r5d71fjl4s58rusao,1DA5991ED9595913E5ED22F6CAFEBAF6
lr2t5dqe4pe03gcb7oi5opi8r9,1AEC6AA0F8FD581FAD11A950B173404B
dte0f1vbdtlpad8pmka2cvd5dp,1B3A2E91A946758A1E536D59016E1FE8
s2pvjutglrtba6jdasev4gn0i2,14699A165E7E5EB6689AC1A6C8D8CF36
4p3s07ml86mfi5fjj5ieelnj4l,1242B100B1B907CB1D4CB2D9F8C19281
b3kba4obllm75nk8rv5foj1c5u,16BC73B04E0D1F946B2DF945E6AE3CD1
6k1tuqv63mmv2t7il921lhfsop,18B39034D37AFF34A0773C989728830B
t7fjc3ieja3ac04rn18iirh6sc,1B91D9C85D00140519D6CDC3C43088F2
2o90g5fibss2948mg10ag0jt7m,1DF57B20B746A7E5C0F0AD265504A733
h95qqpdlu2ftu22co6tpug73km,17FCD4C3EC2E3D3464DF42DEFF2D7193
8qogsj7dm8bc2kp28jkc3cqvjv,150999FAA0AD889CA0FC0481E136BC69
vp2p2nacsgofld88auu210ic6r,13C42A670DACDDA4BE2A5161DF9A2BAE
h4cddnrj6d7g6mgtdaaro9garp,19FE0D975D83FB582CE9285261184DCA
bo8ak4uekjodimki5l76ai6her,152123218FE4132AF27346D1134F97E8
44vl3jvnlgkd81qoeipatre518,1AF675ADBFE579349361EA97188C0CFB
dgrmnsupbdjkgnpjtb3mp6onnv,1DE8DF5574BAC547BBFA15A7914AB2A8
sg2otskk0btbhj9riln0vl93rk,1012F2E22AA5C9BFF8C054D84EFDABE8
ssja159bbcdgvceijphd66qh06,1E6B93A020A52BFEC340CFE0CC140F1A
e8rnemc4l0dkqj2skpfunv9lbb,14BDEB65ABA0834DBF4EF2360A8B80BB
rbit83lbirmdmvi2lc1qc18nbk,12F1B9F7DC87CB03613BE198EA3BA6E0
i4pd76p03g6ftk0bldmjimllq9,1A54F17187AC80EB0B37C1DD5F127BAE
cmeso7ubi08a3ilf0asmk8i442,16858CE9F6B08C08D95FD768D491E6E7
cabqrvir5855v1d13o42277och,1829BD85A33141289B82FD5364A74791
e1romjcjja0s39g47fb7lq8l5s,1DA819A00B85F0AA8027A4517AD6C8A8
2e9jftkbjo6eroiq5ctgnv7nc7,13E26DE8C9AFBB67F22C68F1D9B85F5E
2hsvi00o5v9nfbhnc29frtuenv,170ADF8491BE994CC76373A9BCCB26D2
pkq9jhtsak3r2d6m535tnbkik4,1210D67DC67762D88B2A6F7F37B5FC3B
i4lqad62u75emvu8htbtukmeml,194716F613CF89DDF225C1FA7494FD77
uf4ng2rklkfgn2im2vebff7j2p,16EE6FEF4BDCF76DE1B82F4CE4F7BAA7
ve6mcrb2rg3kqo12f8l90m9s1,157FB6CC485E078CCC9962847292EB90
ipf0o3h8jodrdr0t7ohtepe6bu,1669E473821DDC487AB55AF024C41975
e05a5bddhhtnc15ip7uk6ff65o,1A78B2917FFD7A8568A246EEE7FF2113
hs20vusavj06ajm4faid0ptni7,1904865B8A4F47C1DC93FFD9F32402F5
o523vng3ekv36fk96i7ccvuu57,10AFF6C0F8501FC2014D10CDDAB0DB06
eg9k84n4i8tshdhkju4cbj7usb,1F77549D798FCDD572466B4E8F78220A
f47s86itmk50an5dcntpgk5sul,16AA2714B2D3180644910532E3BD66E0
rtqfv1oprcn6v18elrcvajj8d6,18675DCD041B913C1A68B56FD7ED2DEB
78814p196k6jl2fkqfmi5hri3b,117F51E0A25DAFC310D5C1A6FA83B368
gsjhqalglatf06jvaojfdvttra,139F7670539B86173CE07AC4B581B41A
64fd968ht4o9t2opt9sdr3216a,1A634E959F0427E0B11494B4DC2ADFE1
8h5riuja9sdjdb6v55pclgrqr7,13E7BFDBBC3E095FD3EED4AC1AE856C8
4bspf4svjc0tiveldqcg1ivg08,1DF73A40039F19DB32439B088231310F
deqhuhe32te729d1hfutopvo9f,1B6ABD45040D0B37E33CE9E9AA7E4837
lvreln4fj2l16o104og743doa,1CFBF07355324854399ECC5674434118
e39dm5gehditcrn8m8v5qoup06,130FE88071788D1FA46AE3F87EF8E7A1
vdo161hj54l3bfvfcebnr3flsd,1CCD43E586203E5DAC1F77DAAF2E6B01
doe4rhfvkghlfg06u92vsit5eu,1EB03242F16B5639E30AF0D7E329AB66
kkd6slpshm1ojhq7o998mbl3uh,1F022E7DF89F2B43475175A8FB0A4695
hcegvsl3mq81riru9kjel0d2ru,188BB696F300FEBD115B3B394973503C
f8052uv48eieamf4bmnogfn1to,1BCF1E5CE81175B8936FFBC61C015D46
eho2s0fbumhtipgb50prfgn0et,10682DC2F77F0E182CAB12053E2555BF
ud6h5u36cl3ek4ccs2padhcar4,10C95C760A4D181BBB82ACD3815BE59C
6darqb4q956h87aqga16883vh1,1EB9E564D3C99E79D2E66B11609E4D08
4h9ngj85r85qh81ohj7dauv94v,1AC1FE0DF3AE42A0E3BBDC447A3855D6
n90t58l89feav1n2dp8ur4uha7,1015383D4037B1BF0C85B6D7FCD0776F
k3ue0bhbtuq0iijoanhvlhf4s7,17F485559DDD7F8E102754BA5204A1A7
i9ri0llci0gh0lntcbdoii2dd6,1E1A8600FCFD7343A639523F2F36B8DB
ohb3obn507dup9f9vnqae93l34,1DE0413D48BD3EA9DE0F416AE979BE50
h2pjasdp4gb5fvpj6q5kc0qskl,1D6DA370E23B62E85EA7FCD92E512CDE
r0gmcf3tgklop0chj6dbcghjka,1BC5E6DEE3674F208D1993B2F5F41510
2g026mcj1bts5mbsln9uobfr51,13D2DE57B4D7C82DA945327B73300FAB
3ab9jd72r7lc0meueh1fcrjg4t,143C1A467D3165868E246A44701DAA71
jum4gg3qa52hvbs6ndmmfl3sl1,199186E0270D9038BD16681B6B61F152
p7cpr1qirp9phu45ubi0ujhefr,1124813AB568ED233FD995D1DDF6761A
1mg3ha6h560k4d2jqb223ljncj,1B1DC315899D3BCB3090FCF668EFC145
gomn07gb8vk7aq56mt44cv6ga6,1115D587E3A4F515BEE9AB36F76FFF87
fggd1me84i9qgq9bkkf6v2ad78,138CB19EC18B3A5A9337D4001B9E74F2
7aei6bb66gjmq8qa1hkej7v00j,136D4B575C9F6CD7D13480E9A849A72C
ou8sippjjklvsnu9ndqpciq8vu,1CA0C4994DE7AB0135C8688814DA5D33
b62tcfe4qhkkg5c3aicp6tj494,1D987A387B39A9A89F1B977EDCAFB4BA
1r2m9689jkk7dps9p6pu0tqke8,1F54E241F6A2A68C3008F3E81806D33E
t21u40j3iqsru5l383h92r091l,13CAF9F7D59439B404DED654E5E3949C
idvtvjaon1i3qjnve32e2igimn,1391E9DEFDE2F853E53A961D452F1200
3u5tprmkj95blmau3murh7u9uo,1D143676027D0E36303D16A29891A2B8
5ucqrf5h8tg35hcdlht05b93qq,111B05DE9C861EE54062D9B0EC922B14
uthibub37codovai18jdchs5am,1D95176CBF6A6D1136F28B5C4185CB5A
52oj0urn1gedc32v1dc4nah5t3,15AFE387E5252B6134B18CBB47227826
2tnjakfb9ae78jd45kqg3t4vfu,19B3EBC14B98279418442F7B336B2BD4
24daigpstk7f1ahrhksmtnca9p,1BCBCB00D51D06C893E8BEA7C737BD4E
s25fg618cdod3bmhgcr2jsjbum,16A848929272CC1D51EE6906DABA5EFC
lkbrd74mntiiu376r7lgc2usa0,1F21314FD0AE36CAB9E476A92C24B934
hltqpv8hkd0l5ueb7ej5gjjael,1D80658A19CCD8739222960482E6C9DC
q10d6s34mj8jtbn9n88hpjpi2g,102FCEF3232EA0CBF30FFF6B2C429EF0
9umv5d02pthg22do21luk3bngc,1EAEEF9320B1EA3B32BCA6399954CFE8
mjbba3bh14qch7h3g1ih4sni35,109D80BF4F2241823120E7FA8A214263
7o8bhmp07t5o23sbkenoos0ohu,14FC954A4B8938CADA454FD02038652D
drnikvpo7534h43r86rbojinpj,1120461E0E2A00AB8B70994A92550E99
a0b7q9r350h8891d3dmbq0f8,18772D573C6C2080E69757C146813E21
jas4diek6tip36fht18q0kl69p,156DFE652BE2DE6547E393CFF88935E6
dolfk6jcbmtn9ci1vorm9jc3jp,1DDA060E0C57DA8426A912475630EB6D
ooptochl6i0as2d0khmn8npd96,107C383126FF695735A3BF9843076FDB
ctioo1f9cnbu2m99k3u86bf5ga,11C1D11FA7638D4B3851277785DB51ED
883ufbnfee4i5os2698lelgk84,19167F75405D2590C228D3CA430A542F
n6bdh36priataruq1bjjov0vl0,152E7AB3E4EB001AEF9DFA7575E964F8
ehsaph11f0prdfk6badbkinfp3,17DD9EBF291239B69A5B0A637EB67AB0
56mr0nlc7hrum6ft6d747cqd62,10150740CA2AE74B20C1B10B76F1790A
jdpp5chaftrhcqjs26c82mgi0j,132D4A13227D2D3BD8B9F3293F293095
ivlqritfj75eh4od6ka1l1djf,14A69E1EE1F52EA9DE0984873AD24778
dd0m3o8t87lld609f4pn3pjro0,10D7C40D96E25A0DCC55DBC2ECDF34A3
1c2ocb1kqb3956oef9pkgq9jnu,14D65F3F77C98A95CD28265CE1FF6595
8c9nun0o1cr0pdtvri5a2b52n4,17BD79367FB2FA7FB8B29DF744B757FE
8qn47lnglv8jku7df2dmo9v6hj,11128D828ED082062B1CB876D583A624
tjq4f0araseihrcpn785in15bq,1CB421FCE60BCB4BCBABCD7294172638
s4qb0f7om4lkfc63gk68mev13p,10B0FE7A77872829E7E87F1D7954A66C
3vopopf5hp362156g245gos5gq,18C0B99B8F9965D549853A87FF9CA91A
du5vvla8lrj4e6b3vmf47m5qkb,1FC54D6809BC9817AC00C6DC22A03A55
pt1h5bfjo6q4gn3m2ggcvvg3im,125947F430A3429F06E393B660C13C4B
2nvnuppkdak5ooden39vepsvfe,1880A85E9DEC94BC4BA5024EA5A56325
t241hqvj94trjnssulh5uiged,1F514CA2C9FEDB5D4180A2BA9E3E041F
9qgkqobojuhgk8r1dpajajbgvd,163ABEDAEB51C9F456EF1A506DDC9893
gkb6p6gnvor21s9l60858qejmf,19C9AD68621E8E3221518BC4C5FB0030
b5e5r62tg66ktcq456ngir2io5,1760DCC7D77343F7F106E47A8A8E1FD4
9i2uu4b1kfpqq2apga91ih3lcr,1FFEFC23CDF8BDB7BF7630680E5B7576
6dhqd69nio3v5qmnevlch34lvv,1B1BC440A1423FE4ABF0D11A5F555C52
40qnk29f9unj0nuhmkvjgnvatt,1ADA405A808077B046922C7D6F759F27
1c03p6tn78nknrfdraoinmhb1j,1117E0918C2AA137D1DD6714C74CFF98
h88s6c3ho97e99d3n3bboo6bvk,169DE441A7519FA041DBE3392849C055
ao1d8j3tfokeasv4s3ih5abe1r,1AED70B190D5AC83EBA9F3AECAD89701
rnv36t7dh6ishanrvmm3oujtne,16BE41C8BE79AFE585A2F9D9E99599E8
1ab6uett0qdgimb1gj3ff36l4o,1F4B29C8A96111B540AF7C1745257755
892isqvhtlppr8dipbg29alih,15739D66DEE06DA32570F8D50BA69E00
lcm1mmfogvl77cfl0anpue5ddj,1286AECDFC1AAB1266A05AC52E18EBAF
un75d5fsg0nhl7kll5shos61cc,142AA453F93B15F64B75C07534253975
t62vq50fst0pruqcrh9uuq8a8u,1497872E5B53201D4DA929418D42D610
odsiviu1h383s0gpfjoqb7fgbc,1403720735894A0FD58AAA676723FADB
n81e5mdfpkjst7sm61e1cs3t53,1A320BB657522707BACC9BE4652A1EA0
fidlcat5giv4ivlupgooua13vb,193F9B557576D76A63A9F023790EDA16
bcl802c064lrvs4gup7iqi30af,122D7B32EBD24ACFC6131E4A25A38D7E
tuglrh42vsoubqon0mmn4at3vo,17F346C5683EE27B41A8A5E3BCB187EE
i1uqs2nqaecq2edlt62d514g19,1894DC7E4295D7A2CAEFB9BFA2A1754B
bv92fq8qaq9u26m4tdk7u7jv9s,1B8D9449164991C702A02FFBC4FF1A62
sk2cu5em00he3deo7uop61075g,126E37E1B14C9B58A66D2CA2A7A66998
hp7shucgv7baehebg1mdbk4c2r,1E3F79BCA8665E790B526CFD9CE7A83F
1lpp3r1gde647oi0vqt5g0rcl2,13CE1F1CFC72AE735A6760592AB1C348
v5raj6o1ehp4p9svj5s1pmor63,1F85205A8AD8FAE5B3DFF6217AE1523A
dhgbdvg8837ba1kpu5ej9dmn1m,1566F06864857E55AA5B1B664C008F73
l0lmpgucnmnjnpkru24opp31fh,1C1B272E487A40ABE28011596F646127
9san1893tapeael2qie6ctmcr,12872D30F42F9E7FB6F21EE68098BC18
2hbjfgi28km72q891ct3c019r8,1C12682400A39AA74F01CDA2EB704422
3s2ec8jeak15nb0oa938gbe86f,1BB42EB38A0E2F08B323CA0BD78457B6
7ulm4d0qp911e5n7c6iqm2qkqd,1EAE3CE5E059B03F66FE0206D7C278F8
dlvul8mea0ouc06thns0ebohem,1A14ED9F4256A23EE712BB7EBA2D59F1
hcjl0k1gpnfp923dgkjud3thog,10E722FDC23CADB6E21E3053E407E39C
n6ms6de670jsdh2dq3anst3knn,17B11060218896A00C9F61FE9FF1D18E
vkuigdmrlk51c6mqpgkejeg6h7,1B5170DD0DA7A64595C056710DC79FFD
aevu4m1qcmgp5n9oqnjqju66k,11A22F51B7759837BC9A5AF3DFAE8675
7461dh1qbt1s95hgd3u8s81tqf,143C2B221263CEF3D0881297485F6B21
v8iirnpskpk9ol2fdig2200r2e,190F99CB731844424BD8963D9AF9BD1A
dqb9pj86ct5akchenf36k88ps4,111006CE658BB37339B0039FC6B04B36
bbsvvcmbl4pa85d4g4100al7kh,17562166F90464D60E5561F28588DC72
tdv0a1rj2tler1fsufd6s3i7k2,1022F9CB3CA63A1D9E4CDBE7F81A943D
v6d1asj99r9nidjq705432vuij,1D0E7257EA0AE733F1D3FE21173E81EE
m8ko6esjvrq2s0di1ns5fjsofr,15BB3F68A6CAD6D35A383DCAA030373D
4n21osbq7vu9a15ijiatrk9od6,13FB688FEF929F4B6ECA91198467CFE9
4sr2ek673p9o1t6604995462in,14470104B95EAB6DDDEE5056F553637B
itnf1ilemfh4mrbnqrb2jlfi4v,1304F8DFDDF199E9C445BD4EDC4132C4
i4hvar275qiiheepoovst74rl6,18BB894DE2C7AAE1F96F7000CA6204EB
pq8aou9ni164jj5d6ahhvnplus,1D704F9FE5A4E23FD85316ECF7800B86
ir6lvcqjnck1hu1f8h6sgvqvdm,1F66A0A6612D257D7D502CA67D5E87E4
hh21vak6o96rgspp8a9jip1n88,1B639CAD3CFFD2C7F881CCCD801D1F2E
oe5bsjq27ncbhnf1k9o2p8c99j,1B5223727CC77846045F7552C272EEFF
gh6q8vm5t8fh3r0ns19nkc05t1,1AB7FE0DA38D7EB2DE3EE4CE066C950E
se3ksk4obga5sblifaj7v73qaj,13DCD088D35B0F4F43F60CBA6F028634
18op8k3baaka0qq3tg4al84pvn,125580AB95A721E1FF204F020D365838
j8bg9bvm5e1i82hn0ce7o62tn5,147BD0226B3F05071E149EA689296684
s72n8q034s8t3qrk7mgl5sjvjv,13FD431706D3DCD012A012AE840FEF14
99q9ju2sr1tsp0594a9m3aovcb,13CB836AAFEB9D5699302DCC28562214
4uttpj1b1ln7co0bjtu52ni4m2,1E5B7BD17677256A9896B690B77DE3C5
4tnv5qs8gjq4dsmqbl420adene,12C5BD4A9B950A51295E22314DAF63BD
n8ru3g4sd688i1004u4er299cq,1ED662395AF38762753332C44222067A
9mjcob5m2pqdl8cnts918nct56,1D22FD49FBAE2C30B8B164C2672CE799
2phl8pqh75a01v75sq7p5m01lk,197C875BA9F123EB6E5EA2CA464BC82B
eijks0kpfhsnutja8j1fvigm0h,19E8FB2C05EB7555CC0AD49CFC56061C
4kpberfhi1frisig2keiih13me,19D1C86DB90F7B4990A4C6C98D40BDDE
2v4pprqq9kgreabostuspcic9p,11FD01E054D9D66343755CC935DAB476
pdbj8gori1skilsdiap1ue7bv1,1AF2667439F33FFBBB7A1D7639A4E051
5lpo2df7bt6gd6qf469n268qsb,147C5378201753B50DB29129219EA9D2
vgj8d4ri6ss9illdou6ctahbuj,12E2D218F655DAF19C0A3E1295A7D28D
r7qgic0cd4t6qa2ab8jbs54urv,1AED236E97336C84683DACF37B91FDB8
22t7ped3vp25plef2rptnfbl1p,1AE3F7F9562A1937B83136546CC60DA1
p3feqpa3rhegmgk5gal1pjccbt,13FF496AEE5DDAE359D998335B83E118
ql1j6ig7hc97ufuqrpok3a57ng,12DC1DDE7A06ECB814B87B85D07C1D8D
to7gav2cr61qrhfvuic9oohao5,10EF49C0DD666B2E8CFD789D78E3BF3B
vq8dam2ct7jd3mfg0ll051581k,172EC8C22826AE71176EC48804312BDC
gsiajqeiuf720tcoh45qp2vsq2,13ECAB528A7C18D2D0655D57948A15D8
39pqvrodtoh9t7rs1j9nl1hn18,11684D865F65B98CBDEE48CA1B915600
u7f8imabpp7qljb58ubs03cn5q,1159EAB94C3C5ABF92C0F3A22C6AA25E
crkrt8e7tjhpo46ufc2vibvo9l,182EAECCF8A5B06B8514C3760BB32735
7q63geh8bfeeqge3ahbnpb0uha,1BD673A73F9AF84394A348B2550B4DC9
rol6aedk36h6p2aeikpoc3c6l9,1197DC19AAE1D40803E26EAE2B2F5175
6fla1lcd7lgpdd10d5kf08m1f,1F1109A6AE59EC4D819BC5DDE4C38F57
a6sr781bkbjnrofvgdik7dg3nu,15336F2B6A681E27FC257D1ADAF64326
gatee31nk8pru3urpv2343hg13,1B95699B2F030B3F7AE2A85BDEB0AE33
3l5e0a1dtlhblqans0v0pasat8,17B695F145E90BC9A3145D0F70B968FB
ud4gnflkub67gsul1ckbmnk6t6,10B3AC7EA878936007FFCAB1F03B07C6
vun2auslo3n2coib6m1hohmo4i,1B696EEE8CF72F7FD527E64E8DD43E8F
t42i9944c93ib07pqin5ftuf0r,1E5C227AC678CD7E99082F9838314DBD
s1q124ggndg4ifvt04c3rtmcc6,1C6423D64F3A3E43931C90BBD174D8DD
ab06pkndm3eleeikhopl2tni20,1CB2BC05657D01898EE5B68151884FBC
rmr7lmr697onmt0el7kqjopich,1143713BEFB84CF1B5E52B19127FB78E
nl0arpeu1vbcv5eqog9b6d9fe3,15CC16058FE1EF03A4188AEB7A5D0986
bondbkrfbskgv45vh2878egrv2,1FD45A51178A931D1E0AAD5A3E1604D5
bier8ecjbshhasgs1n0jess6ia,117204085BD40DC232CB7DA0C24EEEA6
aigff27pksfcmt979ld9a3np6t,18ED581A868B9C0BF7E52C3790582458
2fdnf0ttfena7vqvvsvfokso2m,18AD8211687834A90E5AE9618DA3E72C
m9apco647qq3p9nb9dp8f44k88,1978157E15EA51213FCB32A5C839A58E
v9693pfvb47vk92mrrp7s151h3,197C37BE203ED1977F59ECA53EF64DB6
eu4g5eguop1agjsbu5rgr3k3cq,1609F71E200F45DE198798FDCFB5667D
89cap3rf4ob2fn0jlo1h4moi42,1DA9CD45EEDABCB3101B102B649FEEA9
4ibl6hfnp0a47mui6hfaehnoh0,2004E3580CB63B900FAC9086B28C9C24
ehn3ijpbup0ov1iml86dm1rbiq,10832426E223F8EC3FA85F811485D689
rn077lvp9p8dqd3r52o0tc1es0,1953711A6460A8AF15335BBE258D7EDA
2dlitqno5tu85erhe2p8ed2im4,1E4710DEA5AF87B46D91FF284024BBDA
qqa15mos0n97dk6fhfrhgf0sng,17F65238E27012DE09A58154FA2E4E12
go3rgtq2het7l4233r2quhobkm,1E52DC5DA7BE454B9950A186DBD14578
d511d4omttuj2ma0mkbc9dkfk4,1577AE8F996D7F74BADE413DA58A828B
7gdcab6posh0n09ab5flqua2db,1203473C957E82FC3AF78CFB9433F535
lvgirg6qhlu7n0hekjjilrougm,12E892517D6DBA72D2B200724D6A9DBC
apqq62n6cvuqosu4no07p4bl0r,1532C5DBEF270FFB02092D8BB2165E0C
33p38h6vb61fu6mug2fssmlq0e,1E64EB5563798D05195BCC5F098808EE
s4ghtu8q7sqak1gps0m72uram6,114827DBE44CC7BB2852F5A42C08DAA3
slihm5v54ifm39hidsv6h7gt0f,1B91F9F325050C903CBDDECDF7B50393
9e77pm83kr66u8p9bvvmhdf386,1D2C57CEA7C804F94F21EE7027BE3774
hjnpjfilcembs49193ep9jsbaa,118C580B643886420D117BF9EDE4D4FC
g57bn0c8ri46t0369vt5709tr6,1ECEA2BAB2909C7288D2305DD6749D0A
ai3uj8u4527fbifgobpkm4h1e4,1ACD61022A55FDCA57B539864E973CFD
gs1eora8sge579tf1p889ldnbb,155275DDA02F742DA8C32D6E926596BE
vfsm0804a5pprau02e5afcb9b3,11454090FC45A19B3C5334ACB91A8DC2
71pscm1t4mamk0878ss637ms1h,151F2395CC355A60A3A817FBA1F8CE8D
40vfk15sqh05qe5n86sm1he9ba,1F83F29242BF1F4B7F71FE7045F6FE16
s4ip9i0dqp7hm2q6c4dh50su51,18BF8589510DC24E02F13D6A925280FD
7h8e07hn3fhhf8qiikbfju41iu,187567D48E0C35FE0C2ADDC9085F527A
h8tjlkuvqb2ep2m7dupg8nnq4k,19B5591BA3E3780DEF9F3B0C24130A97
k5hbhm2qh93emnj33gjh5bgrbo,1EA31AA4981BD6666407872351ECA06A
20rl4nm8pjdijsf1blmfeg1der,160C719CDD06350F4BD189DD8460BB33
p9tfdmsgd0u1t2t32euj1fd5h7,109C9D345723611D479DB35792286B81
ou59prdbitivndotps1daru0md,141F63988226B068761ABD4938A2C547
5pld81rrecdkaapegf85cb0ns6,1EEEAEB643B0FED490C464762DEBF7C7
ou7sfli3mv3sr9ibvd0mhq22in,1BDE834A8FA2726202E005879EC0D83C
m1i16u0bnego67hth2t1gmbcbn,12EC348728E03742EBE79B611B76414C
6uau711454v3krh5amd1j3gejj,1932A6F6169B0F87AC5983C7FD629D44
rdul7b6huemm9bsrqu06isid8g,1DE1CFFD52C0D9537B348082486D4EE0
4t752qnpani5vob15tqj5b4alg,159ABE6098AD53F266938D6E5BBB976A
vctlvhe8qpd5g9rl1lha9a1j0l,19167B27AFE37D9C327EE8152A8D768F
orr8ulgg1aovb6dcjjrvgnmdq4,13BB427E8BEE0FAB3234B78AE033E2CD
d0tn1m9ts9hop5vfh6cptthi3o,1DAA36A620F70204F5AD979FEFD22360
8ja2r128ge9f04ih1nhr84mt6j,1793F8571CD1650B0849A5264A2F6D66
44hvt8vm0fsgkl0asm5886qtda,16A2026158C63E573AAD2278F946284C
kvaflsara9igsn27cuo1mt4s50,1B3E3CE460597DDEB1F7CEF8D0128B9D
ap0ug0n5nfv17fesiahccis5u2,1313730C6EDF40F8822DFEC120C78632
mm0nocdbcp298jgac7nh6ik6l8,1A9600E659DC5A266AD02738503E9D35
46c9ndootvt8gm4mp8n1cddhcl,11BB0B9F8713AC534FC7CC22DFA32C8D
eciahbl24216kbsvd7kem4ag25,1D1AB83432E5534A0334A3050B4C5135
b80qjupjp3id4kb4ael7e31vv7,1C0251A154D72440946F8AB536834F1F
1i4qocjm1995oi5kpchhg366b5,158DC12DB68A240E8E0AF8DC2E139B03
td1eomegcao73h7sldass3q4f7,16F268C82F60329CF6C607D8C7E2DDDA
cedpgug72d0iljg2d1i7bmg5dl,114F6562D4990F0578227AC77CDFAB29
4l5qs1in5qh8e60rjv2v5vrqgh,1D0117732D6F729278C943249B36E800
kodsjvpatbo7b7n68stnvlojm0,11ED1DF9F559BA2BC602EAA66957A90D
pjgj5mar55b1od8q1q26lhhp8n,1642FB5B794B4729AC7B3D38AB23C08D
hhchaqu6tsib33k36q6octoqmr,1F1D6E06AAABEC2EFF3E9EE423DA3BDB
35mbeq4lsuqpmsrqvv77s9mfta,160276326BF31DD8492E381B6122730A
s3s6ilh2mk22ma5ijq9nduj5sl,1F0530693A37F8431BBB0FC47DDB00E6
lt5rm15t2sigctv4l7f49f3gcg,1CEAAA28E6B533B38157607F0E22DA39
v30jr3p4a9pgr9lr800i3hcf2b,15F48D5651ACE887A8996825920D32BC
r8urjnb1fh8aq3i9mlfheh07fb,16C845AD345BE72AEE0BBE1F972DB162
36o67ccm7d39kmpbdb7eaje5q0,1AD45EF9047C2C558C675ABAF038611E
blffomngh6s29d4qe7b4nsgvcg,18F93C4BE4612ADE7BC0285FAD4E2859
b8igr94rns7vlubujviu3jl19c,17A86CF6C771983B5F9D22699EC12950
did7s8d4e1a8bolhn2itg16s44,12367C2568CE767D82C7B860C62B0BA8
n5g8v3f0elfa3fnfnspc19bsau,15AC6F82E4B9175EA5612D9DE98C80B0
lhb6iv8hhgfr4dn1ifjqmpiqtq,15BC81ACB436A680143C81CBF545D4EE
41bagse4j2h689hn1um23okq4h,18994F954C67734877A646DEA8E7A754
ld5qfkk58k2f0d9cpdo25snjr6,1C9EC4D053A475857F0C2B8FF569E512
l0jq06vk1tfk3ej50jh62cch3d,15BEF715E18E7FFA4F2E30BA5C112A58
ndfjsp9qopnd9lbj35jutg2593,1D14DB21EAE522A6817E4AE5D994208B
pp4bd54q4cogjkmb04t42uc6ou,1EF09CCD1CD512304F837335C253E24C
8v3ckd5f1kn14e1t2dbp5i8to1,145BF05E7BC8BD7F24743BE28F6C0C5B
89qajrqd4n895crneuce7v2tiq,1B47FE02376FA1EFC335D47327291C53
qpj7glnv1nu08isj4g05ca18nf,195F2427492E112F0EB42FA806446554
hhm8d5u4ocr0hucirc77131p3j,15695F1A82E5F81AA9DA114D819B2590
g9sd04bks778uvs8aqr32bjpki,1D701AFB69A962A21DB1D75A40F10870
sipk60htu6kfbj8r8oh8f50nhg,157E517E2D4C666408D7544A8B55C47D
rdovm0tak3u7qesu25ts0db5ul,15D39D9B6316A9B7D62FD941A8DE7AC0
85nh22dp2f4hv84tsavd84ehot,1F2CDC923B8C8F24574A078BD16AD923
s6mev8en03h5sg5l1b89fhkl53,133F0B3E954DB1A6679AD8CA74682ACD
lqib5lrnevpiec5u1r4nkdg24v,1BB6E1C6479E8F80AF31FA61F076ED2E
c1cojgbhc0g2datal7j870o5fk,1A35FBF96C6E4BE9C563C2FC6801E9DF
e4qv1kbg50g1k3rvtbr8mok06n,12EBAD53D1B4457A490213CFBF750BE0
noq81515tm1hti82eeccojfbmt,1A83A085C30D920EDE7EE7C21AB115D8
27v732pl6goefc2u6ki43gt7ic,1846459FFA083627FFFDF68F92D0E8D8
2k1abh9ch972sv8ksioo5kda59,18AE8F5EF72597799EB168EA64CE88EF
28th17jomphjbbs0aeshefbssk,1CFD499464A993BBE86DD54ED3D2DCD2
2rtj48focfimc51ls0i93me2qf,1569525D92632CF3C530C082103A7258
6c7ctqn6pre8egtjj9pug3jmug,1BB0B7C46656D8270C6FABC3EA886998
emskif8ep5s1t1ov84oq878eau,1D9AF177865642FC8C5B81F67AE6128A
abbbavfkff7vjgie64dsr80460,105AA590F1830953433A487E6BD4A4D8
9r3m0cve8bl4fcb7u2nrh5ipp9,1B2B810EDFC6378183EE4FB41E46EAC1
4rnipvuk4qq6um0oh98vnqheaq,1676C30A72724B6A79884F991954B032
geo5r032bnh07uommqpedl660b,1B8C8D8ED0CA9216F9A685A6CF121F27
lqi3ni5gjfsuaj2ogdbsi5t2nr,186E5E855631B015876A25748B3E7A52
uu88fc6tenieq82trl4512bp6o,1F565957DD0CB48F7125EFB1C6F4B79E
ga55dth7uhvjov6ud2usil62ek,1AC4092C2B92BF3A1FFD558AE1C76970
35cq94tclf1iekjtk7n9d7ij5h,11544BB33BA9DCA800C5A8E0B63964F1
hqoqc2nl10sicq17m3cg8ll8t2,153185AE00AF5E506E8C8556B980C5D0
dr9r8cgrhj45nndmkluhde8gpv,13B9DF8C953C7A9DCCD9AC6EE5C0344E
uhnss93ds57j175i8g9an412qc,1F1C4A2CD43B99470C7EBCD8F8E4AEE7
4astf4d023b5e8lpsm2emulkcl,1DAF851FB668F3F1A0C6D87671A93D65
b5lcluuc1saa1vms5l2utqb8rs,1BC9047DF6F1F2256182D75E11B80EB4
nr0fqcihni07c28vrhomi9imhu,118E7C52AFAB918D9B63B06A8F9B0388
31pq5jvuj23pe4jeh1sut6e9kd,1F65EDC42A3D9E900187059ABB65D8F8
liin9qov0eni3prdi0978gh9lc,17BAF33F9F38F42EFF965AC94D24ABEF
63jetcstf7fq20q57g3pdfde9,1453C7A1E3325444AC85252EED341900
7mblhr0vbp9bssf9jff8403o0d,18DE5C90EA4D3E2CF0DA7DBE7490EA5B
loe4covqsh6gcd43od53dr56r,1E4F147667255CB46EBBB588CE93B0B1
4c6agru0d34fkkqfdpovp5kvhj,1E245DFE53D8C98FA80CF7052874623E
jnb3vpan1pt6c5pbunjb3u82uf,16702B53A82879048D93D305A1A25024
a56gtottpaa3543k5hvl9sqgsa,145D78E6D854D4691515C62DC47F32CE
go2q3v9mm8u2ulf538ht9oo3m0,1BAB5B5C99EB7B6A1ADEC0C68B60044C
p0uapbnid7902acu68sdn7fgbd,168D70EF4969577A6E7823F2343E87AD
m5ufuqet6v6qjs58sh3ub69sj0,1F116274AEC8CF1730C9599E11A8F10F
c5cu58og83s8r0uv9ctm8ktdu6,1EA36B25010B0953312CC878B3AF0194
fpnlv4kgmu60angnllltuusj7e,1B6BAFDAEAF3E213E69C496B12CDA26C
s3bp2d0is6fgtlh03vs07ft41r,146CB195EE8FA99F38D9588CADF40E3C
c91sou94idf5mr94l748f23h60,1CD6F26CFEC7D1938DF1F9B5D4C87CB5
riju5276pfjfv0hgn3pkd23uu5,1C00135752D12E45B6094E6953852EBC
iiqvfcodt7oek6i45a1laie3rp,1AB5EC7EB7B0F1A934D79C827866D4D4
qtq07b7dvkotvbqotan4s3i2kc,1D5783EEF548230F0D4731CB27B0BD4B
jdcj1achplf0jgm1u3581jg6gu,193D4620CB2D02138A8DFCB18214BA0F
vu1t75uvsqiuuuh55ed5ueoqgu,19CFDCDF555D6346BC7F953CCC7B6E42
893j5rf4m00g32p5pb7geh2r9b,1C5E32CBAA3A331B4F06763777FF39A0
8fsconnrm9mc4kh1tjhqm8q48n,1E097E1D934946161FC064CCB50DBBF9
uq6v1q9m8uc8j1gcqd86knpbcp,1463F79C46A303F8568927E2CD259EA4
mbq223ddneli4mvju6dint5vv6,152F7E031F5037165989DFAA591CAED4
58amhkks1ug8rgiencem4rf484,1973A91855C86BA0DEF5E02ED5B0303B
4fu3pg65trdmiisajljbdll9js,12AE2C46CC816ECFEF8E353F59CD9289
dsgh1iptdqlqeariscen6p0jvt,15E98AB7C70CA8954DC399B5B7A6A91F
ssro4mlo7badqp5tk4ggqbaoni,18144BAC448C1EE99B4DB98F4B2D5199
1m65s4bt7lk8eb54s1b5fbcunj,100EC45681EBB7D63D04E3DBC093968E
ctpeo399d2hg2fcsfg9tari07o,1D50911E1DF37A895309D1F44FC2CC5F
2lqe8640pli8b63a2ajnt9shl3,111B957159A5C29D3F760961DA3453EF
73r1k514jrkbog2b4rq62gtdoi,16DCD33114D341AC240EA3CE58013EC1
7fuustmiumnue4f8v9cmjiucbs,19D31BD1F0FCE44284558F56B9BFAEF8
s5vrru0p3n34kvnq8lb639iicm,11282093C331FF40A1B7027FB1F74C18
qmnv4ddq10k785fdgn8vhm2qe6,1A9D3D98C0C95E40997C9F68DE3FCF2D
ole8qtimtauseu7c7uhjulhie4,1E048D2B8EBDED08B31D5A476C1D1B92
bhdfgrtmjlfv81mrodq9sbevi6,178C3DC02BFF5DA3324E8A71C8E204B4
9qemk5r3hegd9gd3euskfdqllv,14C3FF086B522892DB11CA391DC338F3
me3sfq00816t0od85se2sn2kp7,16620024BA1D8548DB1B09013F11A212
r2fbs7aa9sn9nrhdeddfheq9o4,16CEA2B0CA8E749F8C6203C65CD64675
v4sete7fq8kqsmvddo37jctbji,1D43E68F5570E206FD3D328B3D848115
gjcm48f96t5fah11fiesppfu09,1619ECFC52910103D7B0807EEF930915
32orop23uuuu6759iaqbeiac5s,1D081A87D46EEF44E3C5BE1E57D81949
n0b3bs4ri1q4gtf60thjstgd50,14E7B93085E94B18D23C6142F6428959
qm4p35ttjn5o59g43cm8u1e47q,1923F3A58E46340FCE5D5EF9B0B33815
2u5lm6et6rnq5g6attqdoi7fak,17894E73F5175E483D3E1F35F30173B1
87mh0t3j49iej79go6tugt87qq,15A7AE5B69A686B6214135E255BD5A5E
2st62is1c7pijfdv0uk0819ehr,10F3A525398EF7BC70E5E043C8CAF2D4
5u8tndi97eahuutf47sdaoqf68,15EE186A3C1FF9746A66A9F088E4F389
1b4sncq1ks6jcp7hocgg5g1cl3,1F870BC565426F8ED08D16E868DFC049
apjn0t3itpfiugikmf93s4bjjq,1E3A177598B82D9DECF1918B9AD06A74
k68u8ff8qruumbquba1u7qmmso,13B5B71138F010610B5BCB2808631AE1
89silne7sdgvdubs6dtrqb4ud4,1180A58B5BD03EE47318637565A3FE76
jbcsq7e06v9gc40c48fu8abtme,1C04B200F4E67E46A43DF66F9281F905
3odbd0o6crrpfrq29mk8jeajk8,16F21CA786B6AF1B2B9917D8C64D4FF0
7f3uqbscgkpfi7cos1atq561e7,14E05F9649F14F5AAF294EC11932A80B
retosegp6ommmfaout0fmpu4p7,1E01C9778D6BBED6CDD9BF0D0E555F76
r0v4ad71023pbm0bqv7au9570j,1DEA8351B5F1EA52B5F0EF60F6C6E601
cvbugvop5hohbuid9oh5g27d8c,1D6612479275B48EA08DA16CA2AA6413
ud8b3q4eqe3kb8dhnfsfjl7mdc,1B663209296C64731547CCFA443A4475
s1ero4cn8f8clf9uevdldl6ps7,1B30674930FAB229A611BEEEE7642531
c1m312i6d29th2mqti4e0qdi1c,16F6D93B171E5783BAC381DB66C44506
4jdrsomf3hhji4b5p2adpibn2v,1C6A921B9E15DC91F6B3BECF69337B22
149ldfuugcf1fgk0a86llfahc5,11D8030DE125C201FF1480BCC4D961F2
b5hfbtdpshrpofa3gcig3c5tcq,184955533186452E328F86EDDD05E25F
se514ct5npi47gqjbpui1056tc,17E398915F86B8E87EC5DE1ED8F7BE5B
j56bi53b4onq003d6bfverfng1,1ABBBD888CC43B8B29C7D3A6058867EB
lfkeahji845vu4l5ppmt9mrg98,1AC94C245E7272E165476BBD325A0CF8
sndurcifkkce5fddbn71k5l5s3,19B7F2BD381E0DBD33FCBCAB20E9EEE7
au45r1eu8o16g9pulg2vkvppb3,1577FABA5941EF19E3B21D6C66299D26
scti8tr3c1il8a0ll0hh348cl6,194CC0008F157AC4D0146DDE029B9816
3knr5i2gufnd0ll8f4mtob2pn0,1240276F5BA9D88597210B3A732294C6
g279fsbagd5j9oln0j5rt4kdg,16D3A8C05534577F74C870EE9AF4950A
arqo95utpmg1rsvnjrikvav1t9,1CFF3F6965A4530AC0B521FCB9C38F7A
jea4g3b2pkrk64kbuqepa06abg,1751A89035DFC572B8B9E74F6CFB8B52
c34r9mgc7qpls8nscs1nev9en7,1F62604A7843BFA890B445B7690570B9
ropjdsit4vnufp4jdhrpnsmh2h,10BCDD04E5253C52216A5CCAAF05DE12
cr2fitjnl13u7dtvt7livc8bht,1478C2AA9DED6DDAC5CEA7FE0E755125
tcel7udhiviolliirbqg2vli7r,14D2136FC81FFCCCF56F4CD1BDBBB011
u27idc2hoaipljumfjau1dr3a1,1E3FFC1F17306F1AA8F4FD6F2D197D40
trq2t0l0t1kuh0qt9lbb305ggv,10FC99DB06BEC9DDDBB35086D45EEF31
r093ir8hotu91el37f9f20h6jg,15014523D9B98BF08502FE3D111EF7B6
414cg8rq4qqsjf65bge0invc9s,1972D30DBD8494D206C1DC1B5D35F392
5vduukrasrucqr0l9tq15vlqqr,130A695E8655815F7A0A2DA85763BA21
epodasmkuisah77itqa3mdeou4,1E7E37D9730AF56C591D101B1DCC1E7B
nll45v62cd1vbogle6g12o63k6,1C2927C3196A1AC017E7B108A773D451
apr5i9sv38n09vmp3sco7qvrvh,13E10ABDF7CA2964EB0EF68667BB3CD0
ff16c3oei52p4mh1ctf74u78aj,1254A87A509406A2D5BAD98A9A1E1FAF
6ugkkhb4g09l16f55nm0eqbebo,11E672151B4BA701DAFD1DF6C6DC90FE
er1am4jvop592tv7kkrqhgob8,1FA4008D7FDDD4F5A7532BA9FC1F5470
8081uq23urkrj7vf0kbnsmekef,176E66FA49D3E936DE754F95A44B6898
ejlu1gjehdr8he7qu65aith7ne,167D977FFAF800729BC6AD18E51CB135
8f8fg1nvh5ifpqq6ual9ctj52q,149892AB72F0809200F0F2E56CAD745D
6tluj77v4qqcmcg9t6qdi8g5qp,10B738AFCBC181BFC0D8C5B686468B8A
smkka89u9e3n436hb3a4rf6t5b,1EBF4C68E69F35AD0093C78FA490B35A
rg8i5l3ibdo4ikmpa2u5ip8pvf,1FAD6E4FE2B5E251920FF167C4281F99
iaspbvd3k9htu5ebjjh0d6eotc,1D2E15821757952A5A1B768B64885924
hnp3qh2m5c0dhotstlaaudtpml,13C8EF4AA600ABFC1051983E5171A108
348l9s7gc347dgi842ecp2h3mj,1D913C3DD9E432C483F159BC2C17B587
vpjj0j53qi5j559dj0qupjc3f,1A6DB83937F2A50AB1E940F0220E120E
nrprvl7ga3g8tfiatq9k8dp8f4,159764814BBA2A99578F667BCAA66AA5
ijuji7kae50ril2a2n7bestlam,14C7A81FBBCF51D82689E5BD183803B5
o832bqklcjpq3hbggcakr0pk3k,15D266E05FE19DD2764561F8A55290BB
r7tcghlk7u6j1ckr4sqt09tpi2,127877A23E25A6ED820829F1434AEDE8
p37fsa7g9t507lnetpojjoqhkq,1650D26AAC48A654C802406FF17485FD
pe45qkhiq1edbghi78v74r1oui,1EF981F75EC1F049F70A94A83306F18D
dfjn6snd7rp2b352dt43nrvvo6,1CF5A9202EE5828D13FD98F8FB017F84
5tsv3gprrvbar3dkpoj0ahqv9i,1F9041AB80EA88B67BF43C0DBD85D91E
53lljp86kgil6ic7c96mbq3klg,18753F607C02F74D24C6A992C5ACBE40
psiimqd6n2cfnf99k12eem1b6a,1B204A8ED7127FAF1CC454A20A321D21
vcbll5fq2okuss8o3ukm4kt26q,17A44601C74F8A64F45B26C78187F0AF
d8if6i50arse05tnl4ucgfsfu3,109A6AB716757DFA5A9D7E88E0244BA6
tae04ol5tjvr5q4rvoe0pe407p,13592CAF0F7F2A3321B244BE1678A02B
5nks6ti3l5rb8nogjqldp9gue9,103C153E1C2FEA40862C73646CCB771E
b576l57id9no78un7vce608qde,1C3252268B1164208FAEEDF250E33EB6
4qv441mb90bdk883cu7ukoi8jt,1AB84897CF1B3EE1684EBFE40715A411
qe90gcsp4n84k1s4li2ntveluk,1F69DBA6876CB2732E3B7108F88D0DF4
imsocbp5mgbb2c8bt06p4i1qd5,193527F1058B33E80F158239727D3F76
fk84p88ss4appt5itioer77jrm,1DFD2BB1A79D5E555A0184CF02F95B71
iutahrdtaceoafn81ith1q88fn,1FF978DF8AD5E384C5F8104D534DD820
ei49ge8p8t2u4e3akkkig4l56,127482A04D888E672282FB35AF2E4CF7
oqe8c4893virgc3qgscf5hfit,19E75245A90E1ACC607B1E9338C7D146
7q43pg0tloe4ekosbfi5v9kh2s,1F11E0F8D7A1BA1D87C7E1955B9C3825
o3s0jkd7dj2evj0u5j2ftk50ib,12040AEA9A42C7DF4F45F79FF1A9DDCA
saa4dfsp4ocb07pejt932e3jlv,1A132672FDD58CA4D76989ED005DC89A
j1vpohlmcmvp33hbc83t7vbqgk,1CA22BB8A939CA4F7D886322079A061F
jc4ve1br0gfem1ln3uohkrns1t,19FB646AC338B892839E05E3AD7CFA0B
gs5ddghjn48t5bonlt9os36755,1B01D3558632F31EEF65A5831C2FBD6A
pjjgpthipu3984c6hsthpag9fc,169DBF930AE080F25D8B9FE7589C2BB1
btjn937o7ddvoof385ntvg46fm,18966E55DC770F2EFB76EF06BF5996BA
apd8phn59tjen1fgrg36145cvg,10CBB7ABB95B174E3F14FE0FC183901B
9c5s3hd8bi0l5mvlt1v334hrnf,108D30A12D9439CB6E3F963F20796C10
7rqpmkjnj7shto1kihn63u63va,144A141DAE4FA09530C6CA98CB525F93
4odkea1142irgksqljr8dvl58a,1BE0BEEC2E8CCFE31AB0D13BEEB5BC0D
9jjuttinkpua0gecmlqh33kpdl,11434F3FDEEB60DF7303B5740121550C
f94d86hlad8vepr449qohabdlj,141ED85408E0448F8C7E173C64CBA23B
fp1c0ili6npgrleiikahp0fo5l,1687FCEF268EB426D18D63A86F0521C0
97ud392mk5e3r8p0mrs7eokfmc,15A7626195A10DAC06946572F801D386
oj2epg674gm4nooecfgevtj8f,1EE600E54648EF36447C2EB2DF0D042A
erkqdvb12cjamn65k3svk226s4,11070EFAD59AE865112BE090A60C6AF6
m2kuco072bt20g89h516d80mji,16D966AF80B0A376DC810C33AD4D4967
d79dn97bgisgb8ksuvavvean23,16C20C52E49617BE96B9312770ACC8E2
k5jg15qauu9fi1sfdb235q6s9a,1370FDE3814CD71FC4A59759C4DCB816
nmt1mldfc56qbvf1ll1nlqbasp,1DFAABC7A0F3874B0F04A7A5E4081EE0
srhra0l77i0a2b5bkorggj0tn0,16F27891ECC882205A7CEACEED4A0DD2
bo563u6buacqhie5kk61q0qe8u,181208BD3786620DE90E0DB981E6D824
v12kdma61u4lcu555cod2dsc5q,16AF6F8F51FE5CFEA8877E0A1C649706
a8ho6nlq9sov5csi0hqpi7p88t,1CA6CC758D57B9CF782713EC00DEFEE6
ourqp8dn2dbc5nusctbo9qjdqr,1D9DEFE9F88D4254ADAB4101408F729D
76r3kll57fcm62qtcv05nsjir,184FE7C63244140803B0A807CD328EAE
nf0c0f4f85u3fi3t1ftc4draoe,12E2D55FADF982281E4104822445E3C0
gmbt4p3q0gbjvobagmgi36lien,171337C8271C55266F23E04733F8AF91
t0sntmp8ic2ia90d8g4c2bb5bk,1B00959320A5DAC54E4FF3B1E1440EE0
pk9j8s6niia1neesm8arb0ks2i,11C43B3DF40DAFB0017363F8F8807D1F
pvnsi732av4b2no83u4ug2ung6,1DF40F69170C5C40DD080AF729E84111
ua8so84c44d2ck6enke57lksm9,1A1C12AFD4E5B9A445A0C7CA6B1162D5
61k35drmjet7f9r33j573n6h2u,16D0B40000DF11A6C241C10B545CB4D3
hp409os7poqtapk007ko7fsfpp,19C5F34ADBB12DA58806A76C9299471F
1u1a5u0ajfohdb4d9j0aphrq8a,14B2BADF4747E6522DDCA675DCC6D4B1
8qt6f40p2k0j210v9j1jrscbei,151EE2826B500E5C6C08D3DF2A473F66
8jvremblkhjq4f9jh43cvtrv9g,1D2F6972BDAB4AB7CA9C8C7332723540
urjm5tb79gqhdcl3iq5f2ds4jv,1C1365F34BF319E2A8F0390E34BEB004
le97p1aj3m63r0v0722np6rcr9,18393E2234A11C081A8FF87E184FBE5F
htj2vsm72iji83fmbf3hnnsdhk,13FC4FE9FA324139D1251475C81906F3
b9g6me454skvkipobsliaafoc,105CEBFD893D4225B729B2F8C1E20E56
6s5b11q09s2s8p1dhfp4ude0gf,1C7261112D322F8280E171FB26065D72
2qua01v4jc1srjf7ajpm5991eb,1888C732FFEE1B8257245E11537337D8
f1gbc50bb781oe80kk7ik33vco,1EC5853CA4CED192C161A4970F0C894A
u37si8n3qcn2n1lnddpihl4qim,177CBE6B34C57D9D5D9EC700F3E9AC53
v1k10ltefudmknvp0da9s88f22,1FD80A2409DCF1BB6459D3DFB78898A2
bfr41pbmuei3mj59lqs31fqf6a,11AE8EE3CA849D71C5E426D2631136AA
dg23j0ajtrefau2trdkdrtlutp,1724038C4305A38EF63F961D584ADB83
lkotetpioec0ciafmp8ujo104b,10A2A86A84D792449BB78FC10A6EED4D
nfgkh2ahvehmlotnf4p9vtic0v,19CD381709629397D1F1426C7EF5212A
h1mqj8o0avlg54efljqkpeaik0,1C82EF321151DD3EA7B8E1E5FF022361
bds00uoqnuhcdnr5glutv35d7h,16C7F2BCBD66A815491F5AB87F8D34C9
gf7qormu7ekqrt67agacrer6qr,19A4B6CC999C4C120D0B2C5F2361F982
gg3eslkqbcvtcndr54mnam7ctr,1F8680B4F214820A4A22F6B40DDA158A
vu3an8gu40l996m4e4l2900e58,16B503AB8FC8A0900CEE474B2F85B38F
cd1fr485fb5apm448taauqoh6a,153624C93A1503739955CC60F4E04158
2chg6t0e6vk8itfbig3ou18ard,1969C6974713731BD29EC508D1970308
p4uqhvhftebvlsuvq7599gg8a2,1185AAD072915DBFC9B97916DE15F9AC
u2u39o2d7fu7on3tqacaa4h58e,17D5DC1AD34240C6434674E93B90095D
slc1lpk6gtjpfto8dcecnqnoih,11EAF51265A2BDD1580B211DFD4F73E8
nk1jkdc9bam1ro9kr18abhg88n,1E8B05EEB4C457B9B6A267F931A26B71
n83eicdtttp2j377udattppcle,1A0E5F08D733909E247FD165358807BA
kqdkv2ms62p409q0u8tuilnf3o,11B91E093D21171A7C078E3814EA634D
v56h6kqeg9o2f51u2jaongvc7o,12768AB42A9B5AA6C74941E052486D4F
2nb06nr6k375p45ie99m8rqlmp,1D7A627B70EE3E23D8C556182716048B
f5cfrbr5g0gecetocuibn9g3il,1F3F5D9AC8939637668366B86F2C6FED
kphbnh42e81c81rthon84017hs,19DC80FB22738B579B3F5A0F683D8108
mkuth40lghabiubq8i0hhkn2kn,16FF6025269437DA8FBDF5CA479E2199
8c8vmeuddko61dmhcgqqhlame9,114788070CE29B81D918D5722230C4DC
d6n3ie98g9s6kbe5p9nqs9jk2s,1AE1A5B48249E177F2FBCB8FC0F7E8F7
etogppm1mvvbep3g6md1u2abq3,166A65F7AAFFE0A651DC0B27EE242A58
n1eujmppumsdfqoklj7icq8kj3,1BB89C91E07F89A3237A3B2D751B0D48
66p4f82brgqigtdr32tsj54t7k,1CB6AA94821AD32D17455099CE039ED5
ir5rb6f0vgpscoms3if6kok917,17C04AD13743E121CABC85E90B1E78A2
j9jph3t913qqk50g6fv4t4oad5,17D19C7A691EA1F1B3A5E05AD77D9F80
2rvrafc3tv15e8k6cnrdekbtie,1D657F4C260CD731800BFC823C3CC605
nfqid93ia67sku19o0crch63d2,1C8B495B0DF1E6E03CB8CDD29D7C30F1
ssvugm446mv4tmknhpv1796r83,1FECE087E4E6D9F4545643E79F73A5C4
bfabottop9ui71mvvrlvcd0b1h,12AEA380CF1988D8AA28D3268795043C
jmub81bh7tpmi695ofqfnnhb8,10B7904627EC6FCF1D9494A4F1BF253C
itfsibvavmu16qdhu197jcuvqe,13661830E4744F7B8A7D57D3EC6A0E00
5olef2e325j7lpl5ub247kq72u,12A0AE5157D96189CA78E4F09B4C9E26
b839juejcvm4d0d8jhejbbm47l,189C33C3B119AFC33DC61CC89FEC7E27
p5b1vubuhjnuecotcpttl35g7v,1385BB73A3C4E1082B90D5BCD266BDDC
ufj93s2f210pl01jlvm3n29gdj,1AE2FE062E4B2C5AD9D02406EC1C93E8
8v4e10d6ujet0oq22m505i07nh,1E69DF6322381C8D06436C569F18A1D9
vmeg60addrm56r721is5s19s69,11D22F810864954A7B86BE1073F68268
r81vjla0ipc3bhjurc9ish2q99,141F9288359C985BC5D1CF2A513252AD
5e22eqaveef2o9ovejq9dksk13,1BB9EA30A8A31A65D396BD0B0787B5C9
j93ookfdjrupmqppl0bmv42m2r,135F29D36477E73A6D5DF346E3C533F5
es4nnvfv87lqmu757bnbdcd888,18EBF54772CFE51904E11BC3E3718606
fp2rlm2d970qjnsm5gbs72ktqg,1BD587BED56A20192BFB2A1C7397339F
uur1hicbiqloftot2hi1ldfajn,16D220E5354AA132BF5D5FBA76E63B06
htotq8b6q9id924balnr5l9u8r,1CBE8D29048A20A4F68D0B9A5E4F9D1F
q0codbape8l0ju347t7sr24v5o,1096E12A933EF0D109086821B5FC73C5
7n9h43igep6ppipdrdc56hsdst,1D74D80D247F8AE868A66CA9F449B5F4
4abrh9hfgqqfroomponr3aet8n,1B0A3D8013AEB9274203B6B7407EAA80
rnkqfta2sbksjhjq837a45aqq5,1CEA17C3925F063C4CEC74A06CD9B92D
lk01qsq5brg3elplkvg4dsq0r2,1F1841614A6A69A2D7B65D67F23BC687
i3qi7nn6sds1p3tihrsa54b0pv,1BEFBBE26FE9DE3FA0DCBA2230EA5341
a2kp351t36cdm5ghlat5svm0lv,17E2B89A5CDA88E277546E18448A78D0
grc5btc909seijtks80rttnsd2,167493C4D9DEA9F48ACF99A6DC03E486
molc388lkktuu94t240cq04gam,1AF2820B7A3B68FEAD50FDDD734DDFB0
2vekb8rfnnvmsm4rhq7391cpc,195F3229AA772690A07FD00CC97BFB66
l2ckrta9cq7dgnp1j0ph1vic7h,1795C267888C7A204FD6D637C3436329
qbdnvgfulgda26m267er6cfr5v,183B425EAA70C383DDFB938A6369EDDD
3tsbgatmmj68d7qgmqj4hvdnof,144EB9FD5915D80DF4F2FD0E91A7F7F7
47fljm1c3thsrvfocsta5laa5,105981669C6C3886BE52B26A91C2E047
hk0kv81dcuu9h9p1isatcpa86r,1C6872167EC23FA1043C001387E171EA
rlsnuruqfp35g3dqms3n7tc3kc,17365D979B08FED0BAD6ED5F02596B3C
ml6oookhatm3o4rv7b0p7eo53j,18013C0BFA942A7BE8ADBFFD06B72651
jspptbmgohb689q7gitlu1vuno,1A19E6DE2DE9C71FA54A17FBC458EC83
mpvu90tnbjrnhgnekhhj2e7g1c,16E594B61C1215F8BBADC580D3F8609A
44aecs53e7q0dc1n812gjhcj49,17C0BBA3943934159B148841E0797141
55g12v5l6sjlu4nhnc80mguc78,11F179DABB8F65A94B8C62BEE98AF9AA
udh1qcte279n1gfas0d7oto2gl,1EF79B3A41152DC8E316C852636358A5
54b10eh1pdbrj04pueili0dqu5,1F3E2197CBEBFF9A557724DD6851F560
4hgsg5erukfs86o7nelfh1u4u2,129D6FCF4DD9B223CC83A742CB6FA0D2
902susovl3vonicfm4oge42mn1,1FE48CEBA57577F2834E1F6846E3328B
j13c7i99kvnrcpi1rt5f6p2hvu,159A4CD73C44D95337720A1A32FD7BA6
nvuueje6ste98jmo8p7bpbif52,11284D276F5FF23806F18F22AEBCA20A
at02bkjptj86mkgr2h7fi0a8ut,19BBDF7B09EE54B80CB987C7A88F3298
d4329o0pv0l1skaebrolk9ej5b,14C71BC1E153F10C2328E9D88953D34C
i21oo7j4vk8tormg49k1cocglu,1D792AC39EEBD256BA402685282C957D
ts61aah698fodcmqcfs9jgb6ib,1FD11931D95E9EA2B9D97E1C134412E7
ma0j1roh00shjcvmp6pknj4hf1,1E7E57A18AAD5475CD8B91BC53B8FB34
5ge6nc6tneinejg2kp38v1evfc,1B77A5DFB836627DE2784ECE4E70F04E
a0kpahc2003fsbqkuunirqik9j,196B93287D457CE30229B14BE69DCFDB
ph6u12s6s8kdq0m3tn3i0ie1pa,1A9C2946A583F9B6C53694AB15E0F7C6
tbusil42hr30kat59omm41s4h,1D641BC130A4C61514DDC7B8A74B2E07
7drs53100jar82hmvitk3p464h,1676F84CBED7496F26CC2B53BC9A3BE9
hpb3ir0t732ua3vb7kkv2uan2h,143E122C98E43511258481397766DBEE
ae1fn4t19le2bgo5pu3vil6dii,1103566C6ABBFD94C86FA94A488C543C
4lf2s2n4jnklv733faeqo709de,18D263791C55D1F27AD4CB6740BED8F2
445tmf4mdgovi6d3l8ci3uha0v,1A425A115DD89F26AFA99B943D377343
pg3fb5qj2h8220sdnrmt99asm9,1DA3B0F7ADC8F0AACDA31FE5A294FA99
423ehkcuch4ju2u2v7etdpc9lk,191AEA79A4BA486E8A43A5C935546606
olvl56caajchnkrrdjj0rm38r6,11664C495C441547815E557EE6222C58
1l145qtj54975k4sim0e72chde,1861D0987F24A8D2D5D0E6B3F9C9D67D
ao0tc9krnc9cvlfffb9jt85uva,16103430C7090EA460D86C4293DE34B1
sdhmaaral2radqnjvs2vp9ai24,1E8467100E123A65364AE7487E9E7D14
erebhjs3m8l3536ieliaq94c7q,187FE8FFAA4CC87D012F77B4B654EB1E
8fmflblralo1m1u463q6rr865p,1066136E53ABD7A73E8428CEEC01A992
r2u098abp434qehoma9f75qob3,10AB6112832D37D1C6FF9FA826828910
2eh9ue8ag8u63cj8587d1vt45,1ABD676C5C4FD330FE177620960AD0AF
6vcd5p49kfg95tputqujfhnglp,1F9C2C99F26974AD52EEA3C32CA1EEE7
fie45qbftv8ued62db9m59o2l3,1D3F07EF13BF8156713650F66298FB1C
u16oa22oh4hsbt8r5b123pb66k,186D84376A4D19E86EAC05F5B93C5731
gq9as3vl9lj4hs3arl5kon84r0,1E83BE5F96606EA84B19EB6BBFE9E671
5g6gb0ognpucqd116gt5vfh5u8,1B605A705F87105CFB254A95F6C38DF2
o01su7soslaj23dqnmtsburi11,14412167DC0DCF4E2FD777C896C50B06
s6thge1erkdmaa6vrn35udsth3,1CD1F54D9123E738D8371FAA475862BC
jvaconj5jv7cmmjh90hi26uonm,18DF8273C4DDB3ACA382730303C22785
e9t2ane73qmau92nn5tjms6ptm,1C652464212414D1F3DD2325438588E0
r25204jepm5ro4nfroscsirlm5,1F696B4FEC2048F5E912ED1D6C8BC03B
kd778r993gtf4b2f42b87s7kcj,1383BBE36BC7A75B058553CEBA676291
qdjljkraqgcdtt3205eokq83ni,17EA3BA688E5C47552FB18EBB68F434C
lupg4u4prv9iai4oq2c7l9h4pd,17E0E54D6B9F11A13CD358F6E1163D75
i8e8gjoeb2q8d7vmua2ph9duec,1597433DABF3F5DE7452F89DA4C69994
n7o9ej6u1dmfd5uvuuggkcf4vi,12729AB59B7B55EF8ED38A53713A504D
s9asrealfmn8p6dgi99toqsbtb,1CE27AFF4C7E5372BC4A8C82C752D070
oe6ea4dvtur6rbd00squnc9u8r,11258E946850D6F93E1EB75DB660970D
hhd3n2c733j6p7j3ld4fnhf9im,15473814CDB1660F3F969782B42E10FA
fql3j8565g5r7m1briv7c21al,1623CCA4FC36CA6AC2290003E1AB11BE
ucjn09q65v1khadeqkv8sne2pq,1259DA3787D7E4AD31136D8E51C999CD
h22fre6hmnj17plthnf01n0tgg,190D05BDA7B18368B3DFC8467A251CF2
4kngara2vibhubdbotbfdt69l,184ADB6B4241A7B360AC51C7E9B040F9
u0j7ii2eqo668u1f0tla0jhdbn,11E5A02D2C42B73FED99EBFDA13554EC
gqjjhfqacie15m0g9vfsqpoam0,1D62BD207D0A9B579A69EAA66FB141FC
ueh0kb9hfdd0vc3ckci6bho9s1,1E84E8D416BFA62F6A5541B19783D464
itnke2svn7b25ajuv7t48m73fl,16214048265FC00563F839E3C760875F
spvfjcm8ef6reqnrp25f2h7c1v,1E532C378630CD1738DDCEC7310C5944
t79628bk3bj9i1bekcegs4r9oa,14A0CB4912D4B4A687DB4B645C391419
2hmipbd5aj6nron557sjlue5gi,15E7D1A4F70806495279A0512BF59264
vb477d6eo6kf4ud266v6diicm3,1EDA5D9F1F195D584CD72269E51B1ECD
16kds0974oaeb9f63l8b6745h2,19096D2ADE6780A31BE56B9A1A153CCC
utt58pjh61ofgbt540gdk73g65,1382C2AD21831CF427A67E727F168FB0
3gijddsu707rkbsa1llo5ogof1,1A8FE5D1B881D91E8BC42714D7DBFEC6
ghfgn5132o3ba9vgvrjasjd165,18EDBD9FEDC3AE78B9B9DFE1D9883290
tc99qbftiaqbdiie07jr77ulra,1F3496F94A80D7FC7A56E86742545E64
ids0je0eqmcmrof838tlrp92ou,1896CFA7960630610A28B3AF045CF7ED
3g5cvnftr9vi28sho5a0uj6j92,1DDC5A02D161624C30461782BD926363
rhtcpjfl45bg8alqdmr27e8a7m,174DA8399F413917D17333DD33BA2D8B
lej4463115giihjs6e3pp30uuo,10EF90C39EA3EBA3D2DE6EF5DAC83308
1egbemh1qgnkp0hp2ul97j4f0g,13D28AD2842C041F87B0CC770E637908
p24bhpjq5vft4tejj8pc17ssd0,1AC5A8EAC275E372F23D1993DA0A58EE
fi63nvd6cjhc7e9mfbb4gn6bmh,1D3182734814708FF0C4FD0BFBD81338
sn2a9h069acus8sdk5mt0ciflh,15FB51B9A5DA3B78489C04EF725DCBCD
dqgsof3ocg0aro8ptp65dppril,120036CD262190163A3F0C6E5988C5D2
i3jupbv2nligb5aqu40m3vtndm,19F10BFB6321934959E598E5F406A4A8
lte429f2trv85q7fiaum028pal,177797F1E74EE8C66A486797A7E09BBD
6q1p9sheklq1mchfs5nba33goe,184E517C38FF7C576B820B90536D203D
3sjp5blv36g5lhbpvr7ge79njm,1236A80AE137589AE92BA43AE1A9E1DD
h5k9l4ogaq1l0ah9u9pvbnrk4k,1F963F423624777AC83411894EB674C5
hh0flt6vaft7qv6a29lng8pikk,1F94F748584D217378213B4DDBE01606
g60i4kn5g9l76q4i9hv0kaksts,176199FEF88C587F85D5BDC10BC8CED7
ke6p2a1n7c92361fpjfp5p7p58,1490641D4D4906E722C41E3B3D590A9B
oen7k10g3dmo9jidajnmae92bk,16D8AAC066D774D43BFCB3FFDC7F764A
ekj3bdia0eeqn4vru814t6pnue,148254599E0BAE15FFABBB3C9F8286F2
79p8pov087rd3l2m5tbu5nm835,1A7ACBCDC52D07EEFB9222C7AE9C15DF
kasgvdus35aspk8fqgq9bdij48,182C85E35517E0750932695694C54A0C
ck24mo2ulhhfju4tlnpkkvdeek,102B792B227BF369BEB88737FC6530FA
k6irbj50cqri670b4cn3219fkp,1F8D00FE16E0F0E3DF8511AF2DF013AA
rl9u2j3pnb5i5f7o6eqvl1vd7f,103B368884E9A336D5C970872B7C6E49
g3jeo22nb7q915qhcdth6edo41,1BA269EAD9EF77D059C05C665C291CC2
ltdtekef1fhk931rkljfae4u9d,1E011CB052BDDE4E4CC3686BDA33427D
dtnk00unurga3gtsb7193bosq,11AA22BFABD2C3FA249C06033BB669BB
g79kb3guqi9bvjuj2biobi3r0b,1D4D0A4DB0FDEB831D36ACA98FA4DB15
lgg0kq9ssr49rtboohvnu8ouk2,129CC0A3E9488EDE32686339E87B3903
2ahq26o2v34m1jq4ar1t8n4l2u,12A68E117E91A045092D3B5AD5904199
339o5vgl3gkgopej2ts0q3rmb0,143FB9D4C2435C7915BE37B87E2F9AEC
plvfo6f6jfkglvbhmp97hlh6lu,14B72B79BC8E2EEBFC27D9CFB3807438
uhfk3bdqnfpkuvad80pcherpgq,1CED6360220A3E740951D7791136BD21
b50076qi1et73bgtlnsr45m11,147A9D4ACE955163CFF8A799BD4D7061
vk6d4893c78anl4uv2q0psmgdl,1B16F91DF72E92289B69A557465BF92D
6ecoc8tfrp4k2caua94pjjsjnu,169E17EC52A0B14E885021F46073C40A
e28o0ddkkbjom62nkbe1jvjiaq,16A9FD546FBA3C16FE525EF6F4713733
e7er3gfijam1rajups85pvnbe1,1B68022ACE0BDE84422F3778D8CF00C7
da9kb6p1lbpbgl50bep7tejt47,1E14CCF749EA6DF66537C376DD8F45DB
5t4kku2fdu6nmplqtfri9q592q,1D054A8E7A76F4872A2C28A4922D4928
ncbi81fujf4un38pdljeuhaidp,1B326B50A6BB00759A08CAE65B0AF7C6
4k3tm5akj111ovb65jvkfh8mch,120C9E42A8B5BC955D16DC88DF68035A
20aiskc7icvs8t7gdjq1o8r50e,1663D7D83B43DF8FE97312810DA91177
555p28fo7jtjfci24f2t8843fn,1E85EE95C892878B2FCAD5066A0768CB
69nibf584rrkbact4767b3kgjp,1F39D858D75BE6BEA8D3008235B8AE79
7muqop46renve885jemn4qq88n,1D8C965938F5BB2F9E56A439A1DCF70A
t4ros01hn2em94ho6a04bs7e2l,1CD818EEA5C2436A567C30DC297992EA
gk2rm3e1l1b6q4k7qu3asu3r1d,1354393D1385BAD356B056649F81FDD4
7bv2ras0jbnv6omfuvpn1eaksa,11242AF329305009DDB980CBCA50DBD7
tj3fq902jc88n7c2f2k0h8ev4u,151055C8072B0269C0A3DA4CF84FC8B2
pcb0fioectq0a95dih6t1k8ltr,1F253C02F89707814DE8CAE7A65BD1E3
pmdk9m2i1k4rq4491r72l8281g,1C6E7A377D3ECD5E50F207C454A32536
t6vkn8bokph4ck6h9l6lnsesle,10872573BD9039689CD6B5ACBD4EEB69
7vfhhuef3llurnb8oc0m28dks3,1C71D321801DEE5F2BDB3CE980FA8628
paov28475pl4m7qm6nfmkirmmu,1E1FF481F74E8B6C0A10A8053C0648B9
maqihk55450p4lcfgf7c2kvskf,15F6E55D48BC08AFA4DB28A0DC67C5C1
lcsl4p956hum773hs8gf9dbli3,12147C2D7BED03BAD5C7B83D42F26237
1fur3qeeiaqvbfdfkpuf8d5jvc,1E6887EF31EA921E1379F94A7EE4A9C4
i0q73kgd14ajsouf3ued9t8nvi,16BEAA616993676C27DD5A527D494692
q1in18643hh9ff4ddnhgc9pp1e,109175DB97EB13D42C343F985EDF224E
assvrlf3hc5f3hhcjklrc2g5t2,19E3BF9E546252F7113795D7B4F230B9
bru8jilak9nq9ipea87bm32hie,12C53EBEC21B1995FC7A8840C847B62D
mjo03ffj8om91lliks98diu9v0,1FB260E59F0D1575596E4B1FBE565A88
vpn3l9k0vmo6gulc2hqa9d12v1,1CE38E2C953577FEAC39FBC58D16E3F6
lsgtatvrc9mpbdpff7m5mf6li4,1A6996188A37DDD0AD10C4C8D9EA6AA5
dchs600sbb5v4tvjtjblse8hvs,167EB973AF371F81DAA89725912BF22A
8gd1hpfg4nu2jlugpki4a97p2m,1F95BEDAC1224F9F90D06A051C5FA78E
a8j1lej5kgeh07kj9kogrdejb0,16D74DFA427EF32137CC90A776E7939E
j9ivr63jpq8onmpun416briqf8,14C08D6BA7ADE5FEDAA3A76D1C87A513
j3dp9lepjoldnsm3aadl5gtl4g,1D511EF7F0A02FC19D73D9BC98D8BB42
bmcq1tgc56cv6t018j7e5kgsv8,19196ABDD6A0F8CEFF857781EA3BC08E
igsdi86bvsqepjlt1glma84qpr,16A01CB679D181C575A67EEC9B722CC0
amap5bvutfp1v4v5hqltulq9ln,15DD221BD9B90699861CC20EED4003B8
peo2qo75t9rfnln3ndashvggo5,10BDD7529EF82F694E35DA5CB5B56EBE
mbb9dq7s652lv97fgcbtt20lkg,1ACA489D4FD921A99FFA5AD8114A9394
h5h3j8ettml0c7gus8usgtc66n,16E11C49E45C81A683FE4B574D782BF9
es9lb8p5n521pghkba4kqvh31d,115990CB9DDA2309DB2CE33101BAB586
ln5gf9isegmpv045ct9kt65frf,1F105435BA5E4F39200D493566B3BE29
bkdn2t2ppe7q3htpk4t6lco93s,1DAAC578AE897B7A1A1E754AEDBFCACC
o2ha9nf1vs07qkiblnk22jd7mm,1B57550DE0F1C73E8E26208320505DE2
v81go29ba5ops4sh8s32ekm09v,1EEF4C6B99F851E6FE92FE790EC17194
krpcb1gtosfgqo3q8blsek0eqh,12CB5FC98C1C4274911DEFF2C37FF992
mrivvfbnrhl9bsihs6i9tq13aq,193E65C36C656F94979CF60C64DE01B0
ir141g28h4hi89h80cencjipu0,12E2D59F41880ED85F88BA673A575468
v65eesje6avbbqhv35fk919tju,1FA9BA56EF2E160DA1EDFD00734B74EF
n8psmo9jml2djt6g43eo3uq1rf,105CBCEC44FAAD2CABFC1213751177AE
6fjt0qpa4lrrkhhhd69242ggun,18E98F2E72E0A84D963B3C2A5D670C10
7tam4bbc5ua4232in2teijpejr,13949E04A136603003953417F896215E
hrvsj7squ150u5mobtagfhfmhe,1C5F4630D0A42F3ACC6AD0C9FAE292A8
nogmakfuecjqgg4nbqp94h2epn,12A9FD0618F7D2F71C84159EC59B6749
a084r0m681bapo4m9gq237ahn0,180E7B18D24E5FF6153D20BA50C0B494
vnb37hfbhnl4bf59kjn529f79b,1280503364B1446C5FEE3E04BCD084F9
u03sufod8vtm9pglr5vakcmlc0,140B881BB1118EE42184F003A7D8B21C
elb9ujv8m31lp93qq1gqsu3c2,156E732495B46FAFC9D051C3B2D3F1FB
ohgfbi38sdol7qsje01a539ovq,1928A24F92044EB02900FCBFF079E8EC
5lbfi27gunmtscp0gu5vqrfmg5,1E98BA56F9533CC9D09118A1D0FE1918
eqi0k0h71a1pnf4n8m66uugbij,19EF174599B1D68B856FE43F2386FB09
8jkp5b7p089h047uejoa7v7u62,1E7B565DDF7B51060396BFEDC4FEB65F
p8kslekpaobltnupl575eeaqlv,1F4EEBC99E5F2A42BE6A92CBD9E81774
sh2mphm5lm71ufjikr1r18d4g,10C42AF615664ED1EDD7526E4A32DC59
6b0ujbou85e2v3qg7ndjt2tjne,160BB065811BF6E7E503FC428EB77A67
mkhpcd18evavo4s380k0q8s3ug,13801479FE307101420A89B91CCAA4B2
s2uj4j11va8k5ltclnoi1v8vor,1458C10CDE3A9EAD4C9E83B58929DBD5
af06jlchnm7pio6uc0r58c6rmv,1E524939452712A6BC215711E6E6656A
sa190dj2nupt7q40anrmut3irt,15467A225EE4B7C5EE6F823FB46F56AD
5dqlufnokgm2m819adslo3sevo,1661D394FBEDE7E61F2AB6673A45125C
dpocdi32m2n4rfrt4rm2j2kjo1,127C0589D0DC3751298E5146A4064C54
of9d66d6vtpeeihsj062n2o4bp,15AC54259971A9EC3D802820BF222E95
olgpp71a1c0ok4ec712bt3t009,1908C0D3B1407EFA6ADDE529BE61D5F7
ruhn9q5qar1o8jllk16k12bfvl,12AA848E85CDE4FAC1CDC0BA8A158147
n0d31rpf1t5fnf8n17rltqag6g,1CBA4CEC0AFBF44952EAF337E9089D2D
dp3deabj3mur9ernsof3lhl88e,1AFDDE09CDF8C6AD80896F79C3401407
ffbgfrrst0pgd1mrbadj6ktk9n,15217DFB2A05DBBA69FB0BC084308F10
9srjrtn29b2dntlv2rbl5m0uqv,16C9FFD6E21125D714D8D71D706E71BE
dkbc8hgo31gdes5q4fmlqs10fc,177BCE0CCBC5D97C37BD606A0B3E1BBA
g4q6536s9i38dmdtrlm12p39tk,183B0F11FEF88E75CE4F0172C8CCF122
fnebncc9lcqtlbl768e9flhbpu,1F12AC112A1A5629D1E239A164421DAF
9584a57q1bs53ht4fp5oo55rkr,1FEA6B281FC6858CFA3711FF6167A952
6v37jmmkqsmour2enadbj6sji,11FB14EE0DB4C97410E5B870E7317F53
fr33aupi0s884d8fme61ju14bl,16750DCA470F738575BED68FB452E900
b2nme5070fndnuj19t42qoofe5,134CF587A8FFF1345F119E8257D07C70
pctgl4k696341o2uh5sal4f9hq,1D243D3D9FCA47F980F32D368CC7A7D1
jvr2us1v5nb85p7ig7p6tj2uk0,197F66E6872ED7658A89F6C4A40720B5
ulfi2ah789aqvmb5f6pj22sr0g,162C827AF0CA2D4DC1DFF81019B31D1D
1q34t5bcj6u23khedo0bccec54,189AE6FB403550148F7CEBCBD536BD8B
r1l8rd04s2i5lqnbrenjej82pi,10D5098B1CE8D05D284F20514A84EC04
5tco8n317f2rraisleto5trpac,1AD4024B9EFAE7B1802DC36C79D4E8B0
3pjip1qei6o8pi9h4mm69tg6f7,1B3DC0AB0BCE03F4E455BB3B6D7B63A6
u45tsjeq4b2q8v3akepqjaafu3,13BE01D4FAF52799525EA7C6088E9C97
lrq1200gth81n8i9e7noosl50k,1F71A7A3482A5A45EBBB62DE0BD87FA1
24n6kuub37db8q16jpdqqfnfi6,12B337F035769A63DEDCDCF00BCF0C03
a73im9kjntdf4nl9ks94ceumkf,1B0CF35C344521610E6A338856723A67
p7vnn78nsc49u9i39joc3g1g8e,15B5D24BA999E7D7F37EDDD50B94EAF6
ph41801v00mpto55l8vmq23f82,140BB55CF7F3DD2BBD11186F8542925E
ki4hq2bmrnv40ga48f0bcjclhr,1AFE619357ED3FF0BA679A9149475A08
7d0ga7vm8rgg0ndakggv8e96on,1BE589FB0C46DBC04587F4504805F01C
usrg3jro23jt2bolphnd18ouiv,16699777070AAA8F654FC0E365EA2E83
rs3qch0l1h6dhbq3r7a17vtefj,15883A2FE982B8ABEA58FADFB9FDE190
sv6d0ghk0rrbp8455c4f86d8sk,1DE0D283CC98B5B8B8A52620C056210C
nnei44uc6av7cn9jqjd71sobll,1569C197B9BA554601D431AF14A5CA39
2q3jql48or8psk9122e23o389c,176DDA59204FCB0A78E31317B12B29E8
dn0b1hsal3iqjlt1ojgl6lj9f3,1F8467F9A9C83D49D90201730C05C5CD
ftb9r6ge0l80gi4u2hjpabuj07,1C777410ECC314D610C80BEA965FEDC7
iauikh1ghoh6jungrmqkg39p0h,1B36C21D2A14C63EF8BF5BBBDC4CD1C6
ks3nj5q1nhtnufljk02if43lbv,1E50A4102023262C6CFB6D91082FAF95
65u04dgah80r3jmg5hqaffr2k4,19F3C62E28349C649DA45716BD043AD6
jsqenelj4apcqtb6n6n91snt6q,17544314DF3510A2BEA754589C7BD3CC
b9qnuo0aegmto26m9q49ngrtb6,1066B105D34808E2085244DC940B7BE2
np2m9olfg8vosb6fcquj9rp4j3,15CDA2AEF15E9C162E12BDB098A60F42
3issbm85cch65to6tlv265385k,1C04B7EB825406639CD5EB1777B6F8F6
s3p8fo4h9d978861dun3p4ido8,1DA73F41943FDAA883B36FD453017486
jpa2fmjlridt5gbrslk629v7op,19833AF196B609FB701CACC405A55A90
ccrfh247tcdta7lq16dnqkt28b,12BD6D536FB906FA2DDA01B2E9636D36
4i0lk3th56s1ng02rqnqvkehji,1D266C410A673CB667B9FB0AA10258F5
b124juab0ond3a00ut0eugpmb,1E56D5C042B324A7713815FFA9045E37
