Key,Hash
j5tuqtv77a978iqtbarvg39qvj,0488441BFBA744FA52C38AD813D2D0CC
rhmvnf5rjgd2u6l94iq6tpm5rh,02E04F458CB39FD3E2F96A5A4B50531C
5uelutrpgbs1evqm7qkofaiqjp,0ACCA9A54E95EA1F107CDAC3E96B09A8
223p4n9bj1ulkbd5aiunvom8ia,0328939629E4852C89C4326A6959B296
86pka6d4a9h2p8mhahj47obpc5,093CDB3B977ED8EF864CE25254E4FBD7
riv0pfab1tuqg3ecsnr60te70c,0C54AD0EBDB3003185CF6773E6A73D08
78svm1scbj3udq2ht2123e7evb,04EFA96A2F4D25704AD19EE70D056872
91ocgqnlc1tguno2kiofrqauuv,08D3F32BC7547EFF65E02F820124232A
o3vngevio3uthu1lfvn0ruh1ms,029035FA895F96A7F2A89F44034C22F2
shbmdi04tdfe0t7k0ogh17j2a8,0EDB3E05AC5DC1E989632EF63BC8B87B
9njq0rcf84qbokufc90hkoe30g,00AF48D4EB540330301CC64BED885909
o6frjuunckckqnp6oug11eojmi,0D4914FCA3BDB33EE48275C7191542BB
ie435tp63h706g5ij56k3bi9v9,08408D6F91CCEB5A2AB14BFD27E4AA53
o8qq5p3ndnko0rci7fddi1ae25,08B2EB30ADB3E83BD01BE1C4E22D86DE
u90ba862t5j8n9nvq84ut9d65,0A716FB73A9871E06B18C7ABC687B0BE
g710mm9750v4m8302ep3rpj2jj,04683EBB1090EE5BC749253D7CCFE743
uhf8hucf8m7c29hjf8drst6h6j,0E43CC1F17849E3FDCDAE62A2BBDE0D4
q13l7fl4i0123f0kks58r7bva6,0E3BE6C42C3FCFECADB8B35B366C6A03
s9od571ohfko1e67abk31oojr0,0BF7EBDB2A663C580A9B7BAB8817919D
msptc3j5e55glpbi6hrrmqv31t,0B87F9C95B0A5F44DA86DB929A70C47D
sk5uvkhoschv034qa561d3hc53,089791D6637DF98E1E1F52473F6E08BC
dtpvicsrf8qpi31n3q76gtutso,0E0229994088B70755AE7BEB33C409A2
8mrm6kn6fnsdts3v0j1q47sa7v,02EF631CEC7EF20EB1DD65B2A2B53DA8
7d4one0b1u7ok0arlsh8hoiik1,05E856E99E7136156FC61D2058876FF1
41pjhnbmpqglrbkp8p3micho9n,08C4315033CFA51192DA1908DB1691BF
hg7n8f907in77iv3tm74r15kl3,0934955150FFB144120839BB5CBC4FF5
mtaq672q6g6uu7if0irti8iuie,02D21AEF5F2A78A622A4A5841CC61895
l3gea3rpl9gm5u7q5kv649dlf0,07E78234EE4F22DC8394E53E91F8BA03
mo3tcfcddlap5q5od7u2fumo87,03A281DF80BC1CFE00DCB95EF1852300
3u0ijs769kv98b5127uq25slda,097EF765EC82FF41B035BB25641B812D
gmp6o2r23237qb1sa2tua847b5,053231BD3305AFF69F9B2618D2E51292
aq09rkq5oiuhd0ul1h577e8mun,0EB0EC31924E87601134FE7F0A97E828
6q4ap3ro03h8u1aq7b5fcsjkho,00834E312E7A3A168B2D32AEAFC85AF2
13oun0hafavdtmmt0q6ea89e87,08D44E3FC0B5D85E094A2C6B4955B6E8
qcaqk2lf6kn24b3t2nr2m2pe8r,0B85CBF31E9F6B6EBAD486E13F9B4BC1
p2eohu632c8gd1sk1d4po7n8re,020DBA6701CB2A897A85CE0287A7CC3E
pd25fs95nveugbi714vdv0pb6n,03E3E9C763EF7A09A3CB8A5D1CF8E0BD
3v8bnfd7lh8nqls6naj7iilk46,0318D18DA007C3828270B64FF4537DE5
vpeqgk3q0t1kasfg2e8u347n5j,01698F633112609C495155EBAD92A2D3
r3ksp7784po71mavitmcm8rvg4,0E10FA28AFE180DA61D84989C6EB15F4
q6qmnlpe8tp8a8ts9ia3eogcmh,0317E19713C90C31A5E0AE8D1C38DF9C
9i03b4cal2hgv84uua9gbu7aqd,0221772D704249030F6484647C336AC3
8ag2qqp0ntt9h296010a08nmtl,04C6EEAE300C62275DEA7271250EECBC
72q4glqur4viedfm22mn80geul,043C5B04E22C359FBF967AA5859B09A3
fbc4rm1jd9q9a3t0cuqbnr0l9l,00F32FA1C7DEC6AAEEDE435C1B2F07A3
r7i8fq16vj5siihvov7cqptr42,0B458C896681885F7964BA46E55F935C
fq1apcthh4i0mad4fkaj10pri5,044B45DB62A4795C1082EEFE8DE54D27
sirlt35t7m2blojcjtmgvvlic3,02A2D2F29EE0D7FAF6C1366E16283169
qiq4sc9ishcho5ea0gpbm8jl4o,02EBFEB30805D68A19574820AE7E2796
spl1ilmae0vtr61sb7eres3mjk,0D3569EBAD55D388C59BEE5108C407AB
kvs35a2ddlmfcts1m3ok47ej31,0C91CAA6C5DDC5A15FFA6F43694D78AC
gv1s0tdqesiotmtjjsqti5chpc,02358CAF320F95294C298E1633448784
qug4kas1vh2mhqshvncr4qa6u8,0A6A09132CFF9CCE6BB3DFBA5F27428C
2avsamksl5ak92rl1u52nsna2v,0BB7B7D65886D9860558F72D5BB26181
ojg5690r3h7a7k9bi3eneauv31,01C12264CB0D1A4ADA5578A1250C85E5
4g6svf25rpkroi2i8eqrar9biq,100244AC292F79BD3D637A8571CD017A
gfkng68s49b6g0gf90mnhshgg7,04E969BBAC2D2C39486BFFA8D023902B
1f4kd7mhku8if91ae6cm6r22cq,02FA5985AC97EF6F7554A0DBAF666BD4
ehbh08fuepkvqm2dl28kbi52r5,07947FE4BE904A18B76D6C50358417E4
6j715avksuguqra5knohbfhgs0,04F143AFEDA786B61AB7E2383D9525EF
vvem5tnt29koc72e8jhll4l6hc,008C746D80712944258CC65B823CB588
1797rr9cmaaao2efepg0p7tv8t,0563A7AE9F4D6320FD21AB3631623B5B
2ar56slg3vj8u7v10skuavagp1,00E55DBE250620F625BE0ACF9A464966
58k74tljt3u9tv5e81pafp3bcl,0F892F669215AFD88CF48B22B46BA670
t14c2fni5hjum4a6f4ci4ailnh,0F8739EAC16CC87441036503BC4C9109
1j2p27o7nq9rsq3j3d09qbkb94,03B195D1A59026A401FD52076734BDB8
sgq387hu3hil1p4j1bsbuvah5f,0F8F45182E5568D5AF5C807ACFA84B1B
3pvec19odkqarvr26osfj3au5g,00F5FD20EA70AEAB58015CBCAB9929BA
m2o3t38gvhe02g314ml2nj83tp,0FAD51D7EF36ABCFBDD2A18A83C65187
b7eo7e90uqh89c8a4ttgh6fnas,0AC6EE0FB7ED02D2440E4D0E74424B04
qpp55n8ndc0uh10k1tpqdfmfqo,0D7B85CE37D12FB3A2C4FD8D2BBD5CDD
okqtkv195qbhuop1lndcb79c8s,01517D08275B21DEFD58EA4F5601CA6D
4dc915uc4gnu76nit3tnkj14tq,0CFDA955BF52C4B6D1F90B3F6CB5484D
ktvrakltl1roh22qmo4lgtc60l,031C8C2EC72539C41B9684DFD108E07B
nhmr48n7dsagn15tpehphl7120,0A5611D08F9D4E934B8709FEB22CB295
eaa8hh947ct3rk5ae89su6tqe6,0BFE93511354A7F95DFF675345A0E00E
1seb3t21skr2mirj6avdbu5ouj,07A0432848B511872D4D596B086B20C9
180m1hmpphpvk8ks3211hqbmvv,03AD2A1C8F8BAB33E5B3A6D2DF957443
skrsc9d59pcgqfgrm0ipfuc01i,05CFACBCA8EFB30CAED274CEE2081378
tbtmbt3gjqi65q2m22f060b7u8,0FF12F097762B84CFF74B7A6E6B7B046
tobu9btcsaqn7eivf4htlm1d3m,0D7C526EBBF72D57A6905B4BBB450B80
d11tnd2eseb242t26erkkfpf3v,07DF919596C8C77F28928E15EA4E3785
svfieb7hg9st6kt9htfc9vh9v4,04F13F25699F8E79A1DE461457F81A9C
55hrdjks6vbk37u897dckrt4sf,0978CC47D83D48EB4249428F29B8E8BC
lkf8cf4liqt5pia02d244jr70k,0BD50A2938ADA968D3318C05A56CADA7
dhcon1dgf8mtqms889ck3rns3l,08ABF301885B6A024F45A15172263E32
cq795q6sc7qmn4etcjo4dpv2cd,028211AB0461868CC8C18824FFEB746A
16ekl37off0chgds62nqhd73q9,04ED56A0D752D015933E471454B40F59
scentrmr41icamvp9oo6akel2o,09BE28C777D443BCD5E57B39C9D85CB0
98rld271hse33e63ut0u5din31,0B3313CD3A1C7867F80D877D8441923A
k2161n13k1p8fuvfq120489kvl,0EF2955BA99E5A9382EF11C7E86E01D4
ta6s9a2thb9d28tkqpaao4nkbb,03149E8C4ECDC13DF2F43971A0BADA34
e5ko9gpdt99kkrdmljaeeui5o2,0BAA9ADFC34C19DA086667B04CD38213
ksvv3bntutdob7f0cdc2iohio6,07DFBF07CFB58BB6B4C283202A6381D4
9pctgv0vbv9o62c5jld5ndg0h6,0E055F2DBEC4B27A5A5C7E28A1BDC832
v4gpslfb7etifggc8elm2d8c5s,05C7493BF0104A4834BBEA49426AF3C9
9k94tgcok0hnaqenk4kc90m8jo,038E5360640D8F49E660AB67FE079F88
q8bn70b2jr4caikh9ugd1v3uie,00B200F6A62A499C657B930DE38AACF1
ddh1iu6ivm8mvqvjs0gfvu0gqr,00692171EDCC1A929C8CAC7CA77759DB
kravk30qhc1jd5h3l17eore30,036436F6172CCB9397FDC9D15956101A
1bvj6b0b102fls52jmd2elroqm,04199F36700033956295874576523668
kvnihem2kr2mv2i9o4ru043lsa,07D0405A13FDEF0068765AFA80E82B3F
itovn3dbjab7upqq6ot1aav331,0FD26536FD1969BB153E5E11B7E0AF06
m6aqdmidfjajcb5n3fibkku0e8,01B15E50D9E51F3F2CC5855A5FF417CC
2gdns86d1q6hrrn7n90be3p7tb,07C359BED69D14B1F56633C746C9CE74
62s13hkdkok612k2lhf689dqs8,0314F2E75EAE115B595CB8BF4BD658F7
o0j16m56b53p3eqskrjlomkijr,0B8ACC32ECFCD5D1B7746E60D3A34021
8p7b01102r6gckpqvup5s0hhh7,0072CCF32842A3B0524728A0CD9E21DE
j2f8v44mo0170slstbkhju2o0n,0BC914C07539B64446B6BA6BD1A27691
4rrh6uvev24kirgtv2c3c0811l,07A57B25FFCF32F9895B2D6AFBC702D2
ag2m95lk576lqre4fgh830msci,012F6788FE966F469D6BB79E1904B276
gu9ikvaqebijqbg6m74qdmda0k,038FD59F02F92F8E36C546961090D7FA
cvvfkrqbktu3h22ud00j8br03v,0D92CA21B3526046225BDCA2A85D30C9
jn2cvigkqliud7i4vgkfhh917k,0DCD5003F480135D8D03471965D183FC
m83ale3mkmf0q6n0rmlnn32n39,0BB83A9D1414638566E3F2C207ACA7FD
9pk87p731cfuln7vmhtdn01jpo,053FEFE4A73BF47C5AF75279362CBBCF
vanfpnqu6m3n44ndd8b38aaglb,052E38AD5CD1B97F059CAC5C989DEF5D
m6g0udahdc45ledp5t8pvtk8r7,0547F7B21ABE9C45BDB1ED2988549412
qergr8hlos1t3dog9jb0r5atu0,0EF95BF27A7A063F42C6D41A62452765
2bqosbq1crql7lt1p8qkd6r2qu,04567D15DDCA60813426BCF72BD19F4D
426nsufa3aora5u2v37g1d7d6,0FD80F75B8483060E802CF882C649AF0
fb29nkfpbbkn5307n0tn3n4esv,0D3B29C722AB643ACEFF61C2F557AD3D
pccu17df4290d2h2uo1ej1b4j3,05F2998F9A52E0DC3CA344EA9ACF9B7B
mfd2ol1c1ib008j3dbni53ne08,071D063FECE925EA712F8A1BE282CFC4
ei28tv558hsd33dhcpaid1rbas,0288BEE8D057D0C7D1505D6B9B263791
dgaurvblacgr6m47pqttq4kba5,09C8B3029008EC17B420AA0FFB293103
7609v1u84mifptpbc0c3l2auub,071F756ADACE915E86A0EEBC39661D38
n37mcb0r9233vq6c0bedgh8h36,005026B761E87C7D99D9466D3236781D
p6lliud4rpj7hco6lrutqcl82g,06AD6668B3D6049ED38CD93785F440C0
pn5q8jli457gu0srhe5pmedagh,045A602F23B70EAF2C516CBD84B9A652
59r5hlusf2s050t21mpm7mjjrf,00D72C301B5DE7D0048640AAF2A1A989
9nbjmtt3rq70uidq8onc3q3mc5,003572B1C8C31A8C1DC19E5CC7EFAB97
c37o9fn0is1od211sta84lkkmu,0B4C010F2A7B861B668DF185EC071396
imv284nnngo59kdu3kjp13ufit,0248C3523FA4302FD24332DC0964D735
5r742t197rqjnglggkjemjv8ea,093B9F0AB01C3B9DC1A45B07EB7D6D7E
cn1tkqu4b0bddrm9nim0of43eu,0960EA43994979E38A4383FCED7CDCC6
7ih507jofdh2tfj8n9ikqoov1o,09BC63548565EC2FA6855FC5F3B076E0
skh7rd961g4def89v6ihdarh88,042283744CD0C765A6B3A9940517771E
jahspe5ler7cijd62r3ak72ppe,0A3D5E35B3D1F697C54B415C694CA906
bk75j3slocgqbm25c3htnq3apb,004E5C3CCEA6895D19F611D0B5D1D915
vfujlq8bp68g4nreecofk6ohgv,0CAC73F6E7F021C41BF87B47116704DF
lj10kf89bjpc6ciel532t9v8kp,052642C9D873B2C8F5D1358DDE608380
5jfbpgqqa40htuhivcr2ci0ths,027455063106119270C277CD3E425156
3dqrvte65g44j75e3hhcdgs47e,01F295B2A2B4481D585E4FE98E339D05
cns7uug6893ei798frgvh1m40v,010CB7E98996B35E7EF8396E4BF953A9
q0lllsb8e9ljoeo5tr0heeejdo,02C5104E05B598FF7A8CACBFA648C480
qa7f7nr1qhei8ul0af7h7ilc3e,0A4D34472CFD689CC9099DE1EA0090F6
vg29bbe26k838d6h00uknnj5c6,061E5F6B40D4C93B53D0918802B53082
rqfo0qv4malo1p23khsjegmmgh,06B1260E897359F325E7FC55DEB8E373
snmvu4ugevor3r9ue6s0nm9f4l,0C32D048ACE3F806A72C875079FC5DBD
7q4dj190v0m51gb6s1uq86iqis,029B10B3499C47D78B4D853A5593C36E
kre8qh7fg1abnu1u3fa836if3c,0F7944B42E42D068FCC135AE0DED81AF
4tnjekk5erpv32ejip3jt2nvrg,07704855AD49BFE7E969AFF93B1F6EDA
tvkqffr0ko98l4r2pd0rgopaf5,09D80DB28315019B7FA916D98F69D51C
9ghn557c1epht1vqp8qfbb2afb,0F8FCD4416A2F42A714C79A3F26A7399
4aa96ckqsjh9ohd1rua8nri260,099C4AB9F32EA3C960DAABAAEB077700
nd09eb785j80damhet518ndj4i,0B5CBD9A18972E0950A712AC80989563
p7kqoara6plrcsig2hnlv3f45a,072EA20E5056026CED669D735A3CEB42
27ncaejcobtsji2r4glnsj21vd,0BBA9D34F6C93C5198109960376CAC01
6hthm56f7f58r2c675gr86h2mr,0957040FD61AB36CF70D8D3D049FDDFB
3hp669u6otcq8dckik6vfosqjp,0EA4B8A56A8C4BACABDA18F61547CDFD
kcjano658apimafrfj0cnrihv8,02E378684A74C924824C739B0E9CA513
smlr9vs4e4nnqjsnk2rb9eojq0,0B3EE7EF42145B2805BAA87049C08EFD
lracpd6nb5o1kg4sggm32420j4,04F415DFFBC13233F04C8B3A1B821B46
e8qs1vthvi0i4jkjfsl99oau1c,06635F42D3D109EC8971C22357AD13C3
l1tt1n875ped7ak38re1hsiu6p,0A3BD3BE7DD24124BE2536B4438BE22B
idpl6390akprcmni4bcinp9d3o,00C3CB9BEF6B75858EACC7C6A6F6B8FA
ogu04ugsgjbv7igvs3jr7sk6mc,0AA890534A331E6A07D900D12EF24FBA
2u4buro4lvg0ql39fo6mfeh1nk,08250624609732D61E3EEDEB99D09F42
7shd9oiq92chblkgo1novhfmee,071B28C55E385565A06D4BAA2D2B1AD6
1kp6dd8om0v2lltq7ud1jvlk9p,0D74B0A22B0992904A4B49749B7DA3F4
ul4rf57qu6kpek8hke7k6spb0p,02C59E892A3C6984CB323A7A3F11F470
bd7hon0be2fvr58ip28d6bgeao,0C1A57FFC054E589E233580AF26538E8
7glfpusdl41rs3inbd7a07b8g0,0082755BCFDD1127B8109EAA5110B0BE
eggsp661prnhqi1435cm0tnmlq,098E15BE3E8FE6FB0C320EFF9BFD5A81
t9vi6e3nl5ntfeqk3qivovvnsf,0884CBC94A44024345527C39347101EB
srfnj5l32i0an5dhud00tfo13b,0CE5CDECE0BBA81B06B368785744CF5B
m6c6eev7rtplidpmptcoqv987j,0D540F54B910F4E8EEDC0E3E4BB2B625
fvnsm07dibvv6nra1ruq6srcnh,01BCFDB73F966B5BB216BBF123B24C67
6jea90c63ju0g4no8rciq1g71q,0D76FF0180559DFA2D538E61EFEC5DE4
1gp9e8vdhmhlfoepgjue1jn71a,0560517EBBEAE625EAEA49DD8D53A3ED
h31f9mbsj6mgeai0o80feqfkvf,096C7603D0CB182EBE79862DF4C0BA83
f780udnobae9fal5o7vc7klq4a,025BC71A1F074C5688C3CC16BB0191D3
qgc78s5p3rov2rlhcslrmcbmj3,0BA00851BAEF04DA3C42EA015E73DB61
tesujqqaq9gj0ndc3drlhptn9l,07A73CCF3BD8DE836B929BACF20C4B9B
hl35a844hufeaullih5cu29t2b,0FE29AA21C0FB1672343CF4B099DC99C
mgma9acfvoqv45oedlp5ppm437,02D7269B21714DF0FEE71244FCC9833E
lng0f786kpecfsljkh4r7r6npk,0AA4E3A1A5040157CE09B776D2D7AFD2
rfbc0qscnla738o317obi3cgp0,07EE51A693A340F46C715D0D4983378D
pbcnfaepgis4hjr0dpn9fu5oc1,0A09734D7CCE71A27B804E4A2AE46200
78rlkhuhsg60ji9bkdsd3n6o2o,0A73502CB5CC1245C943573BBF2E6D87
4jfva1c1oul6v9cn1o1ng8gpg4,0B8648B042E947862A42B0F2BCE4B2E3
99hu1m3usj1tlp0bte5q6qdbdr,06A08BBB2CB1F0B93AC886E529CD943C
3v1o8h30s60cvmk5ncael4jk99,0AC7AD89E13E2526E3AF03C2D6453093
g5qigrhvjosfuq950q7vboi55,0ED1D57BCAD62391E453DE74ECC47296
nj23ljrc9oo5dlat52ibnfkkhe,0B2BB4D56EE35A5E635DEE9F4FD82B59
fn5hma8gn9g2v6od04q9ep6rob,06937E60CB099E1D821D71C20AE74B3C
vddv3219d385c9b2ti6gfsl0mg,0C10F299AD574B56D4F6503E618A0F89
ipl1cvj2m141cnbe0nqcce2v9,0B8494EFA404EC4BCDDEEE65AC07405F
oocuctpsvjrbadtmbbv3krtcv1,002FAB9CA3DC9D7211CF066447F5591D
rjbe5d44h4dog4vq0sntqe81mc,0E94A97AF55443B2F03A89B64E034DB0
h2p5bi2bioloujtnbg7b1erc33,0DD62DFA7A7B2DC7C12F51C6783270CB
7gl5376jqtspchsg4r67cca6g7,0F5A3B5A9AF341735D21A5300AC9B210
s7aqticrr761ptopbbad4bms27,0682148AA9225952CA8BE2DABF4B3A78
gh9k8nr5o89ognp1gfdl92o2eg,03F0D832D210A94CC364A578BA6414AE
i3r2eo8fn6juv7h8col8lc7qbf,07FE4B629073AEAF99C36EB0FB5BEC85
dgeblteq81bhrbbvildaivpaqu,003097E3176E95F03EA082C5C6BABACA
dda55l56un4j1cv1kf38v7edce,06AA02F3F8AB5E85BFCEEB74125EBA89
t2c6l7q8nj7cs676q73c276b7s,0F122A087CCBA771F2776C96F1AFE232
g6pqjpqlcribkkrjesn64sok23,0CB500094AA9161E123AB04B56690C8B
eg6b6pg5mctpnfo1ckdaj3koof,0628F6DDB3902EE89545663C229C3B9B
f5v6faj67688ehr6s0hdop4fno,07F88EFCE9E1522275F903DBD83F55ED
cke6hbtpgbnjgehdl82ueg2egd,0AC4A3B89E3FEA4650BB338D4A32F193
kucg1isn0hb55b0j6h0qeqh0q3,0B68FD744B4BB1B9D3CB72DF8C80F83D
b52e34uiavrbnr59hmuif64929,0EDC21E2A82CFF47425AF9314B39ED53
7sj1735m0efcpeprctad2gk571,09A6CFDF1403A17AEE88EC221C7DAFBB
2ah17eergqbrh6g5m7iknnrllf,035C0509EAB0E7385AEC4DE662777B86
h7nqh7a0tl3oefcdfujv1636uo,0D28E22FFE7CE722C9D3D3144A5373A3
san42kiqjdan2310jdro78etkg,0A4D4499A0A4940FFE6735502EC5017C
2oiuaq2u22hkveiq79k9qv8t6h,013ED0908A2923114EBF100DD049A325
h02k7sf5qnflfj99bes2bqenja,0E0433D634F51E5C6016A71B32DB01FD
r9ji25asjc4ko54nl0hr96a62g,01DEBFF3A42305AD4BEBB13318D0DDAB
sefh2p8enrtd2c86gg1si0k041,09A351CFBD956639B35B68EF4E324180
vppjsi9pg61uoq2is296g8l8s4,025558F705891B60FF74955144066FE2
ggua66td7umb5s8i7ae95nk124,077A16A30A001475B40C5D3B52A39962
hr5nm7n7mi4rdvlfgooeng02i0,039C22A05B552992C3EDF652C6ABA52E
ivh54qcfnh8i4cblnhgldfa6f,0AD0DF25D0C53891AFFAD4C48AB03FBC
9ik6km3c8l223gjdhqotu5ccaq,08ADC474D003ED96152540A37EB94F76
eb3qebqna1k9m51vdlnjsp1ps7,09847FCA603C1E5AFA7BF48F437E7EB9
tb1ljtqpoa6ttqb86nfib3vq50,09A202CF27B6E749023FB963A4389711
7k4rqb0bbpblk0qtecmbeuksgo,08AECF3B0309A05CFEB679A739B2B631
gufg986mn8knmdl9k9trm6v4hi,0DDB17DF25289A61F36C05DB5F0EF4DC
ctr25dd15k49b44vbpm8nni77j,01440AA6348EC84EADE8457C98467BB0
q558plq31h8d3o9u1hlv5k1r03,042446325C7AEA7A0F64E1D22D25E36F
44pff87nkcl8lk1225snma76c7,032BCC16F36744724AE6B5F486342D2E
avidsg4i4a3golnpar14lrkf86,0DD9C3950C2B1259365AA0F0DBB3FC3B
be4pak13h0kc2t910d4bdogume,007FE614B34BDD9F38DE9EB6CCF4926C
4g0gii6nk73mppcaqd55tq9ocr,0C70372EA4562BB3C8EE2519B7327550
mgo0oknimfn8b7lterjm2j2efe,0D85F000F259E1027C143022D89033BE
7amt29d3aunps6k0967a259ed5,0B87F3AF1AA57A09743EE92C58271F58
2l3ju1ul6s8psb47opbevrn1jn,0E83F2612407C9435E3805079DAC3351
43ul0temb3ic1d97jin6iaa8m6,0AC5F5CB6A1C2EDB15CFEF111A11B6E6
kjtkn6d44kanf24s9777p1v3b9,0F5843F0C570808F6A4E62482295F305
fplbjakib2j1f7ufhecobrat8k,061EA33192D50760B8FF4084CC7CA094
eohl55n0mpt7v5l479ekco1k17,029918A84D352F1F62673E536B5F2FCB
nge3e9g62u6f56u79o63qq8hfj,018DC2F3477DE33D417DF39264EC782C
pk9e7r1enrio0k67rjetp0vav2,005A209489807EAF78C8D7A8C5D76385
aca3t783qilp9rbggjsbgc7n6t,091A7996A93911B763E1CAE27C7A4286
do2qcip2aogekc30942pephr66,0B3DFD308FF34CB5164B5D55129CEA32
v0n2qv3sopl4gtp6cl21tnjjm3,00CB873426DECF865FB383ED0EEDF71F
g6lrqmsl30n4kubmjsqsp5ljb1,0652E6B1F4A469915EBFD674A05A221F
5f6mol99igqgvaaln7a4bdd7dg,03F125CCDFBFB0BF809518941BDE39D0
l00m8gfh3e6hubg35ut08f8pbc,00B958B817F80BD1439430A8242808F0
45vica2cf9akfonoplmarip7vj,03E7E6DD2303BFCEE4B3C9CE7FB92A91
mqvn1g6al67k19nqa0qn542epg,0DFC066E3A1684074EBB4E425CE30B61
4kca0ehsadg5hh34h5i7ra3qk8,01417F4D30263F6F7D15466F76DA9819
1i9a9fd7ulgkd2bj508bv2s8mu,0E26F4FCA164EE5C0A1AEB91A30A4AF4
qctbi7faug9dfba9qtts6l2ei9,006425E09869680ED0B5144CB274181B
b49d9kmhcoc4m45jrj1dbhci9q,071988D58CB54E7166CDE28C1C9C83F3
n32u6rfb2v6ltl6eb9hksmh1bv,03D74199E73EE990ECB78274E70F6362
ngrplvij5mp773tnaufplp03g9,023D77BCE3C8BE9B348DDC2F8D941A61
bbfcqhs1v746qglehp49efvasg,082834AE4821D799BC3EB0A0CC3F8D72
5e544pn3kll4md015d4h8ikfur,0AE2AAD211B96CAAB80704165842BBC9
e941iita0clf8fqv9p2lgrgegt,0BADD559207394BC4AA219536214E258
uickep55ml77qmvtk1noadkelq,05C62AC6749BC7A1597F52D645913E25
351inh2jrr7rtgmrui4gathmrg,00F3D48513BFA5CCB0325B44A00A2BB5
q65hdmhsp2k5sr53s5geak8t7v,07020B4303C5CD7A572C3EA87D961152
fihmuqtger615pshnvv56p9m1v,001442510F7893F0431506B6BC626546
nndq4lbhbci4ki1s6nanj4uekd,0C3D4CE308AA69F3F2A1C030ECCE1E74
3hiu0dmpn1ed9ipse1g7i00cm4,0C658FED7B4A3B7C3EAE5E2746E8016E
tndm1aib6at5ffrcblvq02f9ba,0B980A33E6C3A212470938975C44224A
5lk3enshmpr8ih45e9cca0o37o,070FB4DA6525BC15140081C0D60E6900
nvki8p2oftgmak3pplaqqgk8is,0D51A9477BF3774EEF2313618399166D
f55ap2hdq1vfu63t0fhm358373,0AB1DF9A259AAAC0C2E5CC775C6AE657
130gf5n27m03up8vt38aae4e0a,0DC91046D6E08F83CD272631459F26E7
7fj0lhsrhv4g55gmppbnpccip,0126306D6A45F6670ACE4263AA9D2B27
obiokflgunue5lqdbbqi1q8lsh,0F6A699AAF2C64004AB19EE9C0B6419F
2i4hbofnhj1dkkh8kreuk3b7oi,0323E359E7F232354C475E2A22C127CB
c52al4eu948b911sk85lgqrq7q,0601CB860F9E0ED513619247139963E2
lqdlq68rt9ub8efp9dgd214msl,0D39B8676772C73AF78FEAFF9D14D2C3
2uodpretl4hovdb0uj0unogpaj,0F31080110E7A1ECE264C36DFB953C08
g8m4rpogklbj1cjosv333iok7n,049AB05DFF3BB0631D5C2E8B4B660EB9
irkh76mgcrte78ti7fgub554k3,0021515D68E509B9B69C22608E67373E
t4ilke4nmo2sq66vk0o02cj8q7,0FE79F8D267732F94B7F20AEAC144541
a5lnubma4iuc0pajiip3cop1d1,0DEE6CC37157D4AAE04687077E53A183
gaamf9bsm9m933vd65qaom6mek,0E83E28C3513ACEA429964E31E1C9214
mgt19mt44p640ah7blvbn4lar,04177C5DEF12615B1C2EEDB5C4EC27A7
fkluteid65ngs6sn70sjdute6k,0BFBFACA0837306A3A763D22562EC0CC
iob4b4nnpn7p3dqs73pa94qso1,02DDB70A205DBA16E53617D116AE7D76
h5d5rdj6b571fl2ug6ahii1667,0D6737205D134EE56D7290512588327B
420od2jq8k6nggmim79evnbtni,05EE3ED5A7CA4BE3BF7F85299572991C
k76dcfnckoiceia7i37v8s43j0,08A59D5CC8A44E3B0F6B76821C885093
l2ahlrgsn4g8jae85gqknv7lng,0C53B2470A63AAC81F42D17596FA6F53
4i0m1fs326ra5940svudg85o7,00C9A5F07B780B6DDD4EE08EDA2E21BC
v68p4t1n3d79ts77n0hieg82lk,013C0D57F9C77DB150AB9CF9FB28A378
doi9cub9dbv1kav0qcasc8b0a5,0D891ABC3EE95E945C2DFDAA7FFCA3DA
s0sro508ab9qltds133sj5t3f5,0DC5CC698E2E08722108306ABF72F77B
ljkbqh0hshs68sk3p6d5ktpdp2,08CBD6316E16B7A3F56830A0DDC34BF9
q1gt016b31undef5fj7derogmk,0550D9FA8F01CE28108BAFBB4F4A394A
7qfhfmhh3t91qctcnbabh6a2h4,015CF51F86694C7CD1BA0B3ABA8BB4B6
i6nfdjb69d806o34dkmsr74jh3,060C9A7864842A92252DACE874E96589
osb5aifq9nfrp426dkcrp4ghar,07009ECA937EA40A2D281BC19C40693A
qj4g03q607i1ob3voqnl6sa039,0D2C668494DB5AF082C2FFD3B3066969
g94qttn0l3e2sssaka87fvue37,0AE3A3FD47F3ABC06A980ED111D13F53
a1q02805ok1crl3ieacebe7kbl,095C44E70B5DC3FBBD6513CD2F72E330
ogp8slautjrit73gddeauptol,00218BBABFE67BC970D51F04C2686D66
ip09sdq7c7t9bafkn2c79vhbta,0D0C897588494BA5F3A9049A8928DD53
ek9d1d1vv743b6op1vqepvqhsv,073FDEB1916469D7E612E288DABB6869
tncgoufistt277rk7l23fagoqv,06C5398DAE4BEB2B6C2DE2B381978653
g07cnle5ppg0a4l41ra1mr7oq9,0EB5D82E60B98DFC3A08058482976B71
nij8j50kp9kqloknqi12jovjkr,0B2FCD812305CC2E0317090ABCE6FCA5
81prunl4kpcsf78qhnr1jdh07p,0BC8C717C5C5B67A2F7A8C223AE9D8FC
8gem1db74rjbltr1a98ll09ov8,0BBDD4ED62012F7D1F70D85251480A63
ba303pktb5k78ndni7pporgeru,0C341AE0F0F8642484CBDC80B21CCDA2
26oi42d5i3fq3jtb2gfdjlgm0s,08D7F05E090B92AD8CA1431779F298DC
8mdi70ju1o91m26emcvdhpv96o,0EAF3841C8860E40329AC3DF20535B73
48d1mg7gtt7p84ocuf6p971bpa,014EB66AA718740C52D301C9FE45F891
pmmctq8cpicmr9d1t9lun21q1k,08F57C928D90F465A81B97E627EDB7A6
kfafvpj8r720agkn7rbhnarli0,0E6B9C35EA28B6C8D213935CF3ACEC78
l791a30rgqu80e08pfpq8tnapu,0C66CB7E1DC0E91F6135B213C9D169E3
pl8d83l2hh6qv5odf5vat4plc9,05F8E9B377C21690B4036C1935AA829E
goi7o0seel0bcq34kv3rdptulj,0694BB0513B959FD6CD70B69CCD0FC48
utgt11b9rnaojuvbvecva592rb,09C8B776A973A4AD963BCECB4C05A5AC
lffqgitgbq1mm93m55ld0r8as,0C9E555ADFAFD98E9935D3886BDA92A8
cea3a9cpb2oudp480j5av7iqcv,034D3145D463EBF876C712BC5F10E38A
scoef1q701can80qc0c4j7egla,0E5697E733CCAEFA1785240277E9AE40
2edtst0aknlehdjs8b9f9l5vit,07CE9183A954EAF449CAA81224D52FE5
36ol5lvajfbk065r1sp0gnunfe,0C791D2CC623D205FF3C78B5253146F6
ckqmptiibt427nllcel2044t4s,09FED28E7B23C110EF2279948D4880A7
3tjvrgrova7huh48fflvdntkte,0084DBBD83105762576EE1C3626F4A7B
seulms3i5ukshfib5at2fol5g9,0AC1FDF4DE2085A853605435B77310BF
75tupa2lhu8j4eqml3t1do1hlv,013E517E6BE72AF3A96D49E1EC4A33F5
gacf7no3leh51bks9fq9gb6uhq,080C3318EFAB913BF992A575D3A7CC2B
321qbdbk1vbcn860h0ed6a4n88,029BBA080217C822C5AA62BEEE77429E
23p2obk3jqvi90ivqedeu0l694,021F7A44FD94262650541CE9667DFE82
itvto59gopj8hh0k272nubiim3,03EDFE834C48CDD876E58F78EB5841B0
u27k1qbt74hd8ura5p59hhi3k0,0BBFC481F67894DB8780B7DC83B4FE98
9vpitvfi1dffidk5jg092lfns1,0C08943A27A0C2ADF94B32C3FAF0E3A7
teek1lt6u03va2coeiird5ltfo,0F31486651FEDE617DD88F172CB1527B
fqm3iqjabc1c9ic6k59vm3m9e7,00B0ECF48682A4FB414581C959FB9153
41n7gt7m5i1hov63h45hvmfg3d,036FEB1A469D6B7413FBE277DFD15E65
t1lvitblhhm3mieh16ani6g8fa,041EE240B48264F23AE9E31D462F57B5
a8ljgbbdsl3qc22ueaunj3osfu,09577B13F1C67138A1569DC99DF42686
dmj0eqkdld1g2fan8hqvcl8r5p,002C3865C50274B66A41C23C72417B92
qjg46u9t6237og2qoclr8shrdb,082F0E9D67509D5CDD256D4BAAC9878A
h910gl95lnrufb4ctjurdh121n,055509DDBDD199C7F868BA4056D7DD52
jdqe8pt8g3dq1kan94eu6kku66,0AA75C561FABC602C78604F4ADBD2D88
q569a548d12gq3g6vbv15ttsuv,0108C8D3AA51D74E7D44536DCC439E2D
kmmelk0ir79kidhn095g7op0b1,061BB17B23BCADE22761280C9F7443E1
o7sq6d3csbsv0tcavl0ogcsqgu,04DD5D50F275E6EB557921A1F1EBBAFF
j2a6e7j10ffth11trqp6prg4hg,080501C9CC934537BD3FAFCCD612DC98
3tfvdbms4ug2726vk6faj3t47r,0C384F821714B07F18DD9250D0B8C31F
g8m5rj07m6mpsgmrdd0s3av5p3,0A655AC58631EE4848B33D4F38543AED
6i3msfqi5ki3m461s8r9a74oe4,0F59FA903C141A1BB28C580DD43BA61B
7r6mhee5ek5u84nrsu5nof005t,03D31351D305223E7C99308169048807
492op6cb1ledge3uq8ljjlj7ss,064A4EA3CB43988BDFAE62D6F18E6D51
erpaal4qks63pk8ocv16juke70,0F1A5C18A2066858946431F245714E0F
2c8rlghjiiotdic8ctighirm04,0C9A6D2F11103C7FB1431ADA583A423B
p2ekc1up7sgeg9d07hvpgeki91,018874BEA96A9019D6E076F054A2F790
h8m548icugafk1faqkv6adnrh6,01922D03792CC843CF4BCF583FBD190C
d1rps4pulhmhq9r6ml8fhu8bhj,0E54941DA5A3D56D70B0D2B902C773C2
uiojhr4luj51tqunhv6eu0ppfc,07EB06AA79D8009A8E69B22AC572956D
jgb3p9174d33ile0e13obqh4q7,0CE0DB47D7DD79A77F2E21AF444C197F
c6749m5m7jkuaq3i4ull7ph28g,0E8D56D5EEBDD39D2E0FE465674EDD36
eqqiauuda5d3ikeao142uoj7oh,0C48E4F45F115BA155413690F95CAA7F
oc116u23anvkr34otnfkc60iii,0D62D16CD574768F32ABD30E0311B3D5
i8ev9sd5tgoqci3d0rj4njf8e9,0217F7770268953EAE5B84E9BC590EBD
tl2net3it1dc9pl0jmeqi4r4l7,0FEE630ACD4ABD7AF6864FED5E0F05EE
htvbfh9jhoag0ji05nentilpbv,0FB50E56FFCA05BDEE0A8009A82BD5BA
on5i4rblht1g5dt4t6jh4bl38l,0106BC6BB957F51EB472CCD30882E0B7
rl3co9gqaie1aqr02469o6kr0j,061D3387C29546CFC79E27483E983477
v843d5s8ltdafa021k28v229gr,08AEF9DA62D43FF0E5BC6C67691F3423
68hglqi5o2b5c58h4gqiuqup75,0CA1F00FDB5206CC130937CECB2807B0
i4836ofsc456n6lpdg7m6oltqn,0EF002C1C3BF10C945A87AC47F33B5FA
attcvqnvpmcgd3h7nubht13g8e,0FF027B5B6AE17CF890B49989DAB6CC0
qjdbq3eg3g3n0sdii8iv1c73b1,0FDC7D749FCAD59293F8A236D1366DEF
n9f68v7q7e0ipmeo7l0plr40km,03651C08E173509D45FFDF22FB6E4AED
f677i40l8of2s9ce4d705hl3n,0D3CE57CC996669BEF2948D62CD5D2BF
c7j21ua6dastchfvr99i4jiib0,09D364FFC58FD0E3A7B97EE0FF312AAB
59ahc22dgj0ri4hu5pef7absvs,00FF13337CBDC8A445CD520854C7B452
8dsv3vho8g94fstdlcg0787kaa,0EF8C09D3B6AA86FB5695F7BF91DFDFA
oc6h0f2kmv31l7793bag2074i9,0A4B2E863287709A11C4517F15E23201
v1o4rgrufhbeq0v0uh722op44p,05A87262BF880FCD9AE43015E71F8919
ahl1ukic3bctblcdimdog21pj,070A7A1C5371A661C0275C9CE4D848ED
djdno773d0ngb1o52brprvkh5u,075DB9408AF03CDA0A170CF6243A9E59
j1bob8a3mu25ibm9kth6utfmpn,0EBDD1D5C6A63439EA5D6DA412E55E65
v5jn7fjsp6cue55icl7n38hkro,0B50224137DE0F222144839840698A45
79q52s6q3k2gbnbof4h9urgsg1,0F338D2C77A89C60BA33B6E7B0411613
ra4prbb5i5lui0v1gi18fmabnn,0E150012240A9BF7CD097F285FE570FE
nu0qbtq5fsmkj7qdg8fa2ieh1q,05B9CECB9831D0CA00E6029931D2CC2C
jkqp5ccfboupuh3f9450j6e2jf,03645A4778A0800531946DDE3DDD5B91
caut16re2ouck9nrvmnhrqjm96,0337EE12AC625B2B258B76D383F8B6A1
42v642jc987ul160sd8l6cl6hb,0426DA6111553B31C1B239DC07676956
t1c9vv6561mj60v21g9b3rmt6a,079C9D0D1713B29EE41293D9AB20712C
d3usp2bil51m8tfui0nu75o8t8,04D24276B9AA2EF3EADA137C7A31031A
dr54fhjq4n9u8h3k1qtuo0ij5k,06FCB3A7B6617FB5C8E01FEF585FBBE6
cf7vgrbhij7ko2kp98uqgssk1b,07009253FB605F6D96AFB5362FC86977
9tsgb0q8ushq76mpn9illhecrq,06965F275F317745E52EEBBEBE58494A
9flo2lrrji6rgqptgfb7aoneqo,0901F862AAB283FCDF6E20342C5B5AF9
bdephuadhslkm94o8ub40mpovp,0B52C86EF5C1FE653C2A01F24E403A96
gg9a80n24l7hr2hrhn4521up6m,08249167F748BC2D4574824A30D72531
j3rih555l8llr66gntee3oqbvo,044B14CDCB13D4F2EBC839D59829F85E
2rma7a87v0vq255j4c6vsbutjg,0826B9EF89777E96FD6747DD64EE3C7A
6ssnj84noqcn9j9v0drl1fb6ft,05D2BDFE8AE5DB9A4412F4CB9C056691
c6ttpha4hj9lcgi7a4kur70qtd,0FDCC248CCDF688FB6FC2291CE2C76EC
p1ip57s95jpjb901ptdpmql5se,0961EC2C8576A68714E466DC7CC2DA17
m3unav0tsi95j8cbj45jn508ku,08893A529AC9320134A8DF2E6453BE6C
4flb4lj9o1ihis182b50etk2vg,078DD2C873349F57491785027722489B
bqvif9l0ligodlhgcipqb7njoa,0E984E630AA2A4CC850A1022F746CB98
70er5e9hno30itih38t7e1t3ht,0FCEE3109E71134E3263C0ED51A5938E
fhnfkfkvis5lrqoqasifq070mh,0F562E6820928D88635330642A7530D9
vuaaecfcrqel84mmcq6ri1d56m,05E51A9FDC5121C43D12D06FB206266C
6iqjavk623o9gqr7epj2viakld,04F83493892716E1877A22BA148B3BAA
lvvbp8308gi30b10v79srlqtaj,0EFE3C074190EAD66608D737D1D32662
1huber3c7i58m5eptir7rpulrq,0333B4B71E72E7FEFC56269CB1476DAF
fedcrufpkvfqqi0ea56bikkq1t,0FDBE30B89763997F7E5D2A51BB7DA3E
1f9kl5qu1sce6bolqhbo7jm464,0CC5A35849BBFB07705482C0B1CE0F0B
jq32u1daduok66ukirl1i6jhj3,06F00E448C51071400FD3A98C98897C6
ukjea1lngeg07487gl0e279ncm,09002F0D8BFCBB4E0D7AD17CF9C4D6C6
i7t23k1ev2ki8epgmrckeo3hb5,07F843684C6D779E55555AF8A7ADD522
44ss17d2cdu6tsibev8jn9ejcl,0DC7BEFDB1CA7FC2C22155CF18D16459
sq1jbv2jo8kme0n6c02ru278d0,0DD5993166BD39EC1254ADCBA0DBE66E
8bfo9v9sp4llksrocin1fctt0b,0B92B368FA8EBDB2B32A679D7D079C03
pabgu5hf61oi95eaeqh0uc9uns,041CE6AD5714DD303286F23F7ADEB0B0
q4b9m31h87lle7lu13e7mr0mn,07F3322D3A39819D8D78C9F2AB959521
gak5r0uenqkee4gr51el1tqrvh,0552218E58F4329CC1A4C1F471E22E8D
a01i8bbon2e8e49jk4nmvd4o0h,0FC81DF0C08FE30DC6F4A168E220771A
kgthd0s03tu123f2u3uvdh80v8,0D66D2BDFF4677F94A30D47DA9B0C7ED
tqrbrdea39717i13ib3e4r2sa4,04A9C75770AB8BFCE795CF31998EF3C0
jtfvbe5tpbvdu2c0hrdcsldf5n,066D24A1BDEF964EAD29996D621D0C1C
hjiq3e2bn3aqlogbv85fjaf1in,0923789064B58BF13966CC1417CCE192
qvjm3mnltshks60787q11rs1lo,0C479D1D82E78934C80EEA1EC11E27A5
m07tu0tu10ankthp1iac310qab,04D3A348BFECB987D5FE5A2C2A89E1CC
r2c4mrj12bhkum02q6sm1setl,0C625B44B657DA986173BFA4C2A1B80D
c8nla9aj279l33tjgdpemgjuht,0583CE0363CB5E86245BCD56A0C0B1D8
pn35hiddp4s860ldgjl3tq6gu2,0F0C153D140E6E250CF9345376FBF62C
1bv6p75frmsuu7qj10ke0v9ij0,05DD5BC76A97F07E06BA30233A841B0F
slpfq4aa2mi74mac05109n3ke,0FCFE049B10C926CBA83B775BB5BDE27
2j8tvgbhq46ee1t612fcrd5f54,0BE23EC443B1AB6725BD585097B997E7
2rhq741gvos2d7jdc2qoaqdg1m,04C28EA989BDDA19AF648AD10DF6FE0C
2f8rlbkep84dus5cvhmcou80ab,01BA6230462ECF296E90F54F8B6E3EE5
cl4c7v1acib9fos38u8ch5nqnn,04663CB1554C0D8F95331FC1DECC9F29
83rvr9r2u76dov6h895tl9u544,0EE96AC3CB72D7F06EDB03CF573163DA
q0vg02ht9bsq8m1m5164v3cd2u,0E61D37E52C1AD059FE510CE209F01CE
bilifdueo11dg3d8eu8tl4qja5,0B7C26EB9C4CDDC85BAA48C0AC73ECCF
fsu0bgis2rvkqa6tj7scqvbrrm,0645F8AC51F6A3520FB5AFB3A68AB0A8
jbsvs2mdnjgfi8fup8jjmt4krm,01987030534A0349DD979BABBCE50B6E
bdehhih7bslg2lu3rc6tb3agm0,09219B19F6EF30004BF83C529819E434
lm3lam20altqrae1cku4a24d65,03EE45AC4F05215B1A724EB100AD538B
6smljdt4j2aj3n9rgm6j51bhlt,012C5E43925F5DFB4227A42E8A730E29
bdd4i7gj8epvt5ij6p1pvqh7bd,0F4425C4E4ABA4642B6E9CD39BB555B5
2oqu5fibdhdl04uov8k5bk041n,0C135C9AC5B63AE040EDF403F766F36C
eiua14r898ohukg4ttu2tc9khs,0B8E1910569B4BA6821DDE461CF15690
s8fu8291qdc20g7ecjdnhak4kc,0CDA13BD55DE09358256BEC40B7B92AB
7f2audflruiv9t9t4t5o9t7hb,0C4110BA68C214C4DB5A8C91EEA895AC
ub1m7kq3rfu4ik5tmrklqf895h,0FD97EB065D7CCFBB7415EDCBCEFF231
8121qbhprnp0rq450akuak866f,0B54A09467D3E75606DA58822C4B6033
mlp49tpdbsr97elcu21t4qeu40,0EC09026BC6C8FA805A121163CDE7A5B
gf74lc4cuidjjrvl74t65j2j7o,08C800F98AFE7AC3812D1002CE1360BC
c40obk0ghmcdtpuv4jtap7acoe,0C81C300165E38378E1A4017E0459581
6tn41844l8sluaatgcq5s7rt0n,0C8AFE5ABDE112451678C46E2ACFB5CB
9p8emn8cmbqm9jp9mq62td2v6n,07E7B08747A5CE3C83BD00F52B91D27E
jts1tghpudtc4d0o0ifdmerdql,0F20203D92EEE997A5B9BA80D3D062DB
sjh1lv8cv5egfkbm2bgptqcj8a,04B653D9019BD72AAE4C0480ED24D2C3
meo1k1kqebfco1hi9gtpj6uusa,05B24652587C47927B439B5378581B05
gr76k93gl98pfsa1f1uvp6cvv8,0ED097658297EA6F5847E82D521518E3
ob5onmlpnp5r7jatkqg7rmuee0,039A68DBB9C5836CB0CEB9E683A19B30
u294ht0bf1v1essucq6l5vtf7r,0A4229DB3E3521D92735718DC5DCA215
liauoi8hb91qrh286n58hlqqm0,023E092DAD2519875D2237A9474C9FF1
kcsh0909o0pd2ecrd2na61lm18,0CEE102CF0293A938B2502D11FB7A418
gq9s5osg2sj133265ib8nst935,04AAA3C73E047493D9A6F1F98E8E1A7B
vaf7smsqggajsk6s429s86eufq,004CD3A4E60BB34E082BF7369D22FD04
if6unv1l2v70tou4muvmo023cp,0E47F51E91D662873AD4CCC7B46978F5
p0h12j5ja6ahr634t7k8vklji9,082E845C69C81B7C80E327C687261260
l58ku2imtp3uur9jpgc9gfue40,0E43AB4FDDC24465A1F8FC512E7BA2CD
o4gqnce2mancv7q0bk2fv1gj43,04BBE742F259B5AE930797F384D9A687
nr7bge0jvifqrt23ov43ktrjlg,034FDACFEF2CD60DDDFC8E6CA07219F9
nqf9l0im8op7n51u8v3i4822f1,08DD6B9B379F8ED288FD0FAB74B2F203
3hb884fd7gp1nj2vc6dhtktpp3,0C59B1B74C88CF45CADBB22461A4BD94
dngo5m93hhoa3cuh0m5mnblvlk,054AA02A4C1A1069BD2B6D5CB53F3458
40vn8fjs06u5dr842lh2evrfab,032BC2D741CEEF485EF13FBDA7527DF8
f059ovoce8nf91ho8eol08u1au,032EBD7223352259AA048F27AB4F0D22
speraad8pmi0dpohif9tr3uvtl,0CB4FFBA94F51F51D8670DE33BBDC5B1
m7iprkcphubpav9pijdp5vpq5t,029D6291469C55A4BC059415B5B7AA6B
km01mbgglcrjbkpoe9lb2dp20h,04754EE4BE0225987483A53ECA9E8B32
mrsir1c6ebqtnalemvcit6tv1q,02DC96595D2F5D5A35BCCE07BD1696CA
6rkgaot7mjrgnf8ob5452jo7f6,0A5214085B84CD24D8A5B73E843160DE
di6g94or3fqpq3t126vocp1nim,0B5B74F52E43774FF438B6970CE6D82F
tc36nh8jmrmpb3nccuaefpeqeb,0AB1B322405E4A51C6F1BDB69E2AE4F6
e8smdahqtmg24e3uvj90aagfcq,0730DAE2203C2B6664262436EEEF44AD
ddtdaglalo8dh0n8ulg4trrh2s,05F39D9B03D5C00E90C66D56569F22D1
nh9aolhaq6j9turg7ihrtde411,02F96C93AE1AE1FF1F4873AE5D5329F7
scqhtfp5s721mi93on0727tjk1,024340CAD28171E6ABFCC3602B6E0938
2jllpfer1am2j1ufvqa7ltrel3,0E636B27D0F0EC1C1B9BB124BED57411
b2ktjvfmdbm9v03il9153jpgqd,053ABEF7D866CBC757872F433F7646D3
v2in83i11grtethe43dc7dvhpe,0AB28FCF899E2926E2739A7660D7830E
vfq1ut20e0e2fauolc8ucfl1om,0FF8353EA5617D4EA00663324430FB6F
fvr0amd4vpvvt6csljub0vjglt,0308CC0C0BB19240A09A712657E3CEC4
9spa16vo79gj55qu3c1qmpna25,0332F0C94EA2F8754166BE488917DFC6
ksuvsj4f5r8r7rmuh7srt5p5e7,0260221A96A20636262252E6478A08DA
