Key,Hash
6tfqcfvm3rg674d70ljjrcff3i,579BA1932955378F461D45B22D348F33
p5kttj5mdfu547mmvqe5ho5fgi,54384A839B7453135C2AD494A49D256E
1phua99833gog92mtm7fobq09t,5859CC052C93D86A6CF0CC8C8A4066E9
6e6o7fjvp20ihaobudgrv30pj3,57AF0F18813DCE35146EFC133E206018
rhbe2ve3btu5u24kr3sjffn48e,551101D9B3695F994C209DB6CDEEB100
nir81111eifavar9m1fn3e5dm1,590301171AF6E498E40230D0328AF4C8
qsep9tpvdefuhfma2kmf4hen51,5EE4F5C3BED6017350EEC12C92B9268D
5m6htc8pf5dah56b3sn6jo0d7g,5B9BC037B49A4E5C8EF31E83AED6E53A
ucrlf2p2fbvb99kcpcof1bpl9q,56306719C91C4B25040293DDB6E8589F
a4uud0nhs67sqofek5p37kp78p,508A78FC9234FDC3B548B0FD6A66DABB
73ut6i7i5knjjjjfd7gj1fbfgt,5866DFB9DDCA27CFA2C3BBC54F3AC1AF
fbd6nd8fpl68ipkc87824vs7vp,5D4C1D3EE3DF73C06868642604DE6497
28sa5t47k66o7po0tbleuu6bfh,592875AC5A7424CE7C15D0D627CFE199
go062dg46jkumjpljrcabnm5ea,51A937BDDC2989A0C4CED2013699A8EF
69ja9o9fdopei7lc8uvm401l74,517AF0101858960CCA4A9ECEF65CC6A7
b147jjhd15bnjrrlfunq8d3rhe,5C1BEC57D075529B1E9139E74983B6DD
2eabtskhbq5p2juenp91rku973,50A3455F0FF0772922D08CC086CF758C
dh2ar4kbvu89mvsr58286ntbei,56148BC1294EDFFD5B51FB52C4D23728
9e6cu1ni5p9523cnq39n8j5r51,5B2640432C5E6F0ABA9D3CA8ED60EF5A
leqm84ft7tmkld4b0b21bk9akr,57D0491BA8FF68C2CFF1F57755B8EAC7
q41csj7lo4sgq6d26a5bidbvgj,540EA56F80FE25B870BFE28592F374C5
svon0etsuakj2s6fg4ku9v1ae1,5DFABEC7B6A013C1276F597A6EF7CBDE
3affbc97428ntt0t8qd4lnkvs3,53388856A5D6456B42ACBAE085992F54
d9ob8smri1c53nlra8ajksd53q,57493AEA57DCAF4E4A82B2E1622B91DA
bo3c8arhhp88n9p6l6vemalqe4,54C40E2EDBEB666BC092415718E8528D
9fc2iotmf58cn7e1asje30v9f0,52A7A20FD510FCE8A05AD4E3FE6EA4E8
9lvmrg9ncodkpbosn9l6jjbmec,59DAA2DDBEC2687D8C9EC6CAE4A2D294
8oucloo0b10mhn8ondcuaf413s,540B18FB632BEE1F80C47F5369E49893
oqqjqu64oqg4ce3m0opaag3as,53D0C669BB35FC1B2B9DF1B574A13E25
vl0e8lreg75t0euiv2663cil18,5D4506962E849FAF24858AD193ED0C37
8r06mt992a0lbc3v4br7ck29tq,5A64C8F1D1BBBEEA5D836965DFD77776
abcp4j8ch0f6918caokdih5t8s,57278E815C599C0E47F088A7A334B45D
b7rg713eqoa65rd9ikrfqo8u0p,5C0B1C91483CFD126B804DE0050DEF62
u09cdmacjtctl2heklkl4ke8oi,5046D4060BD036D872DA08A252952569
8oa8gn8kkakru7rvpo0rroi00k,541713CA2F598BC80D498E58C0094D1E
27hqn4g1883chue6pp7nf452nf,5E99A703D232850A54D5DD68F71B4C2A
n472qn12cpvm8n78k30pda2i0q,5F26AEC9440F9755965501ECE3A2C4AB
7ddd82emhds47le18l0ecm8url,5CE20A8411E85A39FEADD80D842440FB
ifhe9fodubb5ue092o69td1np9,51B78C5BBB1DC0CFE4F823AB13163B9E
a47d4jvv1smbn299lf3o42to3v,5978A7D9A6977C1757B35F7AC88551AF
tn977dqvgnnldibesq4o1daov6,57393D9F995C901535C66508E63B5D61
v348d2olofncjh0agrs8dnfo99,5081442F26F31F54B7CAB5AB12517CCB
85ifbal8inanmktksli518g29e,55C2A59E6912CC4EAD13295F4EAFF5A0
p6e24udgnq983fl0rmqvc04an1,5B6F18F09DF75D1A8D5669D4D0281C4F
j2p63st0v8bej3i8jije42rckk,5BAD0742198B8BC1B1A434CD9F01D33C
hcobsmh8su9jq9l3febqv2nrhq,5FBD4AB8E62994A5FCC0CAA737C3EC0E
8c0sqq1ea1a6rah09u49aq8mao,565A0091F9457E0F7747F2BD6DF911F8
ghh3u90vt9s3oto2ddg630sq8j,587F4D0B08858E0F0DDA69B118B992CD
caivquuatdefm4sj9jknn5007q,528DA94BAF69D38336003E2B8C9753A1
3ssgt2jt9fkau0vhmv65c2m1a5,5DF57CBC5F7E3B35F657722529AED489
3u2jrs9das586ojmnkn4nqt1kn,52829E7BC95211AB4DF354352B244824
p1r5sl3j85cnu3oidn6vkc8pfl,53D58E40E3C34B83E74AB03EE08F1D74
7potteca9ncelrii7g39vf91d3,578B038D79CEC62CC383B0B2EF93C878
v7enad5m50qm62sq13k48a84f2,548802DB6C3B1FFE67168DBED8D7C1ED
u9v3222vrvliumfmoe4kg8t0tn,50B842DE179E8CFD10BEB3E33E098EDE
stuh0jrs45a7f7uq5iv5klibsv,558F7FF29F7F6B73837C80BEB7570316
jg5luquqmgqp08u1alh401dld3,52178F3F9FA26BFE58288833F2B7887A
60sui5lsoe4pg7j7ie98aahkf1,596EB1C85114653F50B9C0955BD45CB8
q2qbgg00qk5cos83au3l3ciq5e,538F3355288632C55058A1E83E983579
cj2m009auqb3niumarrmcihfo4,59C721F8158A7F71512C89A11E59E989
u7q0fpaalar0iisbf3shs43fvu,5D489EDC54B760B23C883C413A1A0251
svi3693ukk9jvpsb5kt2cg0joq,589F1160754F39BE166D07152053C40D
5vbbigdokhh5aojv79hvupvkql,5DFB1145D0A7E6907578F9B3E292DDFC
k94cvgcvi2ib164iqrghg943af,5E99608205A3E4DC93C2BE1DF18B84FB
t3o1vvr3li2f9c80l37t2fki0n,52E060B577661742E90975EE53B937DD
1i9shtn8j1go5qnojae5dv270h,50677CAAAA8D6DD4E98E6E21D327DB88
uv50dsmqhoj84fudiq3v62bumv,5A02337986D43451843369DBA45B2F13
rerq6gsn3091ha75i026ee91l3,5EF2278C3BD1436F8471493AEC761EC2
cqeqevced3chm64525a0n5113r,5F734F992F40660EC399A1F15E9D753A
f28nbrpqdhk5sjujkidha6q9o3,59BD778D432CFDBD4B8C79C0E434A23E
ca80fkte08k1ado3ole1qs85v1,5D353B860F830B9B46A7B7ED7C371983
7tammihd6135u65scf9d6u6kb7,52B07493D5A54D4DF73404B1986A4F2D
2v4o0169n7jsbn2bvlmburv90r,55EC0FFBAAB39D1433BBFBF3263E90FC
559tbmqcbifuhrbacm250ongsm,595C0464BCCBDBF732E0B54B2FE2EFFD
5o6u1b7vivicrdlgh8qujeev13,57678C582E0A27E6C5FD9FDF6FD31FC7
acbcqas8thr151jrvdr6j1sta1,5718C4E800BE9BEDA381D54EB416F9AB
5aulnru3v2b7594pp79t67hmbr,5E379370937FB8C308444ACAFF238ABF
2dvmlm1v7rs4hui8qlbcro05ua,5DDF2ED3ED64B566E45244C4D7AEA2F2
o5ttmsdnjot0u3j7frjeoui98i,592FE0FC080851613280DADF537DA20D
h77tpuqmi83vtshm10vpk99viq,50570663CC5176EA853DFDEAD5760839
voegf26ejta7bfiv9ghck3h4rs,5B199871F63DD6BC500F931918D163F6
2hr9d9ddr1lhk7id5dm3ci42u6,560CF8EA8C1187DDF2D36C89CAEB21B1
4pq3pvd3histdhnti31fq84nvg,5A6222DCC391C4F31C1C6B6E843BB746
uhmdslt6glhldk9ok715hns4am,57D09BFE3D94A5D70B93D202BA3A7314
c9ohshr3fhrrjsnqu717fjr2g7,592BF2C4FF909A8CF53BEDDE274EE965
jc128ssros2ouviovodb0ukmro,5815C02F26E1413F993887540A273AE6
73n65k9909s56c7hbljpduhu94,5177D5D23C79AC361FBEC44FCA83D784
fugqq9i54ko0qajv7jlcmni3mu,54335DF718769A5FB34E2510DD743AA7
lpdm181lgg1tcf3u065acapmko,51A4A6BD7E763CBD91A140AF673C017F
7imgh03vclnnh15vfhr5j0ok9n,53DB6A156A6E9429819D6622FB41E39C
l6efc9cebeluajvprcua71gg5g,5AC8A39163960C74BE4836CDEE48BF49
jlmeqd5127dar404c3fah8f36c,5EEB0BD0C4A08274BE5721B8A2B181AB
ankbnk6cqn2v0t7193eq5gehmc,5FFD99D51E6A500007546C7B658153E7
16oc90luj58vsgdov25h1prlbe,5C3373432AF49700393923E8DB0CA4EC
3vpkt7fcc4suhmbps822jug6au,5F2488B13472ACF5B1D2C4FF265A2B09
rb953m53tusirh20fdv7id3ifg,55EDB704017794B5E619FAFEFCDC3A00
8hebj0dvfscvoi1s4l708a5a7c,5FB9AA0C62C990D366A573C31BDE397C
up5n1q16pknvcqai7rrd8repr1,5C1118182B91FA245561F21125F219FC
ru3pnv68a8htlk2f0kojm3jbl8,5A457E943F769880FB2CBCE1538430A3
qkpuhgv24po8llhc92ahjo8gd5,5164BFD1997169B84270F60388325424
oihumq2a830a9md8fr4pnovjen,5856469E659294EED1BE56180109C02D
6fjrv8b9g9npa4ftpf1tdd72il,5630F1797D0E5DF5FC444A396C2BFF14
f783k9o08r01t2kut0hc5o140u,511A1CD8E1D9F95534E663E2167AE206
rsg7m4gu3vj89hg6u0smn8bsga,52AC3EFF3B04AD3B1849A4E8E1258EC7
cgeffcoh1ro44sbfpe4v4aruoa,5F42812BFB03BC9D798D4A4946ED6F87
g76id0ds7d3dg6rkmhj67a9iqh,55942A443C5F8A633B06630CD8CFC4CE
k36dq30ugfrpt5rbidcpkc72t8,5318C6D68F882763B568ECA52E48E847
6vs858tiqms9ohjt5g1b9jklbh,59D37ACB3781F8DAD70751FD5DEB28A9
ig5pocc8kk2nvg1659e34dccnv,5A5363EA4A4698E3DC2AB0566ECC0D4D
1vvapc7jer6binumv5ih5c8l6n,57E61D443F5FE212723B35777CBE6582
co879ej59cqfng93k5a6ntillr,514474C2ABE01E2FB92DAB4C2D61CAAC
eravnbonsdjct5bgrr60jv3td4,542FA5A650B5160D51A6B3DF4094D5F2
3ckjo6jt6bg8km510bt3ukvlul,5E79E020DCBEED2458F042ECEE1CD2D2
502qj2e910h6nkdoublmgvu8lr,51431C19B4AB6588AE19ACF55DA22F2C
sb590opuuu8epr6dvv14d1gr7e,5CE5776EB969A088EE21261A5BFDBABE
e2hqpmofgiv8poae7sk05t9j7b,5ECDB79B5F0C04D09FC7F0B2B00ED030
k6h27e5434823ieddoqqfg3cub,559007B0EB2EA35A8C9D33A94EED52DA
e6amrf8euqcn0eo8asbknn93gm,5894D3F1DE55129ADD6537C6D85B3A89
5h603v251tj7pvhosqkjh3id5,51FD453FFA8314505FDD0035DBAC2F87
9ue602kf73k89nm3uasq0t3rc7,5870D18FF07E508C1F8E7F54FF934C63
jppvbmah20jemiqsl6ee9t9k5c,5A6AC860F9B0F31F5308E10392A4B795
vnfu3tbfcu56lalru199tcsumt,5437CB69857B77D51E7AC203DD26D072
9sojja4toee58fp73n98iadbf,54B6598E1531BF4E57E91E1379ABA1C5
1itqvejaslfipq2c15mnmdbekl,5392435E4D09CA001160A4A1E23DFF60
5nhj2d1fm0e3c86m9km18l5f73,5CE4A3F6E085CF2BC436D1D08AE6253E
bebiqk8dmm3a5rga66eis7j9jr,52873B49D4F3C89DE5312CFFA1E69B79
jljs0d6ffn21g257943l6lqmgc,596F27E32D5E8E583AD3FC07FF631408
1njho869ntg3aqtes74rkh7lim,5CED6872F01150F7E20BAB8460DCBC6D
i3h20od4ari40mffed4o1100mi,5B5DEA6D409C944C79EF663277782A74
3i3h6mbs36e42a4r2261f1lvgg,5750144B6377FC90E1A8BAAAA354D4A6
kj4fofgqviqptu60097cbebdvm,5DB2852FD79FA05A65DB2B69C5B7E8BD
io3k9bns24j8b17bp9ujm6ok,57A13D66B0E818779307CC534F464AD6
d90kup7stl9aldb2kugkcr8r0r,5300EC1DE796BDABD34E4B95540542B2
jsa0s6qj0fstl468ns18bthdpg,58CD10C2782E8F861FF90580974E3D7F
g07vhgqkfc60vmklsaq7jvf5k5,5C1896C778558079FF393CBAB4BF3A07
qpnfrevlutmj6euban8e2m4spf,50C74244CE96B55B6267F42D4D714380
mi66fsi5qek4mcii0mbghc65eo,57B14590105FC369F4C2227EC3BB3C64
op99upku41ae2vhnuhsqusk9nq,589D6A63B41CD7367AA6CBCD20597DF1
fpi1jdet2v6ghgc3n35b5g6j9m,52794DA3695904BAE8775141722A0667
qu7au4klrqtqdukpoltn547t55,56141D0C0828EEB8400376DCFB0E8B6C
l3mfihl744u8m67kaug9s9ijgf,55488686C1AE472361D8BBF909D393B5
tmk7vni4erjkpu5skf1vgnbgm1,56F8DB232A03434B663E9749549DC95E
qihuatgu3b86sdss99qn3i3gs3,51945CD821FF1D20D5D910937E8CAD52
70982br4ukcqj320ri9gsdd88g,51415BBE4FCF2096CDC2DEB70831B403
dkkdd5smkal6ajtl5od33mv69f,57C685ED1D9079DBE52C894CA5B6F4F7
u3gmgqrlb8c5vdhi1nag1q2und,52460B683201D67F0B0A2A8F87ADC4CF
dsddoidgodrvel8hhvdo662ot3,5685247399DBE12FFC44203C978AAEEC
7o7bgnotthd6s0am5fvsjegqtt,525AB6FC74ABB724A2029B71B2F94B27
sjv6v3nml17e7qlbdb2e2g40op,5F4A5B719EC80778F7DF17AE23FEE308
qforkr674qs2gviqg86dvnki3s,54D7A84A8485E5F81CD14369E17BD69F
q1vnio4r9f1drd7bj6va4t8fi6,5D01915C39ADAA7C799F304548C838FD
o67k9udel6qjoeti2a7k28geel,513D19BA7F64C5EDFC0A8A48A8541C0A
b6jitr3n9hk0sm3os820gmtsef,525B7ADBFB505F3BA2CB27795FBC5E04
nl3jcufqj1th2a6inmlo9k62fn,5A4088153BF3A01FB32ED81346CE6E34
5n5trftulkqf67oudj1tdvbdu0,5A6945C9618FF58F56C2E17BC8947C19
5nqbnfqfqg456fvaeasvtnl73g,5118967A81F95C949EBA3D761AA7D8AB
ugu3a95gismetlvi9me2265fl2,570F4DF4D6C9710DBC1267E644B5FC9C
t8vra2hgt9f1auh0cnbue61oi8,5BBEB8247D2DABDB9FAC0722E8322F96
n0u02mkqs13fsbbfd5ohr716nb,5A74153A18F51E08881D215F310E70F1
m5kkotn4gg45rftf8gp4o9tttk,5793BA7A23D9C7031ECA7BABAFB18CAA
olu7uejihrpmvfk65cpdcsubct,5DCA60AF977DD27F515E83C11FC05EDB
t8gu0maem0uf796lncb5ant496,5A845539302E62AF7042D4DCC9F3F72D
1o5q6eu3nta82qngts60geu4l4,5D11024FE52B9AEE063ED9A03FE9C8EB
4oco442egvebmroomdp5roe2rd,5442015288E370B3A560C9FB2466B3F2
gfehunrh6mlg98r8i45huisihr,50396F6C65288B765B227A6FE243F4BA
tinhl2ftjh34cjdcshvu01gr2h,56A0E9B0C0D7A3039A5D2601BD6B993E
r4ir5ijvl6btsj314r83mf3cup,55E3E69202F5F5D23EA3EA9A7753CE70
sun0n15j9uqroku62vv9h95ria,51E43785AA79EE8E0B37B5A9A7B80858
c9tt3jvs83n0hm2rtd7eqr41lr,5B527C9432C7A024B29BD79EB013CC48
lh1mr3a5d02539qlkd5cj7opn7,53C6F0F81DC6FB60B6E54565C1918329
b0td51u4h3qpeu9cu2v9vjn34m,526C5678436C6CF4B0BF1A6538BED7BE
290nj1uh6jg010tg6o44gl420u,5392EDDBA8EC7BA892917E416C6068AA
jf6ps7035k3akr8sjaj1dpvd6h,5A1D80CBC390248B3A9B628C58AAF361
h2k9i7il6jmuksu2s03vag7lvs,501A65B5E10E71312CE20D8101B0ED4C
uc18ntttbah40ph7tkjsupq28t,521A9692842B7BB2661D5C5383902286
bfp53m3d84thbtg9usstch9hvs,578C151C278A84E7CE1C18D2CCC001F6
257d9divdhhb4aasuftto49g9,5D4409DD6B3684BA1924F5E9040569B9
7qtfb7r972k21hjarnim5kjei8,57635F233BCF246FF8472D68C0E0AE51
5b4sble34v72b34k8uf94ofq1i,561FA5EB9B2945542BE5C51036BE21D7
i5tc5v70cup5lrjkku4cqoiad3,5A5A03EFC333C85811D8AF0A65FD846C
ouqak2c703p52j6tcucvfhvdli,50F304764F39A233BF4BC46E1A6A4F44
c1a0bjfjtd6m49eqpg2shb530l,51357D4B8359C8C3EDFB3AF4C2C27A4A
snarfh6er08o2i0g1hj52ac5i0,552143C821180A2E1C5E51F29F34CC38
iq3cd6l8edjalv87ss9if5a3h3,5753D39EB6765873A72E569CD0590CBB
a0hs6svsg1ep9p87dienn3v8af,59C0D2F9E4268123D7CEF7F04DD0E475
fjptcsa4elk3pgaf6qohggea55,5FE5DA7F189C343D11BF0D3ECEC521A8
t22q5s3rkfe3pq7mij7eb2knnl,5AC38B6CBEE20595CD11159738464A23
7tneemj86tfkhuj72sld8c94pn,5673674BA53B72F59D2619361F263007
3fi12dmi0l3ivd3e2iccr5864,5DEE2293152CA7142EC5510235613AFA
l2515v63ie7trq25t7r83uquvh,57A90796F325BAE89D7BA7B8BC2F1E6D
uvc12olse241k16urpfbunuptd,587A9465884058B20CD6C9C7ECF4CA61
s7seb0t4qga42k0gck97bdb96n,54F57835CD62BF9565BB42080336E0DA
adc9rs4bbscpe9qn4c7hp61vb9,599AF083941E9785C8292B674B3AAA0A
4o9bnv0t241e7csnpcriltkgb8,55C0CE55911B520682BB43AC347A2334
sf6mtf8s107lso4iog9dge5usu,53AAC2504209BFB2A0003B7B75BE224F
ttsq4cfs3jf6toql1e2i8v94nr,5D0D8CC31FC607B32D8EDCD8BB0AE588
6v0bqddr5d8848gjurm36m4se7,5B064C237A20F6A23A47DD93FF1666C8
se6scs9k3kuviosu4vdsar7i3d,51F30B6A5C1743B5340C7ECFA24F27D4
q6g90v4192151kq2nl336ju5mk,559B3B7F7D5A4A7609E5A2576CF7486E
ldgmeef8g2es698odprtnf5m33,52A17720C05B28CE1185648837F2F72E
8ar17fli4mg0o391fmotee2o1t,5F978D09E7053BC6D6A33DCA946351CE
h9bbjl436egu0lml9b3vnclvi2,5742BDE88A93EDFE78445D538E884666
v9bibgnhui27059c9j9rsd75f7,5AA4AF56CB4F666E3C4F2C9954FC15D1
a5nsu6s67b0gtnn583u8ju8t6k,57DB5DCE63820B9BDA46DA47F0009C3F
oee9rkiu7kj7l1o8h3m9pnfc14,5D7998DC28910D3D7B9A59B583EA6E6C
dggsfrff6f8neq4d0vf1er5jrt,5CDB8EF36C5256FF3EE7A9DCE3EE5D42
992mldjq7n1kbfflpj53dqtih,56A7BB1093AE377C6AFA2D837004F0C1
td9ot8h32e0ajq45jse34d3rbf,51065C4A22CFA4F81451E535188939F5
suhb2cbhktll8npmhtas4iig4h,5E56CA27817B7C7A523190C71EC2B521
ag9o0gtdqijtdbil5nc8t6k568,5FFD0C9C521940B248A54A080ACCE03A
11a57p78hig5skpp7939j5ogti,50E86058139E01D6D0749BC99CA6138E
1gtj6e4dcfr138oonfcfonm5qo,54C564C008BC7702AF31373848FEDBDA
jrrqlqlt4hdlbq1o7jtid4b6dj,58ABCDEE7E3EA1B0887794B68C33A50E
1mp33dgh3m64pgclsocrv0tl50,52F8F8250F20536E5A356CB35F98C358
pjgcvv6fb2ea893bd9e54f0fl7,5133032D6D375588D874CE87938A299A
aqhg75oe8nb57qjsgl0pscsh13,5B2CAA2C5CDB9470082852ACD5E2BEC4
ovdcu1c21u6b94ov0ome6oj442,5A08C123C7357BF915680A69C161ADD7
ubac25t8gl4cb6satdftk9pgo,5F4349F8FE8F01FC9343F0484695F649
k1o9g2l1pstvqcr0m0105albpu,5C6106563ADB18474FF3A37A4BDB878E
o5q5017s0rfh3krl17kvth3c1f,5728A940E07B0B66C45668274A4EAE15
ts0m8s4ie1199q7jgjtgbd8pkm,5A19B9786F48CA4F8255A8B417D3EC56
1sva3sl5urbhcog8k6akkvvrg2,51BEC24EBA4A24B80ACB4191DF9A9F4C
86ctrhrl56acu1cgei8bd94lt7,56E802C5C86A21C6D5C484837F725567
crt4tnr9naed5v3dpjifs0qdpg,58CBED3B56167DDA980371076FB61A18
cirau6cjis8a6vlol5av8njn88,5919BD6B567DD85E8A1BBD94D196C067
bcvsgl7luokv07msn8op1e4b21,5F417B97F72707FAC8CF6B82C51FF0BF
4hg0c7i9269a4tae7312q1224n,59953D2CDFFDC5F2CCA0DA0710727E72
5m5hdma4oc8k696scp3um8tg4,59B89D8B35BCFE8D3B1707845D9730C9
ij224ensphia7ohp4hhbnqgq1i,5FDFCE847A4CF6DDCAEF1086EF611CA8
ul5aoees890dbekf064u2ui7l0,576F68B37E544F0C83FC4211870307EE
ahp223s1hemv9rc3jgvm55jl87,5EF2917BC80028D52785C088A2B3F053
3tnvsk390n0mf7cm45umv1vc9s,59EB691DF9621E3BECA7B599A3D8AFC6
5u1gss873pf0l0cqs45gr6v2ko,5E672D7E73755FFE9C6EC5477655CD4B
h77of40tohgjq23eut1h5h46t,54DB2CD4AF60D3A1744AF4797DA27AE4
tvqfcbdgd14ljmls4mtfbu16fh,52025F0C3F9F5F8372D4564623E755C2
40gmg9k45a146mnpti9qjvk0t5,528069C248707D7391DDEF83559BB22F
cs6fb4h30slh1s11uq4qm56ptv,5BD5636BDD80864E2F73EC67D10954DD
qtscmj3jp1sn3836i6q4m74ngf,56A6B5B10CF453829A0DB93CA6847473
3juus88qn7ru24ontr4tpjded7,58AE0745536E5BE5EE4CC4D9B5EAB873
fksu64907opgfr5bk2vmc021t6,550ED8D01BFF8790C1CD86C826158B44
7agh7ov76gphvljsnnqf9a1m34,58CE40F1B9CC4CDE123384FB18449B9C
53ivaqck80n7q2imigmf8g39uu,53CE09E0AFF3D7D3CBBFC2FEA7F1C1C6
qs2e299uc3a7qgpe098pj254se,5A69A9D5576D7F62CEEAB423D58E4F86
8388m6mp97kobvb0pg28glt6fv,5536FC82A8E36D49DFDD04DBDCE10710
1eh6ae8ktbn4ieqqf3ejkj6hhj,50C22A061CBCEA7E210D0B328DCCC187
bmmnfl7tk3mbep1miuvltp76dq,5744E0516FDA68B06D9E7944CE6072AF
s0pu5fkpkc68pnm3an8ma50ijo,517ACD046DD54202D7521A580426A5D2
15grgpth7udhlui4dr2f5dkke,58C511DC139298AB2A9376A9D1FA5E65
j3n692pn9g6sqn33998f40t1td,5463587F7CCE2700EEFF594676DF754A
hemtsf0ahtls3m27aergvauuvn,5E4847FA593DA9D2367DFA9A44F6F3A2
cu7q7p53asm9v3njq6e629e6dt,51B808B839F29914E95877CAA13A6A1D
pprnpchdrtvav11ujaubhjhkaf,55B9375FEC002FDB412FA4F475DFCC87
d85908a1s80md0r61jr0qmuplt,53FA3C54E42FF8FAECC99EE7BFF8DFFB
etf45j3n7at34jv8n31gkrfi2f,57A0E53CAC2F48A5A4059D415977E37C
32i8bhtasf1g0s2mkl6jqasr7i,581A2045D2C7236AE3887223DF06EF63
mgjbb3o70fkl4ln1an5790qupn,557ACC78B4602FDA353EB72A3BD9ABFA
beas3t2iu8str4t2fj7dh8qqhi,5255F57C05FAA1C8E61F92C034FD673B
bgqi0aqn76vtovibt311r9vv9f,555A0D80FD4F703653E3DC9517D2CB98
d5d5m2435srnkls339nvg630qd,5E2B7262057C69A2371909DA237624C6
v5k9d3o79slnogd18ar7gunrpo,57EE300684F4613B357A38589DCCECEB
81n3v4hkbmls5mko5ojh3btjef,50AE5E357B158B07483E8675070FAA38
lf6and9k0eff14cggcs2tjeo1q,561C97D122CCF02B442853E5C8893E99
g7ncb59ag38rs39nvj73k4etf2,50251D5D0AD93F63C496C1FEA86401AB
d0s50hfnj3r0ei54m29atdjih5,5ACC751BB369FE18E945DD125743D80B
6l515guil3qpg3fpen7eop2h5m,550B9D73A3FAF21C6EEB36831EAE09E1
emsemkk3b94488j5guk5v63n7j,507DADF6F6104629C1EBBDA39C599FDD
77ajc58dc7oi1pi0r9vuvot5r2,5AA0645EFCDAFBC06A5448F186F166C9
kv3vep23466j0unagqenipj4hp,56BE762AF9FC1DE4755FC6283E3E1ED5
61560mfrdcdgfva45jq5gg9msa,5D7E871AD70CB5EE9E9ACF26CF6CFA67
ttb342odn6tfouk16vkghbgb9a,581336D8D559ADF60E701C9A2005E416
4nao7mee6soebeh8te51ng4spc,5FA12900800D9847E5D0BEA872E6975A
p1dppbsfgmgcmhro6rimrstr2g,5C2996C8C903D7B6860682FCC4C7F29B
blv5qrtsi327i5b6i4k7iejvqq,5B96D4E3A25E5C149117240E1EDA5BA6
ga78rjj00fim7lhu8v5gk7um3n,5892EC09EE1E7EEFFC6413C6AD07F3E9
j8h4oirfald389imfgruqgcnhi,51637BDBBA4E72037520E8D5C176E1B0
6ba6je6sjnn5o2kec3me4obs0q,5792A76A197917AAD90E3E05F0409930
7g1mrhpam522ubbkrpphi4a5sp,53A78B79D51ED62E3E926718451DBC13
9o2jg3r42gt20u7kqdpvh3avtr,5D459E889DE1F9FE94AB3742BBC3B406
jbb8gj1uvks2stpvgtt977ls8g,52FCA7B4AA96C10EFAA2ECC2056C9717
9p9tjev1fo3kf9ga94togt9kd6,5268FCD293B6E8E0E17CD0837555E070
cpmqo6cib554impfif7niqjemg,55A01149C5D7832B5C4CF2390987CF5C
7hped7ctrolkbhnvmsr2a5vo4,55860610A00153F8E5835CE5EF438887
lpbdbraamvjdcq7u2t4a0oeju3,5ED412F8755830CEE7CB249BB6DC212B
v362q0k9kh1nivofgjl8q18lmg,5BBD10BF63357F3086CD0D31AA2E43A4
q7ap0i0rlgp5al5ku3234hpql0,5E84410473D911DC243CD7AEA2ED24DC
lhjlsoalop0l66nah264j49lkr,5BFD99A4C8D6E6DEB254C7DB6C008F54
78hdsss7iuj15vurc6h07p30nh,5B00E68F3D820025E879C8379691DA17
99b3eqgua56no6leqjusa2r32h,5B12E295258687713D8A172ABDF2AAE5
5bgp9dpvcl48d55ndn3n258gdc,5FE1CDB38B666385C7D19DD3DCBC2FF7
3p21k7mh70f7u9tgninjiff5gj,573457D3ED3295FF4BA15230BDAB0AA8
aqct3btjdguq6ueoehe11fkpib,57A3F17C6B58AF023B4A5EE37863744C
ktuep8t7886i4at6u2nhbejo4s,580C725DF76AE4B73A63ABC8D8F4A31F
ord66lu77snlcbj5v091t5nu0q,5A7B36D10232D07F0B7833726F9E6C86
5nrdri8vfnsb8r4ejoqgalolqq,55A7091B6541195EE571AF8251DEF4D5
d6ermblrkl6cu358jo5j3gq2fr,539A3011CEA058B63641930CC7DD5693
qho6otcjlo9rni9lmmgj8psuoo,5190304D9382AB1CB5D1FC69702AF8C7
ag3ebrdluvk4ci5mjrektnnqfr,5A68660D8929CA0682A68332E22F7459
59urlfaa1dtt8di96vq547sffp,571493C9F31DEA215B8A59D4F9FFA61D
8cfmhik4arkjon405q7i3ehlvm,5CB0783687B2E874BF62B82F7020EBB0
nn6g7jiffujpb03dcjd37rjcis,5F19C5A3C41A6D06E16B69C9AE0C6486
ukdn0qhga6o4gdmhpn4rrrs7s1,5AFAC176EBBADACD4EA152BF32244F8B
u8t8fhdphfrfi1dj1ttgueog8i,501229DBE3450E04F947ED8EF8F63490
j0jm5pqdf4suukgrh9mece8hi8,53FA2F2CF9934FA5BD80BEAB2E59776A
ktinojoqfprup62m801spkioc,591066A4EC08AEE7320536AE0AF8CDDB
vu7gpse4bl24vko264iqh1npvn,5706676D2B3DFD995A591B3B1888527D
id0auqlr77lt8t7vpiuar3k4u1,5D1455A167946647751F6C8437F00654
msjh342dl0khtpg86vgno0g6rs,553DFD91832D7A09E32BF70C939F7596
9qgbi50q4ljlpkfrh58d8f9g1n,50B86788B05777FDE60F43596745B20C
i5rjb15a1njtr9cpj2fuk3kv32,5FE58CAC3096FC8A6BAE85861EE3CDF3
dgmd9vmjjltgljqjc0mvrfbtf4,5CB7F5BC99EAB5397FAD50C070EC4E4D
pl80chnnhgo0j4efgdm3mfljpn,59642B2233FAE22595A72F956F1E6126
261pfi48kqr09obp0do5e6d2g7,5ABF17F2AF43666CFBFC34CE009AABEB
2mt9k64vum589rkjilpn769phu,5D9EDDDD0AE70A6D3D447253808F4858
teo6ggi7ndruuggu051pujfjv9,572C63D79996BE30599C25623EAC077B
go7rlvtprhia3q6eltk7erm57d,586793DB8DEFE9304E537022D60A249B
hbv32onqbm2et74l77nnheg4nq,5DCF4086F9AFEF955CEDEB795725EF00
elj9j33f7iqucre7djrvktglln,52259428FA500185502B18662462B5B5
1597dgddbe342grm51alvpfrkh,5CC437C0F4527B1A8DADDE544313FC3F
d1tcj3liigi8p5grs95u4o4vij,541AF4725E551DC1B91E2A8B3B6FFA2B
o95inuj1s1re752v1uqbu6u04o,5F7AF93C09A699C2EF552ADFA188BFBF
6vcmphtohlfag4b8bfbfm8pou4,5648C931FD81F62E91F2A23BE20431C1
99u7qr9ogc4lfa4he04srujqeu,553274BDA32DA304C1C9FE5CCD53538F
b9dnc8a39belbvi6u6b6nubidk,53D5815E5AD9CC190F329ABEEC7A5029
ui8jm02g03mc5un0ja1o3ihc9p,52A6E118808D9D0E86AE1C41D4BF2F7A
80i569k5f94ubqd3kd84ddoe4l,5B668CD8194493164E0058C16852FC33
qfltie6haar68dml5cvk9q6u4d,556717A5F423FC832C30C70159F36F06
staekqfommc8us19c37o0um4n4,5F26BA692896BCA904877F4973BC9A10
r9vtsv5fbpb5jabbq4v6sjns93,5FC1F60E423664C5B4D3C78BE080B43C
3ert8gsha43l07bfac199ma0es,5CE796A7167B7147524C311243D55EAC
2e2gl8m0scqb5g7mjpokulcle4,5BFE1933D3235B80B897109A4496D37D
vj2ifqeeqi648gb5mvoocthr3,5779E6BEA1420E39F8EE14B5E771C186
2u7ssq6rsher2kr72ivjse9k4g,5B14AFB71DB64519428DA68DA76356D8
pmhsrb8afgtfc292i7178ffv51,5D99A88A81B495E5BA254F1CE68B9CBD
oqg71dhi2fk04jmpailhp3ncis,50F296813060FFFF342B5E234C45B2F5
gplhkmj14826bqtkrll7a1jisc,5930DD91972E3BB2470F4D92030EFFB9
u5irih38bvaaoadb4i5pk40t6i,55E387EDD7FDC5C1B7AF002E337B7011
mq74ho0ckgtvamsv45ukho2ben,5E311125488AAF9AD4F55F257FEFE186
ndkvrdoakbk8i3hoq8cj5ev399,5269D1363A4F78DBDAB36DE578EA1782
63v7ovfs606abg65r6tda81kt4,58B5327C3728BE630C3AA4D50CCDE473
tdkhm9ar5dihh2aerfps3kobpi,55A773C3C34500F76E94DD48183998E6
qrmnrenilbu3nrhkbmlac69ovs,5499AC2AF5B8ECE8A6DA3D59C737D7F4
q6nkbjofckek862f236h5m5471,5C439E63528FE9F2AAF832CB978D7126
t6o4rbbnobp0dq140okqhvrqo2,5DC64C4BD4B8ECAED202D4B08643F814
um6j8f52samukeqfoi47ncujnl,56EEF0C59AFA81A6FC6DD6689B498ADC
afesef3gp0qg4o84lmdlu7cdab,5A028C18B797F5BC89828CA880670322
rj1b6cacavlq1i4hca7q7gp7qh,5FB1B105878F2DF631318A6D306E6C6A
eetf9n3nv94t7pq3shnhhvr4vs,56F8E098A6D63D21233179BAB1DE22F1
sc4n4qv3r6o5huns4l2nhndhp7,532D603132BA95F85FE634361BF18D50
jogktj59ms6e373qlqf2473p2k,5268190F354C5117F6B85F73FB875629
5lqmmfjjc797t77ckog9ed12p1,597F39D7F14A308ADD66E32B1E6F48AA
plasq0tkbki9p08848tjar7113,521FEB23CF5C64B9E3EC840953BC7B1A
sa6iq6d4aur5jh2rpgkb5ju5ep,5D29AF1ED0AF44137CDB336B03F28C5E
tmuvrln7srrb4ilabqme8ga2pg,5BD32B8BB54D85666008174D5F9734D1
h8mkmui2t8pnq5p606bc371hml,5296A0069028CB41ACFD0ED026D73CAC
dr8u9v8iq82shlciti9sgddl3h,5ADC2322C2FE2B9FBEABF5C1284B803B
53fo7b6ugs1i4acc08if4r01is,54C899BC7EA4CCB4C0E7085491D6EF0A
lgbulnk5na4oeam7qnv8hb19jq,57A52E96B99AE0FF28FE325BA1AEA504
jnfa7sar8icla73l1njed3kdjm,5542FA110A79AFB27040761159DEC0B6
aslb2vbteugem87sm3cddqev6m,5919F1D0A0A4384C6C1066D64464EE9A
tk2rr6usu29h7trtcp96tbaaea,5824FA2AE7842555AB9919AA6D4D31BC
3n3que9smq95srpqkr63hhn941,56AE1E58A66CF27684E1A338FC7AC282
mkm7m078d87c468nr640ghoidj,5CB8347C6C7A6DC9E05738A226468258
s1bvjo75nq5639unicbhve23mp,577C83CCDF8A43AB5BD8DB2C82CC88F4
fnavuvrikdkk9s5paljgnhvo2f,5FF791906A2769ACA6E5CE497A86AA7A
cjttr52toi7t005hlbssgnnidl,54F0177B1D34B3915D4585718CC10DF9
uljgd0b95k8skkosca548tjgki,5346D6DBD1823874EE370591C9DE2858
atugqeo9bfm5nev64p1conrl8o,5AD78339D8E24301A544C08FCFAF66DD
156i6eku3e42nsi97jl16jrbn4,5FAFECD4848C4423C56FF3D3DF425084
41l41f10et8uadogqcvjugqstu,5DDC0EB662E68ECABA220EB5E64F7FDB
trojrblbe79866e5ejvfcgqjde,50DDD9DE30AFB877D087DAE8DA040829
6oe1orvv0nga6odb75upt1fkah,5C916DC1758353F6B7C64A48F07D721E
dfrt9ahevis541cd90kcu3dblo,5AFF4702F5B70B9AF3E1B81B3DF07C7B
92j8h9eg9i2j6n09fgra6g5p9f,57EAB7383165BEEC45F48BB9F7BF1FC4
bdpafuuo1hob7dqp1t3s4afjr4,5E20A0566DD69E3B5B436E38780EACAD
s9ksl2bds5n59oi27b65dobv4r,5452A6DDB6EEABD8FF4094F61EF3B015
ij5iq9303p38m8nt55fe8o0n1e,58F3F26B533E9CF40862FF8103DEB194
4q2cugqlqo69n2961551lboa7r,5A1D4212A2C2909EF65CEB2E290F6851
jrkpq2umv3t73vs8vf35n2vokb,5689C0F5BCD46073A1B6BE06AFC71F2E
o8o9b52ldv6021foii0ruvb0vc,5433BC992BF5E14797107726B88E0859
9er9n0t464kc4q6mms9bahbg3n,5DBEDE2FD9C6EE72D985BA89FC0F8478
tjri6cpqogc8037e3mqu83c73i,5B0F653A80F1C3BA2DAF3F8927E6DAC7
ougb4cipic7vfvjvtkkci3cbn7,529CAF8CFBBDE23BE3F27F71AA22C2D0
6vcn3679n49oilrsibnbqndoao,5A78306957D630D7F56AA96DC9BCA5B4
v8fi1oniqc05l2d5vf3brptitk,51CC8C4EE0A46345B59CC42D6FDF1BDA
5u14nfddc6p44ddjqpeg6tgmgr,5A877D283E7EB58E395154A59A9A49F6
kq69a0h7j48uddljpo11kjhg5b,5707FDD2238FF0E95C668CB837E41A7B
c380hcks9bf9p2ujfbrpndrfok,5785DB79FBCB4EB6C84B98282039BE93
28miuveovhm2or0592q3llfno,5607428B3F1470DDCFC89BD060EFCCE4
55dkaqusir1jh8fifs8pbs8cki,54BEA96E2C12848C9052976BE5F63E80
u6t0pk1jasieecau6s6tv5q3r3,577326157F50C88F018F29EE84849849
cs4q8ckvti8chu138quilgsi1h,54E2E0703B604DF7A19FBAAEC332BA49
2fj2mqg8gvc8474raa8s089qal,582B5EA8A1BF6E74DB498953F9DCD206
eue608ph00h5b72sn5erf578cd,5F00EB56B8048CBC9475CDE0AE50AAF7
9scmpu6ueu2kkl5n6d91l40seo,5964A98840247C09F76DE4551615385F
e3k1s8u66hnefvn38fak899cgv,527DD82015463FE406E9159880FDF74E
u2ko9u56ood9j8sbv95avud9n2,55BF78A3121E802FA8E4837062CECE0C
pvsc69ngap37b74ivmfqu1g3id,5084EB7BDB47BEF4393E60B03E2E1F5A
3bethe1kaicj3acitkh3l1j75t,541DE6E2367647E773D849B528260330
su5kuvbl11b9uit7dobmj1b080,53E4B68E9871A8802A6C2EC9AE984AC5
sfnt896vrsi66cgdfuer0fq1mo,5E4E33F92CDF2872D284344CC5672982
5fqra5jvbsh87qj50v80b5pjbl,5010133E799924621E7C530BE41E81B3
7v5cl9dfj7ej78mcthep8o169d,5203A3D6F8A8C398A46D90FEC057670B
3rt0jufm00us5i1l2m5q5jaen6,5F96CB48DD5BF5745DD8D538ECCA952E
li3hthk5evvsaug51o60c8iiq6,578A0F90BB46E43CD83ABAAA56D3B7EC
mfvp86jqppi8aguhqv64gqlteg,51D1D85CFE2EF3C762A1FDFEF8119B21
neiad1vdoijvmorhkf5mt4g3in,57A014DADA8C7F82CEA8D3AE080E2D55
j6vb2mrl6sdgdjlgo6fjqsa8j6,5E71E884080A0DBEC6D240CE7802A68D
kecs6pec8kdrtll26fg402njh7,54DDC8C0981FD51BFF3C2C2E6F308B23
dqhvpqpsl2f02d7hls95vmgi8m,558B232BE88BBCC79CCB78C2730C4FDB
j1ahngm74iafglq2k0u20natqm,5E7AC65E0724BDAFF389F81BDCE5CFFA
kp7o42q6khu4dc8u0n80rlmric,5A46F70EF326E0B8BD5FB3969FE90EA1
5g42tufcobugig1objlf1mk1fr,5552C86B4303A0704C810D7B80568D7E
q280fups5dhhsg89eve7qa4j3m,520C1C51FFE3DD71386AA36A65D4E5E4
h9bsl5ni7tco41t4g8d7cfnfqs,59818C54CD207128D48EA98CB0471F3C
1aq03fnjk2pdpoeol67u88d79k,567286CAC35DC07833C964BE6FBBA581
bqq567or1m7pndcg9qj1nh0pim,5D4A0E5DCC9307B0A94B8112AE757D5A
vi6grcc0c0go12fjpa5co5d8pn,57D18AEB6E3204B1DD771F6B8DA03E65
edaqnj3o18opuqm1mer4bpc3vf,5C91C3EF642EC86F287B76DB86B7FA7F
urjjs5goi5m1f372lvkp6qoof9,50EE69755851054DC9E41447CA6EAC88
l68mlibg5dhtokheuf90ja08hq,51D31A7AB20FD1A3C177A08E7FD35CF2
6j3pkc48go3t0lc8ko59r21qkl,5C3973FF7E517993FEAD252885B4117B
gsgh09ql5q17t9cro2dfu1687o,51CD4469B38FB5C95DDEE6643E7F7B49
mptubvlo15akjtdj6i6bpmc2e7,5718005142A0571304719FE8521092F5
ub1tipsi2husg8vtipnn2u2pvd,5B1DF22BB76D6501CBACD1C1B9C1AE53
ccrpa46hru4h45u2f69m7enucq,53C21C4814723EE0D55F5E0B9431BCC6
ddgd6mc3ven26shoctv0p0hfa8,567F180817D4667523A87FE95FFEBC2F
bmp8oufi9gf4c0eg5rqf8msm3j,54B9FB99B6085B346B4D9CAA0CFBB308
pq72rcr6gupio62q7p9aigelpc,51AF80C89E9545A7991EE7757DDC80F1
8acq89um4ual4n8f9kcncatph1,579395B542066E216BDC2747701A101E
p5fsal5fv31trgh14os7o0u7fl,5374C7969327FF242BE72D281BE3A615
mmmmmutpvv5cl715olhldlkn4r,5C976ABC72E4F8F5817E6CEAC9651532
9qgi5gs3c0qblf2801qaa38a45,52DE647B90F4A45B6AA10A6A33812291
ass8lu4kjg1bhg158rb0n5vm99,5483989A7A120C57513D14AE8F26DE1A
g7al371a684gupk8ark6a00e04,5BEB173F84264B7D9A7C8DE833742C5C
3e6ea0d6m299slmq94k8g6vifk,56C4DB1A54C5A3FB48EEE137515212EC
fsl7h3kbfg8o5e0ihar2m7l1qp,5760B8C3A48902F6874D09E4110C9E20
3mg6422rmtigu4ed7b1789em98,56268042B6A95233C6324987CD16C2C3
t6o72tqf0o2d9lq8vgbfqdf9mh,510CCDFBDAA3358332AF2F192745D705
honsc2p3ldma02ihbti24ikpjj,5B9AC4072BD12CD4781C9C191F9D85B3
r1ld0ciok4v8ssdtr5mnclddfh,5B90FF6C13D3C362616BBA30F8D7A731
2k999p0ch80ska178mi2ra95a4,51A0B19E8500C5938F4390852E3C03F5
8du11n82hg90trk4ab7qorog4h,551B0F3D742BFCF265E1868EEB209825
er2tbp0e05on6rbbgbikbdedfq,5F2AB10E3DFCA512999807D955813ABC
2i90pl0h4cti76jmujnruasoht,5D24460EFAEEBB2FFAFF6C9A94C902E2
jkgl11avqe1kqqnhv9tmpstfcj,5B695AA168E7C0E25A3000D36230970B
5sic99cclom64kiiqhrrndj3dm,5DFC97B9A174481870D6BB5A0F276E0F
1gicjepfmda2i2cib9r9osl9qr,5A2365711461B6C06E6922C71695FE88
7g3im4pec6i9kqs1bgmspoc992,5D31526A9BFED0F1DE31B138C7C4D396
3v45o2ghpoitrgo4ktcbjil1og,53C40EBA5898E94094DA82E09F6D48E4
80rc0cr24ru2qln6147fsa12b4,5D676291312659742A5674B9D8520940
tsels6eaq93khgqgisc52ksa4q,5F9142EE9251E321877D1751B7657031
s3i8456aa2gagogjfrg7koeb28,57208C6D132666F4F3BA16B19757B9B9
eh76go1plj4bd7eok7jorhu8gk,56AD32C120F36F28F000585CC0E00FF7
b62vut4uvr821icehmnrsk3prj,5BA806EC7312AFE0B3CDAACDF4CE6ACC
2blhp7ds0q411cvi2uheqgb3g0,5711D78BFEFD368945B679AE4A005BD7
4qrqae5omc8e55i2ls5dea193h,57B39CE373C7D80AB21A50B0950F82C9
6fcn9j8drtahsf2j2cte8b5lj2,531CD18B4A2C5DF4638B91F4F1D15D1F
6jn2eosbt4ftqq9vd358b8h41s,5A7F0B840F8A3BA47A25B88723DAE4BC
snpib88ml04elell0fncc4ip92,5B219F75C96CFB78D9CD2838F3923130
3hq6k2ct4pqfh543kjchf4oiqm,59FC32AD9162EA242069A26F972B8C52
ggjkfq4arv82malfarv5ttlb80,5DF60E2B58FDF48A6B4321C79D01B5B3
d6tevotkvd4i7n26gsd64p556g,54879CD11B032BD21E03C510150E26FB
i52llj4g9sqlgmv8jkk1207bgo,525875325A560CD8C3D4579807264848
lkj88vv020577id4963tn73uei,58D0217443F42150D731C65683C81CE7
gsecpfq427hkbt2csr48ips8r,53489AAF2E7582BBC1E398B699D348EE
laea759d5mm5ss4nna1vvd656k,505A0B8FA180596E8255144C9076D2D9
h48fn3e1f7ck0fhudhr0djuk28,5784870E7327A02A75D7BCC5B63FB014
h3m2udd3k3k1nb947iv3lfcc09,566C9582C45BDCFA7728F428145A292F
97hoie7368r6uk0bndbi8d0c2a,5ADE7F739BB69AF925CB429DA9C6E469
jcu4g87rde437rk1sns13fa8e3,568099CF3920A5CC92AE6C6F2BAE4E5D
l2d0himmhamg0v0cbvh6pgaqkt,53D209906E2EFB17002386C2191487E4
vjfl5ettfp9bd35qhfu9kud27c,5825D9B633C1DEB3FA1A83271C81BE1F
t7mt2k2tnvqv3g93igs8kohvrv,54FBE24E5F6E50B3C633DCD62C97CF26
f9qrj0lntanibfe0tefkfksiip,565A44ABC2AE814AB694BED5D1E8BEDC
lfqou1bl9fmk9ceoftjhng4d9p,56CA0968DA7836E2E97CBFA7CAFF109C
8fd1s12qofv9d616rgkjk7tti3,5C9D453BC273F5475014BF61F5A082CD
7ci04u1hfv56paicua4dj4bofh,5C699A32501C9A3E7AA8E763611B79EB
iljii8475ap2o262bujib6ah6v,5B9F834FE1D17E4F55E82CC84A6D5997
f8vgifckh3g9vaehajefhm8v4k,5E21179F4846244BA2A2F542CF8CBF81
qrnjnmm9a4m40jtbttklbbv5c7,5D6F270B4D8957DB91B8C21B8175D8C8
a1susd9j5i3u7l90jadr0h5oje,5FC262033E747F127012E20A1AD43786
6m52l1e7io0m30b6gik76tq33a,5F9387E11BEFF4B870A3461854C6429C
fgpg06ubj90cmsgbco6daahh94,5ED5F8554CC182B3B8CFF1188DF0A786
ih4v2caq86b4apvrg4ivopfv4b,5350364901EA5CB6DFA0F0E21E5A34D9
81b1beq4hl9ebdt3tkm15kht4l,55362B77FB754186202A91D199BD7380
2epk62tjdmm2kgr680ftacc9sd,532F7F11ECA27835424A06C76746E980
nokj48k5ceb7gjt0ic77rrcgsp,58F85DB4919C40FABAF08FD71FBE453A
f63ic8sad005utgbbh7ce2kr1u,57DB0CE646429F8D9D94FB8F01206D89
lrb56uncrifjusdde7pad9b74i,5D011A3DD78378CDB000D6482DF86AF9
g1n9jolqka279jgcgtqq3n366c,5FDE6E06A94B558CA1A103D43642F1DC
qqimranqqs52ckb7ertjq7k343,5ABA395D595F3C0887840A236F95B716
vdd5be6untrrcjf23p5bo126ok,5DA35B15795BD17323167EF7C924FEF5
bteuf5ilj9mjo4p9fag66vlf42,59559FC27256C100A79B6C2283AC7DFB
ggpoehit3idolpqrheckbbmbps,5CF8CC240BBB3DC631AF5234D2E26368
omhnmm4i3aln9v793oa2q1322p,54C94C8F6214C88FCDD5C6E7E9AB59A0
2qrvu6qnuiqc0bsp36eqk1ms18,5571F0FC4738B9607342BC8B345B1292
c7dafi44v5o2msr0pdqhpbrdaq,52A1252AA38280AFCC05E6BE7DAB0E6E
om3pgcjmu8vh8et62o9s3tljvt,500821C88E8FC5EB7001491F3443ACE6
5e5hcf5polbd7pj4hcsuqet4ng,5F7E2990B827C5452DDC0616D93BCF4C
4mkhlghi1a6es755k2jd7bc94s,5D5EB1B33460321AE3ED0D21274E047F
