Key,Hash
fu2i804o0r2585497kavrja7nd,4589100D6E418A1FE7932656CECE0931
55khqsslicjqaiun94t1172umg,49403B8CC9CA22B4A05A8952F5C4F5B9
fqcd1d4qdffq5iioo2njouoiqm,486697E21F9C600C0231806EB708CF8E
hdnoru1t3g4h2ov5pbt7dvsrik,497C36387F1352D10914F822A2821377
55fqd13tuhdkph5g64lq7e5bh6,43081E9AAB6C8D9718E0F7A5200894FB
l6hdc0fg4mrknlm6boqosn9hi5,45D308E29380DD3221B1DD72AF40749B
4vfmesbgn31aplnp5u05p94hpc,4FA3F06BAD35A2D1DA446C045751A537
vbdpjtik753tch21eqvvvdqcq7,4D036576BD7782DD76BAF030EBB138D0
viet84871nvj54qkrd1gnb28o1,4C248C73EE8EB32011FA7A996511F75B
1ahih6mcv6iu7ivpafpbje2cqj,4F9CA346DDBA873E8374AEF093AC2C9A
q0tsq4uqs9naieta55973e0hgi,4EFBED306B1097ADE903058FB5FAB658
natdhqeg6ik58hq74i8dluhmn1,4133F6E1BDBBDF8AB038EE4B6FAF96FC
hbdr3nn4n7ngd1cr4mke41sc01,45AF339E33197761BCDDE9C4EC6CC5D0
s3dpso08r4gbk74lu63180mcdl,43A84BCE1243CF590BA74E9017A36504
erb97dnnoil4qls5dteml0imku,4F40E8D1D51D2E0539BFAD3D1DD81BFF
6ln1ll6j63ugnl8hiaeakhom21,4FFAFF175B6DBDB32AE2BF3D7E29CD78
qmpk2coviqgbpl0pke88vtq012,417B623B7C38BA9C34B8BC881D56986F
b6llulobug22n3hbsak890qi3p,4D262AAF28D67C00FD059A1B54FEABE8
kdt15gceenl5vtuf3jml66hrvf,409080D48B5C9644DA504E3D3FC53F09
8ujatkjlhdqvelotkrvlfol8l9,40E80C85587182C9724F3AA8B2B9CC00
jnfcjbbbj4oginq9b004nrg8kn,4BE0A0B5AB49A80359BAA216685F0E9F
hrrfl072luj509d1iqhnbifs70,4A76E7E06889378F6A6E0D4D08F4D9F6
ls6suciko3tc82m1r6gbku81m1,4759AD68A0213FE1AFAA632F8C7979A4
7oaj7evrilln8griraorv9kn9k,462D0FEDB83C231DB3114F0C20AEC2DC
ontk4v2umqgf0vipoma4dbdqv,430A685651D30393104B2C3A8B393CEE
9220cu882eult7uk1ra80m8l24,4FBE03CE7635D4537545460000405D13
og1j9tdskihstb6lg3602obrcu,4821D129FC84B703FC7D9D0F82E1EDE8
jiptkriumckt1205pnqi68jspg,4385D1776427BA74E9AD626B09C3EEB8
m34tk1mu9bpcdidu7ms8ev58nf,41C328779C255B9C3BFCB3C10E21D5B4
5de2mofo7a0125761hmm7dp2un,4DA3A92C02D9A90EC8762B0638BA1B3C
rmfcufkpq8eh8i6b9q8et2ctvp,42868FD827A6C64AC83F112B4A8671A1
vudrhv9p7gl8v309p3hivl6bh3,459C408C5AF7BB2443644E503392EDD1
fksuprs32g9lgcg17ciubmlc2b,49689ED3B10AC63712B71091006CC199
fkhei5u3mhkgqbj4bcrpebk3d1,48664C2EACFEBEB2A944C6AFC8BCC4B6
s7k5i6gk0thftmi1ne27dc2t9i,42578E6BF76149FB28216DEF97AA8A65
qr9mgefs0cf3rutrd9tb2fmeij,4F91CD34D0A54D5F5728409239C887A6
33263gklede589drklpv20cc8s,464AEC04767F4ADC28A47F26FEBD7564
4aidbg17v3fit89b48rll22hgc,46D16699C7BFA03C1A269798FE7C1C46
jqolgtodsls3lqk0gg3kt2muh5,4431C2FC9B01E9F5480289B9939E9277
r0trpaim51v2hq9ddgorgth428,48918A821941AB2E8C1D680348A69C58
c790n7hp3v13uqucbvjj4ujih0,4825C4A7C7C79CCF108D402759CB5AB2
371llij5g35i1ekfh128ndnk46,42EEFF097AAE1D85040DB380B0D95308
87qh9tg5vt5i5491o32frmj5u7,4B16CBDDE30091804C9E26ACDBF6E4DA
8bc1h0orscm0n2mjkeq7t26b2i,4BC548ABFAC037C7A5DC7EE911C47CB4
pa0u8gp2tbev7c60dq2fih9kf9,413FBFB21C86F976AB5537AAC6BE70C9
kbh49fn0l11nqsbjqnamoahd85,4A2DA22944786AA2D0C81D123C91C0BC
vold5ii1o1b76lmmqj4ceh3aqu,42074A3D47C06F310BAE5CC45370525D
75gp7mrtn5co53s9nkfqrip64b,4D2929BE587C77FA2A322B59EA23F07D
lkoofggroc0mplcon5ctrtvud4,478DA57EBF10111621C43058EDD2111F
iednm0smsicklpn88qboudjv8f,441C293AD7985E5F1E94AC595A24AF04
s1nmhj5t8sc8pcdtr55p94kif,46F897709FCA92B95FEA93BA6228C6A7
732d4p75ojba4qpuf8u501jfg6,498239788D1274AC2AA1E8CD2CBCE442
rm4rf0ft8qmnbh2llb6bil30tt,4D34FB48D2B56C2FB34EAE9F049CE679
isfnlsroujrpspbe322ec6d0tf,4881449B0E5A3EA70CCFAA3001084F83
1gahr1c7qc8unafq6j50u2tfgc,44160AF381F61B40272232BFD738BCFB
qvimenqgrbc8smkr0mgg0a7si4,48D7CDAABB35D2947E7366B01C26C724
uq75iriathnkul4f7sfuo7ai5f,477E6D935C070ED53D0BC57EE240F0BD
h8or3sqavle8ml5qnn3rjvlfir,46663678F1C69CB6926065A5A8824220
gdfklvother1vsj4mhoje74rs2,4FCE1035C2B8D78510C43360DE2CA5B8
c9s6dir2cmo2g93aqor95ood56,48FCD9F5353E0AD7D7ACFE82BF76DB5B
qmhd1rmmagarg4ml86mebvsb46,4F71CF98944CC993BA084B14061D56B5
2m9r3tpacmmu0js2gqtkrnjhh,42563EEF6917E1D4CB81996DB0F5B9D7
it38vetjei5h3tq0dlhuvpfcvu,4725C829AA3517D8BA629F25E0EC651C
r3135699ig0p934ng1a62nseos,45584BC3EC1FEBE8C2AA418654F24255
69hogqmrk3a67aisq16rbjdlk4,4E306C217D8D8F6B29C9F58547387B00
fmm6urcr78rkepakeqj33ip6jd,40064B5D5DC828418B31AB58DB0DA11F
rncpgn6qn7qn26k2j4gpj67f4d,47012941BC957F2B3E1590F8FA561399
u8htll8hhfodgtgb2bjrt9emgr,49BEC5619446B13135ABD8E0E6D65680
h09isiodp023unojuvcmc68a5g,48B1B7877465EF3716A14743ADF6BD8D
p0ekdqoq340hnsq9rg5h08afhq,4E6358B4A4DC51E005D71C8B8107038D
82kef83ebkquaaf18jo0osbpdq,4C999064199EAF1792394235AD6172F3
qpt5g4lt2u3f0miql00t0khdut,4C640206E72AA80F44CD907D7B4792E8
89hmoeinerq6758pa09uoa4ilt,45F65608B3C216A0D64E29F494C8284E
8itb52ep356gnbp8qupiqthnin,4C30D2B43FB3D5C1B4F06AD6011255CF
glkq8t4g8c8c391bipa59r1d90,4E400811F7FDA65A773D80941BFF4186
gjs2bkvspg03pij9uh1afm8l95,4BC86FA53BFD7E6D9698C7D41E0EFC06
j2mo2lauvvmdvmposoes2cslpj,4A36F6355C75C2040CCDDAF0A686E1D5
fc86a2141fji5g1eae4jjvc0fs,4253D0162BC43792CF7B5759C3881786
o10lgto2lgd06v7k5p4f5ol5gp,457812D4B58F387FC4F0A534F26D7D08
g9tofdq10qpohstj7vvsmjvsam,4F84780C112EAC744CB2AC22F6FF58F9
qbqfh9261cj25qst74pug8kpkb,4994FE795BA7AB52972521ACC2F3601C
cnb4i3gl4dqoafbslv5arijmk0,44A995469744759741AD1634C8BAA0FE
6bko9logn4mnm6vfsq9oqibh37,4C925A0955788764D3D6ED844BB7F8CF
m10d897hd9qdjhr8sumpq709dr,4339C9928B4A80DAF8A580FD1D2CB5AD
1f6nj1r0dbsivei3eolr7olvqh,456A2786AAB2CA62F8FB62E5CE97FEF0
98cmsm5d4e0e8ai04j3h1fi91c,472F2BFDF03A0A7F93E2D8939496D1AE
af73m7u8pupc9lkoaamr91685n,406F917476776CDBEA1BC2E2CF0A9F23
o6gpsseb3mttj23a3uir2oa23u,42334526035741E3472744CA9BE43CF1
a1k0fk4g7ld22nqliovmer5qvj,44136F76074B3BCEC258FE039506F2F0
6fmi8igok52d2rjdjolaqg4n5n,49664924AF4DD81E7514A31B0070305D
ctaf0o2sug4s897thvpjrj2cdb,4B47783F514C08461F97BD6A058DAB97
uqmi2ru2b604sqcec7afbpni9f,4EAB66EB19BA3A2BD2EBBD8B70F16E95
aabdf6tk0b4ej2l1qokvbns8pa,417548BA976ABEEE904E96005EC92E40
av92ov6njq3961ibf43gt113jr,4DD619DAB7C44BEDCEC031CBE88B3F76
u6j3hrvmu52sgomnimbobhbobv,4BDF39DB5DE0D8491D817D27381F2700
bup6m36kilsf1dpqffljm360ca,4D80F0C47450F1B24FD3D48F43878851
d9j98cgk3o4adodde53tnt9emu,488B262CF35F7FE52D4D598C95BAB1B3
berd18r0hk0h17l2ero522640s,439D879EF47F7388F6FA9D9B4D1FE006
hgp2bin787up1b8hqbh2lt4r93,450C1FE340C531AB8C34053D68FEDF21
tsr5dnu9p3og6300pqkuh8ndit,4D499E70F0F5716E89F71EB10E6A6538
d40324j1ml0e6q5376im7jq423,4FDCEC33EB41091D85A3FC037D50649F
nru8q1s6vqqqhumrm032stceg,4159D5769283E94A4DFA0B719D475737
hrlcfu6600pkedlul3ol3kp971,4C817D5040D93274DEAA5B2418946E31
38g6l3p4boq9eru1qp3asog52n,41B5B3B953DE7284B12661DB6AEA4C03
b2pupuakdu8q936qf415822gl9,458BF1A2860209046B4E28BF73EF8E87
fql3ku728joev45eos5iqirojd,4AF714E4B405EE4DD21B3DAF8D04EE30
2afcnbrdqnn2cqbaied3oqqips,42C58A74C043C48F2F9C64EE5E05BB0D
lu81bjknbl764u0gja7jv2bvi7,42F72436ADB2290CA31822066594AEE4
vb7rpd2t2q44hrsag5temd9a0f,4466CF867799D93569341C5761DF5B33
valgbjqrcfentcnvb8jsbcpb73,4DB224FBC1DBF3850E9D96CA29BAAE9A
28hhdglmurdssbgr1ccj7clonc,4536339870B7B21D903ADA8B91A47911
of9diinul0c0oonehpv09q2anm,44B81A35D66F5F452893B8AD700EFD20
68qst53oj61nea7pou44a3vh4g,475294B844CADF0BD0DCF51E3BFD6F9B
rprjre2togjrcr8mbpdv0lof5d,4305BAAA67B8418B73CFD91DB5521DF7
vdn0grbvm6pestt260ukps2tt3,4AD6D8ED14FF01769E23C63F847BE1FC
piqk1otmqgh491hlfddqnaapor,4CCF1A44DAC03D86EEDD5AAF795AEC0A
n6co4f7jgr6o3ofgtqgl4ig4ad,4489710EF4E5A0BE5E02FF407357742B
gd0b9ufdq6l9dshjie44tdv0a2,4A22E70727D74B398E7A3D7161EB38BF
djgshighg38gdlr0r45a6hsl1,43E01BE539E5E47D41B8BBB85103B1D6
v42af8o5oa41rfhhiiof96rpgt,4707B5BBC223C3DEEF02BF2F212A6291
7rgse71bo2d5oi65hckr1u8n9h,4ED64DFC7B99D8070B66FB1B3CEC5DD2
al9s6f0eucrrdgi6skijdkudc5,470B5B71E75C869C041AA6316FD76416
ojfc6fb3lnrashpsdtrlonbcvc,4373AEF4B067AFBCF2CFD1571E54B750
3uo3hd1uhc0pq999droah73bhn,4E13EE3C8C5BC3DE6B80163C5629878C
ef0glo35pu8b244i6plspg1a62,465B310813F3D48ABBBEF1C5E2E840CB
ikmai74f3cqrf0ueam4arfucnu,439494583411F1F2420415F059FFD586
4oo1hjdh8ein04cimidluu7qrj,4F9AD2F3D256B66119034BA365528178
ce37f6k870m6snto37hddq3ah5,4E1A6EA4E8E69F36B9AACF0E5D4660B4
qfj2teatgj1koomh3gbkc3fmif,4F11CD54335FA0DDD89444F50962D2D2
jo0laqqte9v1ve9vjs1khrbbg1,4280F6F1C3DFA8604C5E8600974AA053
1n68hhci54ps8v0cf5sso131mk,4C084EC100689C35D7B49D7F04F0F106
f1pp8plo61vappp131ban1feto,45F76E023459B79648C9C18957D255FC
lrj6inoeevuru33h93f35v1fi4,441A47A592B1E3F20C55B774441A466C
h21qkhsq4m5lveaspvp78f8po7,4D1E8691BD3938E3B58E5FE69DFEBD3E
alpgfrgp7tcjn12gebv9okpjqg,4F49D14DA57A76EA51F8BA921F6ED42A
nf1balua29vferf3k6mf6917kg,4E582A9170D5DE9965938F065FD19F37
is2cid8kuukrsafd84tpji1okn,4EC0093E5AD6D26596182CF978AC01C1
fd1u87a0iqjje2vd5qka27nv7q,48D81F022F7C3230CEBCE437A0F3A81B
16fa06ojlj0mn55ek3nprmctqs,476C128C269512DBAC0287540D9E6B73
l7gg125v3cds4id3l6g12c5git,46E111CB626C054F4E1B4F71B87151E5
jp8nmf5s156pi15kohvkrqg1rq,459741FB27F11809E11BEDCFDEFF9DBB
ludr2dvnd7beo7a4rtkgvdj6n,464CED5B534181BAE57CA3FDA39ACC42
t8nfggmnnhmfolahmfro9kbp9f,4DDF8046C15C81C43465AD7CFB8D1B00
fjl6p8tem5hctblj5g8dvtvm29,4C2113217858172ED0DC3742056BF873
gch24ukd5vk2tqvn5q8cg4pcfo,4189F2A2409B74F3854381156B9C5EE5
661na1h4toq7n04mcam9a9acq7,4CE6118F1E4F716FD9D18C22242C4385
r1kt0gn1uhc955uaikqt99no6h,4C1CC55E3D20BEC3113E104CCCD3F2A4
a4d5edfmebauv47l1m70nji9sp,45B0C2D284C07031D21578188FC64262
387ke9vtqk700b3t4pssocia9l,471A3FC9300AD925ACB207CBBBBACEA5
vrlnq8ugh5f3a2krippguj6hd0,4CE927B7BE27D799965AEAFF8E8DE6AF
p3hj8cm34mbsrugmp26q9u5udh,408FA24C27A91450515CD22721E105D9
8mekgv7jq78dhvrht4uhtei1ip,4E7D85C6F9BB90659B176499D06522C6
m5680hfm9ab591v3qifsaovqpg,4125AC968E1EA19C1ADB22DE010FC72E
ekp0q32fch7jnpc39joumjf8jt,4DA4D8E08E32296E327003A69172D3EF
r91pfj6mag5vcarqd9qu473d8m,4C393D2E3B669A5C65C64D7EF0BEACC0
jpgb05sodbquu2smu8c6ed9tfj,4B1AA15CA8437C61405749613E0B9AC8
45ihdqd8o87go4mu5nttvo9f1l,4126EB879735913657FC833CB0CC1F04
fbtb98n8n6eukm9qcis61cfkr7,48FF55D8EF6D26DA28CC2D97A771D560
ieakuvsa1s4nih7jkgtipedfj2,4752E7CEFB440A27D6D7ECF44F5CF7FE
lckt14sv279gtomudgcvgdv704,45DD62AD7D97507A74F09EBDEBFEC22C
f3oqu8ns7ci4cebi0b2rre07ub,48C4399BA376BEC4DDF52F72E54082CB
8u3gs86ldbq5jpc5pv3asgfv8c,48B8FE1F992D51E2D0C2589C27B75CFF
qrc1prpbfeqar7em8uancm20b3,4CFE04BDE884628DB7C9EBE3B118D93F
934o7fqg157j6ccvjpisuha5au,40FC34D94FEB20E11A2782E4D2769EBB
3sd9i7fq8c4p5gl97ndujoql1k,4134E9180E40392A6B982E082843699D
tadtd5t633bgp8s643o2d8h1lg,46D53C2A6B9A39C361AA4BFEB0A8438E
9a10h1h2jpm6t1bgetoq7tcovt,4AFE837F4CEB90712A4DB09503D162D3
vevnehmdd51h3jkqkmla7eq2uu,49E46A35F51F0E0CD29A40EC0FA8A28C
lcauutpm88m2o8sklg6876s25n,43D7D82AEE8D0F723189B6916F3310B3
1nr4pq4nqcrmt233npba3ahbk4,4FE5429DCA9F77A23CA2B62CC8D1A8BE
gb303kfd4ogvue0bvr9nsubncl,45ADC884495554ACD12C3A1221CE352B
siqhodfgsb7sj4823gvsp8m394,4E68E9FBDE531A6881040A87D2D638F3
e77sfla7ojfa8i2es8ha289qaa,40C1612F4DEC220572C60AB1998EAA20
idadmmnpr69stbkbqkg7m3uihr,4CDBDE481CAD193701803CEFC5799CDC
o60cati69ua4jg14kumlb6qg6r,48605A3C1385138C072F228719CFC1EE
94qa7oljfb33ffhcvtd1pbgh95,4C23773C59E1A90C045111771FDD4630
fnm5vgp5d2m64ae76oprvd2hqr,498FA9908D1A41AB1B789FB6EDD27371
4f6smp69i85clacppa8saip4gb,4591106C4A0CFD36FCC38AD6082AC83B
mvpah3kvfhimvp3uf62tg63u2s,4DD7F274A95B7C9E31A8D3C5453F5103
vf8h9t5b84h7kmisofhk6u5ae9,42E43BBBFD0E3D7779EEA7D432BA8AA9
ugv538te3ffa1ab4h555sa0ogg,40904C8CFBF6D07DB1D66B9AE58CD090
2bmt619e66jmoi58lf1r4o5r7d,4D8BE5354DEED8793D5AF4EDFF7E1B3B
tt09l5320l27bg0778npl3jr1v,42AAE806C2CD800394910DF0586FDC68
joq33052rn6jr75iqrv62ttpnp,439D1C5DC6696BC64F53EAEED1A56C72
r9is9ht8nt0rt7pr9h5aqj4vk8,4DF6DA1F799170CD42F8AED1C7147C8C
704e8qqssnos113k0qcmraq0cj,46B6A8124CE0E93FB822B58C05FAB7DA
uiiurg2tdlo7iesh5vmrippmbr,40AF8D7CD7B1787F734A9BB5BA059BD9
800vkc4ukv3ekass73t2qf38jq,4613F55CCE00E54CBC0EAB454FE8C4D4
7ke1p66btr3ijq28v60qtst40j,4036C87C678107824C196030C04E3EF7
ehi1s546s4rd76ji71dd1ac9g5,4B5A21677207FE5CF28AD193D5FA4689
m7j7dkabmj4tr0sv0v336p3vs9,4FDFF0D5F8802454F1B03ACF72963B3B
tnftmm3064ndesouaohjb1psn,4E01B26AC835E7F1E81CC034D3449002
ipph95a13mmovnt1bud0ppom24,475D53E48C067996CF9BDAF795BB9A63
tkb2tvk9fa9n8611b75oo5k1nt,418152701F2330A64F66E687EA217D09
goa97cbieukgukn3c3h00vehfp,42CC969DE4EBE1B17B80579A878B004C
ahkq04eus4hita67ddkgasoi3j,435786C85F20C5F0604D861EFC17809E
ip8nqimfshu184qjb8rj5pheac,480FA650134C32605E4EC0D58CB5D574
jh17e6rvl5ldodlpctppkcd693,492A597B8D092FBB1B3B8F6DD7A66D7E
k12muigqq7mnr3ahkqakbd4qlp,4778DAB4FAF9AFA11C135EE05704514D
4n7k4fh9lu2ilpqg9u91hv99j3,4E1A830D1E6ACB29A7D98E34A1752E31
gcslc396be944suv0uotavt2lv,48A0ACE9990F232D5B538597F0FEBD9C
sr164blekh6p6sem7sr55422hm,4CA6374D90971643240B80FDB6E1A223
tkqbtlcjurk58gk4vi2trf0r97,479331A1B32DCDE70A91431E1F013D60
mh4ktlqi9fvv7anadcnvrd1a16,46330EFBB439FA78A6EC665E3448682B
s1omf6drdv5e15glisr0l70h4d,4920DD2E97C7805EDCF86DE59EC1EA88
4melapjvhrau7ec2vc7u9t1e62,4A627487D390A7B68CE4CC120E37187D
6dou00f3ts5bll7qae4r18iadv,428B88867E41F009E7AFBA4602D77590
e8d93cvl6r5a390kjhsr8vqp6b,4C875E5FBDA89353F14B294364B5AAFE
q1g3ocm7aavh38u7bmpenu4f08,462DC770340331D17B9095DC622CCBF4
khen8hon6rsk8ne9gcdsem9325,44838CA58D3704405651FED8179D644D
ldm1ll3qdglqeenipls2etpu9c,42BBC17FECFC63E9B11A1A11E54AC9E1
enilf3t1upnlpten0tkih8pgf6,4729B9A898198B3AB58DCAE0712DB1CA
5b40q76kulvqd6p4d9dtqmo84o,40527BA0432DC7BA8FB759DF52AA6907
vsdafukkiijav1tqoojqhca9r2,4553177131A647CCF3F46C5B7E998583
ds2vdn4li728m24dpdri11d7jq,48753FB3C482F457795A3C5E12C0A06F
t01ntamlr88s6t4qvo43dfa1hu,4690C5FA1486C4689FD1095E1DB79F41
lk12m2ub4o3i4do59uo5s2q1ov,477E464680130CD0BB14A5F0AC173F9F
a5aarl10vm2jqs1vs2i8jojjko,4615A1C6D0D11138F2F562342CC5C23D
7ic0is59peulj4ihvuh48kghj0,4097DA0C91360DA5F408DB163CF4BA92
asbll2k5n6hvdp4met1vgsoiis,4AACBB799F34ECED6B04551BEE07A66D
9k1ufgr1porpj3velmqju31npo,4E9198E873716B30E3D0252AFCF2ADAC
aeki08o73lmcrl3ameo729jkaf,4B608F9B462F41AA7DF1340BD9E96F89
khc0ikr8lp65r0b8ulrl0592rm,4D1D2A2A82988BF1D5EF6DF7089C7D96
2ouv41cqkv5g0e90nopdtrvggo,4F88CA819FC821F4FC94028AD9464A83
md0kb70cecgam6gof02v370j6v,43568E0CEE4FB77082964AB834B261E8
hi0c07umlsncm8b25dkg9g5jqr,40196269C21A31F0FC257289B2C9B689
1dabo45onaum45ajsnd4lko173,4ABA169FC2AEA5A525FD907DB7C72203
8mfvplu10td8cht4timj9ntn3l,471ABBDEAE4B75125ADF3F191A61655E
amtubrp8rabff5jr5gd2i49ht3,4393F8FE38AD261D3C0B206D1D9A3AA6
vguk4dq32lql6s3gph74mvkg0t,478ECDF7C8CC0931BC1CEE761671E408
qen5udugr917e7tmrk2i6kh36r,43EBC7A7A6D2330B9E34499945BDE7AF
utm1avnf95alarfhf43qin35n1,4468614D4401442DA1B2C288FBD0CD02
4bc39m7ersc2229vua9bp6duvd,4F676C6C802986243C3309CCDF7394AB
ostuggnbqqj8m5of9jukslatso,4E237A59F478AF0E3E373FA0F03A53CA
dmac7lntf8keqcgtm05glpoced,4C58F319E29498B1C0222DC3A9147D1F
540cid7jfmg90j32baqt5lvrua,42CC5BCBB1B0BB40CA9EF0F459B7DB79
j8snedp8dvqf55n2p4ts8k9j9l,4C9A83C5280D7050A8FBAA2EC8A396A1
vguvbho6uju5mm780dlrkkdhmq,48F9789585AF7E87166BCDEB80E8917F
b4a1rbbnrh8ii4qdqecip2ghg2,4265C3A9385154FB8BE7667C47DF1977
p9m5gq22oql1917k3adg77cifk,483B664DC7D0A2DACC9187450F4FE5DC
vi5e3cia6qell0etqqbpbii470,44D096222009C6473D68D2DB79E7B69D
m7e4u0fkgbcg78elq64k9sfqd6,486D56626758BBD210C2CF03020F3CEE
7n3veer0rk0m61nf65ar2mtcee,4F786EB45BF6C733AA12D6237866EDE9
di9miro0cjau7ngjmr27blte2d,4CFC6F16BA4269718E58E2AFEC66AC18
tuasj6bepm3c9056i8bso116qa,4938F51886EF9C144CD3801E46238098
abl48qavh7u5571ek37ili6kau,4BA422025BF6B1D828DD4A6D1F3581FF
5p6971cac3gp1p89b4idkh7ibb,40D9008C3C51B44505661BC5F06460F6
cf91j6nmg2nvfpi5o27j8o5kqu,4B1C7A2BE450F361120BA25A1E19DD09
31vr54e5hvbmeei0lbjk41m4qb,46409F9555C966532236C5B0661D3C39
4iklnlv66nlbmnojtue81qu82h,4B05EB1E4D245352B1AADBDFB753A536
8uf0nsbgu0uaf2gl11mijf962q,496978801785582FA5F2EEC451A99325
cc99cf6ahoiep7uinc1n7b8r6t,4A2866F214BB8CAFFAD9C788DBE784EA
4aej91l33muhma63bmgv0r9nue,42ECDD2FA6D67C23CAC6FE5C3C790F6E
9esf9tsf77d4v2pk83e9oih122,427D162A3C3910980A9EF0968F45D813
ko4kso836egj9lhon3fsqp9i0b,466B9C63B901025CF3CEB33ED3C6CDCF
1uneuqi4orsbjqm6u9u739064m,4EA8C8B64EBFD63789D44B84C1212F36
5hlj4h1craviepudh3735bdto4,4C9CAC0465705D8F0A5D2C340582820D
1alvtem2qc7761i3n8bne1hp2n,4A30B53C143303F12B8A1D83E922B880
db2obk44n2oulsebrkdedkr1v7,49BA55A61C586D64BEB8AFDCD7ED4B97
pealsnfbp83dd45jh378vfen44,44BB9B1F6C871EAF85FB67A73A0AB57A
c6bjrnfhl3feb3kfafqc6qni4,4E41CCF4F81A70F73ADC666619D679E4
c5rhc2i5nab5hmaad0jselsto9,4DA8D68138F1E66B420DB34A062A6699
g18sqd0d7fso6ljp1fa1v8bdm,41E8B1E138B5E1EED483BE69E5922741
iodc53rppbtcfrtidc9flfftko,4FAD1A9BD33AF8B841CE704E9CE84D53
ko2o7s4cnfdnvtf6n5rs2185t9,4560B7083EEF691AC4525D928DDC26D2
kp21g8rb2g00q8nb4ahl258mp,47C4C673F50DCA617357FEB3B8A19D09
6eqcbggn8qkc3tv6r7r7dmbasa,4F7F150581635705D22336776BADC4C1
dhd0n1p9hb6be94rdmiuuamcct,4447AD5FFD6F879A71B68ED194670D49
5cbl7teohfs4vuad29cc2ugfod,4B43A1F8C47BA895B9A6439D4505D765
umvs97ji0g5opgj29sbdkmgk9m,438382968ABFD8DD088FC1A0C9B02F2F
thtp6crlpoevhnjdpkv5boujtl,4516FDDD972157553548AFD7F99DB901
2bgr1t1uvr45jlj803hds9teos,46558DFCFC0D593CDF81ED05ADF7EAC6
ca9r9au7et1d9chicc0qhvfmo1,404C3A68B8C7E0787D2280387BF1310C
u1gvh17meddg4clml2onk36p22,4D84158930FC93B20833EC5CD3C14713
32uovlncgt7j7nuqhtvekeo50r,4831DFF3D32A1A1021EAA9689DFC3DA8
mproulhfo7075aev759hr0llih,4461784A25BF078EFA5E9113AD2DD1D0
ruqvsufhu5o0n0p96fd6ku5520,4DB9233D1F9AEBCB5A0DBF594C8DBBF4
uocam8ldok725bpjca35n2p6o1,4CF6046BF13204776CBD7D5ACF23A0C8
jt4fpbpn94qv3r8erp2l70p3e,4A1DF01A664552B6A5F449DA0E1EA07C
ahc68v9ggvr4ajvqnut7pdrkvt,4C178F9261868A8932FBEBF513C718A4
ja42m2cku6b1bhp61kujcg1gnu,45165A46ABBDC454900AF77CA175D8BA
ja5s625r3cng4h53vh3nsbbep8,4D6FD75E98146D9382527A4CAB8E0B36
pbanqrud7jeh6sf907hjcvdk29,4331AF331088C11B1ADBFC63650AC9EE
dttthif4iglgqtqvqnljei2m8t,4F690EDB202726E815180C6CA9A00587
56bf3ucokq9knqpfm3elf784kj,4BF489FF26B58951525BD84A03FEDF7F
831ad5m3rl5kf3f1tu4joaob2o,48BB38C9E322C8A1F7BEC329F96E82E6
1gheedgsmp4ll56ujfu27dd44h,4D404E79984278B0E2060FF2665BCF51
50js6s04pukaavd0q3olpodo8m,469DC32C27936F34840F03E8EDB1D4DF
n2d14odju83jhkoiojuta10879,4F5587E8CF6990A1F05892A74BE8256E
t6s5e11n802a4n92530raiv27m,4FF8AAA9B0130810C0F48DD8B599D74C
i0ukoh5bhc4vkvpacvas5ckvtr,4BF438BADDD50CC4F322973E344871C1
n100gef1j8t0ae6lm9fqficmju,4EA58E8037145827BD14B3A3E8EF5928
p1og678num3llks4tfk0oauaa6,417702721D3B545773D0445CD8C5AA58
rj4hrvuo9slceo8galpoh38kek,4413685B1106988374DCC96DB78DEA71
l1f5542qnib6f1pr5t30l2ch0d,46D0367344DA42000A8291DC2328D4A9
ca18bodu1o84t5sue2mlt0nnkm,4E3E0DD0904784FF92A15596546DCFEB
pfkqfqesr74c79mf0hn4d1p2av,4190B5761DD7E5D9C00ACF006958812C
d4klnj7bsnmpl248pvdj05khqc,4187FC157C30F68CDBC7F23D17F280E9
djt5o537i07es0squkqgmmudsr,4007152E9EB2D8CBDD6BA9BE416D4F35
4nqh7a17tau2eb6ia5ic8ep43,4FD3FA6B852ABA29FD3E639B67EED8AB
pdjugqev1rveau7v5ie943mlsr,414B6EF9AD0DC0D3315C817FD9F76D1B
41atgth8pfej3rhmbcnfu2cqu4,4937851835AF2DB50780CB828013943D
gq23j7k1nioklv2blf6gfrp6to,4AFC602813B68DF5BD6D207BA7C221A5
uo2htcug9u72prhnc25vcadd2c,4E6EA946854B8736DD57E74BA5F20115
apm3os4pp9s7v4tu9sqvq1mu2c,4D2ECE5E533AA8186BC6928D08DE2BC6
kt47pvlvv04lnmesfga070f5qq,44A84861FF334680F036AA33C3135D33
e57mecucb0dnq99v6q1hnn7em6,4FC488DEB126BA6B2040DA92371FFD56
9gmkfnfvogmgulrmbf26qgv251,4CBB6B0FA6CE55DBB2A603724270A0B2
6hahsroq8lrbbqrgsmlfjf27v8,4FDA400A5A265E6DF91DF81D9FD66FF5
qqkm7bvi4vf36fdverjdnjlnjd,47E9415991A4E570035553E8B5B46B8C
okjq3fs3flpfsdc9houvjfm54u,46C0CAAB2A9BE84AFBC8505C6FA13C40
u5s80hm51gnnhnaafot0sp6tbf,4838ED3EAFB889E1C5F5B7CFE4AB42BA
q8qs93jsp11plmm8rol2gint6j,40A542901C8D33D25573EA51455B4216
5jg1ia2qcl77c9si02eblbhg33,4B5C757330406130C2FB55C4931DC64E
msils1uj427i7anh3oo6gg2852,4F43BDC863D539F4F80D1A6A17AFFFDD
gpsn2dmbsh35eba9srl6uatme7,4481B560327E43F201AC07B6FA57188C
u572lt6edb0gcidf2lco81hg8q,46EFE3483289D979A429CD91E7CD6E30
33rb5feup6r4ahbih55bd8qh54,4072080CC859B91ED967564DE2EEE605
30kjbt3vjvan4nujmch0hnd0df,41031C2E3313FD47AC964C622ED806FA
9jufm1if50b6akors1qsj9bls6,41F95DC7C3AC36CCA694DC55BAE7B2D5
k1llv45m42406ifsqe8les0p14,477909845C615BB2C736E5997ED40ABB
kcrqhplnvnmg8cr4coo31tagao,4BC614CE3D5B5BCD6CCA0B9C449F74F8
jr2bel1cjmakq4krjk725lq1s8,4A7888E964BC460595019161BB1D48C9
84ss302indu0srekkqftd0e8cb,48E98D78AC59AC15AE87F12A4C08B820
8nkhr4t643kub75csugqe30m1e,4AA688A5DD99DB0C2475544409E2FE59
5a3gfm7gq6ppejecu02v6d0uso,4D6011F4A387EC8AB744399876963796
7e1v977f8785b5r341ji5otq42,489172ADDE54E3DF576BAB086BC99366
2bhq9etqd3q4rdd5s3i43i7k1,4545CE96A53423C4FEA28DDD83B0CC54
8mmaf7eostr64gjpjalssl39g7,4EAE25D8334718DB12FB594845F7513F
cgg320q707t7050vri4hggbk83,4F23B17E06E2970527A64B3B54ACAC2E
123lrfs9cog0lqrgc80bsp9sqe,49D5569039DD50E1BE6A8EDC81A7529F
u1tg1cmne3ukjmtcqvdm60gl01,447F47DF4C4A6AA8E001CAB52341F3FC
jrk6c3a175a4pr5lv2l4gic0af,4DF6BCC0DD2039DE75C93B7F4DE22654
o278ppnp7r5uatgvt63ff25tcj,46FB1788AEE62E3C7CFB88BD0A2C3248
j62t7l3gelm5h55pr7m82h8d84,44F47FD325318DE797835E37A0FD3C93
k46mb1s5vtbblf35gtiit1qdqt,4BB3E7617FA395562841EF6508DEB181
5kuigckn1hohmfets2mage6e1n,4FBF806FBA1F71EE2820F18D4CE1D7B9
l1lheaa1fttp5v2soug1fenqi,4332F9B8DCE870CC15BB7687846AE57D
1615bnmap5c4gu5fegb57isuh4,431F7F7DE328226A662DFC1A08522415
fotqg0d6qaksa6ntk5b7kkvpt5,483B0B8DC4E43D6408FB2F748A9116BF
hpukeefu3867bi9vnkfnc19gge,4380C1FEBDE6A63E63F8D3DBE73C1527
9qlravu37rukgheg72bla6vg10,45EFAEB115547FC91DBBB024B170C07F
l00glm7i8chq7thirrnp7cnuvg,4EBCBE7B1D263F01D69BE7AF06FE82AE
2nmom02rr8ju4kvao2l5edjm31,43515D123741EEDC0C4512D492A8DCE9
215r6jhkemochjkgud7c4l9fn9,4EAB7606A4A12FEE37E62B3AFB8D668B
fvm3t1u1uldk1nqpal7cme7tmk,475067BED37005AE3231BEDBD1B4F2E6
lb3seekhdlicb2i2cruaqsvhmd,424140642A32854F2A60423807028823
tl16h9a3k0jq20ifv994hhnfv1,4C871261FEDA1BDF8487FEDAE242C242
uh9maaoq8ninntpocb0ve129om,4DF6FDAD963AC8A0825C355663C6F3D0
d8e8frf40d0hhv0r1fdpllgj7v,474B09261F81C08790014CB9621BE048
f829d6r83775i8ggcg6bh2v7sq,498BA78E7C9EA1CA3DDCEABD3714F079
9mlsiikn8p95udga216no5ov1l,425DB7955B3348C65B5808FCE6C4CCCF
ojlufh2jk03mfsh6mbno6dkock,49713F085A98BE4EBA4F8EFD327CE317
cbmn3t3cv1qesqrfbrfucik0ss,44324F4AA1DE68C75D47EBBD2DCE44B4
lrhbebkt74i68chs49k5mq9kfu,4C3BBA9BC802F9D8E2AE7E897B133A4E
hkb4gkacm3irf5s21pvfh4fqs9,4EA775C22553AD78E29DF82C674258B9
uedncroaocp6oca5rnar5biv6h,4B459669CA5B35B6FC1AD5F43EEA0E17
43vn2qokb1klh0v6bpannvmg7s,4738C6F7291A310B19F003F4141B2454
8j020ofpm4gjjr75he0vgm3dvr,4B9934001A6327A11E55CD3F2F8BF661
nflrs2o86dvtsmob7nol7bonh3,4B973DECEFB4A7A080DD7E349D978D6C
4j36v4ej8rgoe7h5g2umgvi1o3,4CEA887D114105E3D0FBC640675748AC
u930pajtsjoon8u704nh3qptgr,4794CFF2A6A5FD5B33AAA33ECF86A5EE
12gnhf3d83cg5tmdqg0mu3fmp7,49B873AB47F2E8B9C1581568B73CA3F4
3sd8jlda70mkj8193s781tdgob,4BAB88D7E2909A8F6889F1D57F52A6A8
ltsqiedlud071oea0uk3ne6h6i,4E7CCC79FD295CDAD3B7D5E98315DA35
gmmti1s6ss43oqqfdva1vab0a4,4A04CD43A00DE2A87417A918F32A50A1
31li7n4852nr2hp6h422ats56,4FC10E346526ABD2CB487555BBBF3055
5f3jp1i70lbt265loml1v826lh,445DE391DC5BFDD664C9BE7181677769
j4ura7fnjts2s1iqsj98n3iu8h,4038E5E8A8970B67511B989DBBB4F4B0
55d2jep00dhpsf5jb67reqc91d,41C505C8C4D9A9EBBDE2FC157DF6F20C
ofv8c3i6ftis9fo3868nel8v7f,4278705962C7FCD63D7B92307AC348AB
81k5aoudfcbqmitq4a8c47mgv8,466D7E7BDCC2EAA58C3B8A0EAB63722A
r8t7q3d84iufcdacdl5anqs051,4BEE2071AD9CFCD3B17A9B0D564619D6
mmp91v7ejkk6p9q13uq1bacqv0,4CEB5D0C242876F683EB6E2100121655
7lk3ae9bcduupee9iqi6rmajj8,4697BC709F514306CDF9007BA6A850D1
e7amoaenec9ln9ikn5ba5l7gtr,4DD1C73398926CFA583C1D7926C45F3A
7gbqtl8ap3l29k6tekoiqgi0rb,44F0663FA75C2AD10298AC7123C4FE8B
mccqjo67i6ecbhjgpkt5qjpet4,404B3CD1B3515EED3B38EC850B3D3952
c8vj7ngf6ghpkbggtga4tamqtg,46FA67DFBDB0D326C029B80B7601A9C3
rj5setm65v9cnbf08ahqjols0k,4EBD6E06B2DC567F00B9BB7C9BCEA104
n0mjk2dm7afrb4d7hkmaisruf,4B6CDAA8BCB03B265AC5CE3021DE0802
vk7a4l2t8aa8sft85iigjh0kg1,4B7EA6654862DE45537968435F5CA7A7
gt21tt6hjn0u0ke4i4s2i3q45k,466381A7F276F065E994A97C921B977C
41h8ek99jl8os03l4vu7t2ln8e,4F9A8223B4D8280CE25713AB5EEDA0F9
n664hms6fpuvd6ln9dgupjlfuu,4BAADDA4373C4809598472E51FA11B5D
t9urv940of3r94dhr92rshanp7,40F713CB8B4CCD5B5C2A2839AFA21E2A
4bogkte7co7gpo27m2dlft2r7e,46468DE69DABEED16379C24FCD48B579
cekffv89ptrgk2hvufm4javftk,49F4C827ED4B53EFE2D81E4A537EEE4A
b5rl2jd4u1jqc4ct98scb22l56,4E03BC3444F1BFAE975354D1663CE6E0
jlfmnobflm5k68tpikqn48odvu,4AD49A22B909D69E59AFCB6A6BAE598E
ke3p7hi21j6ai5s55l1sicm0pc,46FC30D14A155360AC4213A2C45191D4
md32o0ed179t06d7t4shrv9lcn,4935FED6653AA430DCF34A5E4ACC972D
vb6bb0se2ra24uov0v902bif79,4E660525EAB46EB9D9E7114A808D5BCC
d0psrplkvik6r2fes3pecj6jat,48EEEB2FC5370060BE1BCA61EE019D33
junqc3at6kkrcel71v0ait5lk7,47E4B1897853E0329ACA5E45087A4F02
u4g7v6fdbdff4rhh99j3ocmh4q,490B1E3420ACC286CE30595622B505BB
b2030csaf5kf3qia9kqtvm9v33,49838D3DBD3CED9895C41F0333EE519F
vcdhu19q1v3ht0bqtblc5ass9p,4595ABBA23209F1CC40C676FA0D733DF
hkovus6a085u3hhcuj4869biva,4784B185BBAFE072FE28B2CE9FCB901F
3h8r1pvom8uuti4fpp6a11lqdh,45AEBF01202D7B86EF93C24B1F2CE948
1kpa5fjk0o8cedqoo2l2s19l49,46559D99D3B74F70E7A08C6A503EE55D
19bevv8rbgr0kjg7588mlffin9,4240C5F1D517DFFCD88C8E6F9523B1E0
mufrin17sd2pckfe2som4tkfv8,48CE9D5E1DFB25907E215B7CEDFC8AEC
58nh0tpue9ralron4grllqtjmg,431E5DD9897BEEA2E4D7A2ACBDF5724F
dj6vp2mgrhup6p6ri3kajvfpeh,4C8FB9037E73F8D73F99FA7A2252B113
lkdi4vrnrdcvo0j4rfj7p1cl7d,4B2051AFF64D9DBDE2DAD046A7989B65
cvd3eg6t8q5m7i1p61ad27q43s,47568C15D905684723EDF4E79AFA66F4
5pn8bc2mjj42ombnkbbnuu9cfg,4840F43A44A22F16A36F50DE84DF3185
edkush9fl7dh81oreut3m19j6k,4BB0C6BEC43475A6338343BB493F674A
ohhtqungonus4cb0bft0ae7t5r,42788D76DEE919A101BD337D94104BBF
34nj2h16ttai1738ejih9lul52,4E96E842379E3BDB654805513C500C38
e35spdq14f2g9k5btnti7e2ikf,4519E10F138BD3A00D5F08BD5AE8B666
slcr28n01mps7e1r0g20guq000,4B8D1E1F8185441DA3F1BED1221CDB8B
d5b402qbnvjfraqc3i0tfrhqq9,43C453AF28241869FE61EFCD276C14E3
qa7m4pntf8n7kfop3felb9c4d5,44BB87B5E6AC33110660DA009BD884E8
qjo69rkfi5v9f8of20v52m9skp,414B833CD558DBC3C6BB46BB47D7BD6A
di5ipailnb97cdsn5aofktihmv,4F33EE7F3335B2E1B96B4C2FB4FC28E0
94veokdq383815trgf64sioc5p,41A54DAD5CAB67E0DE47CB8D2EECD27F
tojm87c2p8jo3gamgvh7p05ke4,4C2E902668AF9563E4EB21384664B84F
rpmhh6sqqflqvmfslh4k3oh2u2,45DD7E171D314C3CF29A3DE5CB41E839
glus7blf5e3t97ejebkvmnmggn,4996077C3AFEC525191FD99E0482066F
uh0pbg6g6b4ga78sncrssfvsd7,400EA900FB5713196D14D8AA81FD657A
qg99om42g2ibivmi1l0g2q00i,4082D1C83560F1EB27CF9AE8A3EE4FFA
9smoec9c269qstfp00rj9a1jov,41A872F7B738DD143F9DF2136FD590C1
c4utg286v6m4v3u3s5d1bqvj81,4E0EB4C3B907348AC896BAC92954B8A5
6dpm2la6b1pf9c964kqd3e4gak,42E8CAF9CC1937ADB3E92AA7852096AF
b60b8a328s13mrs3od960rg88t,4D76625E0B0443A59015D80D973434C4
qpap0r2rjmghgd6sv2uls8f9b6,438963FCD7EF2A5DF4D47AE45CE00183
524irlokpa3nk5ij6m8gedeg8j,491DB60EEB87CD4E89075AFA69F9914F
6l39mm0lpus5hnhrklol2ds1oc,4AA1AE2C22844A997D6BA33936FB591B
bs3sk0mggqgvucmn2is1dg7tap,4FD0649DDD624C97C6E64FD9ABD41D4A
ba9n3f76kgna4bk8527b9e1pdm,42D231BD554B1D649AE9BD0C6320FFDA
raqfes0lehpto79kfsij552jir,403ECAD2F7C17811BED20727B78E4D06
8o6uf76t7jdlbj4bno1oplh2n5,4937FDC7225C3305170494945B1611BC
766575ip6mfrgi2ngnbke2mjvr,429B91C8718327D7DE39F87CE2DB11E4
u925q9otl6p6vkm8lug202agub,40655776B68B3832D28AC2F3C1D72A3B
itucklb5mluecrsqb96426dbi5,49F2D4D92FEFB0F8929F80750A575618
hsdrjog8260pv4qkef9eo2ccd9,477AAAEE4061FAFCF2C486E24D125573
7hssdkqvmgs17qgavijk3ep466,4390D4F18840BAEDCFA004FDD5224AD6
etohv8fga8dfooe7o346o0eb7j,40C7CFC9FF7A9E622252C775135C2B34
qb2ng1vve4buvd8hrdn0p00v4a,40E678AB1848B6F4BEFA3638D9163027
i1ha8mvdles6cu50tbl2lkfdur,447A271240A2819822286FED4C6AB71F
ifgnmkvpf4nk5orod9l8i9ana5,48E9BBED6FD750B2777ACE1DF2F7717E
qv57rfmnvkh5f39e6o75tfg0ct,4FA97759DE7F4BFA5F351A71B0CC76E6
ln3d31vsjugj7iq60vpdpuapt1,45251E1B2B8BD1032A8DDB38B55A9DC8
br7d9rk3klo20aslupa05churm,4F95D0F971C5468CA1AC94399F68DECB
slmi0gtifrqh76gq94qnhcll8t,423702987D81F256C77E0EECB235BD5D
ra1ofbimfghd112climis0gijr,41E7FA32E96532B978D0D64C47B84D0C
pomko1694seishh3q98g0rk72o,407AFF8906EEF685239DFC6B2CDF20F4
msms6lbkdok3cajmv2gbrv8j0q,43EEDB3664D9E2B30A20D62CE7ADC382
9l978oieobqs9dfs079ut7ulvd,4C7F5E1EC53BF843C216C58D54942A2D
ba09bko3ebt73kpf5m6p0m1cja,453E5FD915FA738C36EA835AF4E38588
kki1q3657gn1vvc8og9e92im4t,4FFC5499199D95CBDEB4F92A4E3DADA3
65bkh6o671scqupb2c7covogln,457A75429B2DF5E93D8A012F914AF8BA
llet4hjnfllicqgae8u5qqtpu9,48C121025D03C8B62F929DB98E4C2FF8
c2b2pm7gpf0i25im9un44te8be,4FD99BE6EE59224C5B2FF1A937464BEA
85bvqartak28de1e09rg3jb30g,4E28356FEF542BCA7CC030FEFB3635E4
r2iubpmb70k4j13ja2ajmdmu6s,44B4FE6ECF4C22DA29699F6CE35302AC
j43kh1feq3e3kctg4ahatlc5gh,44E5B0D8EADAF9B59C696F7143FA82FB
4u3kvqpvegu22lk95t0av880tb,4ECB75811D711103A4B257CB1B5A1C85
a04q1o955a16k7fh2ga5tcr76b,40485D778DF9C6FCE77B291404F9FB36
lvqekg8mbhe6l33dvhnc04kf0r,4A2B6D9CF9EE83603B3BE6F0DDA4BC05
7juod7qtodcacluvc3e9ig9kif,4806BBDF1A176EFB82ED702255EC70AA
ptbkqbjh8lp8om3pk0manuj0va,4845FA02F8A5EE00F89BD22C56C240A7
1itre07ktj5gjfi8t5jl1adbb9,429F16B550B3C2F88CD7EEC33FC47D35
qhuevpub4j8o52gg4c1skgph8c,4E8CE4C5BE4DF9D64EB9ACBCC006F2D2
gqvqvt5gqv48hbvdno0h0ln2vb,410067CD06426E9ABA259AEEC42BDA76
nbhgk4ug4r18btcudo78u9lg27,440CAE65B45C73C495B932DBD88E61EB
sjq3iq9ucda1mr4tcl1mtju6pd,4ED535607E562FC5C1710A5832588320
5ghn145eees1v0egbutigrp95n,4439538317E958BDFFAF293ADC5E04DA
reu44kpkmqn75klvlhri7udp5n,4817DFC16BA7D717426FA3E22CCFA7E1
a4bbptv5kar71t6hsnd5u5jj07,4B5BC6BD746355C9BABA06184A134F67
80oovinqj7a0n20bvojhtr0bdo,482B3A7832A60ECCDE010F3AA9871591
fcliun1u9dgnpvigiio1klq3r7,483A0D40009A35D350BC64A22F07A45F
6soqt3h56shkl9behp7dsebdp9,4F2E855601537CC7047177CE757B6712
v0css5h5gg7r02jjftj4hgh23v,4A8D34784A69A3921504A0C8D4CB0746
9qemkh5vgpmq1vfcgo76a34iio,495C6C85BE61197D09F73D1FB19799AB
am9l6v5p6tm4ceag304ttn12,42BAA183D36D768692899D18201CA564
ji4n4g63ntmtq9nr7k3dbrs63h,42E4259095CF6165ACCADA738BDADF70
ri0ofga4qevh0qln96bkbllss8,4675A6D2C63BC0904AC53F2E442389AE
eo07out6gka95uqufbn9pvanrt,488A20996C0A8F700373216260FAC13B
b4lt0feh083ig3203s5hm0nhk9,455224311A45C1CCCEE9030C1EBB04FF
ck9i5r9og25b4b0p8t1g7hapog,4D4EA9DFA345D6F5F1E0CAB760BC940A
nv7jr1ar55infc9n3lvr75qvlr,49864B721CA9F50C4202C26186CCD79F
3ck2ghg6maeubrer32kpv7f5r1,444E8BD11CDF57A59AA31E2470E3BBEC
69q5k8aperm0t0upqjv8bdgqn0,4FE4FCBF9FD74A8707E57469EB08021E
pshf65r1ckfhcht83d3ttnkg6b,4056A703086FF835E9E0606ECB8D299C
jg8ee363ke16ivav6r58114l5a,4FA132979C28A2DEE5C77EE3F8C66FA1
mob2trppeedu9pagjnuthgl07t,47DFCB057DC7D2DDD4E18CDFAC369166
cdus61hdrvuf8ekvovp9ujsq2a,44C343B97ABD1D508E77F8960D9B7A1B
rkih8ofjd2bgnsb1mao4og2f8g,434E7CF672B8DC175E45E7AD59F0F603
i14cscdoeqpag21skck91rqjav,44233A5C2E9DA02294024B1FF57AE416
69674dsm5eh4lso3nn60c0vikh,432CD62AED25A814020919DC0626AA53
8s6gsmjjatj8gespnn8ele78ld,4E5AC95509B84E6764BDB6ECE1AA56A3
f547il0m14e162oed28vgbutam,45571E90D9601045C0B483042AC3765C
613njcvnmiqoucp2eko3udpvih,4F1A1E552E2D09A187D855CB5A5D20B0
prtpboqd4defn3095sj4o7acu8,460295A091247C6D3DD12458C3A53ADF
9co0dctd4phjldvobvpnmpaet5,4238978AE17F434324AFD0F37246FB53
7cid28rh0t8joubeluu0hkauag,41796EA8DF36C3A3DE5429D332AB280C
aaeoplco3esckundvnas9egahf,4FBA01F65BA3E33E33C5F48FB8DE1C2F
irm7fi5t3ms1c1mad6u69v0m4k,49D90C5C58B2B24E8818176FB2451579
d0kg1ra64jpis1g6krl9t6d2jn,417A16D73D1D026E374DBC4370C99365
lsbn0idql4fopcdrm4kv3bofo8,48514FBDE330BDE4FA489B9419A99A01
i7gkk4c447o4o131p3ifeqjs51,4211DE6EE2F8ACBAB1EDF09F48EF5E1E
ubo0p7pf51bqe96drdugl62ufm,40308158106971AD0343CE234678C20F
3f0smgdfvho656k9svj62ep3q7,4EC5E3E57B3E364B2DACEAA3DFDAF328
qbfvsc21t992af9ece0806s8gd,49FE057647B82965119CD9A27E16C241
3f7gm0e1l0c8ouac0plc19qej7,476D385B035022FF856A7E3DC1E33602
lbpbfp9t8s6urviqsem9gd3r7o,4734CD164FF11656999C50B2153514A6
ac4raqrs12bmi8our1h6vijmmq,464C156E01BBAF9019DD8D1BC66FAE32
a2jm0un5tiemeljab422e1qqcl,45094C3A8A2CFC61E9DE25F850DAF716
llbeukkt7i9aj01n1u1qiq66p6,4AA88339E9FFD538E6291B702F11616A
mh48vo2d8eltsj64ceq74lc2dn,40AD643EF5D20F9E90C42DD8E1C5ED84
355ti0duutdthbrgsthijcvpi6,49D211633F429AB9AD35757E9CE219B1
8nqvumqujeks53bet17oi1k1f7,4D0D25F0B90A85AFD428708CA58F5BCB
js3657rh9ci7i0qndct7o8fafj,40B6A95A9F7084E4C37C5CDBA8A39F6B
mf32omrvlp5p6cnp2j9714dp3g,43916F901129EDD609182E88AEA9F53E
fdv3gd4ibr5o4u2r4k8vn6f086,4B2A1D77B53B7A10EEA830941D2331F8
6orvqcjdvra4r5uqp9pih6e3fa,417EDDC5C26FA6FCCFDFB1CBB73D9C05
5qiu3c8tpv9e32b6u1360rr19u,475C6AFE0664268F8628EFD7BBD25A85
uaiqj0epqv8li0l7su4hethf9h,4DFA9E9D3AAB157156AF20DF052FE07C
duf28gv0dhh8urre2tcfim184g,410DCF3FBFB28A39B89D1AB83E34E6E5
isicmtqlu2gf8leoshli3e6hl1,404690E7FB1F7737B0CB1A67025651CC
ch3a82oisdhasfa34uk2p970ra,4ED740E2F9C563B077E6CB51C895DFF0
cs93f6e291oleps4hsuti47jtd,44DF509DF9773BF881FC7AC584984CAC
3rcees97m8hpvs6p1sc2810mfu,4FC61D935A4EA705523A46D64EF60EA4
ahvevqrgavo1hqh187vfaog9pd,4428081EE20DE97A7924BF7D0905CCED
ugvulk2vccdek1st0eqlnmcouf,4B3A715E1EEEF98B2FD5C6B5D1613410
r6383kb3v7q5u7da0gtsk362mm,492BE997052060298E69806952DE6FAA
3o087l7jidrkq7hi61cbli1ntb,48B01B27AE0C878BE73C2EBEFADC207F
s72u224vglit986740q8is242d,4220BB3E4536D5D49A2D78340DC983A4
p7af83l807munbts4c7rb6a0ss,47E7173B909A34C8E42DEBF8EF3D7E3B
gf5cai4itbnr5rne3nk27fr8et,4D516703A9ABA29ADF5867931FA21BAE
77b52m0d594dh2b0i8sctppukt,4190396DF5CE39E7FD1A001C82DA8579
lc8s35k18tuai4mgvhc68lkco1,42B623CFA7265E940ACEA6B87B2FF7A3
nn455ecgrapgtnjbm5fk9sinea,4F0743BAB74BD6A54BB72F2FBD382A85
4cat643pfatjp7gah0m95tevu4,49BCD286803589A15B38F89635B80A8B
vgf774mdtiplbsounencc0ou0b,4E7ADE0864F673C29F762C83F9CA2F26
djl9sqpmafd7voj3s3n3q9rn9i,41F0E65ED14805E301D42BCFD9D50CBA
ti6h3iqthojtv9m36s4ff7q0a4,429D0E8705CBEF6F0A232B953AA294E5
fsub4dbc3en1eglbn9lvooslq3,4230AE5749655264D83CAD014AE44852
p633s6lgteih0t8bf8r2gn0dug,401F733B6B97C3C6B9B9F1F5D8C51DCD
ol411hmb6gfn3s40ijpql1n4o3,4B0B50B89F23F78938BE146E6E3D4ADF
ffh3gnbgivu67vcie2vkbgfb3i,461D61E284B8AF9C97C517886AC1E00C
6d2fk4immck5posvocdu2uo1t0,40F6F584240BD1B72206E8D74D3782B8
mip38bjqd17d2tu8681o42426m,4EF13D179E23BF86766C02CCDA33E767
jpdus0t6e7amcif22dpmu7ctqj,4AA4611D180D7D3577D805A5A7C5CB59
95lg14sljh6ldgodng1v0fhulr,4A32BBCEAA8A05F1C0DC35336B7DC123
6uoddg3ogphqiobqu8km6uaphl,44A8089D6F258B591D2F022E2DCEED45
661auk9bssvfiotgk4smtmr3lq,4119E753B7149C47E87076863AEB5BE5
37717j6g9abj1u0h8jhmm4evna,4AC2CDB3B1511532E08975DFD80E553C
mr7d61sbadjm7vq7vifpc2mrf7,4E8DDF88A3F43AFA6F185B0E69F8F102
5sqt3somuqbkrajqfdmc45ipgh,40BEA3F7A87003A14650C0CD7ED2D60E
80t03fst1dciu9gma42664mdtb,4FACC8DCCFF0FAE301A178B10B977146
trfo3ison766h14ccpo4tqvbiu,4BCB4AD78653BAB034C580E201480178
hfa02sfg0i0tpbb4v2dm9f5aq0,4BAF599E997C3C80E5852F1E53C276C7
3koh0c9vpirho11uv6hmcco8b0,4CD5FC0C694A81B695BEDD33759CC5C0
8t6eidn1s62stpmv365b2egjve,4A0AA8D655FDF9537F05F03BF040FE9A
mc3lo8eqc0r5n31m3qfe10l6b8,4D17BDB6F1DDD01287A5EDFE131C46C2
s0q7ro3km8jqh4tprq7e37snar,45886AA6B3286C0611AEE67CDA3527AF
56vct86jbsq429edg5pth62rdl,48A9E8FB9B5411463934BB927BC6DC99
ct3ds5lt6dme0fqv9ebgtkq526,4906895BB0290E10FD0DF1140ABA7623
hqjmmqm6us6tba5usot6ljs8c1,427E9460CBF625F6DB107A0E0296AA84
2g9daadomde1a1mdc1lopgi9o4,4DCF1FC838A4B523584937477F113E09
mk5g16hj7se6br6b2fh1mhro24,4A35EB9C0C594D74D66C80F87D6DA4F5
16id8m1idf3op30uargut5vlb3,49DA790FE3121511839C34A6A6A00F9B
he8cfjjlkmjk6k691imddcdmk0,46BBB4B4136E86FB374A22ABFBE293C7
ij4cac3ush7j0flk62v38n1jqm,4628717D6489FDB2E98CBB4DBEAC4181
5khutnrcpn0c1vmorile1brc83,4018C3A99E6E7045773E2F278C54D636
hclri75p5uhr16558lnm8p6cvi,4CBD577FE096511419BC1640423C48F7
h4cie9l7n0avp5g84r6d3sgh5m,46AEB8A048F726330A5BC23338578F4E
9i0ich3g16if2daf8s2n551crp,49324A020359FF09E3FD67BF70BCC752
2ij7rhcstfs8dupb4p23na403g,480E0596BCE3F8DC56875F4B8114DE99
2r5gpa5dog5e8ttqsafihivu15,451EF11BB21428AC50598BF1E0772690
nqrdkl938a0slqku4a00703is7,41FFFFDAFAF69E0ECE11E241DE2C3AEC
jogmtjkgkrdnsd3765ps380lhh,463A4CBCFC5033AAEDCD29682B2F7760
55u7co0anjnhgrvievn4v3tp1r,4A70A8B22EF4540A45BF59AB0D59880C
gr2djvone2505o6oeq8hv1mgj1,45ABF2328FC6E83AF0C09A7B517D790F
g9v59rpfv7hnsgq0p1j3agt5dv,43F5213ACA29A34B07AA2FC8AFAC4026
j2v2fv0furh22r4t3b9bejilkp,40869D1769515239B63E9D39A70667CB
s96i0oj0ujad9a6ot07co6tf24,434B4FF22AAC37C8023E8936160A7703
1jnij9i18o0k4vtt1ekvvbgbm5,4666DE4382C8654347B8BCB93AA2A399
ge3pehvmudfvp9alm8mqhdg6p0,403CFC0641F49FC2E78F8ED48369B2CC
pljcdampvrb7co7d80ohikqhhn,4874FF4ECD692991428D3189F9A0563A
6a7s0lv9ir1lgb8tqgopqo6gk0,4EB6C59BADA7476B8FF24F8EB0FA0DD2
qr4j728dbe96p1gbdvpn69cqno,4EF5046962C054B5ACD626C6D0E090A6
vi40tjq6ip2cl1srgd4l5aol9d,426D084DB404C6DB964CD7E39F875F89
khig17r7lsilrrid7eh6ddgkd4,4E5F2D661D0F2992810DD76A43BAAF01
vaf0svmuu58o9akomr31frj827,472F96C83D7E5A634DCEE5A48FE0642C
9ejmiaoh6lkl8has5fqgefg4de,4B55834B86923F6D4059653879D73112
om4735asjaj84mbpcc4gcfs6ns,4D483140EFAB2B169E892980EC7A07D3
o69mvkd0cksdcjbc5dfmr74s82,4098E834CD74BE4A9A7FF27E476D7623
9dqrjd4k958kuc61hqhk6hqmcm,42EF854B9B57E4D5E6B7A73197279646
ke9jjjhqo3l5jvi8fk1su3lsae,4FEDE31438E2F1C321D0E55A41EBA52A
999rncgi366kmq1l92cp1uav6d,4997B08F19B11F53750F07E9D98D9BEC
s6hfj5o0a11he8fjurod33evdp,4A3E1222B9BC43DDB26C8C864C11BA35
i1h3gqb72nnbrb2tikhvj69vgj,465ABEE6FBFD87031E8F1451DAB5318A
6rosov1bpa1g5h1g8nrodselv1,483F7B3000C2F2E54718EFFFC363C0FF
75te8itp6qe2bt3bigsp289gnl,40D7ADDADA99D130954D300A665FC2EA
d3j79lv5rl3qqavca5cobtuafr,47EC9F3227ED1C3E1B232EBE2ECF0D8C
pnr41k4bdlg03i1fkbsnb57rd6,481E8C5AEB939FC70A93E128BC42D9A1
outfd14bn4d9j5do1fc75j88gk,4E722C6A9E7B24CB6200944313626F8C
ijd0195o1j2buui67cqk7v6obh,4A33AEFDCC8B0BE1D1A3B87967836E02
c5eccksl7ngkc063utnl06og5d,472ABAF71F2BFE73646485D308C604F9
4uomvgmjbdddlbnm3j0lhbj7q5,4D330C258CF1BF71396B88EDF8210854
lk0gifolmeasckkedlladrpsml,436EB8E8D4D689D70FA95F9328FD117D
4s3udnfb76b11ju9o67qnvr6qi,46FCCFEC278141E4041A0C886FE6C039
12b9vjbivfunf05qlpc7182onn,482D2ECC8E94D5F34B00B8F04237F201
qhm2f2vcltvmna9t16o6a69d7f,4B7F907679D205CB3B3686A65E00F5F8
apql32ghuergnri38s5ojb4tu7,46CC33E6A1D58DB9D260E0CB84A6A959
adspmgbel5cfj1jer4q57t8h60,4BDCD36708A8728B7529CF1C7B3FEFD8
502vsjlklq1sjgpg24pcico7e8,4A3BAA1B9F21BCCF3F7A9DFF619F07CB
glcevkpafl9mgj9fj87cu5umif,4DAB92FCCAFB090857ADB26F23BA51A7
cf3aa7be4oaa3kgi0dtplhricd,41E4E882AED0431A7F3A3D507698111E
vec7nn5da4ofs9madn74bauju2,41F6E2247F1B30E10AD966CE388138DD
6lvkijug453i67kf2bt6jkaive,492EFEE2C7C7746144D8417AABF92BAF
8lah7nlap6lk6mapjens7m1hd9,41EC9CA6F166B0424192AB0C1BCD473C
78pdkabfu8ice6vkaicohop820,408B2D9ADC65DB8549232CD048243F8A
1oscg6418t9698g29moudaph16,460C7E69D224920F1CA59C5782BA4886
a28856soefhdsvu71t0hepedsu,43564F001D1737F7F8C2FB589072D820
4dv8ura4t8r8l2l4c6va2bedng,4682A8B85F0DB4DCE93DD60DE44C72EB
9jas366njr7qoua4dfolj6k0vi,4A3DCFCE4415373ADF06AD20E2858871
5e9vifr8rjft3qc9bhvp7cs60o,4C3CFEE3A9C131818028D79891222BCA
cuode8ep63hq9jb2dm1nmp98vi,4DA6B944EECABDDA29C0CE9554D75905
rgr6qrpe5oki8j935s46rtr5cb,4E599902C09CE6EBB79510D83B2CFDE3
82r9uvnbmvnq9ftkpka0na4m4q,45667F9D53630D37458FAA3290F5E7F4
gvf9appql1jhll08b9hmhbjlue,4516C65810978B5617EF2C5CA307DF8C
hmeqgklhude96qtsj9adu2bogq,41F305B1D72006A38354185BFB43AA8C
ugkf3ha438i02avp9it45k1mgl,49ABB58952E067E200ECFDC416CBD00A
c2sjvbrakikn5ju9160u28krro,48F9B1CA7D813C45136197D87742244F
12db69i8u8vbpdk14th6s1k5ug,47EFAA40A492C1039094C33032714942
9s2e7i02st60dhc6jepaaq2ej9,449953FC98D89D7B5F5C9814A056DDD7
2g8clo5vk5259q0u3i3ts22grp,4173D1D35177B288C2B48A923B2D43D4
21n74onbjkah6eo8g5sre4j7g7,4B12D585D2AD60B1E215DB86B0192A4A
72v6c2oe8jv6fdls6sju98epvh,4DD2E73630E7037C8B4F6DF3D672A0AE
ttnr5phm7uhq82govic90t7kcp,42436086EB47E04774B1F7CE457AF5A3
96hg4uqku8ogsdshaer6h8sh2v,41D33D1C215364F45E58999F9A92E6DF
qvbqt9e4tm6sah3trnsg5r7gcq,48732500234DD34318801B07B2A8F2A5
t17osrl0tlveq3nlvlubed3fv4,4221D0EE291B16BFD7D733DFDD2C790D
g6kt4q87b67nrstufcjrub23dt,46C4D8851CD00132ABE258F6B3F1067F
13rshkgh3mfnrr3s9ielg3n2o0,43758FE7D9E2B1E0405610566136FFA0
ap17h8l5fnf8u4q0bhofqbfm3v,4526396DA3CC0F82BA76C7AB3FE3A7C7
c547na718rreklv4mjrhuvqar1,4EB3C148E73DDFE71415075E6D64FFE4
gum49chtq0kjf910lvbm2d2adv,4E8A4A607DCB1425818542DF5C43A4EF
f62bsom07pqqdpl0ffki241sm3,41F06EC043EA5328B10467DEB3900AD8
d199i2c6u2eitddfid4iktk80r,4DFE70504A0DD399CED456B2EE139AC1
9mda34hskpkkiivc04egvd64lj,430C2BFCB29C7CE4EF8677C1F5381F31
ous830p6ugivpu7d36a8sb9uo0,42D67167760C0A5F742E24049CA18E1F
ub4hq2k1jae7tmf6hu476t31ad,4CFA478682C0EFC03AFA4377991EE51C
d1opd7qqitk7bp6gofj2bt9b3i,4C88B6C6C9B43D414E023D05BCF5A632
su7q9tov82pbcndovjjus0k5u7,429196849FC18BE66918FB41ECF47B66
obnlf60gbharea0r25jr8gdm8k,4E9E8F65D814E355C74195AEC9DD88D2
4u39mogddlgf4qq1hvb3nbscgc,4F2947932D7BAD6882FECA185E6B6B7C
8qu90q302mfnlucc6ighvm43ph,41A7D24060F8B95A6A8C6F2C49D6246C
llfs13n7nfe803k55el65v8v3f,4AB2BC7F4FA9F5911D235A651BB84B74
avbnuu3a47p25ft4e7jap6ifbd,40AD17C623B01C2305B3B590857D1A1F
dvgipr37dmpjhoi2tnnsnl9s8i,482C8E20074BA58DE0C2A7C42C9B5F99
c3l7unv94skncnqpqlrg9vdbmm,4DEA93FA5367DCEA329F1BA08F01442B
pa4u0asuidlrq2nkd6169ech0e,4F56BE6B3F19AA94909995ED892AEFAE
7rekst67ninfuck02gjtlu4cis,47624AF3507D6193C594DA9250AC259C
kp53qqps6opb44h83afto9f2d6,47A0D85EC489FE9A34D1411078881600
rbcbhigl520v4c6hianc42bq49,4E7095B49B6F4A7B94BFD77520C2C0F2
8aqu4shg4vd65slf2gi664gkee,41A9C2E3A549B1B87A392DF383568358
t41ht25m26bp1mrc7dborva7ta,41C2EAD6F6139E649EF5F12755C46FA7
403dlsdos16okljhllv4rorjc4,4D179017983AC68ED0A755EEE71EBCB7
rhq69alnh1ldqpj83uolnki6,49CEF9433A00C1C9E9592E2516D83FA3
cf9cqphavhoe34uae8joglaj6b,4AEBF3AFAE48A606B5F9F16D70E8102D
ta4jv3u5hceujnn2un44uhfg9k,42677E9E326F7CF4712F592941824B20
ojkfj9bhu8tod3ftdpq48v6m0j,4522F1466D2BD9BE49BB3F0D591EAE48
97nj7v09fdehhdj7skp556t4un,4DABD26C509B032C20D3FB27D8413DC3
sadh2v6dbgu3q35b78so8e099c,49CE323B9D4F21949B3C72BA2FC3EBBB
487qtgm67s90di2femu2ie31h6,493824224D81F0890F40C7A9D222A96D
i1abg57ri8rlj0gsq0e31466b8,4443BDCD882C7FC8B57E4532D37C1998
kqp38b0jfqal739o30oac8ghur,40CB6096BCCECA8147098EBC56F27B1D
kk5poujbk068nacugait8ag36t,4F19CCEB3D6280B847AD96874DDD764B
irqmag381m5kbf3tbm4gepm4q2,478F84BF96F73A6B0EDA10E53413DE5C
mfc9kqvrqap6kd00n4ic47hp5d,48CE7222DDB0D063378C34BA1916575C
phbups8be6nl943qogs9mrt4qi,4297D08E7810D9B6044388AB1878680D
76obe5td84rsbp1daf2r3g3ikb,4CDA6E65AF27671DF802AE16249749F9
mlu53mb2hk3sq6b9oqfgvq8tm3,4738D2BCDD0EE1318030F8B7CA171496
hee4lut80gki3d45h0ih7rstn9,4F63C3D546D71B053E84D2041B81EB25
pej5spo9skqolsftht6oo2tqv6,426E76270C76E325DA5976BDAF1282BD
arl99p8smacp8hnafshiguhopu,43252C2C1A7242D8B754800500DE8AEC
b31omnj6o3mo3t36c7rsafjkt7,4D641B78BE52F59D41B9CEE8B53BD835
f5im7l1r1k87jpm9q7kkipc26f,417B6EDEE0FC793151690645BEB43472
idqhhhtboa5vn4or0nb2t3fg0f,4BCE035E059F7F3A48691D42C54BCDFF
sb2585a8lfpr09a74dlpmvtlfi,4163BC466C833B6AFC75580038E01F98
2oue4chu1bruibkietk9losu23,4C1CBE8145F845039FDD102842A040B6
ed6be7rpascsaijrt468qui4ag,459A1723C0DBBF9919A2D70F6C575449
7l0bfunta3874r1umhptt2e2l4,4F70A08570E348B01DFEEDAB9B6CD2E0
am24pnvb22kmrggjvi8k2954h8,425F5535FA23FAE29D6E256BE50F9BB9
1pc6l2mg02jc0lig6t3ns72uod,4DA86D942E1BD26BF9498CC8D58B911A
cfvu33d6qpq5tl5kmedibmcmhv,4654F821E80685FA90B509E7D1146F7A
3to0f0u28p607ruilrd06f2a08,47DC75AED9AE18F86E72995DF7896521
i0udd51pi07glctps33epptifa,469CA6A7C3FC55D6592824F9A0CFAF05
iqca9kdhq2irglmmna2d1civ5m,43A48B42D482714BCF0E8C10B96AA25F
mvq7rhbbifr42qhc28kcs402nf,4F9AA3DE00326D948902CEF985D22B85
j1053u3qkf07ilqv84hiome947,471B5F39264946DE306702E843F154C5
p8flrta1tte7m3o1hd05qvvpl3,4AFB6B94F8EEA28922F1947F69D3B782
h0bsedulg06cbkftj4n12kp1ot,4D42D3EB2D120932AA0BDFF279E8BA9E
8jafk6dccjsf0v1kf69i2907hj,49C05836B687AC6C67EC0DB2C9638461
foufsa8nj7l8cvps1tuq0bc4iv,43E962F5255C3E9F0AB388A7CC2812A5
jgjhf9nltj55iqant88agu9ee6,4CA594F43135F4431775C2FE3B149C3F
hcsmqug6bm1hm811qebo6vd01n,49ADCB2E706E4862052F5F87DCF7A38C
mf3mr5ujiosrrvmr423nrk9i02,40181FCFD23F4FCCFC4220CC75A35197
1jq08hdve75orouo8eifqkaj0k,4D673E3202B5AC043E2BE88F5E457154
ll86o2e1m2q0vlpj6bgok1nrp7,42C9354C5D4323DBB27198CD3D18AF59
nncbd6dr87ulraikscmtggnu9o,43C791B42BAC26B51FE328A3FF831756
1k54aljnusa8dh1tru184raj0s,440A2DF9BC8FCB81D25D3F9D4BF1545A
tr9d9h8tcdndq2k77g5gdl0o14,4035449B8F6F632FB84935AB7BE37C2D
8njf1gf2mqdps94nhcegss2g6g,46517E555C623A8A38996B3D854E9EAF
omnabe2so5pjceudsq9cqop1q2,476B902ADC75293F6DACE95FA9EED2B8
92aka31lnvrjjlp3eerhbkpknj,489DAF5E14CEEE5E48BEF84A9FAFC564
84fv6rmjrms2rf7p5q7b9jp4p,4E6D00EBD20DEA077DEFC9A698959DF7
iv8j48u112231r8ulcp5i16j67,48334EF1691AF1EB130C77FDF9AFCE29
l2hiabh47f1rbhn6fpnevs54n0,489E9E097A5549E111E317B2E988B5BB
lfuq7irk79bdv6ppdh43kso08o,40C4C406FA7C9AF57F97CA9503622DB9
v2rhddi0ggrk4ih01jmcdpmnfe,4C6AEEF01EC643110A8B35EDD4DFA8F8
nj0121o689uadqagheil88mudq,4BF0EDBE208E605CF599649636BC2905
6fedomd4b6vars34l1uaqeet5c,4505DE094D4E699C701169414E58E087
8m23vaab8vlnit3e38n51rv59l,418473A81D59E0655C70F25649E0BF09
t2lusv3d5haa9q08mu5ppvrk5n,4BF2648D03A06327588CC6F8320A9F36
pd412f5kcpjg6q76uha447k6j2,42ECD02612C91BE243EF23F20C854FC9
1nqm00kn70vsnht0tnj91s9nul,4015E1F4C72E7695DD9E587A8950F04A
qoka094hnv43gratnq7a1ffcjk,4E3C2D5C15E33C4BC20547CEB2189389
4b37tuttf0ukgbdg7gu45303u9,449DD6533C5D19C2505534CC31A04451
cl8o0bbjafdn3m44u4anuppn2j,4B7CFA47851AAD8224704E9275071E77
ek2slrnteq4fisnnrqeko8emv0,4516B69C5529F42642F70FD5F27DDAAC
scssd9tbh3lt2e88u02impdigr,4B9A58749F4AC915E03667EB42C7B59A
27803vnl4f4ik7tn22heqlkugi,427C4338AD6F4025CD0B5D4353413DA8
vgp9bqk0thl1dco3fdsl7thoph,4CBE581D9D39DB16660CF28C5A92DDA9
2fb6uotappc247pdkg5safjme4,461C46C0821CE80AD9B160AC6E57219A
vcr3m5894m52pq2nhr1brlv75j,47890F6B7BD0C19D32B79D28848C9456
p80qbvmctu1jr942s4gqe34ijq,4E1FE1976ADC3153D441905EA56FF13F
v5f88dnjnt1la8ah6fpk82nm1b,4F5120F3335D55CC401B0B8AACD09D94
qciq88olnt21kjmprseace1jla,4943924E2F49FFF0381DB3919CE5E2DE
49mge9uvavka6hs0q66iln6b26,4085156FB723BE07113299FC03017F00
a70u3h5rjnp77tdsa4bau97fv8,41EF4C01804E27AD3825B30A97BD404D
belhencush3bmgqakrjm65s8vj,4F8B7A03EAE155A55EB72890BF9F186A
d1rppohde0u2sbsoiaaqjqecm6,409C728FCB75BFA4B6D9A044C370F551
k6t844uiiqvj1df8l432e6et9d,4F26A6D5EBCAC5D45FA0352F165F749B
jpgp4n07i3uo07d3v52aep92v9,4DFA4A53DD0481298A653F2124950B19
feaic1rnpjrh8mcoblsctf137r,45844483569E3E3E824A868368753021
rap7dld1kngal8i53st128td3f,4823CC5BDAA0CA432E5DB6B8ED979063
mr2ef6pkbmkhkdusk4mq6j7mcu,45867D27C7126B3A129F83C5D57BAB65
aj6t7pb42qd714r1fbi0u98ve7,470B6D1E9FE3EA3C243423588E00CB66
d422b4qc5jv4jr1dbuqnbk2g1e,4F4F9C9CAFD8110C1F421DF9DD65A153
cg9ve10rrgu57tl0638tb07jaf,420759D50F660A66E30E7F94123CD055
ra9gk8s9u79ofnirfb1e30r6ht,4B7EF5968C8F88C7C11FA18974684052
r04d3d61nb1ur8qgmmapsgncjh,47A7E4F6F1AEB9CBB3767BC9AC7B0217
vpgfm7unf2h9m8slonivieccu0,429A6B7C7E5CFCC90EBD51FC3D6E79B0
7l6mktocbfmcsemej5t2bqbusr,4FA98EE196F8C89EBF0B58E6FEAACC24
9oo8rtfmmn1cufs0ebhgjbrjel,43488850A0DD121E4418C344EB45D1F4
h0guqfkdhliqf395ib1gt4ld6n,465640AA735080F63E27249FA6FEC7BB
jib3cc926ivn473ln0ulkirehk,4DA2F06A51CC682354D07EB19CAD5BD4
aoets1uu6mmmvr3nk6o2494l9g,42F2E46D675F15DB797C4F6FBC34D946
1uvlc5jb9cgrgs7316n32tf4qf,468B74A35FD496B080464021500BE0CB
3iqlaahp6p04amad9sn36ggra2,46308B480EAC08AB2AF3F43DEB9052CF
njp9maenoptb5bo6v9cp28voi2,48C2362E8D7AFBA16CAFA62A7CFE44CC
akmvrv8uffadvqg5t14v4qdrt0,4B3305609E16BE6B3B7F0A538D7C0AA5
jsmrla0d5210dia0iarpc5fhe9,4385204E03BB2A0699072986EE6E606A
giib9o785apju4so4kpsvhl4vu,4B8534D51052118D766DA56AFBD6F830
97q79uufg4pu98cggl6icqu71h,4546696EE0993BC00F532C342FB7506A
ddd46239rf64d20h2j3tpf28be,4A27B49819788D509CE9F9B605ECA0ED
hrcavuajr092ms7s0m3s39r579,4F9C26AD3D91F69B7E214340FBFC771F
chlljv0vb80o2hqk2ob2iniflu,45956B1B3352CE3C0CB5C9B569D52C65
re0lijab8qpsg1k120a0jnocq6,4078EBD6A5221AE4D02DFC6452D6F5D7
iquo9qtm71fmao4uqj74fice0v,4A9F7EBC8E69538A6AA8EF44CCB4A990
1sncp2sd48fqels6geu3707d4b,41C1076EB022B6DAF126829814EBD984
87puvk214qjf55p3l92kgnqgp7,415485108436B768D9F266BA399F6057
sjrkm52i53jl7jm6juhoe2658n,4A18FB87C844E376923BFD8FDFDD4918
ka74qhf0uv565g721il5h6mtl2,419FB7A1F08E89B5EDD5F056E5F713F0
i3n568ehgbq2lodhuuf20a59pg,4DDDC7AB8024A14A6654348E117DCBF3
ku70k32b3ra8gfr2n4mpj8f00f,48508269ADCD8CF1891E95B685C0F691
90q3cnptmg9ri3r8hji66bq1po,46C0001C802EDEE084AAE00AB0483270
h159iej76vedoqjumlic9pcdhu,4A2DF19E27216EAC94E8D73E0CEE27C6
123kc1qi29776764k9j18vl3jk,48CDB0C3F62EEA9D4FF30DD41E9F4083
hnj6uvikr5nq03ltk9378j660f,4CA8044A131B2F1499F3E33E77FC1C54
tlr08m4p8rueeieahqcujfrrtf,48C5F23511B193E39CE84647738130DC
4ooiri6af0hohqerid0khup5ai,443F50C1D3C449DA2E9F1FF70728FB3B
eaq6ckunr1pbui9lqo1nj9c4mj,4EAE845CD5D72FE96DD15E730898A23B
2va0j7qi8tbsbi3o8uvmht27vv,438BA2EF8E4A452B32F1B00BAFECB4CA
2itgovuddeutnlkv22f9au15ab,4F0C70957719481E3E27601CCB9F1B0C
hb83u53eqo9g4o32na36unm9vl,434F85C59C1F1CEE2706A3FE666F2232
q5rj8vom0kjq0b1bs31rul9t50,4F933A25DDF704990EC3B5A5E65AE9E0
4fcb3auafmdokvvme6raph1dj9,46994FDBB4255B9A1DEDE6FFDFFF7E00
dhccf48r8mi9tco2ml44phuq45,406652054196B60A6A8D9D93C2E7360C
gm7sou71uc2teq12ul959jq22g,45D69B964351BDF0B47F222313E66290
i9miajrdbnqeq36hf3a2ipu6j5,4795289CE9C7E57A4A5891A9C47E48C4
4don9t12e7q3q1krold8fag7i5,40D67D2F34DA42EB4F70D422AC9B4539
7h84l61k903hkhucbjfe06bqqr,4106A9057FB9066BC6EE551D4F8AB936
6vr9ijfk9qft9c39vmk8rj7fon,45BBB87F355C00026C8449A8E0E888AC
q31a8tch5ocq4kord5ca93cpsa,44EBCE984C8D78622ABD231F4323F1F7
hb3j4009jrkj3sdqrbbo6t6clq,4ABAC4501A5232473408CE22BBA9D5A8
riep4g1j5k970on8t3tipkqhb6,40A98471361D0D1C706AE65108169C3A
g3d61blb93ahho43je7hbtnvju,425C9046716CA698F296FE0C80156940
dhh9gstcl0s9749kol392719aq,494A6A9389B0D497C45432076FD262CB
23jjao24jshoh6gs5st2vs6o8u,4371B75892B1CC9C0956B8C37FFAC13A
a7m5hn9di2shlj07gj8ousb69r,4E1F23F5EF7AB80DD1E071AC3838A09A
nrr0jflmun921rpc3g11lpd3rd,41848A6568342A487486B1D1C27A0E9B
654bnkpmkaivq6htviooju65mn,44624794351F7625251EECB514B485C1
4jcdrt2hgg3v7qtvfap3pkn3tp,4F6DD918C318BE0C96F7B7B2F88EF608
q1budnr1rrkh5b4nqr0ics7ltg,4AFAAC5351F037C264135A255F6D31B5
nibsgg251au4m33ctgnpf0vrs9,42441C26E943E4415D2C1EFB96B27804
m4gs1ved5r9198dsc60ivdn1j1,4EACEAD7783A51B5CA9E6C8DD481A98E
avk62fm93m7nmlvc414hon1ocn,42D2462EE6DCD261B78C472034A0C530
rr8083dha9rtlpcg7o39o4j472,4AA2803A9EE4154BF4447E108930FAC7
m7rrouuoqunp3fq164b6vd1f6d,482C5F9568FCD527AD6F6D81A7E10337
336hqlccq7bg69gedmkhidga8k,4A3E3BDD7FCCD33573D8BB1A23324853
10s65obdvs6gqitp8vmofsrpfk,4A4896EC8CA91C4AF8D99ABABE99C031
t6peetjlsnai6h747hd6oaafpi,4B80238164AB688F55A28B3B2A1FB9A6
rnp6b420obp86i4434cdgp7qtr,4A4E79CED1373E3DA94B680DE908E41F
pdsfnl623e29d4b8cup1gdqg4i,4F6CD12A755852479690236E42896AD0
p5kr1j03i1bc9e87hkalheipsb,49AF6E02D575EE2AA18C8E2663AD6231
o9brjekq3tujltkhlsbbc5p06g,4DC0748441752414B6BAD9A901A7BB4B
k05ri4mnvr6ktivjbm4kgtvkk9,4F7D9ACC0E1D6DE01AB2B919B4ABE48D
5nqd3das5qpulqdrll59stqcvd,4B41F07684B68C928C9022594BDCECED
ciu24cdsqflm86579salkjfpdo,4153D43BE700A5C4AAB0EB3E4324CFAC
v6luul7d9ad1tkjt3hhsmbh3v1,4C89F3F108C6E60C0ED4D1994C4F80B2
uqam0rt8oos7h4sgv59o5ladis,4F2F423CD2CF9A1C5CBF43374351FDEE
ilb3pfq5ploj9bvodoenmrr822,4ED9CAEE5C8EF555475D3948C610418B
umo00tcp2sedv0qukn4imk4ovd,4483A79D632E86A44CCA436CBCAEC00A
1pb0rhe0v2dcm953t9ipob439j,4D68C4EA952182B9B348F6A60E6BE16B
4ejn7ks88jfefiin9cbr8rq9su,43BD771CBE7DBD6D96B4B65E844E9BD5
mmjlo1tg86rlethtmlj381uffb,47004F75D92F66A42A961509F5296A80
dms7rlpf9jm7ngub8os4k5b9mg,4B89257BED9C703F1E6713D6AA80ACB9
rkkuva2pbn6kjhjqdgk597qm13,4E50DF953A5A7456CFD3A18ED72B8AE1
a5tggns7muc9j266bqvkohulth,468F220A95E4007D9104368F81C996C5
ia42ocfkg7uvjo7pg7t6fs5aq6,435772D72C810085B406667023CEE766
kp8llq66p976g3ciksob2qoc7k,48586060A19F15B8248BB12689F3B650
rlha6hj5ji6907gq16df3km6ok,4453EB946FE4F58AE82EB1BEFC96A775
irbn764ua90415gg4l7o1gd3mm,47D67BE1E5E1FFD0B202660114749A0E
e06jkg43dbjs689qdn060u67ne,49EED64B83B63335EF65947A0A897218
ptgd6llrf7v3c7venf97suieoh,4CEF317C6150E1A5D79A96BC6705215A
mff2nl9g5741svamdra1j52va5,415E0EA5E9DCE4EC879890CAFB08626B
4ns2vspbneratf97jgdl5k1e5r,45F9C2FD54ADA0DC289231EB35AD65CA
p9121kgpef4prttppofp22c5j,457B2413E7FA7F34F6C0EAF1E73ACFD8
dub4lh94364ljaab4fib7jm5ee,49D7C4ECBF20E023E8D3C0B3DFD3F301
6po90uk0romkhgrba9aeut3dg1,40CABE6D0FFB08720D3EFA46DE7B3951
hqj8099q7d6s26ioqp58ltlonr,448992ECCD3A3AAE7A5E1ECD49AB67E0
ui0h1r3p1kv1m1s46m4b32j1np,401101E6A7AA91443A349EB7AE77287D
ubrh1m8cj0uv8vp6tp6cph896a,47FD21D05217052464FB4382287E981F
mfesjscl0vj4hdhoje4lo7s2aj,4F5E57773E2CB993C594E27C0611D25C
ggsonlfpv0nv74e8ml4rhpc55q,4261F99D2F9532C70614FBF98132AC56
8g3gon3s8usbofqg9rgof2ee5r,410BE381138FD62C5ED9AD29C5363191
dq2k2meqb8be3ttm27623irqr5,4554FC6803A5A2521347406EB43ADC11
9uapu0pnofprj13rb74i1d5lmj,471A86B5CA937CC0D755F4D13431F79E
f2skr7qflaqr1r07em6vpq6p8c,4CF20C57AA999BBEF0AD8CDE9A970DB8
eatm4rb645oo3sde9bglel1ddm,4307C53F9166944647AEA6E98CBA33E2
brltks4j9jr0rhrdohic1ubpqc,4655EF56EC411D99528CCE2A40966410
3nua33tvh6qvh9e376k1hp0nu8,4F459498B6F87DAB1E5D6D17DA891423
44o1jm977mehrm16lt5m443v27,4BDD809A738CCC696C25D94E8DBDFA41
k3u25ns8bl80km0e2j1pfk9q9,4B6EBF86D88529B1C8CE21012643BEF1
7rq7qn85u8cd3u37svhl1n2r9g,4CC7A44104ADF538264CECCCEC16F4B6
tlqt2479j468mlghnsi1v63b9a,4A718189F4CE4546D5FB69A176773779
dh0ncj2rfb30jhsjkorji9vjtj,43274E741F6FE269706F056786DDE31A
k3t9q4eqm1g6k1tnvs5fis59jr,432EBF55EA968E12C1C4EE1E573710E1
rc55jtoc7vdbt14u5jvnpkdi6t,4EF0F1DA8E9EE031F0A1DB85BC9BEC45
f73j6rlj56j2gadlo48pnnefl2,4AA61698CB871F2EDA8A18C8345F0F84
5aao7iaj0u45qib4bbmdrbl3l6,4A3CADCBE47FD98DBCA8FA6F3DD487CA
ckvtsqabkgh1vel6qtfa6kdtuj,46AA59E742E23D95725CF65BEACCE457
cfprao3mvdhc0dd32j5n8fje6b,451E0429F74FEA62E5BB8FB43D5379C0
v9ej8qaeatik47ho3dv5g90r2j,4433AB5F53F05EBE7101237310FEE271
8gkgh69qnq62dmprrcm85meqtv,4E4D25D133C600CD9B23936F343C6775
gq4h1v6ho7fsaeuq04rjkoduio,44441E5D37AEFF10C4403A6EA9113771
o23kal29em2et7qmpepo7pk4p7,43BE2F127375BE3E6DB5B26002DE736F
724cih7mko5mo7jcnsjg0r692e,47F615FBBF2D7B2F879A031D275BDD4F
7qbuc6mbm4dcmomc967p2dj7cp,4C0D3F39F62C9DAA0D549213F74C5C67
guba4v2skfgpf6a5d71k601m66,46DEEF7DCC6E9E1675DD90A303C37A3F
j5qu6k5pri9rs6q0rqt0do8gr4,41765707F4C3B614ED891FD3634FBBB7
isgonfnrgapb70nsqi8g85b0n8,44F0474ACFE0F6D078BF2BDD24B79252
ulc5ulajhsta5jqrfd545fd0q,4F88B905ECF85BE70CAD653E322A0920
1fuimp5o7t0usc80ks41u8lt4,48F730E441345AFE060E03F0F160AA43
5qpb3hng0g6pv9jm7091u6d5pn,451238272E24904478E0035715C5895A
8ie744argeork00lran7n1pnqp,4B70B06D2FC0D8BC45D8DA862CE23AEB
f6f86cgr5aruf7tcn903o0c7gj,4C8280E19540C64F2F3A95D0AAF1300E
5se5v0i5rth6auu39gnc2qo1gq,4A8B46AD4D91D763A64DB6347A7857F5
j76q0bf5u9u2hmjm16gklinnru,4B96F96FA1A6C6359EDBC958BDF3C503
jh0iujb1185omah38okg43mciq,406CB4867D5E2C710B5527E0459E9FEF
kftsst9t2s00s13qunitrmfgl4,406837A0524814FA7FF6F51291C92274
2hssn70pajoe08fm179b0p34rl,4F4D85BAFFE0C4A98EDE8C6D06E0A77A
uu8srg94gup2vtcabfuhv9kdu0,4FD897A00460F06ED22D966EB20F7A51
jcd4msldo7ff1c2lkmjgl6vlef,4C661FEC713CA0951EB211661A35E6B1
f5vi8ooe6f4b680g1kmt4j1uhf,4FD65365DA963A22FA0EE9679628C5F9
uv3v6uhkb8n0qclpu2kndkkmd4,48C3C668CA952CDB8BC24C056C5D0651
pr8q0k3ie26goo2f80124l18h2,49A0BF359F418045AD63B864B9F7FB29
k16vrn3vmh8p2mf0jgduqtk9q5,40B290D88B35178CB0BCD490A921C848
b2ij13a485dkib7jn8nrg4b2kk,42127BAFCF4C550CC9B29111055788D9
ohoo48rf68o4u7sgdukvddpa0e,49BF8D9B24F5DB6FB8763E94E555DC74
4g1ou9liskvflnqro2ol0mpq6m,4F52683BFA1E1AD6C4232E84B2B5E93F
mqm380ae5sa85pi8k3kfdrbcbi,4B11A6EE5A4B1BBB8243BC8CC957C863
89ilb3va1ms2tje577ntfg0d6i,4FAE092C2BD7F4EA2D94392ADD0D3C73
dtq75jhu5ho9q5ida36p9g7lpc,4E6C23411513D34E29A65EADF066C9DC
dmtsm5i3a1elck3l08eb4uhlrm,4F3871E5240CDACEB9EFC22D70953F3A
1lti0sd1g6a341r955vco9ugpr,4640D0F17E87AD4DB70A70B1B3750203
33evfqd45s8tkrfst1dnonim9a,40CC7173DB1078D5EB2E5E500AFA8336
6cu2cesd6ru1k1bsd2vkjlf0ih,4FF6B4947F839AD769147F0120A16304
3i0jci91ev9kb9fh74itm2rji8,4B193CBE26E4A3AD16A5706DE96487C6
pkogsjm5lvu9bv9mbmqo42qr6o,4A33E943BABBA03563ECB248CBB6EB9D
77b0tfk8eo62j4ngdp38cns9bj,4474DA3C3A8D37A3D639D900A919EE4E
4qdu677p054n6vd72rsd7k23lr,4FDF955509A23C818F12A2EBB76C6CAE
fhp9sfomfrfkur2pa6fc0ng4ne,40BB190C598B30890FB8037FEC9DBB03
pgq7jss2j9lkjjoqm6dk09oa25,48B98116958B9A6BF6F88627AE546BF5
uc7kquu28v64agvt22kqq7sk19,4450AC8B6AC75122A8EF151AF4E605DF
nn4cb7f19tktorf3mgsac2vhfc,45541C695F74ECF20E55968BCCBFB223
dnj3jg3cd81e2ae95l96ta89b8,4CB6EA8461DC3EFE70BEF3016D40CAAD
n2eu87njajjshflc5elspqvc48,4C46FB46D0EE807D199F2884D8FDC391
nkrbr1cg3i2vnf7rvpdskseba2,473190C600F20D956B4CE78BC9495F23
70bv783fcvgmrcimplpfflgj18,4012F6EE262E2F991B6D6AB6D088988C
manup0eknk2eee75fj02qs2gn0,40231B99E58B581F536836F2F2A595BF
b4148lk9vnos6hj00hjlakdksl,47E43578CF6F087968FF4C4F099415FE
rkbal43pkv0nupusgevp4gs7ds,4958EC8C662CE17CF698AE3F66DA6EB1
k3a2287j7l2v7hf17tk8g8g1rt,401C7801E080B0796717A025C849DD4F
jkml19nlcerc016ps6ajr26n6h,4F0BAC1468AF38ABF1D387A3CF93F7D1
3uje7fv29fm5q49jqjre9gcise,4CE9768AD7CC8AF29D88F3A10D376343
dp5gjt4sg15n112j4s60k4h2mh,49BB9FC8520B161DA533545D4681C5CB
meo8hkpvu035a5iod1nq1lfe91,4BC7EB3A246CA6E6293C4698C9A390DD
u7r2b0h1tepogq8rsi2bitd5ug,456995EB4C496D20491616AB69B4EADB
5k5l7i7lb7jrpfjdpf1jn4muk8,49E8D4667104D7B70F5CDF3C96FB87FE
ocmnmlfmj0v8dsrjqu0psi2tat,4DC2969777E59B86383D60670C55311D
796udh097o9psb3pnc56ve4i2k,41A8342E13FCADE5B1BD3F1DA76D00B6
qbp0bfbgjuen4ue0uke9ros64e,4641F6B9F7576E01CA91F89554D1F77B
1udolf83fjs78ec54n6u7au6sl,436A0C08FEC0B2F295C2F2A99E273D7C
o2itcpf49o2v61ruqh1khikiq,412FBA32621F51B8432B1687A0A1069A
lpcn6pstrdatkm17lmbogdi0la,4552A57233BD863ECA9198F2FD711A2C
ugnbo7v9gk5ce8lmg1ke3mc90q,4931618B80BB54DF1C42BAABD4C67D3A
vl52j51rqh01kapd0kd964srg,4B5F0B735E6DE73412D6F970D20D1C63
l9ilvhq1jdos4u7a7l024su5ci,428D0C2F5846F5792E27E0625868E8AC
b155v1jhjo1sj0g6kg0o4bg7an,4A9449CE12BB42CAD48B4D33EDD59354
l81q6um5v9qt8hjdle3jcecmif,48E8DC3D3D8F09FA2F65EE8B8F33B6C4
t17cr4hslbm2ifj1t7fk396f8j,4940F345D331232621EE15DF40BA2956
ubudfp5v51b3ru2thlbvmdkd3m,47F9A52AD3597711F1F98EDE954A5898
gvipk3hc6kmi9h20kojvo12ig4,4DA07424F53FA91154BB0CB5D2B9CA8B
kl8qicrpp971dpin6dp3i06uru,5000987C14419AADB086035188C929F6
nb1o44sq4pjqv5hk2ebpgdnfdp,4F888411ABCAFA6B6D25902B4E853652
j99fdap4v096g9tmuiqsqgjt41,470D6695E178FDC641EB50B33410FD2A
vf6rc1lvm35nmoffig230cudu0,45F31F7FF9E739438A2DB769A63615EE
srn2qf3fgqf6t7t9a52480dibr,4DCAC698AC218022B4437D6C2B3A59C3
91v8u4ja1ns1v7rfnqp3d7dqr9,4396172805C5006BC839C8B824893342
ke1m6r10utsbglbk1tu2mlggfd,4A201D048C1B4286DBA2F4F253A69A73
dnqoauk3vv2e02tks0ej63b7g5,4DC21EEDBA8F1939C803C8242805733B
nrgo9d4luu4om7jmns1vq24m3p,4849CC6946D2DDDB7C1030BBC6C10E60
nkta3f1vtdivufhsu1q79k19vd,4F9D305D64D489655202ED1F8BB3BECC
9h9gv4puft850rfeh056odfp99,46EA1D282E5EA832EC9DBD2B9BD574DA
7k19as8e2kinu87a8134u5fnfi,43BBA8D00D94B3509C6CD589D408B268
hfdjgo0eeqq4m1rdhmdn60eft6,41F496C38DE1BDD62CFD66632ED3A42B
v0gqb5lv0tha0fo8ll4arakl9,4AB673A4FA9A1150D025026B1BB262F6
n0ho0gltokjrhv8nakcnj4kfmt,4A316CA35C164D709E276F12514A5DDD
h1fcs43ol31j961q1qojn576vl,4F19C0AD2DA0984E0FFABBD4EC3C074E
2mg9l771gjd9f02hvupluptlle,45CEE31D98AFD764E42F6C4A9B1E4F72
49gc9i7s4jpf8cncaoibijmm93,496DE3189911D46D33856318B80F08AE
tkv5psisltsa81b4j3t7mtd4jc,4C597E547F4C59584C194104B399BA70
6ebh9vrgb1q28mloi9ih87v2p2,40F80404D7DBEF56162E36BAC8B30D6C
s3a151t49jd343tou3l7i038r8,4D1C6B611F03B2F505D17D7797370D74
ntrh9apk9jstcprcpfqpd2j4nt,406E04437DD7A9B0D2764CADC3E6C2AF
qonqgbutc2237japokrgipeq3g,464A00BAE1AA216F18F13D97CA206C09
ont52d8a5v7h56ns8ae7atfulk,4FD5A1168FDDF3E3C2A9CE7F567C167B
doklt1gt2aoufso7e4gm34ipkl,452E100A40A05D350E475C840CECDD13
ntnd7gkpnme2p0ku8t13ob6i6u,4F2AC515C4BDAE0D26DC96F2D0A26359
kdb92es2759t128pbrp1p83934,4CC0FE19B2848AFCACC1F4F13DF97FB1
2n5ens2eejnbf4rg1g1db4s63q,4DF40C485D2B6AB4F596B6EAD7DF1B0E
tbpea1ngj6jfld3bnvj61kjg6e,4F1C578537D3BBC931EDFBF73679BCFD
l1iofs5g3p80on5n4qq79mqir7,431D573F46F2B11DB8D3391583A69195
bqmsk67rpi12n2abfsnt4o4kop,455F26095AA7DE1DFB55DB54D73A3FAB
kfm2omsj609jc6qlc150t47a6e,4642DA801A2A704BE29AE4D668A2346D
37iimc8milokh57cjr9ieebh27,4331B175ECE3931CA42992151E7B6917
k0aqq31ih19ernmkjvjbv9etla,41CB79268B18B0F6A39344B5B619E1AF
lvcodtlcltluls4as0cboi06a,44D11849E4D9C3D493F33357BD1C34A0
rcse8j1rdl0f8ls955qm280ge3,4DDAEFEFDE34584E8DF62C96E6C242EB
rutepaoa4jsajc3l9l368472cq,44AB72519F22C81263C1080E22F41735
12fk7scrbsc5dhoandf6klird4,4024778538301488F4F5DB83AFE5272B
jncc73pb14edf4b33p5v115ui9,43B9AE32CD5CF568B2EC6B815D8C60D1
ae8s8k5kvsfb08r3iakg13i3e7,4919E7611AC3CD189FC783C722444B37
v8nt130mql1bld6db2q58i43ug,4581C2F20A4FF830C1CD7F5005584D27
cn5gokr2amrtagne7avs8mnbsj,44CDA2AF11A169F5910FA92BD8D27174
e7gs6jhept64r8ji5fbdb8u6b1,4AC32E6041F4B829A6477904B841A327
v01s7shd7efhaqa4am3vvcr31e,45E3AB912C28549DE9ED687162C1B08B
ui8q6bg31jh0ahgipdgpl634lf,41BE439EFE995CAA933D00386865EE3A
47rt3csaq1pclsctok9i1hgup3,4F080BF18FC4AD3DAC67BDADBBB0C417
m26g4aar2h3tt3b3pcun28av9r,422DB2024306BDF2C8C7BEB7249AC49F
kgrl6hg94famaa92uvpqbhdgod,473F2BA17E42232E45D23C09706E6035
gb6nqqjqm5mj8dth2juqruu8lc,4E89CF529768D97DF654D4E2CE670BD7
2tbt0sou1q4s74quhrfmp8l665,4E62C618091153A65719AE9F77A7C568
oi0dgi1bsjt4rnb0hjlb416ui3,4B247DB5E6887841A1A3C5513A37BF77
2oqsj9pbsrk6e2r236f43u1b03,486CFE32E52849BF0A897F55FB5B47D9
5qnnldqjf24umofp32smgnasf,423086130091C0D333C4AE36ED4050BD
s5mqea0ai7mns6gdeq3jo08tmv,41BE36E959C8539BC8631BD384F63E84
pb5iea8u38rt7f7c7jkhl7cnv0,4DD54016E40574A5B70C2C80BC4B935F
o8hr6nag2oq5pjshg77objpn2q,43BAB49A8AEF4C76403F5E0EA8AC9AD4
eclltucmo0srtovgnk5i75a4t5,47016BC460490EC58F6DF9B8A224DA26
gmccqsdia43l558igilggtvdjq,4CC1A25EE4968166748B51210158FF42
3qhjinejq5op8q0peba3vbuqju,41E0CB9C86DE2A5DA70B78E9ED687E86
supnvu4idhs4g9qneumek1sq53,4284AC1A7B353049E18B53A5EA81BC0B
365kjdhauntrl51flc6bn2er0d,44E4CADB4891557779F0B6FDA8D4ED38
fpnngmsej5ubahfuoiv51j946r,40329C31317E6FC842785AC339A9FB33
lntt400fff5dcfokv4m9a9821f,4651480D45DF828F61DCF82E5D22DB46
r08e4rulij999shbv3pg9p35aj,4899F96873DEEC9AC1F235FC0A2EEC4B
3hb8dd6auf66h4mqs2llgujacc,4ABD556DC8C433023ABEA1B625898E0C
3ifi9hulu9hcni7g185elo05qa,498E966F55B063318B62434391D12E0B
kbnilh47tv9uq7f8p3iad4j67h,4CF62B2277E3846B58A61997E8741388
c6rn6ikospieajt10368r6mgbt,4EE0E33B48C9FCFC527C66E8C225FE1E
chf2l6d6j8d7kv5b8mi5nacd13,417904A6BD3FEB45FDF6B522089BCE20
agqc4rius3r8hjk2rmc9oj963,4A4A5614043C37574D43AF9AA28A5574
jvm35atul3q830hutfa38ivei2,4704759E7096579FF3429604A0AD6010
97q60qvcu1939ge6ibpfrqprn2,4B9070B3E8ADD7FCAB42AD7B252A584F
5t7vljfa5338qq2ltd9etbt3p4,41AA34BD33B1175F8A05A96FED0CF64C
72te4pb63808m73rpndpna6hj1,4781F9A17FFD5C464D3459BD8542735B
bo19u23uesaml6mmgo2o7hg6a0,49305A7326723921BE9A6DBFE7B47021
1nn68afoot6epdla909ko9p6k5,4515BA01868A74E6DF032A69249E3BAC
q4544tkvft7g9fb02dk914ji9e,40F0F9F5FFDB58BED7BE210117B57E00
eikemgg9rj7pfaenco8lb9qee3,40AB33571C7656478241C6DBB81A39D1
dhbm0ssfqvnljjmiupfqq294a2,4D0B0C14B2C41CE62AE09A95CDF3D95C
omg3m7m8shl54827reu8lfc1uh,4195FB0DB29689E632DBAE764F265876
m8f9165kf0ic0jg8te0v7rc7en,4425768A8DB26D34124E36403D4454F4
uimu0les2rs0friltts2pevdab,4767EF57F9637C0D219BA93A7D5C2C2B
p1f8k0cij2oboab6chvi21lalj,46718BA1001CCF471E89CD7D14B478D5
th7ijk084c52fo23o05s0pbdso,466954C97BA3B423ABE23962DDF0B71B
dg8o462j6k6qgp32o1qrli83bo,4656958768FF09A6650289B7A8135A49
kd32jvf81md307j08t6a8u501d,4BE63317B7F73DAC3EA9229773C1C8A7
s5fq9lavem3l5fpjqtvjffbs1m,443A4FFDCA1B13B1B654B71CD9AE33BD
bs4hd1eoahkb8n48d6kbba4es1,4E073CCB8CF610E9279627A6AC0CC7DD
8vfnndo73ufcsr99q97lbkub5m,4B3DD420A557FE19AA58ED6F461EC9B6
rhagr9shv567htoh1m6348p4lk,49F2D35A82E7C5E2EF8D437F6B3DBFAC
4q4ne3prquu1fau5qbaiedroj,4098CFC1AB0C3C8B596FECFF82A9E206
srcs7dhocdc4mag15pg52pa4d0,44654A531101950D296BC9212440E070
v3eappon2fgke2gtr4dm61027s,49E0D585D39448FFABF27341BAFC236C
67fdqhnbj1a0ukmrr9badb86s1,47F27F5B42D1748A03FC65D4504ED827
62qj1eptmanfd6niboosd4c7nm,4424B9EF6A1BC793A8120786B16F9B2D
jhaunb5i5vl249i2ju4h4scuqm,458ED8E8A46227EF9D9DB8514183E0EF
jm0veh3fvsfb25ootf6q0eo281,4E23567B9D4351AC28F1EB11CB44C3EF
m4tb99pk6belnqejod4lpa8pu0,4C176DA57D25ABCCE0647F908A570D38
3p6o9tghs32fs52f74tufbsjjf,479601DE0F08B9298EAE23EFBC95FB05
pokj05eiakmm4tosrmibuo4fjf,4DAB747B1D68465840CBECA68E684EBF
jnrbqn321voao9faf2rvtqt3dt,4ED96745D6C75BDD56CEBA76B952D1CA
uavu8h0vnegrcsfueodgrfv4tl,435CB343146E85D7E22A81A6AFF501A3
r52da88buma7sei8aph3dj8onn,458445118BEF9292D572189E28581DC7
evb5vinupgnovmut6gnsl1v8i6,48D469FA5024C019CF2BC85E97D9DAC8
2cs5k5ine68lnr204hggd72a8v,49D3BF94B74E375AA62E3A4DF63172E6
kksqv2kpgt6l1lhbbc5h77sjk6,422577851002BD69AF67F18AC758435B
laiaqhkbbr1dbbn7ib7e5ugroa,48E6008E05D86A521D47F76A30261EBD
baq0v92mlaqdlvfqumd2c4dh8a,45052A4B632E883EA0C6132E614BFF11
sof57fali11uledjrbk0nsivlt,487DC0D13C24FA8C3D4D9464CECF258F
q84rvrpnrvdrl58tfverpfm66a,495883873BED8847A286BE39741FA8C0
i4l77qflcl0pbo0ps7j7e5sj97,41C4499A1812311C7A891F168F3C1FCA
909tbfe75t36u6nmfa2jrnufa4,4EBFCE34193C2540AF0FB16AB25A8144
3bb883ght2cjt8e5d7ghe6faar,4A475C3F2EA232A6084757026677D231
fa82ejdp9661186d5g5cu1oji7,4856AFFF0882861B56CB339AEA060C60
j2r76gs5paf2q77j8d7ptv60l6,4B67B6020B2794F664CAFF3E3ED65EEE
papi50g0knckn9vn20iajf6ujf,404B1E47543954EBFF66FF74AD104351
ckj98jn65i52ev50ffjth6sp2f,49D232AC2E96C65D9379E6FF280D3567
8fquqva03h5u2q2sardfv1fnqr,427C0FE7E5ED4317DE3AA8802EBAC477
opetendakr87vc1gt4cr390dhs,40C4D68082A518A17C5D55CCB2BA5B1B
87n3f77cl040j3pgcrt289vi8v,4406388766F836361ECD9CC672FB8A9B
8rdel5ccvtgg5aj7a2r3l5ak,4F264A16F89B8E70AF4A8D6FED43231D
9if1n3ge3fcouohtv8neu69i3a,4B2914DB196F6CFF94AE29B02D9D068E
70ide6m5drg49ndib01bjg2tai,42E79F2CBCAF2F6D1774D7F83F71DBE3
ldocdi7rlgh2jm2t25mk6uonuj,4B9F079F6FB91F53BEF5F5E27B0D4DC7
vclrcvmd54cto9qllju9oejrl9,4319E192B32CE4C020B44B4D330EA73D
a5dd1amdlk1j7o3eptrehggfdl,45F0A151BDCED0D8AFD693A792674190
a49jkg5iot5mk5p0s1jki0pclk,44B081057F1B9223BCC44D53ED840D49
m74j9g1q7dki7ap2ffj0co1bvn,489265CAD16B7ADDA7D87287B219A616
2qnhfdik9ruov0u2j78q8i9p3u,452FC710BB87814D0EA1D681F6A1EC72
7c8lj0mkm8oq5c2n74m84qvpdh,4C733CEE8CCC75DAD384DCB8731CDB8A
drij9l6hf5kka30l6qmrpmkk8i,4C546D628DEBF79E9FC35EEFFE3047C6
sel9dpqac19sdk42hgmcevgcej,4E846523DF3B5F6AD59362CA7C4A1F51
16a6udab3lcrp7euor6vu3ei5g,43C1FC8B8D71A2B3D997E4CDF81E9895
qirkmh48lh3u36cnquskl5fk7c,4652C117F51144D0CE439C314F85956F
43j5qb9rgbaonrsbahjqmjhj5a,426B80A01BA0BBD5451716CF0C845FE3
13m8u5f3b9qr6upt4gu6rkp00j,4CE7F11DB1A823E36BDA6C4160CC4866
1t0qcefbrrflsc41mvg2h1lsgm,46E2574862B8BBB4702B1CDC9B668794
jo6ch00551u3btbjd4n8j9d6i0,4827FE629020846F79183B0C6C247970
r9baalqaf42k3rmh0f1el1riis,469933D7D80250B2CC54A1691851981D
dcp5r1vrobk2fihut8lj89stn8,439A34251073F501C2DF465E8A5B179C
pli8ot76hoam2tgr2gueg9m1sv,4477B54E95E73F2D0FF38AC92860B8A1
piamcd6j5m1uf4palcfa4mdft3,4D7B38483C9B042D1F33487882A13B6A
lu02sic83omfsqmelirt8d5hnt,4F542CED226B2163B600FB32427B5DD0
k00o7k4hqsh1ruq2fmetbarv85,46A7C702E64B91BA22B2B095B453B445
oq2e9116sb875ap09l83v37i4n,4314EEDD5A953B146E9FC079C842A824
80m0u1j0qv6hc08j70avink9ul,42AA2781135F3DECEC0CFF1672C27C8A
5drugmo70ooi61un97utgd33c2,432B199AF2B5F8566467DE09B8F7B712
oh5nhab13clbn741i79oqfif5a,4EBC081113176CBA413A0733C0218023
nad5k5749jtn5b28dmsn7c3r18,4723F24AF3C520B2BD06F2B93352C2D4
5kkmcm5on6sb2puetugnl6l7go,4657003DA4B4290A3604DDFED81A0D38
ac77t1ohm4s93nmrktv4m7h476,4F60C122170248C2408667CC91A7774C
ncmhqlru9bk9ji8mhasuotb21b,48FA4DFC947AD50506241380BC2758CF
p3ilmvo920rpsa24g3ke5fvekj,446F65B17C3565E58F65AA2B5504D27A
j40ubadco6kbv2olppc87rhqk0,4252E412BD19383A97B58F57897F72A0
spmmerf6kkr1mh7cbefdsoan4r,4AB90CE60F0701C6F676CA341A26E48B
73moh7qr95ruu22u6q3dfc96in,4A68DE0D2F8DB7508CD318D936C48474
5f3qr7aqc0utnb18koov7inkj7,4C2EB65B356ED82C6B7D655DA5B65D0B
kmop4dm1u7r9l5gm8tajeas38o,4E67EAE652980FE9544954B63C12858E
gp6an6rpgvr2imj7fs4lf14f1v,4C5A0356FA8BB726DDC26CA514582221
f54vamb4af5r4rnu0kg12tahq7,45CC754C454387C0363D2B095E8713C6
51t8g1aqrovdad895bjl30amsi,49F96EB2B1DCCF983A3C6FCFAB1B0CCD
rjb41aihb6vjcmabvh9vdof13e,47AB62476FF400F83262953BCB9B0427
73cen7u6jsf1v3ou0u3r5avo2e,4F15A7E8F6D44237AC6BC56653DE1AC4
mglmrsbdoe7rpm1m2pirmp03gi,441BAE726B32362001C2D97169177E36
17bh4eet0hc0crea4ch52c57f1,4C0A87C4A2D9563A38759D87A87D7845
rbioqr4q2ivlqrjs1a9o20rjnr,48406AE8B2676855211DD209950317FC
qtvhe8vpihlltfv55rnk3omlu3,4F7FB44FC867D0F6196714A2E4FDEB8B
slrak89fkiglqlom0ensbd6jr0,4BCFF73F5E6ECADA7893FBAB951F1C2B
u207bnu10mbpb8g1nbplbg1poi,4448FB4193062F60FD80E00D4B5E1BE9
kd12prup68v2oogq7lknm0o03c,4467389F04B81B4793AEAC38E0DCB741
4uscaqpjh9bgle4f9irb07aofa,46A65C7AF3CF2FB6E572A31C0C43C008
kdp0m4ch0fgu720bv2bp7otcig,44CFC6C43A08328B74B305BA30254CD0
m5or4uc776de9dutdp14gk6enj,41EE232BEAF51C9E438F2DBAEF0A5442
e2s0djosifjc0eiqbfpid6deq9,42DE8A1242BE67735514D9B101ED8479
4erruaer9e1lne3vo93el08at1,4340BD347BD7CEDD50283368C73D8878
lh67re83ep6dl2lr8qm92umfpa,48F4BF921E1D3BFDD9A9E798856F8DF0
mlt8blfpndqkinvqe7eg53vren,4FB9F00B8FFDB6959FE237488963CF5B
fe1o0fs27lk7g46o7suj7c8i2o,4B374C719FE03F7011C750E5A115352D
dvsaendmsqcr1u21r0nr0i6aqk,44A570BAFB8BD1FE873EC5F909A78ED5
dkq4rcbu86uue2pe5r99cjoqgh,4FBEA43FF7CAEE493A6914D59E0A1467
fpk7182n4rmgc8rnqqr406919i,433266B8BCD554A22F31E5E773F48B43
feb4iq36n1ujfrmn5j783f972m,4E258B5281802A83321506C60C313546
gu52dls2farve00unbcfffr99b,487545CB29687DFBADD402C39160E9E9
3f6scr8lrvkutisq7cjhpvqpg,4129AA18F399129619630746AB974CC3
biv3femd7s2pijfonq4e9bql3f,489EEF464996373D2743E43F8A01E671
c21bruks69fhpot9r4sk3m6h46,49AD6D05A8F6D7A2260387F74BAEE366
3586j5ig62ntbl1kr5d8krefse,481786C29B11541EA9F2494A342AE2B5
djl3dkh3ag9241rpm5s8a65ces,4B4CD4853FA705AA95495DA87649A44E
88usv4aq9tchkmutq2fagv4k6e,4A96133B28A0C2EE59F2995691F8201C
ms5utocljukdigmpecjrftlgdt,4139B1DC0F73C45204702427355CE179
625p91adslkv0dmj8oqrnm5i2r,445B30182FF98AF21F11CBBBFE1453A6
hg76n9jvq5l1arb9t97umgmjnj,4C6351DCC17B599882D3F50B390872A3
1elrph500n0adp7ism3uqqnmqm,41CB0C7E90342D40E6643AFB9286D205
pcnih2di7rqi2nh2nl66p22jc2,4B8AF008CF55EC409DB39681A2A40C9B
e9qsfrr93dbqv3gheae5otkd98,47EA83E73D9F2BAED3E42F1744992CB9
l6fhbikl0ake7ib2j3k8mdoait,4C98C9E09FBE9E11201FF6ABEE39D196
ae9c3ef01dvc7bl4jdutg0u5s7,484819F30940BFB894C69104DFE444EC
nho7r8j70u9i9pcj0pgtp1eshg,4B38392FEF4B1E4685457C11BC005E8F
l23km5g2n32em74vb8f7mon6f,43BD93E20930283D6DFE644032212C9F
tpkkjhbj0oft02psiiubr7ogmq,4AB2C10E61A9CC3ED3DC7AB79B01A5E2
59el51ak7gkfpvjol8u3teg3b5,44938D93528484D0CB6D9C07C59749A5
l5tvjjtqnfl9bvfe8vmgdbr40u,4F2DCC7264CB911D47A835B9B9876053
let4ve27pt1r1nni17rsat4k4g,4B81D32135616A30D9F05135C781EE98
pq4a5n655ou6cm3vc3tb1b26ur,4C5BA19F42F80F5CA07FA9A168ED0ACA
9ll3vjefcbdtf9kg6r74r5m0tg,418794D1E2576289ED89DAD12EAD20B7
v1pn10snsi2c8n3bup36uf4eo7,4231487502BB711313BE31D78A749A86
rbubk9n1krbav2pj4tif2rff6q,4055C849F8E9583545E27F8A38D5DB3F
pdfrevjol8l507j3q30de00tit,430211FCCFB20F57E83DB533DA3B2C61
jkjcf7sgt35dvlr28t2hg5a6va,46723AC6B3591327FF786CFF23755D6C
iv3m8ah34c4qputinmuue6s3rb,4A645CFB44DE554D149EB7415ABB28D1
1jomm734sjlr0v521d11o9bki9,4FA7D04DBD8D41549DC95FE1C70D3404
vd7mt654bbpf5mba8gt12c6e9t,48AE705DDF9E4ACCB7D6344AEDF93341
7sfgmqgj431acll142jbucm341,46938B0D6680CE10821FBE452855A93A
m42vvsk3lhuekaqdb1kk6atn9,4733C2AD9E23174A7B30D6D6D77A33FB
trbqa4q7fqfpvq4hava30200oq,4B8A9338765BA5B9CCA233A412C47FCB
aqh28a52nk7re7f9c4jv6aatlu,4C0775B81A3811E465EFE5A8D8C61BAE
mqp330078m6i8f87gja6h6f270,47A50E96CAABAEFBAA7757C6BC24AEED
o3fnlo15mkvsaeh2bkv45qbus7,48C4F66D7B3885E78FD178A592E9E96A
1vule3gdibl377jnoj2nehs8t2,493C0901E16541EC346933A62C17F864
udhqi0cuc9ibp04qg1esdo8k4h,4EE10F26C8F6719BCB5150575BE6C921
b8kk1a472q35c8r48k8semd3g0,4CDDFDD4DF2DE642AB2906A939C44AB8
aufnqnui8jd8jgna0sh3dqj4fm,43F1AF67C2FE84C35DA018EDA44D8C42
8t3f4upagj8grv5prcbj5kpnfu,4891FB496575BF5BE6456DA9FA28AFA8
tqsu9s6av3k3cd64to4qri4028,498879BA432E43BD474CBA87186B492B
ktajvle7gc0nqdiivfsjr35ima,456FED5750DC274B2B7740F5ECF2E32D
m5rvf5bksfb727u5gu1jhuo3g3,46B7B718E400ECCC4EEBA5C5DA184F30
h1i0fu2041ubp93ks2r749ogck,4221D6754F3E13EEB4C325331F6189B7
5h58222vrrcs8fr6088l9l83j4,444FC3F87934D20D411A12ECF603050B
dj8dlab1ng98v9mmsodj4c62hk,4021C14526D53920B9772DA28B9620C4
ip18urn88d0976mh8lj3ps6kj,4F98CE1A17203FDBE47C494166941D73
341153o8cgqf9kviq5nq643vre,43F38D0F51E67679323F2F2E39B39548
fmcgfh5ltsa110fn3v5ftbpfhe,4DE0174C532A8081DC90C9416534F72B
3n6gd5gr6nf763phcamup8qjjd,4A4D031219BCC67D7AE30D8B9B225DD9
6bvlti57ti8db538q52hin0fqv,475B50C9A1FD88DE52BCBD040E31958E
75a1ent452ciluqqkiei4remha,4DD8B32AEBC6CF7F74925DFB05DB7291
4nq81prm9j8n1639gdnv19s93h,4257D7B50EC5BA8D70E375009C928EF8
hoq3s5hgh30sm1bp5jj75b2hg0,4674F5ECE5E36EFC604DC24913C2AC9E
ggchjds6lpnfj8hqs3s1srqgkg,4810881C4B5CF4206D02E3257501A35D
6natgahi7c9dqq4jr5cjug9o2,4BE893EBBAD6332B4CAB00FCD1AA1FDD
jaohj5bp1k72bbi1gr1ppd0v4o,4D0FA74E69E4D9B92B864FE9912CD1AD
n09l8lsdr6ll8qtejpqhsreuhj,4D7BBB22D27DA7BE90BC23398EC9BC33
vfljk126erlu5tjf5hfrgpgmd8,43B57774FD975B29A7B63503E5C10D19
ki80pnfg60r65la37bn8clbt4l,42C9F1A09F4AADC6969CBBD7A99344AB
tbm71g571kc7dbsp62usn9fih1,44B26A81DCCB4828742510934E3C4BE7
148kbdhk03ma6bspegoritelap,4A643435D7D923B5DC4CE3C5CB0A274C
7lusgnnoek5r4ptfoji2hlsdrk,4E0360ED48E557079E1B85789F57004F
atlqgpjvgstncm1lb9qtlqei8q,4DFD6592E986BA632FE573AA53560374
d2va5jib08anql5pn21gtcs94,4D5B7543BF4B08E1165E96AB1209983D
6e965t8t7k5fmam3ihhajh9jtt,4021D4F6B088B4D41AC0DEA01A710DEA
uaqg82d23eh5c6iig9d4v5nmed,47B25B24E977B48A1AFE39D82A4D8759
111s25n3nvf8qah7872kujslic,49B7DBE0BED71F4C0949D2E01031D07F
fas3aeuede6v23o35ps1tg7uu8,4974FCE47D05524413867D372BF88A2F
8243a4b9v286ir20akj3l21p6e,41D7A7BF73CAB5EAD303F42D46B5D887
mhv78695k856a324j233700d75,46AD14BEA6F58C7D0DE90F1CF394752D
dn7d98j4eok0vhaahktoqkf4k7,4B6CD9B053F7825BBF7A38F2DFC2A5CE
gdn1igna7ppfn7v90h19opugil,445A7E91CE4017383B5AE66499800672
1f4nfs9f5j76mlppdbp49j5sbf,438715CDCCBF9711199508145466CFB8
kb427c5tvj6mjo8r7ft8o8hb7t,462C036B332B21F3A1E90D172130D10D
rnm91hgrvlffv3819fur9hi4fv,4DF4DA4C1916EE01FB0D6B3A742721A5
ucllt7niv317js69156emp01cj,41365C6B2AB21DD32BE6F282AE542A93
vufg3g2bcaclajgqn1op83hf21,4A986AD701439C96499D89E3400AF6AF
21db54h3dotmh8bcimgrqisq5i,459EA2AD78D3867500408F187D66151C
3oclj1igp8dtrhonlab0lkbthp,40D9EAEB1FC161DDFABB996A6391EE5A
kmr62lkhsj561s5r5ois72bd61,41194086466234E39F36AEE2598823AC
boib0q2bse59cej00b33drahgk,4C2BD83A75471917E44E14AF7C1EA84F
a6i61t2tgueb9g9nih2lborfuf,428DA99307211106737F9D189CECC7A5
da930vvj9jeqdo1gq9cdhurtpo,4631BDD895CA2E377FBEFFF024ABD769
5so72sit6ji78q0c3ks8mrkv8v,4BC06E8D1A87F307D870DF80B76C59A0
ebms9gn9hf8hn2n597ndm383ai,42A1EE2383EFAFA53B1BB9BAA879B883
1qmrv4gbpo84k4pkg6cdjfbgkc,4FFEE444AC6EE4F6B98E2BC0D9C98FB8
5e19vlelep74eebagdhqj94gq6,4E5404A65D0DE6C1C209DBD86A70E2E6
vm6qj45r7ut6rbserbpmj2kigq,4F6297BCB94EA870056A12F601D631FE
20k6h5qa114gtpf386cst0673h,401DEA3043C55E8C4C1D36773741BC9A
gq0d8ovgogeia98c5gjq50e4a,4358B13AB3FA29ED3ED648D4700EB7E7
bialnu096qp8doiar397v68cfr,4F5ECA84E2711786CA49C062D3A4BC56
194nrrvpfghv3eklqqf4e59bjv,4FD8C2E1464DA823A7C75F360C4CA223
98jh04sebtprckkedhqql6bc4k,49F2B4878D90184730DDC3F8059F707A
oar0jv19evnlv2lhoimj4boo7a,4AC88E795CE9A0D93890AA50FAFF7B56
225l6kpr9eam3q8tppo21p9t0s,4D360FFDFACFE9174E7D7B8926AD7C65
g98h83b1bahiv7mq29g44267mb,46739A09E55DA5FCCF887F77EAB4ECCF
lr5jjsegqfptdrard4ilirdsr3,48EC0E76E84360840BA84C5E29030B29
qrv4ofefhqr0rah3jc77qgrd62,445EC90445E3574E273049A880981C8A
ho6dmop1jbh7bdllihefhgd21b,4E99A88B95373AAA74D87CBE875BBDA8
neee3qsd6bvoftjvd64gefdefl,4E3C1494F916FE9251B6DF154CCEB52C
gusqkdvk1m8t09sg7j6jqu5b0b,4186ECB53DD7CADB4586D352FBDF96C6
rjah7lq3ga78ndj4v2871v46t1,4DD1ECE68F8399DB892AD67C8D3295CE
imac026t32o2h6p650onp7g3pe,4EDE9E0ABC204AC0637F7C0F53B10152
2les8kd26g2vvg6nel4ovml235,49B7F244EC21D0041522509DC71EEC68
8s3dh0s0l26skm003019qhpapt,4FBFB50B5EDB61DE7C6E8A414D19E30F
1c6clon4uhe5v6jjsn4ev68l7h,4E6EFF0B777DAC8B725602A450455634
30q40hltjp7936o0opcm9qr265,443D29D412E8B1E5AB91BECCA1181409
j8pvl3gpm51ascb1ibqu6clcdu,475538496E15A1CA241616F0CB67BCD2
fbub5kun86t1m51qup28lhptmg,4A511A6FAB06B19AEFE3498FEF676EA2
92augn60k00qjhubq5gratndjq,4CCAE0E206A7AE905F491A373DA53383
o0thlmtn349njrf67ehcd04utg,485C30CFF5CFCE587C4B81C3F86BA090
8h51fuvlbcsg09paphn73sgrvb,474B1A2565F2CD8DD09365D74ECDD0DF
3aeq25ju2krvfh2bj2ti7l6nqm,40A024542486171A0F0DEFF85D0527C6
akml2avfbb9tthr4rptipjqtnm,402FCDE9C9C5495CBAF15FFD50E7CB0B
k281d0p8au4b5530s05k1p0rbk,4288C5671DF3D3E302DBFA994BA6C26D
akreuslatcubu0k28vvjbnt0dn,4375CFB7BE2F15D8A318BE2C975169A4
9ko3rjc9umqrujmeknoequt19o,4240E22025B754951773F788D2D94BB6
en0opi500jdhdionm8ctd7r47t,4457DF1D23903B9B1CD871A0D5B6C6AA
ihbmdlme7r16isp26g6mtie4ag,4C7A35BBA3819992E8F1B9099AD7DB78
kb7lbtmcc8b15ku56o23nrsuvk,48B1C6CDF0E95F24A0A543EFCC9DD7F0
1p8tj697lgb6emosdf9pt6862h,4B6B0D4B1E73527738C558155E27BBE7
fjl2nkhvbakouj8ms54scdmpfc,4F52038B10B66E2EBE7A823D9DAFDFBD
m4spbhn8t752na19k5bjgihbth,4CF9BDBE69A99D816B998CAC6FBD0F50
4qktn020bfc90avhuo60q81idg,49B5F7E25614FC822F98B1AA1F075C86
lhddu5f7vud6eimvfdf4q1phsv,4C2389BE17B65E918A4B6B49AFC5DD6D
tgkultah5divt1his9b5svk9le,496E8E6E1DE851ECCBC21E8E42969DF1
1kplt3c9t24hr39qseefn2iqdp,48489BD5E1D975BB98F7D47FD014CA03
5cvpau1g39b681orb876db249n,4C2FBC5A0806C52C80D85922B6A9F5D6
b3rqo49cc0qpjslqb4gb0csd4v,4628B5567FCD3D02278BFC8736F18F94
1vsl0sdcqvglsmj65erfc64o2q,4966D79310D6D731882E49F5A986B69A
o2ue4ilrjgns2hten1r5lm3okk,4BF537785F6BA44B327A74F8583140E1
u2t3kqdj6jdhu6lk9aakmvjpmv,48D6CAC6962094DDC839E766E97FA7DE
hub9nie6qkks316br5022vj12i,45F2D183E3E0BB9016FA94B310A477B7
it6t76ue0j4nphg5papj2k953a,4F6CF74FE8B06E28A40791261AB377DB
m19u9h5nopordq5uti5ea801n6,49619E63ED9180CEF4EB1580215F43C0
j9oau8o534o02hfbn5ol4b3ml,430EBF6285BC532CA5C01127433969AB
4qisiqsikk5kr35bbgs7hos7mj,4056A7F7DAE50F285A6DA0213A07FC83
ls0l26npmll2r5bn51ffpg502n,462914BD6C251196BE8720430294590E
f36esf31man0mpp5n329klch5i,433957CDD02FEB6B2F472AFE56F42276
peu42rv5g3tbulq6s1t0r9sebv,4C416C2431BFEC5D2FD3397373B98EFF
t00cf0cdrrgbgeki39o9nuf5na,4BA89BC691BB8A48C774C3920086C40B
84mf15lcdp9ilm8m423h42m9up,4396A212D1EF32EE5F5D846819A775E5
saol8t0fbar19oiu2npcafqrtd,4C8804C933142B75C65C7273A0FE29F4
hkbi59cvrlu99p4oofgk1r0600,42A5518D13EC0ABD0A4596EACC20A4C3
ptk7lfjjmsk3k7m0j1rokcfhab,4581F4F660F241DD403E3D214B635A68
9bv20hsuj9775rnqqhvq7tj98e,4DBE5F0318BE31A485715DC457210982
gneub6k99oq70tbq5uirasm32l,40D74F38C81D841D77B7B28A4D9ACF63
4d6nkk4mtk6caa6035qemrpgjn,4277C04CA764CAB567B4167AF7FA39D5
ogh2dhqlv5cf6i9e71gcfp736h,48F06C46AE67CA2B7CD492FB0D60D250
l3jcrmag3um7fq3glm0q142a16,464AA5383D6CB3CAE438512F4F3DAB1F
fsn6vgvdpkf7bt9h3ggt86p6t5,48EF0AF1E9A98101FE92AEEF9076E43A
nv6djd8543g0agndh2g2l9jn1a,4F8F4E63859665DD319D6B26237B0776
mopub9jj9ue4ro0qsovc1lcgme,41CF718BD1C4C78F3BDB485F502D6D44
re5cbq97jnuo6ag28kro8pk2pk,4092B6EE568E0220E7CD212BE07C2823
upgrkva3dhdpsbh6nd254svcfp,4229FACC9963FB9ADF906F71CC8573BB
i43goh111b7qf0msui2kmgj17n,443BAC4CF1FC8A014922A942E1926874
7k9jont0nku7sscu9bsiienjmn,4AD42CFD4B396BA1F95C27F8B992CFA7
g7t06oevq4pmr3umark7d4boci,4674A00069328B5D7D63B5DC2BDB530D
49fghdi39e4up016be523ngbuk,4FA00F59975E7D8DF6549A8B85D6F352
n45ijm0ca5jcldmscthrp1e684,45025801D442FC1A5BDFB6C2B910B459
lonk8vqflfle3vukre53251vbs,42CECE661FA5345F2B39A5167921FA5B
tjjdqk75rvvr1p99cme4pmu4sk,4946900D37D025CABDB153FB8D87C13B
rrc6i1oej8ii5ue588j8obb7ac,42E611111EB30A449C56EDABAF41E816
bpag39m63a0rldi4262u3grepl,49674D2754737A816304D31CC2B8BDAA
69huslhcs7p9jfbogfrcm6spmb,4AE25386E45A2835DC50289EE278E5A1
kceigi4fpbn145jclclgf8ktue,45319C23F230778B02092BC2AF22FA26
rng2a16jbsu3bakd2gegi8pcu4,4CCC55D206FD991ADB1F5EDA000DF5AF
p171klgns3dhkjqhrnbl99hqdd,4E1ECD09408C4FC7E49116DFC56A3745
jp4i7bf9meohgtp4iephr92rp0,42084823040163E365891FC435B29EAF
vfbrcbbekgna8ovr0r54okfcuq,48C594A011381D61C9B8E8297B0B3170
atj3ujcd9l67jdagbd02cdu4km,45F7DDAFF3AAF60FBFC0846603F44664
schki31s02k9e1h34ioev4k3c9,47E52439BFBCC272CC5532318B9E62DE
c9av2nlqhvuvt4qq2eqva75p1u,43E2D026ADF545EC5CE1DA98D324EB8F
bvcdv1bic2irnhagslashfe2bk,40A85860BB7C853994060D467CBA8A49
dkfsp57njhpvth7nj09clrrtci,45311FD6CC7CA225FE8D456357A2B0CE
dnmpmkj48e1j3srig5lsg7892c,404F5E1DF69C26D7217339BB8D6FA230
a5m1u43mcuudjb7ree34r3uf8i,46B58493711EC2ADC2EFA1D532E05058
iv9d22u2isigklbai8r1caabij,489CEE5ECC795AF0B89759D5B07EEEB6
av8e8togl0nflv0gqolo1ht4nd,4D14992A9D6B0FCD238D50D0FE9192B6
nde4cgi876uce7a7r97fpc9s29,414772C5BE96774F1B8E0577080A72FA
vtivmsuuim90o75ub9df126819,4AD97722A58B12944F5EBD99BBC1E952
vilghk3dr2f14f51rc7ij72n8p,4502A869F9DEE7D415B6610AC998042B
l1807ve376hkvb9n13s8srivg6,4901543BE885B87419177F81279B68EC
rinccmclec15umpoka31om4b6b,415D62374E41E058137E4200D1EEBBBA
rtaldu9kp7q7q66pm3rl7fqoqk,4F802F88955A09F39CBA50810BDC6FA6
31h24ae1upn1s69bvrkulbdd3h,497117A8BB9B2F91682F46B84C2C9121
ptpdj4kg1emhicm3lrcdpcq09h,4972FC2476325EA2C9CB9D814B8FCB6C
khp75ls86ahqchut0tln19n3dd,406BA7D57F4070FEA59C243CF409A455
u2fpcq4rgv69lqmeis09vbo1qr,4D140371B2391D189F60ADF28316CB46
cpssev3ceru65dofrvqcgs42rc,40560731978D9A89C937F382F3F259ED
dgimmh5h7h2k463vklfmqq1r0d,47497E360B412BDFADA727EAD26E25DE
4i1igorq0iaf2l3ga7ormcov3l,4951F1857AA9CAF79F65970786C703EC
17bood8c7p5fs0klfso6sjoo48,44582973F9C1113B00F546AC6301E719
7pmvl5ecdac50h56htmq1lqe6n,40DCC609A9018D0E4A64C62AC3662B2E
rnfn6p1mji5tpl65vt4o1napf,40BFE9A74B3649362B2957713BC547F5
4o2ll4rcqdtf2hls0o19e563op,436A43FFE1EA972E2F59235A3397B161
2vesef2bocq6icjqs4ll4v8nd8,4A5E5131A209AF7253BB49E967607140
s0ssil78oosgpj9c8iei3pvd7g,498F8AD831D5F405C3C26F74994B7D6D
833dob0o7faku526gc6n9mt1q0,473D300AC0A49ED8D045DC4D0A93307D
am46339ed2vqlp8hqf93e16k3n,48186CDAA2CCDA90129A9F1A0BC15B6B
dreqdnbgr5o66tqvi5hjv41s2n,46CD7EB60F832DA1C9B7C9B48DCEE733
tp8r63vplfh4mskp0nk3qfsi4f,40642391D4998042542D57CD98C381A0
k4bh3fmpa1bkb6eqd1jm7hv36v,4693896D1CFE6A6921A36027D273C70F
943s0f8875t53i96jllipupgik,46A4E526DBD7D2072C79F4C2C8B6A537
l89oq4bvuo9h1rtfl8ujnb8vts,4DC5BD2DC1AFF4576921347E3316D263
gaecpekhp0e0h131g7e8c7h6n2,44B32C5EA024A6F279E655CDEB55EFDA
rm7vdih5sdb9p125krgfvneqt8,46B1AFD8688967A3662B6D448DBF7991
6paavkp3ar5k973nbl0bmlsekv,47A7DEA3A78C697DF3E39E7F8AC8B13D
pte43fga34phuc9b2sripcn1ns,4482E9F15D66E55371311E8812945C6C
hsskef36k8kbjggauskh6jdvsf,4B058A3190B830970FC17230E42142E9
v9um447g14ki680938qkptp4co,46D9D078DC1E55B61660879302500848
rvf3tal99mosfg838vpqpuiskd,4DA307D1A4E70879DC17D13CA6AD0175
ik6o1fncli9qdm4ca7ji24ue5n,476E9EF8DF78CBB043D3F2B3A4DFE3AC
327nji7djcabk1qr6f1cj9kb7n,406D61E7FE1791056F4AAFD5A9A48B27
k41ihn314ik7j22vep0dr30qcg,48960B8FC47DD65CB1F4BF071EBDAAE1
uj2qnuh5jbbpoojngj8gt5qetc,48B2507971C08BD9C6E251F2AD9436F9
1upmhaadmj80anhtgtpcpv452n,49A7113AF7DE6CA847E4A922094F664A
nt3m2d42qcf9r2v4afhm87q7os,4B2FB4410C5205BBC4125534C2A9A66A
ik327hmkpnhk8aimg69e9q5b70,4DDE966612149DB721E5C83F03F10737
dqo1fjo413g56rd51bj7nk3r2p,477828BADF947F44254CA37878902307
jo39r7cqo8bhbu2112pgpoqd9t,470527EA9EE42ED8AE94F1382AB94785
f8ub2h9bn513r0cnrapv9oaa5u,4549617832775943C25CE624CAA238FF
ugntaa646uac6urmjp4tne9e3u,4B4104D50520CC66556D03960BC3F111
7es48rm61rlavlednbqcm8146f,4DEEB0774170D7063D1E30AB06239622
cpqfd1evne0pm9qnrijej6vnl8,42BEB197CA7AF4D5EF70C2A6D950CCA2
g88ffbr0pc4s8d8l14le79ge1s,4C35DEDBF67CEF7DB45DAC14AD367341
7lisfmlbvp88tq3r71i8m98mpt,489D87F7B7F4BAD7D03E200FA94D00A2
dtib8i9j9urbe687mneb4b7cg0,419DD2E261EF2E991B50E167A7AE5949
2bngvvjhf3nohq4varpo56j41d,4176336882DA530545B8020BD18EA6F2
2nt1gpq2b5pi9rr0pu2ocmjoid,40DBDA48916E91AFD720296F66F20636
1tec4g7rph64nisnjq2ftrdg5j,48396EBB688269DC353E6850FFB152DA
jr72jhpgqvh38hdt9rd27eekro,491D301888C7927C849DA2CF8D272226
fbkt3qdt73lshdcq9pui3r1ve8,423ECC8E4B5D691FF1F1333FA982A73B
4b5pjeha4ne992t55nq45hrj1f,4F6C02655AED4B3CCD473E383EBB4ECF
b092eifvgh6gj3suc0pqu24v7n,4B9C0D9CD1C133436E72C44CDF2ECD30
pl910k7qgglcjfji80bi83u7os,464201D9F2F564643CCC737CD0629B3B
b7kvmo3r00eo4nfdrngm1gnga4,4A4090A9E3518ECE927C6EA5E63C966F
5vojfsp9f48m80fguoqsl2ahd0,4A14862E7350EFC8F414975B2370D7AF
lleq66a2j4e1rppf3h1rfb9hvc,44F5BB669A74C6DB69FD284CD04D561C
ahjlog4jl58o5i9md2fp1hqfhv,446A34B819BAC2B6040E7D15DCF5ED30
majg77jum465fvbd0p55tqra14,4E42DBE16779BC6793F4506B71C4748F
pkhtvfug40ks7363iij0eant02,446526F25BE73AF7801E56C8E012BADF
ukc86f7amcdf1qtamp1afqf77j,4586BF314A21CD9E431E2CF169BBC3AA
9mkjdbhq65s6vnnd1gvh69dth0,4193F1095B257F6CE8AC7AE588EBF25A
8910tpqjn2v3q9mdp9s6n45jsm,4E69A2A58CFF7FB85393D27BBE8FEFC1
tchiht9lvgb4df2r60i739eaqh,438F604DE74760C1326544DCFF77C41C
4v7qugfafteeecq1o16rujitq5,4B0414F08E968A260EC33C45FE6CE121
g44c0hs4c0p0fk2hodr7i39lr9,411DF4D5589C6F20C3BF6B4BED610306
2ccf3piaqvirfso99k7dqa969v,4FB89661903FCF7478CDA1EC0044C475
po4ladrn5nm9ttsfksnovo112i,4DE1D197088C2ADA7BF8E244EE1E1203
einnt15da3fuseteqao373lhms,4465E4C6866EFF0794DB463799096BF6
as1qv94jos3ot0q6h5ihpsi2he,4993D2F86BDC8065B6CDBA0D57FC28C8
nunj8k0j4jvi79g6mip2qhdba9,4647D28D61CB9A26B1010B207C39148F
asc9s0b97ld8mq6c4mgb45jm7e,41610C763366D70B0AD622B36D374CEC
94ienq8kflbjibieqtu3j4km94,4C7D44DFA8E06E772832821AF49DE766
hsl7e0qu4edghdd8cu09jnog1g,48A37B7F6C98F9370F9F90316AFC5FD0
hstadha3ildib9iatcs3umt0b3,4B6D12801CF5F68080E53DB529E3DB5B
u4s6thdejjvjiovbo1q1u42ii,4A52273C1A059CF3DE9AEF6C4ECA32E6
a4afbtq20hdaflcsvqhlg474p2,4FAE0B26E6A93CB4A4215B9D2F347E9F
caav5ohdsd91b187lgest2dqca,4ADA4C2D3018136781DB39CA60F4B48C
u375hb2j86paf2ivhlsl5ikl3,4EB578F54BEEA3D04DF1A37DC0496B2D
e90v61l8plj7u8f4p7aj8j47lj,4D8C4D4831E4C5E85F53913379B5CEF7
juq3qgkfc9qbko6kefe6jh48ik,4CF1365A54AF7BEF8198C46658EA5C15
t3kg3kvepshlf8u522i5qsvt12,407915781D20E3DBDE77A68E452F85B7
stlk420o7k1kn9qdje3cte1k4h,4036B92FBF34A0BF879EF6AE4A4DA379
8m549maa6k0u17jboqj4uq67ve,4AD49482BB048931B5F208AA7263582B
ghnrsueqoae5omp3sbv8bbdnaq,4609541391B8FEF5FDF69B3B825EC48C
edn448373j0ndbsuk3klt69a9h,4C456EF981ED9837437694367519021E
dd8tnqrrt4b589qeeo1affvvn1,4FE67A864B79EF57E9D5643CA37D4FF9
465t13rk4p13n0skbsdk0n0107,4FCFFD0E70B9374802DC4CD263E5C472
c3s1h33d8b0ok2d7p2tp48t1a8,483882DCD971DBDAA902FA9C3B3D3B24
5c30eohr7c4i9nta47v50jm72o,4DEF961ACD60C129CE153ABC1DE31F0C
797uaccstvdsouqhhmffcr96kh,4044EB5447374A571AE8839A34E0C613
b6k7pjshtr4gole6bib26sud16,4E51CB6AE621D536D21584DAEAF99E1E
doviqs7talobpov0goaod71aho,413F4446625D96E2A976947E672E1610
5i2km0n1el5jnq6n6u8oaie02j,4DA5975DDAA6A836AD5419BBA252844D
va92ruuodnksij0cqhqn0h10hg,466CB9FD560423C7603745E2CC1BCBB8
65r44403s17ki817j5256tog32,4ADBAD05855D5C049909C93D449243DC
oef8tcr77eosd9ndfl7m75oapt,47B006080CCA1C434A9C1325C8641BA9
ebtllod65cvvn5e7nqos8tlgqe,42867AAAED4A4974DF5D1EFC4E8B94C8
omgai2mt3lpd1p61m7njagclq0,43B2C42689ABB78342ECA896C9B0788D
le5ak3oktnknotetsln33l4j3l,425A1E05E471088BEC39C02E1406B228
mapjps66juhgcnla0tbepl417o,440AB883193D81FE48E54DD92DA83AAD
cheqvbbkvob1rd2lc553gbibsc,421F21CCD21B15A5E80843CE2A630D05
k37v8bfi52aeoh9h1e3dv5940v,40B6B51DAB1C1DA656B3ECCCDE487A68
ulliao3jrdi3tfbjk74neke9ue,45A142161822FE6096BA6C19BE42A712
nki67n6isqdaml1s3am01c43q8,4F2E7AD92961AB99ABB9B21D3D69871A
2d2cuso1nno5dkg8oip700sfed,42F9717D62BEDF6A5F6EA259596B78A1
hkm4eqd5alj7hfeqo5q232prlj,43DC25C6C245F32A678C22C7E5D4C8B7
f9041bh26vjulgqi424p5fh2pr,4545F1A74BB76D7BDBE03FDF50EF2BE0
hhpfvosadgoe143fu3ljsij2pj,4D5AF0268F6E7A55636F1EDD65BDAF16
2d9l8c0snka0grsd14lt9hvp1e,4DF73C8D73A926B5D2F023F667AD7F6E
oi4n84lsk8cl2fcs6g77gth2dd,4F334DC6185B598C03BD346C5951AC3B
jj6a0sh2qftrolluk6ctd2tndd,4D208BB3365E14C8D202E56E7D9CC812
cmqunc6pfqu1mjgfikg0tirs3b,46C9E99DCBF3FF3BBCD25836F61C0E1D
qpi9iukkkevv6ijkevqnv1hhnp,43BF13A2EB20E474A1168958F67B4126
cajshbrl234a0o4alm5suhdtk2,4776A27C246C2F898A3394E8AC306E57
o0qibf6mgqbedmm8kc3k6no25m,415FD7A5C4CABEFF245E2544E37D9666
bp3agbs8gadavdp9dn2hpja1b,4921CF7D7749945FFBF697E457EE74DB
unbs5jjlp0ipgegmm6drfasip6,4E577FB068AA33376A018AEEFD616D6C
2ob96ghpqv8adsk1hv4sek6v30,4A62E254C9BDE3928267830C43D115D5
oahul4qcptu3b1iq2dcfklpgco,4E239E1891BDE6639EF2DFF30739D048
2kn4sjhlt5v37ec62neu64nq4e,4C66675D603C4D47CD18317E8CE35468
gs00gnc4b341b1e9sn6dbqsaai,4977F3D2A2BCB7A02106BB54EE93808D
timaj9m9rrqrvpk1ual5s1m6em,4CC79CDB060DEBE1881750FB913BE134
g0gsf7okut10vpvn8d3v0r8b73,4FE6F8D0170EC4BA3063B2E6A9D582C2
af66rln3ad272cdo8mbeno39qo,43C980CBC7725B97CCC8B0A1322532F4
gcc3h7is04020ramepf9luar3u,48A347B7F9B69FA19C38EF2B42EA0C50
t0lq5ssud30l3cedhcu0l8sgrl,432544586B7791C44A23984A639F51B4
k31eqqohomf04gcg098knh764c,477C70DA79843C6BB5170AA3E386078A
iaavnak7gae5b220241pbirinb,4D7AA418671ABF79369D5326E93B9BC7
4vk82ub5leasdj7qje2hlokst8,4EB1B896773F8E2C27C06AECC9B0EB38
fjedeb2l2aihad0ju832eansn0,4C6DFB6F0B78AE3BAB7044F2F0D9CFD1
qso81m6mtoutm5jbn86d7nfihv,40C88B03020B20F2AED073DE6FEC2620
nama2b94ehn02nhjhu8n0ucae7,496BA3349FDE02E2682F7E142C5070FC
181m1gc09vhl50ucmptmgipq08,4C1EED705F911C54E11D383D5F837C19
l89tjlt37t9h797fsj7qj9uuh4,4D5BA3125617D8D5DE89CE41B05C16C1
oom0or6240akh176smpid816p1,4E51CE24E4288B6ADD2A03D9B126EF9F
64kup8a421jebv2jua03ucdoli,4DCC0327EB7214ACC078C96585931201
r84oofm6qrrv7d8r5li4a6r9t6,4E94B3A8B5C6C2E2B343A96392063904
d1jq4q01ibsu2e1ml5v80vpkda,4D8C0E5A65F797AC71F6BC9C8C1CF9A3
536uaqg8od8pot3gegfkgvel16,4ED9396525AE15BC818E9A7BD5F4A217
m7a6ofsb326j92dh5dekskrbe7,4E8E251710AB56F19DEB9E851689226C
ubit0eetlbcon7jefvfeeos0ig,462AFFAE2F927BDBAA725E88FC122972
np3h5qv8is2p2a8p355gvs6rin,488F32DE860EFB12D02BE61C7B0C639F
mhd1qna704n1vbsc3136uss2nt,47AA8A4A4F6F237267E740D80E444A85
825kreiq2cpr557a9ocrvs767c,4E5F317E2311DC49054F8389039AF759
r94b9oavpuad4o1jih2auerm70,489B01D68EF62F65BAC4137F17D775B6
b3p2n0dm0ajnj6oorhhf0jo737,42D4339D453C1DA51EFCD325E440A151
np3pd9g1266bsn1rfcvqlot9ls,4BECA312EFB90625891A82025A8A76EC
jh97krki2jq2lpjm9ga0vi7guo,4E75D0A879529BBB6BE0E83AB35BAEB6
cmaj5d5jrcdrival1o544rm5fk,46DABDC5FEE28E5C8420BADFA938B81E
l2jbaubr3a19s7agdvmr0vp8hn,4542D5EA6CC9F19856F2EB0CF036E31C
pm9go61edvcle8ljmsnf3iggr7,4EE6469A4F4AD914E087B69E8553733D
orq45cuu9e19oqknlhli1aia31,40B9E520A72E6321A27A4323A2C554DC
m85ahp9839lcm4f0bjj15lbsc0,40A79A86B97F847500411CEC19755340
9c43c2ogcaipf8f6ad91106gmd,4772DBBF4067DE14483F1111E7C7A3D6
kqk59o21maofkf0de83oq4hpvu,427B5DC45F9CA4ED3E56025ED2E47F18
9cdpcolsg1qqn4elgvmkjg5ou3,4B1F1BAB475B7FAF102D24CE14FAE1FD
vpgvleeqkrljkg88ovfk2kh1c2,48C79D37EB74F28075DCC3D0E1D516E5
o71qp6hd1a7dt6ukhl5f7t29se,4CB590226F0B485D58F67AF69C5488D4
at1tqgmi7li0uvulbf4btgohch,45BA3940B7A5A4AE7F391BB4BFDED774
k6iehu2e8pr5gdlt07nnqkbrms,40B104163017F968D8376B5CD690DB25
64l3nfd2lf445rcusms2qt2aab,44603064B0341FA4D2CBD49CF4051BEF
jns03s3891fvlcmkjvi63isc8n,4758D448133A9192F791BE451F31A425
ndohvqlpl0snrl4h7fo4ukjji,422343CF25073935D73C187675AF1A91
cd4la4ekkgdjfagrd97vrl8o31,4B0B0091A20D89854844C1198E90DE2E
hok4fjg7fgii9p2sfab8d1fmh7,4991E1CE9B9A9D0F8C356825A807BED1
15u3csue9dp4ps3nbn8oq4gber,4AED53ACBB940AC579F33CA584007ACA
7hh39sa048drnptpcsthe7ogiv,4612C0B812615EA765A679EED34A68C8
6vvelp0kcofqb40uh7qso4tm7j,4DB09AEE0E1C27F2941A1FFFD2853AF0
omis7aktm4494feoe28r65d14c,4314FB53917F9D4414AAFC9DFFF92CDF
mgvthm28k4p68md09e6a8jd8ln,4676E0F107BD9BBFABF532B5D075C686
avq98dmo16p0tqs0fveq077h6o,4E1844C4E374144A692583AF74775D7D
irm40sf69r1g6nlu57hncfk77f,4C5B50E886A3A009B6E61FC926B46B5C
k55irpgl6tr762ap6k5sss379l,40F332F281B04A480F7AC4045F261C21
lq14dt77cjv511jdsfvb85vbss,447147BCC1C2FB8337E36B84195792FE
k01uofiukqmsasfv2anfvu8t1d,4E36C016F808EC5A4F87F319A2FBA6DE
232a8p6b33jlvn8trcd52mulh6,4A8FD33834EC6111FA837253F807D514
cih90uorg48kntkefolt1ojk05,4537C071CB0A962281A24B998A66EAE2
m9essd4n057googhtool9p7q83,4E6959C21187ED95978E0CE27CD9300F
eki7cpdlg1688njdkvt3u4mid1,4A2DB0483989CD389EDD8387BE74019E
5ga1fs945vul5ilccao1c6ch33,4CFB0614F4B3E8ED962105E784A6BF6F
n0c93bbpuij12p1vcqdin6sl4i,48676D6FB9BE2AE21E5D373B1A59D337
hk0f84haos5bfr4q8867kf9387,40A6943682815E07B187DFA1EFF8ABAA
5ov82ae4bjd134b94f2g8s5m5s,4B8061F472CE722493E3573FA3657B09
tu2db99pjqtjfo2jmeeigsfcq8,48FFCAA4A1E069E126E8B9E4DA53B3AA
h23vpkl0paalqrbn8o1ndjbfqf,42D2324D355F37367704FC7BAF9A6A97
bn49rd57tjgamihhsq1b1m9es5,4A6B542A536D76EBDBB4585773B4E246
l696pfs81doqufrroji9bf0pti,4F2DB19C76AB42D922D380B1082D78A3
r7s3h2aoee44l33l8f0onq6rgi,453682AA9C5B411B3816B50D84FE957C
8o98p4bmpe49nhhnusu7rhh86n,4D416FB1AE253E1F314DBFF3767BBBC5
m431e778j3btonumd8ibbc1va8,45EA5DB79BD40953C3AEA291817D3F64
v8lpej7e503sqgc55ps58035ik,50004D8F7DF93111D66F24694FA815B6
3i35godnn7sc1jo6fc5os7kg82,4939BF3371453EBE1D9945FDEE33CB17
vhvohtgcuj324hlmt79ku49bej,4F867A108443D50AF963A20B1AE7A1EA
6rlrqpb0e5ue9st3i4ru3jvmc1,4A50C80A10B9399A1ABE378E252C526A
9351l7mq72in37eglce5g6uovp,4C2BF2CDA5BB06C5D36136AFDE96FD40
jb4au46pvp3jh6s69p2dp1f6ro,4692E9DBFDF6A93FDEE13B9F6B9CFABB
ob4ovk2rek8q7plldkjlp19bl7,4C2C6F65BE8BD82A67BEE93D9585B210
jb168v08b5d95bub693pqvac5q,4AE45CF823830B44BEBED250DC977FAB
596mj35gu99sbsmll2s93ffk0j,446DAA8EC161C7690B23680AA3492E76
et84tuh9puuqj6e4ti2mv1v4q7,46B57486CF87BDF8FF472D2E7218056E
