Key,Hash
jej4adjk6h8vq6dibvns3pfv17,4F9918CD161F47C2A0ABD189340E41DC
1o99mbm8566m2hjk0vde31v5cc,4AC46988D2A8297C7DA2AF95E6E10531
fo3vq2rs3gjjrr81uk7l47cqhp,5F78A5E07EBD9FB1F960D3194C02A3FE
r2hrj1ksu9ar8ttranfh932did,5A6822A7168F32C78693D3795CF8CF07
b2m8re1r4d97tn79v2aada88e1,4FC73B088CF8251B6C8DB6491037A417
tsp2qao972ticn2cs826beghdc,5E98782C7A088AC70BB0003E4E5FBCC9
virne7n2rnpd53brof6jm97nci,5AC07E7F465E8519A3E836C584A76217
u0nbbsi1ovinbqfqfmtp9n0gim,5679889212B8805C9D1F56756DAD076C
ahurctshkqcueh8i8qdmrc9emt,531EFC638362CDF7E4FFBCD04B99EEE3
ci8u8aomjh79r8fpoqopme0dqf,5F481D090AE5C1C3AF4A1BEDCFDE6801
83a5v6ki7jmrpvpsqjbpuqubrf,40758880740F35D78C46F0372CFCEF71
gptgl85qsosvc9tpmh3d29habe,4BB9036BCEC0DC743AB426D71DEA580C
cgot5lkiktoev2ugb60352m2r2,429EBA6CB0987012FE41E2651809CCFE
s632u0o6371busb6rlae7cms4g,57C6AEA95F4D7788AC356BB2DF1638E2
c2i63brf2m4dpgfleu9i8pljpi,5EA0A72CA1CF5468895B41AF244FAB55
4kd5cplipvms1d253qkks638k6,46B181AA01126EA4B3A63F7B5BF1550D
q3rbkd17jang21qbktt1ltarcs,58A8157D71CF06622E04AC8B3FE65EF0
6v2mprrr7vbamqp1oo60pt4njt,594075F55ACAD6E48E90CC58237CAC76
lf9v3lip75gdnvei1tjh06f9fj,4A2FDFD80AB44069ED88A8ADDDBC06F0
c1m9b2pqpi10bg5sr2itujl0kv,525D26C35FA9281C312CA55F726C2F49
7e6oe4fvr8rgonf46a5n6889cp,5E3F51E042774AA14BC23CC0A9789FCD
9abak0m9sncvdmh972gtboic3e,4E0267163C06CB0C53A573FAE18610DE
4sm9drdrt6pc928be88c5edpug,502A7D31C643E8470157F5B661C0BB1F
5gq8nhe55diiggn3vh40polkmt,4ADF38AA330EC89BB6F3F69D5FEAF893
1ol14fkb5vl4gih28d5ocdnepg,48A49D62E646DA9E597BD1332394E34D
d5ap5fdp5ntvgun7msge9a0o3o,457F25E1F1426938AF12CD1828238DCA
rlchk5pa5scoi2d2elb9vn4itn,45F11F1A0CC9CE56121C562CA8B86A74
a341i11j2kiv01f49pe0sa95q1,4CE6C9EB863F5BE7206C9209603B9A0A
7cr441se2dv3ekunta44f4p4qj,57DC1BA61C570C931F7E7CE240F085D5
cn9aaubmf3e06tupo6qckp4v2t,5AC60302F9AE782475A31162420374B6
lk2734lkv4t9vvpnlu3m4sg108,59E36AE09E8E41677D5D2245A5E41B54
u4prqu7ee6fl6p6bempoiaioqv,5F3D47E5EECA860F68767517B562AE35
64e4ne9v272gtd67rll08rfm78,4889B957A31E7A1D64A3677CE324E99A
26jm8mha7psqpmm49adhrjv3ia,41B059FC15B6C7F7B16B9712A5CCA79F
tc6agab89fqudb25ur246jkcr4,512160326A262D3D9C0044C15E61DC20
n92vvddh0sk8kejdrmepk0pjq3,4972AABEF74FB818172D7423AFD15469
tfd7dtmpr8r010pg598ep0jd1s,4731C1B33238456F0AE70997F60E29EB
dhdvjkqlhqtngc8vsodpnr02ii,4A3FE8698C1C9E32B990BAFFAF20EAE6
pna6k1oasiol0i1bhvdbu7uqcj,52655D160667972642FCF3879B41CBC5
c0uf1p8jmtriht0j6p5g4qa7b9,5490C35C3399BB19291C339E265A8178
ksldp8d1cjvkrvvpbft9rhcqmn,51F9B6F791AAF9DB1FE97FE9C9292F82
qu3cf5aibblp9hlt791ucr1jcm,5B487697844DD36F4037805F4F9F4F74
6587inbcalapr0bmreoqoghmqa,50C302898F07E0A7570679064A656338
i294gfrmte4ct2vlj02rr8m02l,4D84A343D1FC3CD43046F7DF4FA713E9
pujutdlqmg1jc42u9k79d6oqb6,587ACCD5D1987542DEB1A0EAFA0491D4
87lhsa1e8q2du321rcgbstqa6r,5D85DC4233B418AD68F361B4840E843E
5o2l4d77p07734k48s76lj6lgh,545ED0D9D2AFE5E7CD29ADDE917EA3D5
f4bd40e2r08bbo54eo4n18gi98,4350B0FAC05E4E02B4ED3250914FAE3A
vuquipgii8rb8s0uf8j7mgaoao,4361C4E5249B86E456A8BA9FBC0757EF
itj77tr4tiu1ceq09dk8uccoh3,416C419CE98E2E9BEF504200E608B729
k9km499nbcg5is0uprkac3p61u,52AE425CD97F8186BC50FA7DD05E4A5E
j1mtu572fn3oo11dfg4fk6k77v,44686772ADA1B6F25C13BB43B8CDC65E
19bcfdh2i5e7kmvte5lqflfb4p,45B21B3271FF0B7E307DB48F3DEE26C1
om55m9pgg8thjolp438q0bvoi2,430F15B06EC3F9B4923B532F86A583DF
18qvu78hkvnqiqlf5v4o7poev0,44B8DD7140C7C5A5A8FD86B746CEC491
o13l142url84hn4om0t0cgsksc,588FC68DB7224BE8079C0B33530EC8BA
rm45n14iskknpvm6mgij0lmelv,577B11DAAB478C6379BFB5AEC294784A
8vd9l8jjon37qqt7ppujha5d6e,4DC26DE36A6BB6C5B6C58F9DAD282C98
jsr71l448tl5a7rsn97e5ndea5,4BEA9BEF15C58219DD6379594B54A068
njnf7vbo8rora0tncrtfovooa5,426941800D5EDD893D4BD6C6225E80B0
ar7ppv1o2n7bdoc6rgs40srhfq,5EB160EF43F399E5B90A01DBE3CB5528
gk6ltsb68shi64dbbpau03lstg,5410927E2CC49F5FBDB56602D2C563BE
3eur1htfm8veii7eorecrg8ns3,52EA04CF4F2865D8BCCC6C832D303EF1
7lba44bb0kni46b06jls7qs8o5,504A768B116D2522104C82C3C6047843
umfgapt66q4iusr9brkn2c9t99,47C97EA95CEA4F411EF296603C8CD5B8
5roua8ggnlj8gvdhpc0159d5g8,43A9A66857CEB3BC8C9EA4F939B266C9
d641edha3u26e48duiv5jv5b6k,45347DB4ABEE9102E44CE7C6D4AA7ACC
2ppqhj5on63osq1slab7kq0neh,4BEBCACD65E07D5C8D92C56B7C5E33FD
7nb5qrogg7mbpqvq12m45luanq,42999DCE5CEEFC3EFFF35983B3FFD142
55vu598mep0n8019b4g48idgjh,41D3C1248ACCC603DD7B8B2805EF519A
u2vpnr9jche4br1o4l40b7gu2r,4BF8570C2E93235437E69A3FA455A369
pfbenj4a2h8d2i1ptatpe9cpqs,4EF82F9F271FC3CFD0B0290A7A6DA387
d3ab91shkfkornmv3b6htl7on6,504772CD748B0704630E8A2820FF195F
7g51l5f6eqf202h9i0guh9ebdk,5DB9C2EA7B26B6790E38271097B6CA0A
n9uckcq98gas65bhfq24d4p38v,532B6EE8499E1AC348DF9ED1C0A9601E
fbgvvscfpph30jv6721ml56luh,564C982F80284B5B87A49F145F60B621
lvfar6fiunlonj3in667nt61sa,5F06B97F1C0B67D95735E4B4B3D58F74
hgs2lc733o9nuvvfqps135ijj7,5083373A27120440FE55AC753EEA8938
434vb8da1pko500oiitoom5maf,4EC3B3CEAA9D6FCC4A9724BC6FEC6FD5
stonbrb6bav39v5li0iassddv2,46D996E39E99C18276B5385A7227FDD9
bj7cosk8g9d6p7ch0lqqbdn6g2,5A25C3F610D04A370E7733B0DE230ECD
apbfaikjue01aumc1kijku74je,44F8E56B60DDCD086CB79749AEBD983F
s4vc8a0j383ba6cf6fc7ibl71s,52EF1287CB78AECF8466368EFEBAEB3F
k4gitaf6rucs9b5s4oh1qcksbr,56491B7908F1E7BCD4B3B17E669E7A90
ln9icq4f30dth1nb0b02qd6ai7,591F2D7A45DD8BE66819EA848D414C4B
nfr0gd6rh3ktsu6vi624v85as,5A1B8AB49F318536C98EE0973030CDCF
cqmsdgqljuj8q00budtm39i102,4A09E942730136EF525DAFE0F2E87D99
npt88de44ulgvbdmu6s6k84ang,558E4939F2A68CF12AB90743BF4F0C44
dri12dgdvtrugv23cvds33ce4d,504C5C354C96BD918212C4CF5E82500A
nt26mrliuhpiu23uq6ths6m3en,532B388029C1E340EC4C10F5E79BD749
23f2csmus1l6s1vd2d7q5bn7qi,47679E1A2A53FF381A54C837B738A3C6
dpqu1tr9vrp278rmgtl1v9o16q,5F2107D688E67225B802DDDFA7D93697
8omea8s0n05bs5q63f8ilmcg7u,4611D0B01207C203DB6EED58252DBB1C
p8antgcmbiigm77rook562l7se,57EA78D4762819C810CE368C184F9164
5nl15rd7bkf0e96qci27lko0qi,4EA36224E7FA0512844A02DA8828E9A8
vtcrrf4nbero94698guicrn76s,46A080002CECF8D702F97C9CDEC56BAC
nh0gnbtfp0tjhum38f4bhck1d,4613E30E5019AA11AB68CDB731564009
h7on0uo3vdnu6qg5ss3nkojert,42F6EDFE05EB9B347942C7372BD67529
hajdn0csknadrkepbu44fv7ugj,494F3A21CBDCABC99886B5DA78114157
jolqnqgepo834e4p7afg2ir2jn,4E025AD2161C302A69267DAD2D06AB12
nd8o9li774m296gom7b3ml4v0p,571B17D608B8A2DDC5A48B90A7833CFF
upsuno2p770j1mjfqb3105ejnk,50B9931D3810FB78D65B2DACCDE21F1F
u08q273rsmjqa0ma6ncl1nb8lf,465E5D639D48461BF4DF575093240FAD
eejn0oddmueg1g6tdl8np6nr47,4C42C74E30B9D223AEAE42E5AD8FCD63
s1ee957de67rv1fggqcarfq0ln,46F956E1165DB493D1D3B894F7CE4995
ma2ae2ualnaf1katdrri9t867e,5733BA71F30EAA74C69CB9A56E4ACEBB
h5kikkbrbgdh6umbcju677g271,4C2A1F9DAA46577CF91D1E61A5455D10
imqfu4gbd2sm77k4t3qtbi6u25,4646E8F04DA5503E463C5DAAA216D6F4
h30tb8evtvljsmkio0ae3feuf4,5A0A3B197948184C16EA4AEBD32337C8
irn9mudqjnbr20k7pngdjhooq0,420631845C081F9B801CE7A624486A4A
ad5bs75paj3preg2api1flehqm,5E182FDE7D6908571D8B925304425C61
gt2l4logce47gtqktktgl52j1k,4E4C7770A322D11416BA29695FE1CA65
81k2j0pm57t1ctg3to88d35iga,4F36D04B67FF4C8B35B0C24B774D18C0
7h4c63rejajpjrqhkirmmfpg16,498BF4C8DA19DC9634F3F3C1FB2EBEBF
cbo87b5tmp7ejht2pr5vm9mm9i,4F397D626213A70D029F05663791451E
l9cm79nacp7bhea5qma042jfsq,4D013251CC6C3ED867060B1E182902E8
rgb0c04uj4hn537eook0kbqkm6,468D67F53EED71385497C0E29CDD6CEF
gf0hacppkrscguuo58drdt4fov,40897961C6A3A28D786C701F316DB557
ohv5bdcp9magcscl5h2m9k7cb,42D21103C380C6B9F7882D45A470A134
s1g9vogdctr3ar3n6253sapbvs,421426F5F8085F12729DE6231910E54D
bmeht254mf1q8alfm7p5rijm0n,479C782589CF35E7F15539FE9FDB457D
dhnuo8en8rg95p9c7cq5f1qqgh,557876617AD7E3792F622546CF678355
dsva49sm3mqlspdqd6ius3ppj,523BB637037F2090A6DE681F5C690AEA
lkaj7ms6h3s4dm983rtm2gdppv,54FD18502F88011B9DFEDCB877F18EB2
eicadko7vlpsrqnou95ltphcs8,47F451D1D9014E5BD9528516CAC1E0F6
muvssmrrtrrebrf0p77vl0rlge,4419F9922F015CD669C66A62A9B4FD9A
s7q88ori92elvcegqc8j7vhoh5,5EC03C9AC379F8F869F93D5E44A645BC
l9iogujtbr6t73emvldadjp2ve,5D50E71EFC97AA28ED36806F476BF663
aneto7bb8fc5dbpiqm9sima058,415B1E28B2B59CDFCAFF9986D37DEE39
c00nbfdma7ksqbt5langmiu6cd,54F6BA131F7FE7FD708CC56317BACEE0
4fnpvsgbv2f6os0ktcaqjk1u5g,51BF204F9A44E05EE832E577E5A404D7
2qskatqm4otb1lfd7e3j8dshu4,5D0A17CA307500D759FFAD1301F73FC4
seh4rjpnuhc5ivg8arijpsblo8,5D36067241B0988ACE0E4E65537171E2
tr0j2joer01k4hdo1bgac2nr3j,59315AA7411678F9266BE39CB1CC5C38
heh0b51u7vvc1lp1njt33kn56g,40FFFE16020FA0CEE5DAAF74787F25F1
htg1jklc45ehtkrtlooq0or6o4,5157378F083422F109D96E9E1E057595
5veg6c56fg4iiojr6pjhr23unf,4C8E903EC2E8B51695F2B1C08A477437
d8rh5ki2t1hkpsdqffaohq3um3,4138EFBF8E7FFBF37F3A319B9E492138
q0lr4rnp1ji4skis4ivv9b5674,4069F1014F83FD75377FE166CC14702B
t8oa6edf8m35rqm4ps2o3l5bm5,54261848EEC87786B6FEDF77CEF8B588
utmska393qnfb0l7kbs1d8fks6,4DAD29A30EE5F343D8F9C93DAC044331
igusd9f0n2v7a5sjfr21obhsg2,49D848D82F32AA6D852AE1AC4D1CD7A2
rpjltnk893q2i1siioj72qma4p,4809DC29A2B1FB138B2D9F5D328FB897
cj8gon3efbhrj8dc7v6me66hqf,4C5C44AA8B6360289E313A1CF21D5048
nmostmldjalsclrtcsp669lu26,447A82E1D9154F15AF4EE4DA7AA78EDF
4rm2fmfvcpdpk6pk0co2qk67a0,44E0DD8A3A70AFD08240DA4C3D809209
immbkma3pkhvd5gflf46bs7ofr,40561DE28043FC09221BF0F9A045C64B
duv9nareggk4p0lc1lgkuiscab,47A1BCCFA1D6DCDC5F76675C8D500743
bgmkpjvg2nh06rd7aevu2ngunk,5EB842A8141E914F2633A02D1C81B2B9
33oqohobo583nc8co5g8gaopt9,42ED22C35F3B258074A6FE1C4715ECB7
4hhtu5v1pgdqvqamkld9gqmere,5DF831555E72D1AFB12A2E7DCA05618A
bsjpl42o4a3jp9l9fi26e83r6e,5917C5D6B519AC5C9FECD69E26CA7E90
6me5e1hta7nsjab7vjgm19eog6,5F82B8E57550676A94EB3DE9948339F7
igmgosbheaqhmuecpiuokfpaq3,5E7E1D442C698556FC4DF11BE5247EF4
gi7765pr11o93654lkfuvm0gah,4AF851FB48EBEEF8E8A7A1183F44139C
d7ino805nn78lenr7e3ldoajrr,4C32C5D09D009BE7F5963EF0D7141987
7m4l79dfqe04dstue5rm5i3vf5,47A76ADD2419980C0CD2B743FCBC4D94
54ahdq9014qcaenei6ovofd9t1,4969830798E3FF2E9ACDBA83A85EDF51
l6vt4aurtmka4batfk17rq5nv6,5E77FCFF6A16976CE3CEC96211E5824C
gd4b6c0co04p0d2sruqte05tgo,536FB2B0C556915E1DFE9A02E3A53BBE
bh51butfifvqonkd7r4jk6peaf,4AD2F83BB743C851CC2858A8D7A57E9D
psruh1288hdhb6srjce0bgdvog,5B80FC7054BBB1B37C5D988E91E95C9F
8hueogkarfiicc02ffhc3fmnid,5995E650DBD9F10BAC2C85D6BB41F697
42dm8ruh3qd0e1cdurlms3gehl,54C1B4B698AF3C628BF14B061CF739D7
rs6uh85ebe4ub0b9gt0cfkupif,48DA02B8D1A29E5573EF16C8E6347E4E
a58gfl07cov8i88s670qilcaa8,55193E9F70C6167990FAD89CE7D9DFA0
2h3m98fptol3cepl0ca2nri6qt,5731BC62784991A65B2FEAFC699FEA80
728os5ehsl579ou30ip9v9rpbs,4E41A62D0FA9C1FA5135029AFEA92244
u6kcqmp84o981gv1hg5srg2vg9,52FEE75189765752B311CE644AE0A837
3okcsgmem38lg1nmggkbfgdjm9,5EF86D54D89A24CF0D34CE87AFF1296E
8s1f71vio82uklmin2tts35v5g,5A030546CA0CB955D7B0191E426CD9E4
e04rbjc3mfq3m6sa6s73pg6i09,5F99D3782085EA976C2B058A6FF16207
qfhkjlan66h9i43o37mdht8dgt,470CDE22B6A95B0756C63C58A3AF1638
ees3sg57oh09i3de29a6dupqdj,52052B2FDB6C490BFBE3CEC9F9347658
bm470onh25u3b5ptmto82hqv9p,5E5693230A59433B8E1610BC9BA234EF
1ul4s4n9qcbi3siuihmnfn1ugv,5EB4C6813FE7B50DD05EDAF9334393C2
a7ag8khuteo8hvuidabk2nem8,437FBB35AA9826AD1944DD7F1D9E214F
93o84dt3so51234lhk6k0kjq3,476F404A2563639C7C36CD1545A910B1
906pukiqkmvd0ucgfrg9cbfv8s,42F2A3C559B131A1DB8866C341423720
cns9dge01ruu4bkrd967outic2,537334685E3DCA5E2AF66F3DD8210A81
na22jm2vk3er70dv4ih1q5j05m,50D6E9EC8F6C182B608D983339725BB1
lnmoge06irlnch056l1g0l0itj,58FD2DE4E92460DCEAF9CB021B66C178
o9p0i6ede53n8v8i637bu27mv0,40ECC8F58C8D5DEDD2E3F8F7E0C1C9FD
4u136dk9a9klkbtgv1d7laftbv,50358FEDAC6C7432E58CA924B610634E
u7suhkep4h6rqsns5g5ida9471,4AAEB69DC6E807C77FE11FDA76740934
j0hqkqis4p5e8j6h9l8pkdh3kd,57B90CC2E6CF8DF5A9A1426952936110
qnov7ldrofs8cime9ghaiu7ea5,441CD2C73FB09F6798BBEE464C652D0D
md1hv5kcd0aji9skp6pcr1kpo8,55F789A190007E292D305123BA02DCE3
il4fsn6fipspdjt0eno2rl68m7,5F2E8C3DE47BEBA4533CF776E9CCAAF9
dt09gi966ps1hs9fs60pf0pnqs,45C104F1394F25E77505320F6AF148AB
9g2u3ondoq7adpo6nabs4bsfn5,49E422C05F57C8BED4CC7485FEF8E737
oii33fe2u47ek6j33d1kkt16p4,43162E71A7D098026BE617649A60D62F
6oikh9dk649943j5o90e057oaq,49FD0468E7E92B1E01B0432C3F5AC02D
plhftf121aobeiphj7dh6jl34,591AA8ADCE55589DB85F61E2746EF54E
3m255mkuc23jr23fjjhgaadkop,4A1F2CAC2A61E388426BFA9753C67C06
du95pnt35famvcvelkc35u92ef,5AF5FB761C33E028ACCC3512757C7FD1
5le7f1hds4foabturcld80fi40,470C201BBD060C1259950DF36F5C4ED9
f50cep7g76voj5cn6ao4kip3te,5BA485256108F64C688C2A22B8E9A305
24vjduf0s8tj3521trf6e21rb1,5DA350CC30338D6CC1B3B5CFB26598DE
tg0ojmnvan5kmm245afu8gfce1,56DFEF0ADD93EFC372AC046CEB435883
cha7c6lheocdsj1n08m6ld3d4e,449FB62104E734CF09C9423CEA93AD27
3c2jhr88ap0fudfc4a8ppjjuef,4A7D3A03A829E78397B3A71FBD6732EF
bs1qs1pea6a6m705l0scoabjjl,4D0C0A418D10C331AC6DFC6A3A1562B2
j2idtv2ocqlbofjpta02r33m3j,4F27EC4EB3544BCC7FA14806AFCC26F4
2qc6ndvmo6pr798vp99h12fpjs,4120F564AAE48FABD72DD5188549EDF3
eoq6jtkpdr9otq338gfae1jui4,55191072F6065BD342E8BAC163758D8C
ckmln8hqtofirsqh0ju24q8ih4,49DCD2FD57BC428865DE6E96225533A3
g2ud1i7kdm22sb598tispfeutf,5F3DCE8BCF5EBC8872F5B0669ED1668D
t1oaquo30f8rsadoianavs6bhp,4CE312C1DBC2F1F077BCB008BAB0F27E
nu3om89cfgp7jvlv691ikgsrpi,5FBC321291C797BCE6E059EEEB2C5426
3l6u5mf02cql8gslkcalhst9ul,4BE5D4DB6E4685E976551FE6C3F22035
sa1scsv3apqht4qeol9o5o9i13,500FFEBC4349F4191DCBED1F6B09C5FB
i5nie0g6rv93ditjjso9v8nc0o,42CC3DB63AB5F3A7FF94338BD5AF8069
k64m3ub51la5g4pjqmpiadsti9,5B8BB560EAB810C02720B57445CAAAFE
s260lc8vucjeee17pv41e0fmf9,559A11E8A663CFD3E9B3981610367737
63tocc7vp867dlgmo2n0ltfulg,4EA20519D51162F29BC407BC7670C421
6l07b168rkcaa4qvmg0ukmscgl,4008BBC1E8F60E07A5EBB6EE5176917A
oda6uutu4tcc5jdc0i88f6b2l5,4A35E19F3654DA4F20841877F599531D
rm91p39ijcpnn9nd2qdlfu9mlm,4059C0F17705AFD6A7E65AD13338E511
urah75fr7eu0v4lcan7o40kssr,4D1CAD74091BBF4B334A45C3E8EE7FE8
d6j9ea9t2i05k2pn7ucdneelvg,4AAE1302FD21B47AE0A43D2D37CA62D1
crgghe3cu0g9ieh21cirfv5c7m,4A3BB4DB176BFBFD08A302AC1BCD9E7C
bsogvipvs47h2ucr4dqebvrsol,49183BAE99CF8FCB17A88484F875B1E7
h2ojpnf4rmlt2kd1er6gpgad7d,4F78A867EE865BC88AFC3BE049D09CBB
fb3v3sgprpdk142ttgi12jaoe4,5B364044206483E45EC263073E351E18
u76rdvmgmm2e1s2ag47nui0ga9,53CD3DA440861D47B23B4A6F62DDAF6E
vfkc6ma9le6hhvbpk88g6dkq68,523798D060759609BB715FDE7DC85422
i4qenml4tpd5nmkaaiq5bt83u0,49E123CB36A994495F4834DD1C9E9BA5
9kef4rbncqd76jl03sj6qd25k9,4A9E71A938D6C3CCE436A9BCF6898B65
7235pca64ocbjg56d77i5kbrrl,55E3275F2D4A698510D0D3CA7CD27D43
n4b7q44qjmeq7g93e3np9f4ror,4061A790F2E8B0D211FAB7918470FD8D
h8acaivu448p8sugvuag31b5c,5262CBE59A6E3C5B6486A323BEA71BFF
qv305ul6m03rjpvk9d2f0qa1bu,46622A140DD504F57C0D5C8F1AD0E588
8k9md9caos1tnh6q9g7kmmj04,453D29D882BB0517D9011F0C4BF50AD2
t3qc4n6h534viajjqb2doja3m1,44A71AEBD2B1A271693169612985987A
darbc2385c582nocfftpsplqta,40647CFF9DAF457414A4EA0E6CB3A9EF
r80d2b2mr30da7a23penuefv8n,4D2A9CF9B656629C735F0E35646DB61D
h9eb0pdp345n8rtcib3dd2i5rj,4EBBD5E283DD0292727084A48A63A328
rnpv2prjf2e1bvp0geg71l43fp,52DA30CEF39351525BDEE79DBCAD235F
aod1uv2v60ts32ged1f4rb9bfn,5E662F2A6EE3BCC02CE991CF492766B7
278joaf4r7cvn1mcp52185g8l,543ECB64FD4BB5E3158922A113CCE59B
a71i9ia4lplnhhd55jgqe106qp,414B0A031EDE1B1792F0090825D68E4C
qulq1j295q9g3v2pjijokd4pm8,4F11B4450E2BD9EC9BF39CB9C96A73C4
3up4kusboagrhe5eqdu2uscc8g,4A7337DFA1098B297B8DE63ECF87696F
4qsdqbgs38kt9uljhdm3aajanu,5B1CB40B8A5199F7DF06DA50663D51FB
jbavrejs2c6uv2okavie6t4qil,5C0424791BF27466B51B2555E70119A7
mftjsgjejgduf0q5hj88iibuh6,42A9A8BD84482C46D84AB4DA7CBFF62D
uae3ur3tb2fqc5f26b6b7pq03c,41213C4A208F3CB17DF4C1831CCBB2BE
5k92gsd0u8d7boblsuo1rhft7q,4D4B6EB32060D9D9B42F8553528769C8
v648ki7ni2cj5t1d1j5v2278ei,5B6E94B782E68D6D76D91C04FACD4EAA
p7an5o7d0mo2i90jnqcan9lqjm,530BD297A08E80DE7D1E2E90527413D8
flk7dt96ptram3e0scbtv8h1mf,51D9F051B2CF6371B85052508DF98156
aj4ljki34n4ap32rao8gn0dfp3,43F602F60DBB0ED40FCCC4A6F0EE6B83
dllunjt1qu3lt6n4k2d38ucosv,48FD0F1F250F5ACCE5546447AE96C29D
eq1ejp9cb9mjhsgrf6t83nirpd,5CBB4137FF128750D85E640ABD60CBA0
mhb8meqici918n4ujv5o3bvnl3,5860F6A32CC70C2DF6ACB501C84E4C2B
q9m4026jti068ba99bjtjpbovo,40DB1A8ED4D1C56F8293B65200F71753
4mcphn1l0a8k0979jigkgq2f6m,4BDA4773D050D511793B349FABD6A2C3
e8mk0fl4grato6t03lb885fs6k,587B6164A8E16381709F1FFFA8C30D5A
79alg8d6laeuthit7cmgpk6co8,59FDE2237688E3C4A9C6991DD5BE154A
6pu4m3fd6ecjeggmnqkr7o2mme,4962D875B48633FC0877920FD0DD6819
reidqk24d25fd2ap76bisp67a5,5CCD42EC42094C00D61FA31DB7A7A997
a8io100favubo2feq29c3i4ojj,40C4CA480E34791FFB87D178C5FD7024
f1pjiv26rg68uosp5ro64manjv,58513541725A52D1E30B4BC772D71C63
oicm7slb5gvgibb050ebmr060s,455BD01584AC541AF60E7A5083A3DD4C
cdifb739llop4ebb0otbb9pqep,46CD84239E9DE1B01AFA9155E9169D47
2rbvrv4dmc7p62m40i98tkmomk,454099B63F901348DC34E61D8C291614
th93bjjvmsrn1afu917d02n3ud,423AC5BA01FB9661B3185A8FFFD973EC
8r2tdmjbb772sidgjf4qlh430e,50E1114B9E37DA4586A48DBEAEA5B548
n4de86nlnipmt1u6o3bkj14ugm,486DA58C1AC664F0B06268B877E56C0A
k4f3g8ftj08ndv4r57g5s2ci2,4A872B7028C807FF74E38A8D0CAA93BC
pvquu2d9ehue8fgp4g9thd67v6,54A9D78036CBDF12552719B715917BCF
6eo9pfqc84ne58t9apc16quvmq,5947C9689A76776E292E8874EB548A5A
kvevuc36ck49sghnk1o3kgsgso,5CD298F86318716F0041E9750C1E4D24
2t41mkhhc2p0bopemn74jncupc,53817B8ABB03C0902D8F7FCDE08726DF
qahk0n34uec6l0pan3srbhnump,4EFB450C70644A2989BADFC22A1DC859
bne7950cb946ealuu77cnn2lns,59DBA492EA78BBA3594FF627421671CB
hhkb132th2ti1dr0bvm18qk6bn,4060BA53F8F97B1BC4995B277F6BB9DF
bvr4a9hc6r0poc425uk03cgoe4,583DACEC7348B6419923B7305D8F92D1
6pq0k5ckubr1g54iris6832iiq,5C1FC179CC56FAE91746959791442839
3k02a65mo5hmno1luhsufj5if0,528BF9652192AD48B8BA6A1526D8EA17
tgpqn6ntbjakinjl7g54ro0lng,5E9038E682FEA15A8C83892C802DAF23
o8mqb0hhovi9mog4ql5ump0mtq,4DC4BB1489E45457ED43EA64C57AE3D0
ltgnnjd6htloipcj43kl10o361,471552FA7C7C3F025459E97A4A2AE15C
t7vpjtfh221hgn5aqjo80etca6,42ED18D52E4A81E9D98854B6065463D8
bl4mg04917hfsn5qo0i415k030,414513A5BE8A4EF656CAAFA963BE869A
o97h616g3fj4a6q88bo6ockfre,4E29405D356CCCA122C47327C79A5D07
19lrjks28596fbavu32a042op9,5BD587A967BFA1987C18BFEE561ED08D
li9kkp007336037ijl5t11flqh,49F8A004DCDF752614C12375ACEFF4C3
vuvdekppn0hq4sfgplhs7rdihh,4A2FC790062B6C2F4A0352CAA09D0655
pckhfhjfetl0hqvtdrcj1m2c9s,479B873A07D94E9797AEE13CE336D7EA
du8u0km9sif76ov7sa2jfev8o5,51049AA272A41C5E4E1702257E7A77C4
g3k9jkr0gp9c3cc9va483mcljj,512762A9D0F8C8B6A32ABC8434841943
2tulkgbnecm4a8g8fq8rk65j4c,400DD98B8C8874D0A2BF5F4F3CDE413E
rdf7k5qfqecgrql7r613c3kmih,55B0442741E51F62D9005F0080546715
k7j1tfi0fplei0hljqkumivq3m,554B7F2C57546234B943A363EF96B46C
9spmi5lms4ltaor0tp3h7bqpf,538393FB0518F8BF615DAFF75023E2E9
2k83d1u7o8p15c35uv3se4u402,5CD80C4E0F6B5E97CA33A97F80AAEA44
jq0qdns0ormk1fakseaabaccg0,52EB9A30810A2F50EF0699E0EAC18467
16l8112dq3tmnc8uhtu6k8mkaa,4E82E1A8FB6F799C1D258E897EA71242
iukabgsbvpklqgenkr8b25p7ii,5AD4384D6E1DD71134DFBE809C70628F
oaktrs0983vvuboch1fscqbqtr,46AC37FB204B0D6AF8BF973812D2EFF1
1nlnacvcm74020eapegfss4q2b,408368A86A05F458D1FD15ECE5E1B5FF
839hnisv7og2ukqdqpuuq6r7hu,5F69CD8AF81406A549E7ED8E1D8C9A23
ufhpa5g6qmem5pmlvs372fu30e,58353C0567F235D2ED6F75D7A2B69A4A
m291s3qddg2du7nt8k9adiuvso,50CD70A7349EC2538BE020ED60B4EF84
s0kn885g46pm8i2ohnube18np9,4A4AC77AF7AA7260DCED21014CFE1556
2166e9cm1qnvnicm4qc9ospmbb,5D3DB57C73ADF0B166A5B26CE7B326CB
42o8mik26mrog7aiqkvhlebl3,41CF5CD93ED8EC02DDAB04716986A649
302aapi71t2chr76tnin3mq8db,5371F480663DEC1D6530D8A7A9ED3141
2rvv7f83o70pi3hll2o3j8nae1,4BC70B5808ADF1DCC1565BAB166DB02F
v7harfia4qbbj0s5p6ik5q1ifi,5297E161CCEF158EB127DC4F310F3394
g83lamd834351aeg72019c5daj,4CCEC4CA7EDEB799BD9E3510EB7E999B
3at02ho9tbqeop54cl5b3vsisc,59377552A98F70B10425A4280F5FFEFC
lek8v2d0qp9c01755gmvih6k6,439240742A3CDD3AD7BD07B1054939FD
d4v0upsgi39m0fe63godm9oksq,40D250DE4C50D3C2DC2A2F876CA5C716
lk181ij39r5bfdm943v4sifkhd,5E9FFC8E797FB94EDDB97459B1F2880E
7ltvj7oi8p2ojg0snemv2nnroa,52A94C746C12BA92F36B0ECEFA6F2793
sclr8j4mlvqd9n2gosggskalpn,443847BE9A8B9C4AB2B280E13FE5F6F0
i2sm6dd0p6vviegdqcsmr9n1b3,44DCAD625E19C750373C6712A70600B2
cg5glv4mitdjldfc7mb5p902qd,4AB1B98BC62ECFCE701F1FAB02EE3A0D
q3bl99sbhnkmu9nar1llnuvqq4,46DDBBBDE411C4FD4012D51426A1D8B1
a14gvb68flkg8squ8hg88r7psm,5B7C16312B899D2EF8ED5219230E7AEF
vhvq5ql53s9p1kujj283uv7c5c,4AB8642AA129211E2ACE5B058E0DA044
uq8upkp4lnokur0ouhb2r0s79b,5040EA1215986DFB33D12D0FAAB79535
h6laeagug3goo9ktd1t49lai5m,4A3A12470B24E9C4BC698D10B32FF735
pjo9n75ofk3qrnftqif0gh38i8,5424223E1919A88B6CFD69AB4E082B95
9qass0855ckt65a2i9jbguc8ki,410D3541756EE4BA72570B33A328046C
e70b2jq04m7f33kilt6hlm7br4,4EDE23A4CDED24E989E1D72CFCA1C24E
1n86dmee9282dl0qslt0c9jl5j,51523BC4AFF62969CA987DA3A6400DFC
s5a2mu9mp2dl0jm84njfvtk6tv,50CACD5CD94349CF055C9DE4D061F146
v35fo9molitr4bo7k42jlcnhld,484CF5165E0DF8C994AE13E0570D76CA
s92pg7a597q0v13h5okkl01dec,425EB86B88718FB7E398B1AB69395D1C
5m4bk6o8reftfgtflehvknntum,5483CCEAF3DC43DD7E79D246F9F0CD95
mt7bv1ql9qhrucgugrhqf196qs,4054BEFE51AC1F376DE68E04986368E5
4brg8cso2dg47qunla8bmbebra,4D2AC31BD68E229EC33E4CF16651073C
cm2glstj5jcktd7eiql3jf1h3e,5B645629400D1172EFB021A3906C008D
o1b8qh3oi8iajal03mkrs3bmvi,53B3832E6B318B5E6F84131F893E7B96
e3ipj5mtpa0mt4phhq5l4p14mc,45D5C1D173F95F63D2BDDFB48B80C722
mshsbrj1j7950kv7rbenpp3av5,5ADBED66F570740C2D0D176957D962F5
8mcr68qh6et7ntihosnva4cim5,5973E818B8C9F00AAB9BA1CBB267F937
nksbuqj9i9pdhiahihrorldhv1,5C3DD15E022057725600EE40C2CFCDF5
rlnophgopi4pr80lf5ldj96a3h,596BB06A5F8C823F176747B0159A8D8E
fnm3fbm4du74ce28n4qjg14vcd,5AA83050DF19676D3D04F5A54548258A
7r87jaki3ln2mvplj267v4ml4v,5E2AA5E87F351ABE3366FCB48537B129
747i0u59bbqnjvbrmfs6046di,4D6BBE94AE8C5208FDF29EF74BEFEE15
mevlnv095ru5visoc0rc141i7d,49F6C3B89800C6FC822C2C60DF497A4E
f095e0h98dak824vquhbm61n9q,50ADAA00522E00602AE2BEF0A44B8C52
l13lj403s2flnlha522eni4v2c,5887097692A294C884F49038B56C2A9E
cbhr590jp8bik6jp9m5t3m8jp3,5CDB1487045D9B282F2803A7AC2C7041
9jlnobpgpu9lmp3gac2e49ihjl,4E1849D1838228D2C588BC63A2AF2CB7
f2b16th4sios4gnbb377boed3f,5456675D16DBAEEDF88BC6318EA2CD69
r43qlbtsdfaqd7vga4pofmq38o,48821EE394B18671EE3686F094E83514
l8rddngsdg1ammtvkq8pt44dqf,54839A37624E578D6F50F6644E3600A2
pt0tanqpjs8e4ecbi2k5l0atpk,453388F1B59839EAB41237F2E9BF5769
fh5nkqcfo62nk6u3hd2ea1s80k,54C771621275912CB20864F09599E0B6
6aah3buv9c277f94obb6elt10b,42226BB46375C8E5AE54239A8F38792B
g64qrnll11igpfep6uuht1v2cf,4A2ACD000C43E5614216C99C87D65E3F
k3h1pu7g24rv8gd33df03vhlgr,5E607F2FF57C51AB11B9FCFED48CE98A
8982d9adnguh7v9jkqd362jsio,4EB4D10A169AC46719433876463B2852
samn487n0gfumniv2giuj7l5of,543AFDA463733EEB3D9D4FD7E2C8B947
er1ithoinfv46c1gmue2s1tvh8,4DEB2B526BD7A47D07E884CC0EFDCAC5
3b73flr3bo0tqb9cbre3ckvjn5,4382F8632614D8D3727FAD3B559A18D2
am3tkp3ap50k24tvmi2ua8nsku,5771F69517B90CC30F6D2712E12F5B0C
2m1edci0bbveek4asc2o56dna9,4775524F1FCF41EBE49DB507093E4B82
t9c0691p99ikged50umo903pjs,5EBBAD96D53481206789759167B73839
sbsdat6a3t01jpufnnvco3osng,57AD8E004520A6D952B62852218C63D8
81t7cg10o7tue75rmff5dqhrnp,4BECF33327B2AF00F48AC92F738F86D5
a62ccj8f5emr8lhla8o47v74v,57B04A4BA0D208EC66E3EAF2BE0CCADB
42tiagh0dgib0ct11jlerfp0sf,5C3CAEA35046B071FC7FBAF18E017624
nkfrgq162pkc4o962397mtdtst,4300FFDE0B42DCF1AFA3D0048393A371
9r8p22ueuj4eobv2ec8pfhrd9n,4AEF1283202D3ECCD220599217C22FBE
2gdeki1oeaovfti1l63ib92i3j,50F81EF8D29367D16CD05BE67664CCE0
h151hgkn1ur49fkf9v5tftccjq,46F751321981C7DC0BC5D9496461111F
burmkbombvhsrjv54gotvh1vuh,454E08D6AB28A16D86440932AB23A2D7
rljs7mtuqsq5cd6aptn3fm5pk3,4F5DFBD133E2E0877F97F4FA3E9B62E6
a37or77db6lkk7o9jpvqasp2f6,414F98751A77E69F85D8684874CA4CFA
8nf5aknpksnk5hk4pvfc0n0a0l,5BCB934D6E7F70E57A9665F663F56C76
evej7j9q7evae9eipp2rri8js6,45644C84BF44A43DC03AC2A227CDFE55
l7ab498q1m6qv95j8a9l54ken1,49B79FCFAC64DED62ECE10A63AC9A458
oo72bvbn6aa0g0832bs49c6pt8,5DEB1899EDA7E4B9C06D0C5B69C0A52A
es50ce38lr07u3n51oep4g5c36,4AB9C2102F6D534637C6FB0695AE9DF2
tb6iqe355qnf83u6h3am4u7rrr,4611F401A3FBC42289E12C84D7CFCA95
j4ublo31e13a3qh95ee498dq6h,530D06A0E9A8FE5A5981F290F55CC7EE
u2eerd1voh2qglkoa4rmbm2oqv,42EFA5BD5C33F31A8A50D64CC592A35B
nh4ul6tntjl4cgo3rciif94qh,4D2826F2C28D2124996DA167E7E52251
9i0sjmrefmtkp2ju9crrlil3vg,51AB1A0999F701F6311537A532BC5A74
3044v6e2p36rrqf27ul7hl4p2u,4B959497A5CFB8463414E3A4424D4EA4
qduv34c957hmmo1qurmls5jr4j,5421FF01FB9E0F39A6C5CAA1D8C9947F
1485cds8lheobrla78cf2sp0q2,503D438255E0990860566A376E6D030D
ju4ak3cu7utpl92sn2ahkk9its,4F466B24624B39324E369436ABD82EE4
e69okkuqk4r3hcr78j2jk2f2c,52187A39DFDE6CB67001800092EFC091
f0flpfqppbtv6qmn0i6gvfu3tk,5500ED69D3A65E281ADD6BB0526663D8
v9mkafav5v04kd6ceo01cdh6q0,55A2883908BC2E71EAC258F0EA0EA46F
gi9a4549cjqvfon4b273e0s6lf,4105370E9186FFC1D063A529B119DA7E
ftar12jlcm0mgmn9ok2lqkm007,4ECA5E3C12D460287EA2C65476146859
18fhmecq1g3c3sqetksblhp6v5,481C807AEB2EB2FA5F6071F979F2101A
6kqijmq25uu233jso897knu5ua,5E9491E59E2400D9E417CB09D6C6A83A
f9mhmpk1f39pekeh89ig8aokjl,525E9F0E7BDC3E24CE89D9929ECD857B
usfaej1qiql29n0urd2q742oq1,4276AA995DB4752277D24A067474BFC3
rnt3l4jmppm1nco9g7fe4hrle2,58B05C7F5EA71FAC527FCB1E6874C6F0
krebn99ddtgkphdcssg0gf7ouu,4B7B3238D6D8F180905AB608CCAF0164
vlfu36m13qvlvjg1prepachaeq,40A3B654997B6B4C913ACAEC4821F2A6
57oe90osq6j4q5264tvr27rvhu,4CF5F388AA278BEEF2F7020AA2795E97
ospp2jn8924m4r04r5bnpbkj6a,52454B7D94A9B5C1F12C4C709EDBFD26
49jous704ihdvjf9i5krup0dgs,45740A1BC0B830C1AB5A9673E612013C
9t416u0sd534srono323hkhvi3,59E3ABD31D42B1ACE21F2686C22BBAF1
10ps6nsm9esp6pofg77oe8nd36,4DE1D7DD90E816AE942BA71F300C0673
31v260kvb7bti9jcjarcjb6b7h,41C413496992B079325F0D26CD6C51C8
jebnachugacutj3h0oprcrqqkk,41E4B822F60B4ADFB9EF64FFB91CB1C4
33fj8s5vg1764jsdl90dl771of,50E47171783A4FB7A801AAD3DD1465C3
thhfup1r0k7nehmvhg4mjgkqp7,43D7D8F5A4E9A0E87A6C0A596B142658
lprvo5j57sf5ufdrs141g6q31j,5B3D63503902BD9D103BB7AB1A853086
9oih2qvjmurk6c43o2knq528hp,460A8562821AE20E17C62D92850E1F5B
codttpcfk03ebk89hfdouf1ng8,46DC8365D504B1C2B80747F184945DB9
uopamo295oj4lsmmbrtoe8lr9i,48879FE3D2C9E07485A93BE6ED428952
jnqitkbueq81b8qqqa13d3m493,455B5B1DE8CA74D0427D77E8C22FCB5A
jcrr4g3il3kigt8u22hpcnf58g,4567D1FB000DEB85D6C7B9A458BD0355
6l16nkcv7rt5iqmg7ci1a1sq5i,592CB1E9B09E36424E95F0E8D813D4E6
sj06j59fe5mue6ibraf8t2776u,5CFD5AC8A024BF22F90163B9AD0EF108
dvskiee3366lkj4u4eujs1h18q,5BC90D915A7AC98D4BD42A4993F6316D
ujg0tms8335h8jel2f53kd4ag,4A5FA5B52576B85ABA082DAF53308AE4
fjokj66gt1fqnu1cm6an8q00uo,5B361CAF38FA2B0B749789EB272A617B
gvlp84f3s2ct7deelkmalq782r,5E9FD31DB7F6BB47379DA66CB4A3179B
t2nr9mhv521v9lildne204710q,4AFB49F6977CC14CD6231625C291108C
m0vmf6mfp9tff5k31f9v1k10pd,522DCF47FB0FABF5AA9ECA4C9233A428
u6pp3sg4om9gmk3047kc6n7vma,50A83ED9D122C771E8A797847F191DCA
bqrbscljl00bqpflh40n3r8ibb,5BD62D5907A4A421C02BF73FFEEEBFB7
vomnqo4gdsp5v81uji3ghr1p23,5F42DF75C6DD20A5D351AC4460AD038A
8i3h4tf9rvvs9mljniu2dul1le,511CA362EBF34C5FCCCD637CB3D2D08D
85eteg41prr9c3srha6j06rpqe,45E7A1F6C09DD152F0BC82D32689B439
e0ibdsv5u0uj6svrv43q1h10c9,43693347ADDA3C662D71E583F47ADA6D
pf7cfdtgdru9qev991o1g5k2tp,4BBCDAD832565A64B139B9004FB0A5E1
lmc1blr0u9u2r1seij9nja3kav,5CE27A28BC89B432605E6B6C20E511BC
3f6moabb89idlk873o3g2rp64g,4998E7F2D848BEBECB8CC44EE41AB7F6
k5a9q3na8h8daqed3evd3j6qhc,43855538D10C57222279A05192207E3F
kbak2ahnpq9eivhstnrp2l31t7,50808F13A704A0E186C68EB61EDAEB51
em6cjjt31qp9p0pimm2b6adn6e,44C1EF9A16E7BEAD3C084D5E47EB78CF
6o4sruk1669g49obur6qf1ihnl,4A4C682978E6C36FAF4A3857235FB2CE
9n6iet4pn7vb6701q48dljk4rc,41C175E80BEA886BE95A4D89072F69E6
9hthinmbujnlbqri148et87gt2,48B888186B14501F813D443A428EA1F5
7ijkuk7673c6spnl49v2bflt36,40E57E8C849C04210FC712C9C1A5E276
6nbpbblaa3brtdeu6amtau91t6,4442DB465451CC462719E7EAD254D2DE
ated22i7949tger928q3q249t4,40C0C738EF239A99D0F191F196DC26C0
9iceodahvv77fjfqntu232it00,589EDCD3E721741C5A4930C23B2B8CAA
fv0mgbq8vrofmvsjg7mhe75b9l,4C34509ECAEF0EF590F05123C5CF8AD7
nr4t4co3mucvle5t8lkoa628p3,5F3601A05E2F76FD4D99F4F900398773
r1k21lgtdhoffuhhnc1c5664u1,58FA9E81F8F516716ACAC58F509A902C
s2qe258dii8cnpompk123h5tdv,4CDB7899706138259D74B5B163B1526F
75ppho644vq7ujeib5g0c7m6a1,511E99A1CFE8D0CE46CCC70F9C83837E
79es3j1rdr062tmu6kg5hv5b3k,5BB157CAE408AF5F98C53AFCE1000E9B
jqq92logdflbjvkfnvsc446d1m,5E6EC0495B3F09E94B1632DA5160E4F8
icgag1ubnie1n3v8goqgjca6n1,59F511636ED0104632229D9517734308
ghvvohct2ktejo78oe9jqeeovr,560BC00A4C7026FD3F0F238C7766AB66
29f9ag5ld97khppbdlncdc6jh5,52A55EC7522753A0A62E9F489D07DED3
3q90s571t1nrrumvo9fpf3eeia,5961D80951826305A167CAF516602F66
oe3kafrvu0jdvgtbmf5if91i7h,5D7F67C106305771854AA71885AD5D59
urefhk7n1hbfsdqmbo36ue21sq,4C6D2FDA67E5CF7D1DB832475E110C23
l9hs242nq1pimsj7kp6mj2pv48,4175F6347FCA91EACE92193E19682D3C
u4icogo2lqsk07ks4c0an06h3r,5C871F0A43C996BC6A3CAE958CDF09CF
o58onsa0nvecrad7sp958pqbbi,5DF9B7AE8A28CFF2F21A7BFAF20AD20E
orcae032iuvvb2hj1rair7rf5e,55ABDAA67205C8649988933A9736BE2A
civnph7fm9b1cnonitiab2ac7i,571720147701A0E0591BBC02A3839FA3
65iluqglpsvs7unkbccq1mtih7,53A6CDB0A7536F76DBDDB6FF2A0F92AF
sbf5s4qm4g5fckm2q02b9kjf28,5965A04FC97BB96A57089A3B36A3742D
i5op4679ftuec4qhv6sju9djf4,4F5B2944261661C5EB102A12C2CD1DD4
b0io3eils3r2n0j89i0vprbgb8,4F1034500791300FB4C3E6BA44943294
rmhhu0pabqsofj0i1l4kqu1go,590006E47042ABE004DB96D915A23AE0
5mlqgpua8htv4vscuekqd72t4e,43E34B49A68D8816E192B9CF9F549EEE
gkujg0uc9u66ro23bb517hgf7m,44E6DD65420FC6CCA77F58592E03867E
g1gqc17r73flq35v801ftus46s,466317C3F0F4D375A21F26609AABE5EB
ugatu3lvnahnc27dcn4dumsc6i,4270F4D7B3F6F26F5A46B3A1C87FCF8E
s9mopv3dch2lcsa5f5q45kp4ti,420E1A403F22620E5851E78360F55A1F
kk5fjclbsv3mri5ir42g610ar5,5B71AF74E77A535BC8E15DCA42DD5488
v4pksrl6k2623j84m6mohsi3np,55210ABAFE906C85958C6FC684974502
2iq51fj5qj9e1kor78j7jls91c,447D1D9484EA8EC4385218C3080606E6
n9f5tg4nua4onlkv7r2k8502g2,5016AD52002C05112F152E2388EE8BA1
nu99jkdu361kvbdvliahs40anj,591649D712D37EDF5EE6FA0B97E87CEB
4d192qsf9nc5u4g9mdht7uhhgg,58343A0F8C6C0624136056967D9D43EF
fnsqum04iqtjuk85vo62uneeoc,46116D1D342C2EF7EC3EE2C9540772B1
8h1oghtoqtcr6isjbgii9mltci,4B7E45DEB1848068EFE48A867D0B324D
vqfn905s57ci8k7qghq69fd1jd,5A65BD0BB5B20CB44B77858CC8ECB71E
86s27bb3149slr0e7mk0ll80h7,49F1AD4E85C3A753161089846B71C1EF
iubkfal69orocddo840ardgt9e,59C1E3B0B523AFB8A12C4205ECF288D2
n3k6abvdoak6qq9u3slt5v0q9m,59D3AAC3A948B82B6F02681A043D6931
ag29v5h9al5o51r6uj3rrdrqm7,436C810CD100D1815E1B46E6FC46C66A
s0ltmqpntccha79t9km3gbrit9,56B46D2E69CC3CF6D785A7050DE4809D
cu91qhdr5pcj5opbi4aj28r3id,4E33CEE25815F9AE340ACFA7336044F2
46dddl3ocs97gt3r3uaobv966i,558A18E7171393A812BCEA7816F1E608
a2fkbumviqa4ei9m6gdtekhnu,4684049B633D43B2AFD845E51D0ABEF6
j324080is4v8a9vqbhmr44mjg1,5C51ACF9A9B5DDA45EF88A8A05B4A72E
obcs7knubk9spu0gnjp4fbsvnk,5D2532CC9C98FE362AE2A7C5519174C8
145qcup69431ic7pljslpmdjau,55460F537D3B6DE31BCF1B044FA16E59
4oc877cniaqn49g2573ch0r672,5F5DB817B8BF64AAAB5E4C5E3F384CE7
i9ank20qqu6g2st7jecjm8ok3p,4684F6CEAC4FB142AE9ACDAB563814CB
tg7n51b4uhgj7lkon36th5h3n0,4ACBE89191EC6FB20CF357E7BA2DA96B
3hjit93j5il4d7qskenjcs1tgt,5A9E5541D1827CF93D9DB4D5C75294FC
86uavncuc5ofbeqaoop2oi9sq1,45C5519D162574DA39A8508FC1E73697
h9cg1btkjdh4o4uadh6gakc92d,58BBB342645AFB124DEE92A60292596D
3nkhd94ohisu3lms4kaj9oln1b,5881D38005565ACF169852681D156261
i118mmnod9vq9u4cf6o2824knm,513E334AC62CF4ECBA4713D15DB5C029
l989a03cque0eu5ifldcfeis73,44AECF25F2F1154605F38F302A7176F5
64icd1mhe419tpkeq3av0qqk0f,438F09CA4A63B13BE8524A09C5891EE3
palntmm6ogp7b4lj6ngnbs9gfb,49DBCBDAA89D91A4F4A913762B4F0690
5tar1o0uunv1nn3c609f1k055b,43C189690CB2EA7235B8515337A517E7
jb94t0cf18j7ridk58untko1f1,5C414945A7EF18EB3934323A6A05E756
13srichjm6j8sfcb9c7aa8vdcu,4A7CE42BF34ED388AC7786D96B0E313A
qts8qrv5aoh73f95o2l2qv9gmo,42FAA11EB09B3136B23F29C7D3DECE40
8iukvfabi6pk9dcb4vf77engon,512FA65C83AE03CC1568F946920A436B
7mmk1m3bf0r93tjegrb1597m6u,5C9872747FB41B1BAAD41CEEEAE2C7A3
tvb1dsqnpqdikquhaarbm1gv7m,4E4219A93F255EF3D966EA0F3758D953
dkpo3u6m426lg4oialtiab0tbp,4ED0852FEE9E41F3E899988BFD7FDBAC
rqr9a3r60p5m1b0ac6ep37s39r,42D9CCC0ABF6FC9B9821FDC2E270D843
ombd8q760j0rep0t7ut6jv57j0,49FF25124C1D01BEC598EFF320CCBDB2
p3ppeq7s2e4hktm3n90ckbgogp,4EC49CB7E6B56533288819420A248D85
ijvm87eenacao49ev7u7s9veol,5C34E927E2DAE3D8524908672490AC6E
es159h9u778hbg9p4q3b0dtao0,4EFD0AAC5F38F4ACF46F7E54BFD4ECD9
1pr1m8ur6v9neq8a0ug423ml6b,51F3CDC037FF12634E8B345A2C3AC7C9
vnjutk14vcarcd28lbl10q08l,44CFB8FFD317E5D0C876D911353B81EF
ed4nt1oo7nfbihji2foi3ot633,51DCD2DE69A9C10A7E38606440B29E93
odud7b045ou3c4mojdftlk74ao,439BF4FB47242585F00872E5C9DCE808
ph9aplv2p29otf4jv16ch84a0k,4CFE526716C90A0AA12A0BFB4F856F08
uc12u0rrpddgrod0303ohanrru,453E6D3B2ECE9C64F1242F59AB6C326C
b4r39j1h2a3qgimeubml5vdu0b,59A309DBF51F5704373AE5E6FB9AEB0D
nrkab1vkt8lslrnrh3pa825u6r,49DB8DCB8977242E08EA03B7317631E6
1uh7mnj8kkkem99qlb9ef1bd0c,5B0BD8C1240FE05362810638EC44C195
ecluf91dr8hm8ur3j68fqc8rpc,5D1D3BB5873471FC04FFC7A166088931
76tuvqnkeon5lmd6guuc2t47md,5B950D09B5B66AA8E2B612407F5512DB
vqamr0aovlafm1mfnfl43oirv0,40444DF7CFA82BF42B28B0F24AFF8D8B
o19nklofe3rdjrddbg5pjhdkki,43516D49BDF0A9F06BCAA2D13F08F5EE
3ip5srn4f2tjntjn9b7algatk2,4B33CB9C8EE4939B641472FA9BFCDFB1
ejs3hleduuulrh5r79nroqd4dc,40C00AABB8F29839101C9EEF9EB10946
t7lrcab0v0irka0e33acnoaido,41671E88F1EDC25C14FB5577039C88BD
a3arsce9s7bonama81cr4hka6j,5BA967587E0F837C503A236824573D02
c99rj41nt3krr22hcb4parmagm,4986647ECC19D03B672CF66734CF4216
587ct8neje470irk87mker3vcf,53A4519A8194C2B8423D51B62F5978B1
jld0oroff7t5avut0i9auugmia,4CA00145E96D96D0A7B42EEC59C5AA32
svj63d5rih6lc908vihav641nk,4D015927A7961EB1F6E6E8D1BFBC1941
lph298pjt72ra0saa0dgk0v0o9,58455C369D29F451C9F27D4321C8496B
o4ao3m43mvgs4qtvrtt7oljmrh,46DBDBA2F369289D4C8406D393ECE57A
l65lc3fo0ri95b6uof2sd9kvd5,5C2A6954BF54B2181F19859D2B3610E1
f7iua1d2s81qhucq2t0u9j9acb,52D6C9666033E7A918A34B894477CB22
lqn2ct2uif5n15pin35qjlamne,4DD6DB8BD6AA12F3DAF71FBCA0819ADB
sq85bfh0jlk5ci1jl01cddmm14,547D980FFEE1FA522B111D6C1BB251A9
3gfi7b6okfinrdjtaojnm7pm1,5BD338A8ACBD9CA84B8E49D00B1B603F
nvfnuc2co8r1legtt9k0lcin00,4E64BE1B89F56FBE8128D0E2C299D708
a18lphtmljl8m85ftvr238v99s,51FDB64B2FA434D01161FC9B1EBCF63F
7g5ps3ds9m0ar1bjrf16u36ste,44DE0089E3156A2598AAEC9C42E3A66A
a1pva0vq4gj9egl0ggdhruanqh,5D2308CC931DC576BA17A2F5373141DE
grh59je6jv1vmrob9uloqjmtit,59DF6D004AFEEF65375F827FAABEC01C
pcashb6ool2cpus9o24op2pd13,5F307E9D01D66B65E0B0EF4C1AEEB60E
4ncsvah4dhmsc2oldlbu8lisqr,57CDEB694C6ECC2FF69961FEA31E13AD
9h3ojr74kg6aj4tbg2p7gsqnb0,543B54E0796904B154F08A0F7D9D2C70
abgffim0vn4fq6uespnc2sm6g5,4267D802E291C0AD104A726DB0E5089E
turua59ekdnoou41qlv4qeorqt,482F898D276E7865DDA889A56AE2C7E1
50d00i5vvp3q0447c7sud42ohs,43EC3198471DF4B444D1B584B8F40A02
77fvst73tk3diaha308qckavjs,50F0560B8998D11CF7761BF544DFF8A6
63hlrpgmbpip0m5oa8tuk15024,4A8D18F3C050887F0A1CE28ABCB1ABF0
ms9b8nqis90r7949rfrkn93n4j,460C3F10C61CF492BAB6AFBA8B37316E
v62isif5acks1bkofcskhk8cu1,4F0B4A1D6E49F02DD8C83BE7CCAFAC71
d0jib6e1457biss00tu4nqkfov,48CB54A1BAD1017A661A3DB6FB50EAF7
arco2ig7708htr3vdb1m7k8ll5,4B768BB2BCA33A650AAD409957752A02
rbtq9a77tmnomu2d3fkd333m1c,4D100777C3ABEFCE398B27C8CE1670EF
hap1g4f24nuaokg1sfvjir4a54,53D3E501EEFB65FA91ED323FF2934026
8sha77cnso6d912cvrserma5p0,59D1B4564C3207DB19AD312AA769C2A9
gcd5830907g46bqblk6llhippl,5B4C78EDF38BA565A0F8382C2F79458A
hi33i01297l6q1gs3hm5aejs3a,4B0B07DD48A5AA80CE4B0FE9A8105E0B
ftmub8rf4d7lcsfpjgkj1md75s,47E822277136ED77E146D41719FE5023
p2m069anqs9sqte28pjps1f2a4,539A85972A180265EFEAC298CD0A1451
v0bsr5nb61rp2juafh95sqbdms,45AA99082EDFC7753D386843DF8AE8C1
ht7sa8ah61tspn5kojvru8enuv,456D65332573902D9FA422EB24BA879B
3rqc98r8t8d13vj7satrpv9hg7,43B807D0DD6439A58606082FE451FCDF
ukira2kgp82lneefk5knie6pf3,53749F6ABA80516CBFF412DF6FEBD9DE
ol464u2jgp9eoivm91o6anods,4F7FAE506D4BBD8A36B9328080BCA3AA
opa8pmor9vft557js4ovfo0gef,4C870A13A945EDDAB863E0CEE2CC2889
nhhi6u2c9burjm6ot8kmkgl85q,520F355C6FAAAD8E92A528E9DDD12FFD
mh3hkji1ishjm2lpg98jmetbgv,45BE47E86C8997452B9D59CFF53FA45B
f4ahn0bifu28k91urkvg5ogfdt,46DB5C5B732C6489E1B5AB5DDE0E5E65
6udca09e88osinu1besbpot6g6,49481D597FD96389D2578882E9FFECDF
oe9aaonkvjl7ot35ee1mpbj19,4F47E4DED17CABC29558744C2F0D547D
83jrh4mse6md4pu2ldma4as388,45B0AF824A35FEAB93ECA7C0C4EE282D
rtucd8go4ci6ov1qieqp99mh0m,577F1F0B37D4609C49EF29DA11DCCEFC
4f6umsj3rnjtm1u0j3qsefpaer,49F38F341AA3D8B840E765C4C9BB05C5
ai767jokcinad9dcth1a440sqf,574001B814A92C20EFE2548C6271CAD9
b88m2np1tlu446tau6d0f9c778,5BF3E28025B1F0656A9A657557EC36A1
8nj2tfv2ogakf6d94u42sui0s9,487BE43E16F35F3EE735D847AE501D52
rcsg37jciai0t4pgp75a0b7bvc,599E63CC29F57A975994139F2BF657ED
llh3849q8ptu8g050vjcnsrct3,58028D1C40F709DE0F56214B6177D9CD
u39fnomdg6mio3peec8623ehks,4A1D8531A6961D681AB49F9F289098A9
btkqdvuooh7d0g5f7u2vpna4if,5731E3328B0BFE405C33D874264DD6F1
eaumeuf3827csltavcr5uvqmmt,4FF2E5DCFDD9F1BAADC70D98A7A9D416
2sjfpr0vvl1m5hvatmj7mu9sfg,5EAE84E3663D251DE231A75291CF8781
l6beqfkk2mu7o3lbqi2bjb6fsk,56B601AA56514273B888E5F1A18BBFBA
73dqrtqd0plbqtk886ovtht2ar,56D975A25B6335BE7F8BF859FACEDC3C
cnse523g3tlsrofb2m63a126s4,5D2A13F33E67ABAE1E463D75C84CA705
brst09977r0dlmbm4166udnlol,5561C507326D57714526CF9E6A0D80BF
1ruaodgfg6hfdcrtivv0vh4jtv,56FC77673881E433F6DFEDB7D1A24483
qsk972dknvkpckiu7ieird2soc,52CDA6E421187B99120C32F5BA823D39
8n97m1r2cpmospcd1huk08f9v2,4A5DC239EC20CB3DF0005760A7541378
illrt73vkkt6njhv8amhl8tqc0,577841B27F00623AA78D5552F52871AA
9apevo4lb9i848faud5b6oat7a,5A553AD07863577C44C7E9E0E832172E
pgac93dd5qubkisr4v6hv4lfs7,5B1AD0AA75B9F3217AF9A3E3ACCC52D2
pe5ml19s1u3kp9sc7o6u8j5ip,417B50006BFDCDA708B7ECC1B9485C41
oh5jhpicdeqbv0c2lnis3ktc5s,4948353D4B43E3F0310DE3E610130B48
opdenrpotbklvqkrdevn25jg9n,5E1405073BAE0AF478486EF70E610638
ibb4sse70hee8kr4nc5p6vn7q1,5D71D40406BA2360DFA11F934DAEAA22
l8oovrlclk80uasocmnhj53frb,48E49E36325628F8BA4840F1EB049DE4
g7phgp0ie1ea15mbktqj8o5km4,5BC899CBFCB98A24BA52D4E0CDD69A63
3m1g66rbki2sgoko4501fk43bq,448B4F07476368363A469CA3B230F7CA
g9mdiojinuuf9fp651f0916861,57BADA0378BD9335264FFE07FB613EBA
gg00439ocgh34jrr74d1h9t9vm,5DCBC46AD751E1E53A6D707676BC360B
i8s02dutdd24uh24oe8tkse8if,46BE104029B07159B187E9C8731FEF27
1l14aho9ngthtrijepi5b9k4bk,5D84C2FF2AFECDB5D1BC743BA8F9F42A
8k27f3r2jilgpbt4lc6ejqlgm2,520149ACCD5C0B3F968B7F5F4FBA063A
p031360uuhcntdrnkuq3javql4,4B15CE31D1161329E8FA88ED9D9CB6AE
qjl3hcis89k02tf9b2jiv1sfv6,540EF8388CCB2D25780D19F6EC7E9D2C
ued7terdifhfbpep2ghnbno2q9,5754AF4FF0C3C3625E0E673E2768F94C
8acnd2epco32qmte6miqsjgmst,557554CDEEA54FD3613F7C4477D375CC
6spvchgqi6hh394cbghfkc4sta,440AE6C0033608F5D31754CCA4363468
9nvgd5ql7j3p7lc75hcbji4qoa,53BE2C7DA9A5E21C441E364A4FB75229
2httc9dm9a3qtu9oj88bch2q2d,449A22C5EC8B38510C0927255CC1549A
b70cfcaggvfg28sughe8j4fklk,537DB4C57B0DDA7919D0623A1FA0B455
bj1pq3t1cjuattqimkieqo6ten,54DE875A29D7A290043F634CD1655AEF
ke72ro6pmj6qmhrjpo34p4qu5e,5404BFED9E607314F51C3C0C5CFAD7E4
2c3n3de54kqnnb7cekjdlntpoi,499876B8BA43E2793C942AB8BA5AAD86
f151v17t3u4qng89ror1vgh1ti,4F4AB3E54195AC54149C542CFF58CFFD
1d267nge5sdmrc2hrmakt39rj,40215F7A40FBBD93D5D907AF0BFA6EC5
5n8hjd3o868m8stltbj2qs374,52110A19F0A0B3F8259E328ED71F8BCE
9lrc7b2ci03qh5iapstcc29bu,4F16F9F58B7DB90DB1D85C92DE98CCD4
4v526qbfcdr7lpqf9rik08j7i5,5DBF314054E620E173ED36E2086E9CAE
d6siaiiu3igdcbjr9q9rjes7eo,5EA2D3BFAD9C0404FF38426033001EE5
log034sf86lubekq70robgad35,45ADA3949BF0AC31BA620B71990A421B
mcpqsdur46qnpumgg0bklmbls3,4EF249F09C7B1E83B0AD1F2D461BC31B
ogsbl47h7qhglc6m9993dniloq,4DAE4198C26E627EFA344C360C61FD8C
osp6tasg91snhhj7bgjng6llpn,5073E0E4E1CDD8F53C76C068CB1C32E7
p3j37flada0jfpb7ub5oha34h0,4D90F94EA1E88480BA5FBC5F8A3C0636
l2fk1bqj42hg23g9vt34gv5o6s,59C9594B697C905F048E1523AC420FAF
c0s29epn1u2rc1bneg29c5iogc,4ACAF637797253B4CE5BC605A0746596
s1cicei7hq0gr63o0c3aog1odf,546595EE0273BDAD1B1E5ED9C594295C
kqg8s8t8ot4vih9ik4ningsp6t,5074284900693F09F46695E97BB4E5D9
hbgc38m8v4gqobaqddh5f014en,47B07B0FAF09C9C5492A152D4214D3F6
2976jvi39qmv6vpepf53pbb7b4,4BCA9B832DE47E9D4BFF3D0A97309635
flr23etb5qgoakt4d4ia3n6182,56AE41E9B85019847FD7BCF6190A4A42
863787p71k86v04qmaovkr3jd1,5358881012882EDC107B7D2ADC9AA94A
4679poidj4k22a9024oc7v6ac0,5205E8943CFFDE126408602F5B7AABBE
hmfnmugbi5b0jfeh4h8bnf53qd,415F913EE2E2DE18B892815B8CDBDF1E
15smiakh52la62fl626t369mtt,552D3872CD1A8692E01640777B3EC7F4
u725vjhb1qvbtr0l9ghb1d3nv4,549DB85D7FF20D724C4D276EC3951367
rpvgq4ocjlsu8plte109kmnq0g,4631075C2FF71A4038BA0301B5253148
cjv8q6l34del8th8hct3kc2i5l,5FF5B48929C2CE660E8BDDC499B36B0E
erom3e0v4rsoavitnd0nnlck65,4FEF9EA6A5BF566B02AFE1141A738AB8
dja3cg9m3vvr3t2mec3eul8oft,4C4FA99AA32C7861CBB337E7B9C78A89
332f8he6d6tbtkv4vorinhtn1,5F8D906FE73C62A8F2988AB0B02D5A04
krpqj3h2e6rb456g9vsi8lh10g,537BC412DA22E9336A5BC90A35C737F4
fhc5b1j5k6qrnos2e389ch21g1,4D476BBD8E697BEA169E4F9510559A6C
v52n21ubmm6s9ev5eehmmo4ujb,4C5F66A906B10FB6C685F71EEB182DB9
5k24tmldseopmm0nh4tqcvp7bu,4D3BB171ABF49BD1E66E8B7989CFB7B9
2r1jmse0h2s0nk08kjs5v2lqd1,5C64112FE862BA4581ACB1F6EE415B4E
4vslnjc7mdshk4nmloqfq4q5f1,540676A24127F7C690CCBEAA1692C8DB
u01latrcgbj7mbejvrk4rheaj7,43A7B572862DD9059D98B5A7729DEB13
blk34t7kff4ak41sjcr2k5slb9,43F3B84CE8BADE7EDF73B97F55449581
ptblqfckttpquk42hniv421nj0,5BA683E49B644334D3F810B768F2B8CF
mfkca6642kpmfedk2a919ev1ee,55E1DB4D463B4C827E2ACB3BB8283267
scqti3j04s8fmlc092t4e5gfsg,4C490E3AA65BB9884E96D6940A609203
ahb9lf65662sopahnm41k5a6vi,4547369ADF17EEA15DDB85AE02309025
4utusmb5hl5kpuq2m11lujc5jt,506035BD9BAD9C2AE8032E062E52E53F
k04u8ksaucd6bha3pemoidveiq,5C35F07DBEA274F79DFC654F009D39F2
8ghh33tm8ktkte8102nl1edkf,46866A78990375C0F42617C90565DA92
7j7s0d105d35av2vug9cq1im40,574DE1CA755FFA2528CB47C5AB46A657
h53h8dn07q1b8hpioav1pcmboc,453BC19EE8043A96CA71D7381557A5D3
hid5cqm26cjt22697bq57k5bjl,490D5BF8ABA72A365123DBA35C18A4DC
5lc0gpjft29lvs0qlk0mh37d1p,46B4AB8DF302D54C436689141CC78162
r4i0ashetu0e10iqnuomni34n5,4052D21B138123561C58B5F7C22537A6
nhes1v1p1hu3jltmvpp00spidf,4F438E5CE2AD1752B1F63FAD5CDC4935
oknqnm5l79tclrk7vb1opntusg,5AB39C93419D0565A2CAF363325048F1
6i74r7o7m1979k6lqctggd1uut,5F96A6EDC91B1AF7BF32B0DBDD933E06
p2ocpdg3mju32ss0v0fnjvrp53,51AA228652FC26F7FE68216724CBD83B
vg02r68h6aii18qtev7t3kuvh4,5B38C7137A41FBC8D1814E4E3DD70CB0
jp9i1e19j3lcaomvq79e9j52r8,43E3785DFFB910C9AC6F2B025D6E82CD
l9g7148eg0d51nrtk3ua7dcv7,4903CFAE0B3077877FED3517B7E60D49
gbaqlioueocal251fnm1p8v7aa,422FA64B3DCDAD246B322FAACC97374D
oh6m9e1b9kl6fk52sqlip6n3uc,58075880D7670E56929889161307441B
ppmjb1831t8jld67p5qjhqj6na,542C8E24E6D4D2543E18D6BB120B7C1F
t1e6td047de0chfij334j7u9p6,4DF611E4ECB45E8E408B4D59B96258A5
83357hcu44n2cj0a36moujii10,5C78DA8EC09C1E8841DF84E2C3D76C4B
lqp4hm9j0j1fqi51i0vls47l8h,4FD9DCB39C74E84A55A4EB4FBA5C03E8
nrco0irr0rlvfb0erbg12kedgb,47C70C8724F8B3F7D6B83BD8C699AAC4
j759hq8qjc78lb5d93b6ab9t87,562453FBE14FA8421FE28D758748DD88
i5luhbnh9eu7d2vnmoa12qnjrf,4B5647EB5DC588D56C9D8EAAE36C0460
fpjprahsdq9db7gau6vp0778ve,45CEF31277776001C2CD10F5B26A8C01
85tah4eocuehcte0g541pgog6l,4C1EC82CF759483E924FE5BA57564CAB
139nbntl8osjnqnl197hmm1grt,453741876045A3BE729832C0C36DA6C9
qpka4nc5uai1nmrtl1m6t2pa37,4017A50912A1FF29DB7249DF35D4F48C
l6cmsj8vfe00bf8787ij17280e,5E8D42160D673DECF91DFB64C9CB3857
mhu2eumlhl548h302n9tcg51gj,5B7AF4FA31C41761DAA012FC7F184AD9
cl6l1ne7lpimm7qso90titnlnp,59BD5B27E6A8DB9EB18CB028746151E1
okgc5d1s6cqigosrj2sunt3cmo,418FEC244040872615D0CC35B2C7B71F
7qmc40upf80lve9f0jmqdb4tc9,5C95D15D2642974F89454FE9C4250744
euhffouei8bkft3cfoba2c1nsf,58655397FFB46180026022C04C5D8ADA
ntfpflbkvjdf8nlj45e804qqdh,52EF2260B1FD59410AD8EC9A4D014F4A
lcmnjltqsvvp87s68ta64d6olv,4E308D55625B2FE9B5736E741DC6293F
e5gcru2dilejbh3e5ual58f6rc,5A60A6CE09CC1F0B6DAF2AEC96C381C8
ie0kjppb2tbh2ph0pfpqt44btg,4F9478E8DFB3F32CFB2FD5ACAC2B97EB
fbhevvgko90fc5md27ii9g3vo1,484A70AE96D3C13C55BF0B935FCDD926
svntgjrsnn39omeeluntfvg9oh,4E90E1F187E47B8579AA75941EAE8896
2nvmqls0fetb172aqk4tr3big3,5CE29B394ADC64378975DC85AB9FDDC0
jjdo7729o5j67li01f09dlho13,4E696E9030BF814ADB32BDD5B9E3D91B
ps95ddsp2vp9n5l2kmn9g7v0qe,46988A382DB9C5B99BEA09BCD36EA212
a4dg0aivcbsekcspk16vmc7lhu,55C8F0DB5268941BF9B53A1BBC6E6150
unjmkdihohjmq08hh75np7lhkv,4D4ABCB8A5BAACEF423FE5C8C71DD3A6
760ab525vfoce41dec1dhmf3gl,4B2C3BD6769B5C3EB324193D7971F649
84u1k185ibqke0nfutevq5a7si,48DDC08A29ECFAB1D55B69FCC1292295
rambjn8p03kvv962vd47ba7pmq,440008FA480D347E01C511BDC6360AAE
hdi00pp28g66gpvfaj88eot1pg,571A1B7A2E8642898E4E32065362983D
t9rbtnttg0qa10rj9qaf1hui0b,4277A7A6EE0EB44CB92C108B9156BB24
d1359d8v7id5f533mbpg2tkfu,4462DB87315641252F858B2FD14F19C4
cqkcds2483emr6hb72o2lc5c07,5B0D7CC2CFD9626A400639E6931C2635
lgm5746gn2qqgmtjeguducn59u,4DF37E18314D60D7D601A26D5FB4AE9A
3d29m5d7kpm5e6tmmvgtrj3dlf,58B9032D0CF8FD0D866B540A9241D931
ugs65tslqu3e2isktt9a4kni13,5A77D7098BA415A2F6D23826B8FBB7D6
o66unmjb26s0g257e2lfgigjqs,478AAAF54B279D423E57D385A4805099
ru60pbfmjg336m84g10nkh88p3,5F4136CB3695C500D0A87F8055064DEC
4avhc0l060u0u4pi7k1sh6bsvd,4FE97BFAD63C43CDD445A7B5A160D5EB
qqtv28gtsorvn2a0q3uldbd8d2,5D9DF0E53EF80404FF3BB797D9DA6338
2qjak42rdokji7kfo2gqq5jn1h,556958C43FE1874775280F01BDA2E0EA
tfpdchthqa3dk66p5oadd268v9,4DF37C1B33CA38D31DEE769D33174D5D
1cqen7i02qdge812jqkjd10n2m,52784ED16D1849D7E0F29B9D14EAC5DB
8q5p71gujbgo7s0lms2jk3kh6o,4E459F0AEC368CE3B4B6CF776BA7403F
rhojd1shbt2ocjjrdc5sd88v37,50D745C86602696D8ACDEDC125934917
f5p8ramtehjit0ctskp2956ea8,49C60C3FE384D5304403755810AD9CC7
8uhord74ob1bl0usreo9q24h9g,443D92BD017823ABD9A8C753D8D252DF
m2bc95qckm7lp51noornnn5fpk,5E8F01173EF14701491100990A7FF491
vokdegitgmhtt5hd9bq3eh6bed,4BC5F1545CE9FCEE11C27440DAD7CA9A
n9e60oqn7sg2gj8lr0u0tpjuco,41F44AFB0BFB590581FAF6E2786D9D7D
81e8u0dbcghqiouf8c0hlft0ai,50AC5427593DB21051EADD0264D8125D
qdoesaing2bjhpki48elmp7sp8,52607C9E4FDC5EB7ED2C8984D285A6C7
cvqeudbjdv28k41m59son0he2e,5A5EBB8EE6CA77FD28306F998B78ED9E
jtfphg4815qh1mce05q5vct4mb,52A50C3453C8B800093257ADC9DFB415
uvol5po4ftg173rdqqo80140d5,48322ED12918827F5B5E4BAE35AEEAAA
tra34gj4c3o80qalltrbu7669d,4D81171D65715824369545ABCCDE1E38
12kuiodhrne6faqkpmoj3gpkll,57C401D3675EA7D4B8DE71F9F75CC305
88rg9c4qqk2rrd5ml47ge1l76o,41CB06084A4A73B8169A420F2DC36B85
325e9e7u091tjbpdg8eh1kglnp,43A0D9E4C4D69F0DB75F7EFCA00368DD
vj7qv8o7ag9g0c1fp8r716i8d4,43195194B1AEB483CBC76AD0435AA8FB
rq0053nm9rk6fdb70gfiafhog8,4F9A312992F17B58AD60149C6822AC42
3cbmk2lo4rvha9kihkshn71app,4790198409BBFA98A3708D82D6764153
tst00nqbonfkku19udi59jt9f2,584A2799A1070967A7A28496B0EAD8D5
p2qd8pk4q621nnm4mdvo9vf0fl,44C9C823E87138145F09D338BD2463FE
2h3b6bgnppnfsmese8ip95ms78,47DC43260DA5ACF49A8680FD14914539
g563da9pujltik8g2hre8shsrn,52541044CE46C0A2CB5A5C7BE6D3C01C
thm86ege7krl44mltfh7dilbhd,445059F3C053F6F5480266B6C1327FEC
36cuhboivlu6ep0hlol6b1mls0,5CB3BBF53B77DD4527A603A6FC32EF0A
8un2dhh353tk8p956v2fp8480q,47B1D8A7F8C018E11AD591B9FDFE7340
bn7u6foe6o9h3s6lsa3j6ipcdg,5B712069B39F0AC44BD2518088EE214B
jcposgaupe1oao9gbbvc8ce4fb,5631D74ACE7A3F0BD2446720B279A78D
fubvegh37dul4uihnulnff812v,4F2EF1743AD6E7386663095808E308DF
5p7b45mjjjrsghf0kqb5qs1lof,57877ADB04E8BC79658350F34C3D8B3E
67ctchtc5absphajoqa75nbcj2,5FE7B326D5997D23B97D6B40E724586C
tn7gulvfj3bb24ea2s2ovhi8on,44B29DF0363F25E038A7642ADDCFEFE4
1kgovv0j2f11jok8k51eegsj1p,5EA6F6AD7287CC1C48A73DA90A80DB1F
j19q6i3plspq6bj7m7ro755q1e,52B754DDB6B4A1184D0AA5108364D3AF
o4kh9th6sph7fpkrq8n335i0k1,557B935F0BC1B161AE36B5E0A648F76E
6ubanp55qk01ia4up1ltuqb0s9,50340CECAC095D95226DE5FE4FFDE67B
fqs27lfee467v4jsilo0l87ovh,58881DE6BD726D05F0FE505A9DC299C1
irmsotn59effl94aautrog3clt,4F057BF2F9A0F8E0A0F97676CB08209D
6nltu85ddfv6vs6eef0c3jsavc,58310016C66FE3E567AC3442B33E7D23
8q8lnjeh0cbo20ir0tpvhbs0bu,59D53EED84E096B073F880341E4FCB98
24akon2l7tvna8ll1cui4j1mmv,4DAC0A71DCC1864F061ADB556B069212
5gn1ecisqj0bfalv1sasb8em5r,463968A18584DD4ADF699669FDBDE3DB
kv0tnq8oekc5pm43j30ftoen55,44AABC66F6712D1878C34B01F3E170A5
59s2rdptvuc963qfijnofvl985,5227107121F525F5CC46370DAF32ECFC
douvo4mvi3q3ttllv5m8chlrb6,4CE94D2C8B2B2123451E924B48CDA9FF
elhdtt7vicmuaom2d993ihagp7,4E9E43066F67966605C366C04EE5F910
cg2dp1aocu633qrldrgglq89cu,4DF2B98ED635EFCEB38A915C9169876A
8js955496h3bhlogg6pvru1uci,5182F5C4390C99C87F2B430110FA8A86
c6fk4oon3lkav8fco2jmlu3jrb,52668CF104FCBC8CA1937AE6D91C0830
tum5de3p5vn50hl7gncj28u3a1,488CC51F28825C5A7F90814A29570AFA
frjbp5j2nls508ibfsj9v12rqn,511986EF3C35C08E1D9E737A896270A5
hnt6sjao066nfgg81ijknguajg,48BCE2D463588DD50A4A8B9DA994C4F2
jnme4cl8gqsrsrb06g48olhbak,5F5FFC80595B00027EB76ACD38B1C63F
r4tr5lgqr38a910bmt2go97go0,47C2BC74863F6CE34C2DD76A773338FC
j0ln28pnet27k4219ind8i3gqv,47AFB8DA0604BF93C1AB8688C2835C7E
1hvbb1cc0n8a1n938kism3u5os,46F9C76C05DA19CAB9CD5CA6B6547750
teqgbo9qj3gcfq9guhcsp43acf,596A8C96E93DDFFA97C7B3172A6B6194
ug13sqfsbod735hj4g7ek7a17u,47AE10510272A1C248F6272EB7A8E14D
faa6te7viq8lp90ga9f4ircp6b,4042115F51D067A10373CEBC6B474C76
v7vfimrg0ei12pnce842ang05f,50937A1E13E12B7E0D23B9F4F289A4C9
bkle2rfe0ukdg7la327go9oat0,4D6AD9B094F7BE35C0ED1236FDBED44C
dgdg4c3v2n8pj6g1pih9avqmp4,41676392964B6C8B1BD12AD54BA7ABA3
7l1od5vb5i18d2unhs40t1348l,46E6A04EFFBA0627206CD66ADE017755
argki0q26ho87kq0c30pvck5up,5AD7424217DEFDB853923D4A7A5C9A5F
64bl686e95fr2tnp6sd1h41ht4,562017F171EF82A4C1E66EC4FCCD70C7
g6kvrrhg1jindnsrehmiims650,4F88E3AFA8BE5416C4071F30D886D507
5peuihvkvvckrpue8kjnavi433,439CB5934BCF00C7359F519B0311E0A7
k3c2gseop0015j06fvq1a7e48v,5AB8FAFA46C06EDF8232602EEA511446
3ut0nlt6ie2b69rmk0n9mui8h1,480C31F1E578375C3945990A7A7FA36C
cllkodbunqpjsm21f890s6ctp7,5192B8B2D04B32C38BAFF3BD118C8A5B
6rrib0d48lbbpmlmuasm5ot5ce,4FBE5F361995FF50566715F1894447F0
l6inbdf272736n2f156nde7lt0,5FC0582CE53E8FBE0078AA0A60C4E657
3n96vrr7dvpf9mkjbn35vuvrae,5F7E19CDAEB196D58613FBAC9096556A
ge8ms2t1a96e62j8fo0r55mtse,50F6E2E8393A21A7FC67D0F55B4170AB
kd7a3aqsm75govbc2m9tfct0qr,50C6EFA86CEF5F784D38DEE31255EA8A
2pju1umvth9gr8pmjs894869s8,5D4BC8E91EB67AEE1BEA055AFB7536AB
kiovd6jrrj7qslcuejhm46hbdf,55A07FF3172DB49CD895750803464304
flsn2urtrnufpoj6g3e5nrmoka,541D0B3894B5B4628C78A061AE7413CA
p670jc5jaf90qj8tsc9lje4pgf,40CF2A5D0C6AF16F280C59176DB22FB7
d77atbrlv43lqpfd6bt62735id,55AC72F58C54B74138CE25B5C90ED6D4
t8502g4ggmcbb7anl4r02vi1im,4147A73816AF120E55012575C4F84908
e1ocmlgc8ad0n5s5djbafae13h,4F3506422FCCA4DE210A7981C23F60D5
tmekka5p2nv0s8harmdsofk8l6,5F25FEF1C05C58196063C63EB7194B63
6ot82ihlthf7m063jt0b6htgfm,459CA9A8C2FFFEC35EF81BCF1F8A09E0
ggrrufh3uv24o7v0gh6oul2pjk,4B5B8C69AF5709C335F3665DA55A79FD
n4qf3jnnj12ldh3ht2emcicl4r,529AE499D5A8C2CCAC2E2412365F904D
6khep55lmhso6i47f97822tqmf,5D3191BB2834456035ED5E518C1069AB
ttia7e3ooe79oqe32tuvcfopra,4CFB15E008EB244BBAF206BB5140F3C5
qnv83jkqc8m7gfnume42i10arc,429D0BD5D54B49E9EA318C39952EBCC8
h67si7ds866k301n656j5qvnrf,420143579C9C3A3EF3451D195E6FC54B
b2uu869k6bklc8nvpcea889ca6,5E61960F74460E91E1956EB6D5F01D35
9nro05dnfer8maj737tkk5eb3o,491B18AD351D38BD263400A3119A5DAC
t31fguq9precmifk8oonapvpr5,4DC3D787E8C57A42ACBA7289272AFE2C
pgf5k4ap91a4jbkftsemepcl88,54861794D96443BD95EAC3354370E071
lt7rdkjin5kotnd503j8vfkq29,5E1FA506A1F87DE4CBCFDA6408ABD726
9ld4crac9ego9nc3kss6242s7a,5C68C6ECFCE968937AC54EF3383A2661
v71eek16l294km9fms9m4ou600,4732F45CBF9CE2A0A4A7D53185BA2353
4sb6gos57vv4e370to31kb6qlu,4F396386FA6AD85E4EAE0D3F010502FD
f9geqhfcik75nch95eh1afgucv,556682F1E4ABE9C08BD42B0EF315B87D
e3o10jvp26s815p7di1vdr6q7,4D157EF0278A0020231B306F00C10E87
5t63tf2un7hisp1ttj42oh4bv4,41B736A535DE9909E8CEF18A4C417360
2noib7m48efr7op6lmtmrcai4c,433876DACC3D019C385B4036FD12AE95
njrk7qdohd8p5tdc78k0kl9lou,4CB839C4CD50864296B070172784C86D
6oue0r2iq9inqkpdvl2m6c4c14,43E7A03DA574F6BB945786C11B38A523
lh6csp023rcqgq6c8novbe000d,5849A00127EB11D8E71F178FE708BEA7
ikllcef3vedocmhvghorf0bbuu,468064CAFC31CEAEDDE0E8806537A92D
omfffvjje250kavnj4jf9325a,5062D60C014C6217FEC21C43E841CD66
ffdfok596gklr4mtqafqlgr58i,43AE41ABF3DD2601379658940A44B244
4709aqf9dg9v0os4illtbpv86f,471E75B9A0BA44C90F5D5C2B29D88EE6
nmg1onrn1f3ap192s316lpj6ub,43A7771237BEE5C7AB6FAB9492431021
qdqhbn8v87gt4agui3rhdnda48,4F02EA9CC1FA72DDAE1246B327E3662B
asoa8fnl5immbl9qovb7ghpd70,48FE8FF9E11E72AFB008C5FD88333D26
pmj06t6g9ftt8gon3bevoi4qgv,43933622DC9C0F37F74E214CCEF92008
ud0g57po7914pmc0ogsb3u8qu9,4E3B14E1211E1700B4031135D871C392
95vsi0ldu1sal6t78t50gve7sc,4ABF874E3078BF9E3C39599CCE76A964
hrpc6teo9ak0eaiudjf4a093en,43DD45973BBDE1E561DC0B1E7CA18010
lqqaar9fl48hsjd1mcdltd3km0,5938292245759DF87E2BA94DFCACEDE4
lgkh8sjkldjeumofbghp6fdiaf,543962AC31DA3967E1E66E511222A554
2lulast79dj08unv3dfj26olem,484F8972BEAF9CF5490847FDC4949A5B
fntk1tfd05mfli846uavnfdv9s,5A27C013670EF413931E0A2A2C131BF8
ti2d7o7b24n45v9f781plh389s,48D98B64665653F8616A83446BFB4780
tf6ioloqh73lsl5t3460842jf8,4A9E5FBF62837378F0C4FB5CD5258684
up1r9akdrsj0l6nvrljr04ld5o,4D45E6A06F7330280A5512E5BB27F6C6
2q48u0eats5fpcjhcn0ckorlqq,4B720FCACB8FE35C060E9F081F253DA3
ub9j5nmuigorshdg75eci277fl,52971A70A3ADCF2EDA5C4F8C27AF33CE
fepbdcrc0b37639dbo9fbem1dl,5DEEEC2F992164C0C517B38076D90BEF
7bit0j7arlprhk6crq4iadcen1,570C3402962E41AE9ECDD473A0747CA3
eisielvisemce44fqiqfpl5stl,5CB3E2C8550325DFCCD22AEAAEE44D42
eap15eqa1hqufk6vmipa7khjg2,5AEC7D83A40DB69AB58C4836CD3242BC
ts7a6tonkib85n2m4k5d2aqc8,57F64DFD84938A6364631153EFEC39ED
4eavl0152i4tvnnu06hu6l3ura,495A7FFF778BB52AC251C3F2F02C3A02
ns8jrtr1id39ogp5cm161irrrh,527B66BFCF3039061C79B7087D72BECC
6u3gpu4i533braod8pd0nn6150,4826CF62612E7D92B8EF2D6AE4254C30
jri50nld4ser0cj0ocgo979u60,4FE42808AB3791682CA136C8AB52C4F3
hcvgfsjb5pspllg99vc5245su2,5B11344855A873541086A362F866F32E
4c19fpfrsg4llvo8hp2f28plc7,4C10AA2772ED92F115CE6ADDD7B0F7C8
c63rl3qhqpfcds6963c4pcp3jt,469F449BDE131941588CA45F91B14F76
tp8t9nsntkugc1qqvr0d9do3od,54A060FD094BEB7D81237B00E5A86E34
5b9g2uir5192i23k3r27fhjm4b,501A420943044E3D5BDA3F511CC6030A
69j5f15j2neej1m1dv8ge5umu6,5BB8C1F643A731932FE926D0C646EE2B
kudsqs06e0vurbbsibrpq49oep,4C7BEA693468292975CC9F23911DB6D1
ldhsh8c4g5jf7rktgrdr3ie25j,5556B34B26FEE1AF282372D5E098F300
8v8m70lrrso7a9m4lrbmli3jsu,4BF23EC5526919723D03AA2D5D1A7A07
1bt6m34sh6ouetql0c3vl5prfm,55E07D5A981D3A24175C278CA2272166
lmsqk3vnstbv23065monq9j6en,4D97BA207520FD25B930436F28C74F9F
um225f9eaprk40uid3q6pm3s8d,4C12384F4BA1051DAEA2EC657BEE94EF
1imq1ftv3gg8sj40okhmadl8pc,55C30EC895327F49A81E37BDEDF8EE72
47lcc65n5a8kegm55hv8ui7mc1,4A204EAE6B7D9A0F8C09D074BD8F4BDC
hlovlqgvb14p0l1hlcohso2ko0,5496F74D546C482B70414D1256302E2E
emtp39h2n9mkak0d3aseqs33ab,44B42B691DAC42DDC5D37127C2D8C877
m2o7ci2paonm6lr7hgrbfqo61u,5F8FFB8BC7629951CDEA3A591146153D
nmq6idrd6n31tggjbrvdf8bmqf,454A8220990BEFCCFDF7ACC0C8D8116D
vvi88k8usr8dhf3260o0f7e93v,40CA092EC001E4BBC9526EF7F13F1188
lsjq0r68pf16157jej7fee777p,568A54BD263E2D909245AE3FCC072FAF
9an2t8e4g4iese3j2daoeqnmi1,549AF50FC5272BC9AAC086CA00CB05A1
d8gfdu04p7588l29vngqg0a15n,53E58A726E6E746C22B2846C32A5ABA9
ludgaolmj3qts8dj5735vku0e8,5E33009AFA3A4386D6CF471A2449F4F8
pprh61oh3fsd8j02i5khj7i212,512109AAF565BE21309A9664CE7C4CA0
3ofkkldgsvek5u8uf70hpppq2n,5F4554E5487D63C6F6616DD3C4B41310
rc752ktfeq9ertdugqevtfkm39,51446D130275E5E1B08E24EFA2FCCA36
oipoa82rnineb9vp33m01ls9q9,567CB5EF01281FA344793E1BB1FF66A3
bfcji5nk7l565363fle91ot44n,5C15593C51A192C4DB29860A3907ED78
re7l0pvmf3apbur3f0oqc382n0,443A2FD8BEF4B34153282F7EA66A285D
6ftvr266qrpf2plfo07597rasl,4E7D28F9C64794884D35B1BCC5789D03
bch61104amj15pkq2pf3gpd2h4,5E60FB1BC4C089FAD8E13AD01B158AA1
gga2rjgi9f94r44bdddajsmrok,40F2AA448D3E349813F0E61CD1193DB4
fllmtccf4s9vl0qm5cam30o5dh,4BE964669E062E94CA3B048DDE343999
sorru4cjk267t0gd40afouits4,5570F514CB369E8F5213ABF3807EF24B
6im50sqe5rn6lt139q9uarcnm5,4119B887D340A124F37A8E124F3F3D98
7bactr5jvcupo035io5sd6umrp,501E98E4AB11A5F0358C8FE34819A25A
cmechv38uo3kf8otvuq79oulms,4AB9B84FC594E73854FAC24C5B1047EC
jrp8gbdndssv68fgbhrtauuadg,420DFC3384BEC6970881B0D94F2BD0D7
dm3uqu32t2tc6upbohhp8sbjrs,549721535ACA03B792DED959C1BC9930
venkk0sfrjlbihkdo2hi9lp03t,5A79C81BC501386F063DBB9378B837E4
epgd2f569v0bree28nk9m55998,4A03E75FED018E0DF23E8802E575E6CA
7bhrhk3s435ve7o9uk07vrbnvp,580A440B7883F3C8BD5A3799ADAA8FD3
6dhiku9d20f9fknd71a4cc4go5,4A1ED06CBF979B9C82E32F9E15FE2ADF
hcq8iu8s827h5sgs34dfp4n6iv,43009C8A7770A249A2CE4D41B9A9C5B5
dnt0lh3fehnmqfc5bflcb7scc9,54207D4F91EB05E4998F5A9CC6721C49
glfu6gkaem58tnum0j5bdods32,44592024AC7C9F31311764619836E44D
kleusvirou5chp8da3jlok335o,4E9A342DF8B60FEAF49A981878F007DF
9s10u842jbvedcrj0kkn5fr89g,5B8A0159A88DB845DB78D08A0AA1253C
58cda0ccctaur9q1h8kdk4ui13,45ECA2224C1657E21CF5BFFF0B26CE9B
k27n7ahstbcp19o8rsjdnma99h,591E98A8288FE5409C6009FB69B42D06
1rm16loa39tu7eg3k94ioovcna,49A5BDA862AC243B8FB04FD0E5F4D2FD
6q22t7odos8t6b3h22v5b7l6m8,5A8307F8B147054F16B460A929CC5922
krhl55u5fmdchok9338huolf8,5B87022E3EDFF86335E833FF6D59F245
cd3t6rm1b21864v67pmd64na3j,417132596E003A5C488741683EA1213F
ggj4gfpj2r2j5svgngikomj8fn,4AE42E79D9C23A4830DA0C41FF20E7D8
l0qll1c3c4b8qoqaqdmo907ud4,4397F3D29F4914ED497EA95870E5FC82
ps4os6em14h090ritige7ib1va,5B29CE48328778193B1B95DBA5A9B62D
v0aenhb31rb49vj56p9i9s50t8,56CE412A0FC7BEAA1E2CB7862367F1B1
mgli6a8j7am17t8g4gapemp1rc,50FE99E6D05FA8B0322F70D395F8F572
inmnhf3f3tgnnii2d0ligv73j7,434214963D2137C73069A66DED0CF950
me9vv8op1hj76ctm385lau5u5t,4B73B221A31E222E2C9F0DC1481B3DF6
in7po4bv5mslcbkbqh0dm1lu43,42DD9A420FC32AE4E21CDE1B418B8A4D
a9vmrl1h0g4538m9tfk0c5q65b,46AEDB92BE1F854A42E093A2E8B978CB
fa3m0crjq6bul5gh6hjp55tjg7,5A87A7393B159412B5C0780A3786447D
7ngjspddl0t1tv63qlleapnuaa,4969DB79480B77A9921235814A18BF0D
v6jt15rcvrb5trv1135ed6oc5u,434105DAD6F676B25E07F219C49FB547
5tdgvlg5j7ouftdeggmb99vbfm,4021BFB65720AC3B26686A5F0B5CAAD9
a3a22q5mp6dkshggma2qdgefp6,50510A628B24FD992BE9624F1A288771
s73t08h33icvvu78mpt17rrme9,46A10144B618B31343D656CFF38CF10B
g0rkm02i6tj8bi2o4hr8pqfobk,425D1FF25CD151B9144A5ECDC3F3AD4A
oci3gle7fglc0a0brf3t1if9k,54DD91CF73C89972E9108636D370CF45
tvo5543be3qe1e4dpnli4gvtpe,40AEF2FF4B0E8C3EC2B79B173AEC89E3
gcgcuf41r0gul9a53c1knnoumt,41D91AFF44B743AE8CE4FD6067BF007F
svb0b59nnephhlm3397oput5ss,54DD107C5A5826E92E687B9C50E8D781
k3lqmd78sl5ne8sci1s020jqlj,4318ECC49EDAF989693F09C585EA0417
tif3g5bh1d3u5t7pr3bd1bl5bs,435239D12D2134C5D7D6C03C5E8D01B5
4tsp8i12eplgikuolkci4ht5ap,4D7A14BE97E8BD489825475C3D0CA9D2
j383kr93tb5e1pkbds293c6tbj,40FE0CC394F5993F61C83ADB94BD96C9
k6jdu0llr0k97dnq5ese8fgbvp,4B6471DF12063B82F8FC888E4C3A662D
ki6sq9fj103reohbfkpd0290lf,5BEDABD349FA9D4508F44A2BAE5C4E37
m72o2pql4mc1ejon8rmkr6jvbs,489606E55BCBF5F9A370FE0D1141E856
gp7mu1ja71hd6hasp4845uq9ii,4FAF71CD5C2C0FA424C2D95F89C2C256
p5klflbo27asvdsksvjk9j8ucr,4E8FCA14235EC05B3427EF9A3C411B0E
rttd9c37k2nml8qq9itkt6qnrv,5C12A425721CDDED8093F1A46FE4C53D
b3aomle3otcag8n153t57d7uvr,58BF585E8C9A97BF4197CA070A018625
92eo7i7jh9j1r528b36383f6u3,5A757D2A0811587243A021AED2A0B16B
hisom7k4htbhj21unt6au6hf1v,4EE24CA68248B58DAFAF91A2704F6618
sqn76l42f26ntkuu4fq7ns6jmo,55D389CC6ED8E1E5C5D0DF3FEC8906DF
onu6bcgjsrm9tldh61i1tk2qse,5EB11A33F1C31237AD243508FF737925
f7mr35bbuj6sf83ml03m1lm4fu,4C98403016401C07E272C98E2B269A24
qe7vtqml5hrda9fbg50irktbjb,53F17974619777D516F34477F1CED53E
2ho1d0mu1v59l1c5rlnh4mmge0,44AF49E01C20342F37DC14CD94A2A5A3
e9g2fddgvpog20qg6ocq2bcdia,5589787D8FD0095AA5B67970B423D2CF
h4khnhnn1qjbhhbvfil78af7il,4DAD254ED5FE4F796F036A80ACD8DCCA
ui3lnv2ktm72qfajt4kiapljbm,45051CB491399D0B9E4729DAD2E42E85
2kadtp372366lha036huh1cuqh,455E3F3842F2B869100216C3BADE9451
1fribj9irdfdanuuhg9s8k37a,4AD6A4B11553C37A2664BA2F4A306095
him29061q6m69n56obgjfs63du,5FE78CBBD65AAAD6F1C2756ADB77BD9F
1iakq63rlg2qhgjvf362eppuuj,5F72DE1A611CDDEEF9C891B0325D2F15
tq92gq87qqggg1e8e1bn26uq7h,59DB033A8FE664F4433B471C518A087F
2r4abvpmerdvambohruscf0294,52E1C249DA2B5E12B79EA11293DA6440
n9dqv4v0ghnf8vd718jdkjihpp,560A1BAC1FA0E8C59A48D6DBF274F014
dsvf8q8jabq2mktau3cq81i8pj,5AE3A9FB6B5D8A583BAED8DCB227AC18
jlq2ie9rbrnov8q3ceqlpmve43,4A070148DE6E73E08A19503F17435982
kue2ti78lkefkgltj717jl24cv,4437AC0B688F7F922AE30D022C27E3DF
tcqbuole670d3omcp7o7ht3po2,4C1A7C7D7E0B02CB4280C1D40E5E4C61
2efv8aiq97naqaqlmocq4njofe,577EE8D2BEA3425158309DF9F91A97BD
m3830ud6gpqkig3g0lg67quoei,467638AD6FFE234529B17F2B2075CC36
jg5tsc94kav2tb8dsctti84v69,59138AC30BEC7B7DB20CBA6DFAA32D53
3fj9ouegbnbcobmaivlfue1oi2,4A3B26BD86706CA7A79130518777D17E
nk2bk3qc8m6oe7mhk087o85q6e,462ECAE3EFCA4F7A1A4A2B965BB81192
2h93ndk85l8c26efre9e2lhdv8,5822705704D9544E98A2C9557C765624
gh25hmaqjmj5e35eu11s48a53h,417ADF2BA4E73D0D678409FC957F18C5
q9k06lu4lljunmrspie38g00i9,5B6B45C96829A0E2E5140325277AA6E2
qha18vt561q62m4qa3rneija6k,5DD9BFC9113FDA7EE7428F3529C8F5C1
s4iugoe3b4fco1ssttvie8jshq,5496B8C8866D8842AE45040C20C72D6E
evdgco03cbm7fe9j2i5hoklssd,575C066B02C06EE2DCEE319FF52D3745
uftdefbq42ufic9d4fru7rc41h,59ACEF7D57E8A375E4528EC696B3797B
vqiem7fbrgds0avfbs1ppdg6gl,575E6DEFB6A7A069974EA717757391F8
ckqjjgkenbiqvg9l8j7qhjheh5,4EE472C434F3A01F4A3F4816ECAEFA1A
n4b7isvvbf18ocj29478ldqq5k,521705C89FC688D6A6CB714A1FC9F2F7
vitrkpkdvsqtej0tng0povp7b2,45A18696ADCD8FF64014EA3306CF419E
vtr8fr2cdlf8mdpbfd734p4dbk,479A23CBE8BFC24E001003663CDBF19A
98tmnc23cvri1210499f3b68ou,40F627810621F252280E706071E4FE6B
s5cpe4mispn6rh20vfhbj75bhm,429D8E9AD47210DCD6FB620077E6776B
a5eae18cb16p9r9o285g4vg5bu,5FC9A5BB15EC1352FA53E93054AD67A3
n307gefr6euuelclnrbqsgcfaf,53FE122598D7CF957C9167A48E116F2B
kfgcpu506jh0rjpjbc91v9tam0,53FC5B1C5D48EF4FD4F7C5A335350245
69fkoet75nt1f69hhv88kn01j3,5F3318395BEF72DAE1001E8C47500B1B
52hc5778fv1mh2709ri4jqf8cr,59BC6A5F99D171BE246215B1104A5EC4
2gfu9ua7k41950k0v7ki0cov9a,4EA7ABE14F827EEB488D108875A62331
3b48fiifdtidq6fob9e49qac1i,483CBA63D6B3AE220B9C5EA7E6CDD608
hcnpbppna799q958v5b8946ku6,526A4F70D7F8C9445E0B33924A904995
l5k0clkitp8bkmrlbknrojj3gj,55B065AF2496C2E16DAD1B6BFD1CD2BA
2hpjtlhenk2aqjckehi4n50870,470A2E6BDC82785A498F15E338A7CA66
9nprgt7g9keggtjt32bcshmeoe,5733ECCAAEEF2DEDAD79E3FDB114AF5F
afuj96fcskm4i2p010i8vhc1ul,44A6C19883F232C65BBF7472C4EF335C
ssl5m8s9tescnv0pvhgftp0ocn,423BA0F6E29E4A1A70EEF73B53F2B294
f0nnhci2garncs20pous773fic,5AB033A720B1921C048723154BD37DB2
