Key,Hash
kv8he8uh112vvv9e7iljh5p6n7,1C7AC4060FA717017E73A16E01F89DFC
bi76gmeh32k4fm8360q8j7lp6j,14587A869F4F8493D238E0FEEDC92319
7qljl0flau7r3031ohfnkvpr52,17ED2C03B473F457644A2522B5DBE4B5
jgle9g3mvja0unp8ish8lii53a,0B7C6E2984C25F53BED83059C1C64E61
ul1fkhhp5l280d0bo7884a8hfv,1CC4E1ECAB6FCC95F4B1FB79D35A1BC7
1ecb02f51a519rh0o1fov7iuuu,19D2DC675FE74CB1615D6B676BD671B5
8p4f2oe09mffpbrkortdgkhijv,0FAFC1A1446BB773A24DA0F02ECFC853
9bpferkblcabd14tr3craefo31,1952E843E02F90D686AFC4727C56CFBC
lm1bsq83pck4gu8a9qm33g8vpa,148CBF6E7E2B501C06F7AF0264FB6F75
43osan2cuu8t1l4tj58dqfsba,0DA0A97FDF25B98B626716668148E490
iv8sn0butjj3rhn3as0j121v81,12383B283F611E53C64C1F46749D2015
ubocts2nn9d1khmr7jf2qvkqff,02695D4440CB977A076D4FBCB39FB8BD
ls4t30bei9anchr29vjq89epeu,0F1762950D667ED4977BD8C8350E39CC
1vlikm9ulo0gn4320iirdfqr9v,02A3D872F4A41DA7EFDBF1FF939F7890
i368cb20vtc3uhaick310o7oi7,16A06D903974422A0A838B606B447F52
r44ss0ur3e3sh48sndq2op0e7g,06E5C9A04744563D4B9709F54F6250ED
oklgnee3j0bq0id0nvlg2dpmsj,03B18D687D70C2E3E2D6EB46933D68C0
codc9t97sfshn5o27j4tuivrd2,07D8A8303A137C3E1B7BB1C6805F79AA
6topc3bi15tuf29iccdvjai7l0,143EEE932834704638BFED8B48D4D0AD
tfnk2l5s5c7v25sq33bk44imp3,098F2449F62FCFE4B6559D5C35E0BB19
d3aq60kp6f5p142kv235r63gmc,0C6C2FAF1D1794BC1F130FB9981F3353
g5nga8ju43k4ug3pg1duiabi48,1A23365EB990565BBE1E0C2F4148056D
q4r3pns33mmpsha1psb6jcqv0h,1B84965923C2CC2C297F09FC032BCEF3
psc00kaen62fl78b5sp551l02r,00DD7FE6CF815A40FC9932DAB466EBD3
lb715bdj6vlv7rjl69dr70p0dc,1C6F66A9A6FE7009468F330F28424C64
1aop5po8q9q4jdsnf0l64egbfh,08A4793365BA989836E954FD3A8A2E74
l8f4qobgq66lrstsd4ruajkikq,0680E33C6D585A58295811889BE1FCE6
a3a8amrhem641r4u3e71ejg5vo,18D585368FE1AC37C6785959D5C03E03
l1u4eq5di0j4d5nushgr1etccr,045A210D1AC2877088D0DC630DDC3234
b9iehrba25tqo6tc2h2cpnj0tp,05799ADA155C602A70250ABDBA8AA4CC
okrk7dcl716rsl291uqn8juns4,1C590F4F185CB357DA356D94DD1BBC21
lolqk8mr1mlsbcfbhcqvrqqoj,010A39859644454949BB4EA76FEC9266
sv49ic8t975dvkcog6q61lubsd,0D4690DA176096A14738AABCE2D0A723
t6obfjbrujb9s8b4o4nu4tpj96,08BAFCB8FA9F4B0F8A12524E4AECD9DB
a727rgn4gmojseggb3c7n2ffqa,17637E59CDE87B40ECF9BE3B32DCBF94
2alclp1frea4jluoo4di199csv,04A59E352C00E368C52708BDFA3B9165
v6g87s8k6hs48kdmfi01uihvh3,0C7381E58CF3EE540ECDFE5D254C6A4E
15s55fpdn0e2g1dn7jeuo78rbo,0FDCDFC14D4410353906F8495A540A83
46d398eje3kmsccsl358h93dk0,1850FCDA8B034AF568CE25A3D32CBC70
c889ctsvg8h43ld642t2nr96gm,2000F9511524D358AC12AEFF55D3099F
cbovkbvig44mq9jrmb3075jhr9,1EA569FEF2D41CBB51166C5FEE4B322E
qbvbq01fs2899e9b741i4ecvkj,0BCAF7C514C3D29CD113A05C8585BD8B
f33rkmag69bnhlvi5e9ku9qitj,063059D2A3D076C2A7A04D0980060B10
45vilbcv4c7htnonn57sdt8avr,04B0159219AAA274EA4048FA89A68CF6
enq9hro48m6ej6rahifhq8n3do,006495AA5445153FF1716AEEE5ABB728
3ksd9l63n6m93k8qaoju52lm1b,064213EFA7351581F2A1DE846CCDDB9F
b98kpld62utnpeg291qmb5ieqh,0DBCE9004D3DF88860504547AAF7A4AD
jd4pb9fhi3d6rouf08la4htjra,1B755AC584395BF333A07E980C499668
9oi736r59cu0p6lud2p0dkcdll,1C4C489C3F2670E6287A1C0EAA904DBC
9a8g8er2bq29lpvskh2ue76a0e,0541B8046ED80242784B1C7DBC660A66
jk7shg8kr47g60o6rkcih45pl7,1E8B62CC674D700617B8432461280BB7
td0e0fjtriikspo6rv2ee10gf4,02B57F61EC1457A20B2FB77C2100E5BD
ico8man4h6np70u7rm9urj6l3,046C75ADD74B5BC7C2106A77AD569FF6
d2oopbt5ba668js9clmnspae3v,115B28B9BDE4F416F5FEE2ED8DCAEF5E
lr0e1jtk8ap59t30966nf0uds5,0A94D18E6D71749EB9C3E89A0F21A8BA
con2eugi8l67ehc4lsfqbtpt44,0773757ADF8DACF6A93344D41E9A5E21
fjfbvdm291vifmvnr59evt8sb6,0B6F7DC887650232D071365C4FD6B8F5
v2esj92hk6jk9rh449gvti1vm6,00EBB2AD2E99BCA3DE0A2B122FFEAEC0
qtd1es2ihuu8rk2vnk95koga9k,0CAD9F14D8D8560FFF0782BDBCBBDCC9
n8o1npt974k8iq5ga96p1f7b49,1FF10AA46BCCC15631EF2FEBA8DB1FA6
rfh8ikoj0m2mkq87iq4d2c01ds,1F48A000E4192A360033F0FB7621BDA7
95j27asn4draso7339fdse4lai,1BB23A624C6D2CCEADADEC702BCAB372
8ch1kl44bec9kdajnr1g4gogrl,19F329612B5A439A8EA52881C7BF646E
imti2dfcn8e2d68bf0kah49nj0,1DED0335F535AFD09F4EDA939475DD8F
u102m8ncr3qe09lem7j288qoti,0A90B212D0F127146BEE64AE64FEB4E9
kh2jlfrdsjj0ne98m3a0bdb5r2,1FC4B953D8F198DE67B2B764E4726A12
knof5p778ofkeg1av5cnifh4cf,014F3FDFCF42045342515D5533D08ABA
km0s7th6dldhljpuk4rcqaj9ff,03EDCF483F3C3781B4C2E57B2A9DBD93
ppv0rut1uhc7kgj9pkiq11qv7m,18D93850AFCFA0E778802827424F25FA
jlhh5aacg5ebvjatc18giojer9,0C4BF67535B0E90117DE6C867E301257
n69a1kclk8traor1fr9b6mhkau,1EA28FA4C184EC4F5E6F06EAFACF0EB8
a5la7armovb47destg2t13ptou,1D0B29E99215228DA734F59BD8754DDB
qsl6u8f2p9ors5t6qo9lsvf0qr,028753D0E9E782B288A55497DDE65359
m33o4c2ojtv336dtiqdvjml8mk,03EA5A9578F5BE25512EB11661C11AA5
e9i8525do332ep3l5862rqnimk,0A7236160888103CDF2F9BFB778C7994
aakh9hq2jcg5b3e23o5ttogvm7,1C7393328A20363D5DF4811E5E36D17A
84k2v9027dit3klfautva24eiq,0F46B5310CAAEB385E07F1E2D0F9101C
smgtqqid87b8hd4scmk7thah4p,08D8D6753A48D7E555F0BABC27E7022D
g2gmodltlir310dsfjdcavnh82,1F7C1B0D48CC84F23F235E7DAEB8BC26
ftndkko05hfvl4b4i8h1rc7em5,07BE7E23CBF8AF171763F9D3EEA88E35
bfqpv6j9vstqsftacspqej3h2r,0509F5417D456EEC78BFF394918F6223
9lfbtk2l1h6mvtv0ud28s4mtff,0891D6AF77EC294221435BBBFCC13F24
8l39iq7ee5e2e7p031ntnqhh9n,13834A3FF7AD14DA3C79AAC2FA4BAFFA
5097l0in9ggo5ddt29g0hbe9l4,1D234CA30643F2470D0B6691580A3E41
sj93fohc8dqbm4cijf443s2v4e,0737AD2A73A40A11821FE0F5597D024F
2jnfjir9skm3a4tmf4qml6lbqq,19B1AB279618DA23DDCC6658B799862A
f2dtjcbnimg4ok1lv5kstpboed,013357713E16416A447D60ACEA7784FD
hiol7q90ro0e2ud53c1tgdi63k,0E6BD0FCCFD875E0FE00CE0C85A5403F
qvhuvk5172s5v2pda4bci6tib,092935BEB0926CB872E8AFA4838E943C
qh4jd7uduivbnuie027dt8ku9e,1E8C70F3003A686EFD0B1993C1CC7FE8
88jrbt5j6s4i7d0bom1ttqn9ra,11CF0120CAA18B3CD906BF9B126BA23F
8vgdbnspvq187hubrgcfs14474,1ABDDA82CA4AFD2A1338F95B17E58E2F
2e4dkb7obtjsm4pbiepqguajm0,0D3FCF0BFFD4D9515CB04E97C2B29C7A
lvlnuclbv17t6l2s9bptb6iqha,1FB09EFC61C472382EF20E07B1F68219
mr4qjeub96v256elg54lfssim7,0E46A4B819584AA3FC2BA7556FA5A611
i6hv92d75spmnb92u3a1c2l145,036A3E858C4EBAE0F9015E2C5E7EA8C6
pnb47acsn1od6e0t9cumavflhp,00476CC2D228DC8AC6687DA4FE7F5D92
kgt87d7frsbfjqigt1r4dl5rld,15DD5FA76D9114B764F30537CCE55ABA
uhfjl1lml8ogmsmgo40aei80on,0488F01FC71A9D8E7DA6B7417B916FA4
frenp2k2na77oo3a8htcmj228r,166FF5A993A633052714FA8E759176FA
mjc3g7os9kj33rdgtg3bjj5oal,036EC1A210F94DAD5DB5525EE55A6993
5h6mveaebpgolb5fkeam85afht,18EB2481BF89B61FFC086065C4D7F3F0
crmtc9a4obs1f25tpeqpdhcf34,0F1E8A63DF710636631D735E755D1558
i6ogdjqshfach8pl5ndu9k3jse,1D0B2B5B7A1CC68FD586D7479831C6EC
nih3qtrkjsm2ae0kvmltpt0pv,0F32E72006FFA568E8DA5F5E762072F6
4fjoajo9b3g76u5ipkjt4rkgj1,163C6380DFF393EDE872684B27162ACF
3lphin16sn8gjiqvf5qip5034,0AF180A66394ED38621C4F0F48C9C701
69om9mmbke2hv19vs2ml0pair9,05001BE71398AF0F729E47DF6C5F4041
abc941aifsf8ud51pslhr6a9is,06E920F8858E1FB80B5003075C6FB931
acon9o546g3suvkhv8nl5uu3h,18D1DED5515DFDDEE9DEA2AB942D752B
ri6u713l9mlv2696o5nehpr3hj,1B8672DE1BA82844F3791D7EA81EF02C
8gb1mbfe1ehh69ls35hemfpbt9,0B89C3F46F5957ECC5E5F72713C74A2F
65kcq638g63d7kop1h3iqce491,1A0EE78A3A56F78AA267601F3C4B4875
unhlmu9c2l0c8vrod3i8b4r14c,06DD2A3DBAF69B9FD4C94EFA0FAFA40A
otfdkeanedqttkkv3p2nmf73qn,16B93EB2BCFE0EE01EF2AF608A0BE1DE
mq3lqkuknjkiebugim8jmbmp8t,014ABCDE1DFB3D19FF2AB9C9BE591879
uvjrfa0cerp4qkbeljkt6l3nef,1B9489B50D16300B3D3EE985E159BA76
27300jcllgqpmpgthd7uujtfr,1ABBA7CE9126CA32C1E1F5301C3C3770
6r1sedq3ppn6kgnlh3c7e8f3j9,1BF979EB8958B9BC35363497DC68EEDF
b6slp8eiuj7c7mn042i8p602m9,04859BA606EB1D34E70D26396B700305
gqg2sr43cflru43v9v72brd1nl,065B336B4F69F50605E3C3323C904692
3f6qinro8u48uug0hslhhdje3b,1DE9C2504335114281611BF60FC640D2
msi26uqps79l3u05qamhtft3l2,0AD774410C34303B04A300AC1EDA42A2
f8c4m2lvi3ar56tfvm9fsnj6aj,1B4C2114B1A367C5E42A04DC81C702B5
vo8qh9vup96ke7gv7ehoufo9bp,1D714AE76EC0531FAF9E37FC5332DF5E
m3r5r50dhrngth39mul0q29ltv,0B1426CBAA5AC067FC0957B8CC0D9927
npiqti38lmmvpkmqptbb8nilsc,0D8056A21B327FA9E27D6F347D17B510
m48reomsjlerg580a74c0qci2n,1769387E7F6836201EC60494D704D71F
vek9me6o3mbha53n1pnk5ot2m9,19D31734702DC1EBB53B19C2D56AD7DC
3bd5lg3gnau87gpsljj1hu6egb,19A5D604A0D2EE2F2110A49102C979BF
eogvmv119gp25gninambi9k2lf,1F44E920F4EB30923CE9BAFC23B10F09
309liqnh1r8id6l936a7bn9h06,12C21C34D0AC35F849E3765D4C1D8CE4
88n8mm9bs2inlqqeb1uv7jkik1,1214719F54F96E26F0D33871035C1933
7b561uctrt6la4l1naf51b0k84,1676C19E069BE2D0F7A61DE33887258F
okscjscs0r9htialapjdmij44,14D7D6D927E39DD50A48EAE5EA1B47FD
pn1005dm0l53586gl5no9a3cv6,0E7C3E54D3E27F30AAB760CE2F3D6732
ame0cnj2lbt80if0du8oquqjl7,049B61DCCD1C034A44730360B5AC06B3
904e7a41cj1l9dnbrvum4hsor0,13476BDEFD5073CE3D25BA060496C6E4
cmgo10j5nqa511hgljtmkdfluh,1BCF2D030093B52798BD28E6676EFACA
smkrivfe35kl97p57b20b9st78,0B4B7925761AB34FCDC9EF3516253FCC
13d1okm6m4tj7h9tuujng0hm9t,0307D2BFFCFEB07CBD46863FD8D4B760
90ifkgov5l5im734i8fr6j9c00,0AC4FE94CB4D7126A901F505C6264174
je32khprqeikdillftjn43l8mh,0888435E0EED2EAA621BDCBA5A5F3E43
58gljtiep573gsmhj47it5ch1v,0A2356C9AB8B2CC2924321CA701AB4B1
ds3vsltt7v6lcmibkoiqodd8eu,1EE548F93491051EA07F8C537B9F95B4
kio2eup7au5enbqb2b8utc9v81,074CA52C4ECD92526C95FE03A90A6079
3o264ogts530jrpqn6cpnde1o0,0C63D2AE7C0FA66F32510AB4A6E85DD8
44aaf64m3oojlsf69vkapdv89h,1F260A67A57CB3FCA72F70FB476C7E6B
qdvh1gj8kj2td2acbsef4cii1r,04622CD412319AA96200296B583D8AF1
9vpjesoda8qajb0pjt4oh7qbgb,1744702135B73F0997FA56E528BBBB4D
coaohg0bhji2nirk1is533v6bb,0D1D6985CB8D29F3887597E53E475EEE
84vtqttenbkdfnbqul7iq3cmk2,07CAE355C1EC725201318CC345F6F590
rv12110uljvjaoi7hcgal7o0eq,109E8834CDA4FECBBA9E4ED8B3577D90
l9l9v2aaoeta5iful9rr5j4rjc,047C4ADDBEB4C8B8E304A4C5BC1968E4
jm4d8s2t4eh179tkbg5u9tdirc,0CA665CD0782BE97B4EDA2E2CE383EF1
at93mbngrku0d68dkmlrsjkgpa,13A8F7E69B3696F081E183F9351891BF
efsg2ueeogtpkqsoups7dgrbs6,0CF132325D36E724B844A307B20CF797
o4avr4dpig57qhiqjrtqft028m,1B9C2C6563A4977533E1FE26D6E414C9
b8kpvkgcugbbs6h8a53q7fg1mn,16F50CCF686E9BE394120B3F5AA21E43
mvd9a3jfpd9tve1tt014kb5s5e,045D89F0312EEDB85831873C79A24622
i3v5rc6tqep15l35q0fj99qv0f,02D7EE0F6F4AD87997E1A704EA6B23B0
rk6lsh5llsrp1n9qbv3l3li92u,09ABF7122FF72E2D1948D8F25D452F07
jofo5s75jcfkvarbajtgvr17r,0197B0B5AB66DE2C7EDC0E8E5C9AE30D
5u1v6ei3bogq5b0i9q5tl14fbf,0C3167BEB9D6A3E0F6509B34141828DC
1is6qp979c27trvd6h5sns2i5p,0C037D0B673BD1146110A1B4041BB1C3
de5g8orlnjbb68nqh93mprin4f,0AACE75E738B7F206A4F1AF8BD58AC61
da9n55c96e7vasrnaq4tujnjpl,0DBAE5DA6BBDA6B01D5F308DF59587BD
nbqg4u5823goguhd854vd22lh4,0338EE96EA4EA917483791C902DE9039
v3b20cgb56s40sc9ggpndob49m,06BE8558B0442183F57CED58C6D17363
4mptmfvn5gfhcgfk4fthvmdhh,1EC6CF3A873EC66DDE19E9E85F6C97F9
vrsm8utkce72ojpj0e9rbe13to,0D6B4E4BD13E4DE79368909B2F76FDEB
l2qt0ffan3fvbo5hk21a9mm3oa,171C52504E59C5D81B4A6A3824385D35
nulmm97rksdhdtto0gk78u2cp8,17D9FB4F68489E054B7C8654CD662821
dste4n4n0klpeeqttg5lq49ba,0EEDBD5D07137E2CD63A2BCB0F8BAE70
ocnubu2tk4naue0kdnfhk721ff,06127F894AB7FCB932D25A553F1B339E
4rm2qflrpckr2rt22et7a1joij,06559ABAB6AE43CB6666B416334FEAC2
caomst3r1n6j9b4pkkumpmi34f,04F6807AA89A307916AF8B9FD6772A87
62uni5cdsufdjcg19ihtc3148i,1EABAD4C62DD187A25CCA66CE373B307
9phdbjk59412vr977oahgfam4k,04D3B94675E19A3B5C8B4AC1E7D5D616
g1pm12bn23vjc9ecppmbtan12d,1CA5012E2F756BE281D1FC1E0B239479
eojg23blvaqo581ag67trakrn6,013FAC6ED7E92527FF867B1337BBDA0D
hptjdrpspsnsomftrcm73963d5,17E6C4A0E8DB9C255C8FC4BFAA212186
q3b7puo6hronhvsbcihma03i8s,0A99D651A34E6CAD3DAF2516AE895758
vcp8e71mlsvbdhe2ig3m2j24pa,050793440AF0F79D60740AC06090C127
n8grl4ejktmcqkrupv63tth7j,04AFB0078BA84DDF875CBCC5DB150BE3
sf2rpgcu8ubdsi4uqfqk05tnlj,16F883AA0FA14EAF9D6196B740E83CC6
5k8so5dbp158bav6od2cm2lvgn,066DC437CC1E6CB4BDA07BBEC617853C
338fng9vrgjmta6ng2u8iurqqc,001997659CA2C93F9A7AE39283D28B27
cla36a5o0n95tg6b5qt7akqctg,0F0D423BE8D33A2C952C5C58013C0820
8cmf07qkl04hl6eqacmu88pdv0,076EA8084284521539BD9347BB551784
c10joag3c81378vgibs2t39vss,0419C3618C0EDBE16FD2177445C5314A
j39pndi1nh95k26hp9f9pk1op,0E1E06EFD03C45C07C072164B8C021C0
gbeas60f6tmqjo0hag7cafjsfc,0B9EDC16E0865FD681BD18242ACDA2AA
2gldtod64q6cpdn7loelbfdgjm,088FDB036B286A47305ADD917AF0B9B7
cvf89kdqi0jn258bsn4nb4f8u1,15281C0D88173D861E8A774234DAFC19
llhhml7g3mc99jicgvo9t1f1ef,118E3BA1E285A1C5BDBCE0FD50A56E9E
7ce2k9sronp7i3ufugotcv93ls,0BE09ACA29E475E899039320D56C1D27
ft0nvhg0m63c127u659vb3nuar,12AF0BB55D38690CEB8391FA097AD187
g2ss795caf45olf7aadc4d0f0n,1ADD0D59F940613386D59A5B9D12816D
a0fg0m41f5mpauqnfp70e198eh,1B5C4135FBE5E7CC86D086458CFDEC9C
9na2l3rs92ho4f6erjtsa3006i,181AC9430892B6F5F053B4166AA643AF
uh71vrdrb8asjbl4cbjf66f6il,1ED118368CB8B3F49980E17845A6197E
ge4gur9v4k8a10oqv3fnjip35k,05C978A917FDE90621D7F7C224B2B81A
pk5kaam2t4c9fc6k5boclf96qa,0137DE7E05CCCBDC630787BADE1FA33A
upisb7gqhns0nbcds7c579msia,006B53A0AE9EAC6BE75E35A2EE52E06B
snnndsllr5oj590jegdciv9tgg,12A456E3AB74A5F9B23F5D18F9CD6820
2rf6ri4eekqn58ckhm2hhobec8,1CBE74B6D2B01E1EDFF7A6DA67E93019
vmavtgd003ef9hoebed9gpf0v0,09DFAA6C29EF2A8E55C9105111D8D5E2
i7qesg6rot995khtjr3uhrava0,117EEEF90964929B3930679B62455E8E
9ae1ih9ruvss79bcub6osmsr27,0788B27B19A6D78F1965ED2786A5A59C
nip8pfbuipl1p8arad1rf6b8h6,0EEB6C6CB9C86ECB0A9D7FA4E45F4FCE
qeu30jk9jnpqk54h76g5l7o020,0E14A81E88F9B0FAB2EFAF4D66FBE196
741fgbhhllmsf406g9aln8vr5m,0B7ED92CA918CA87C903C1FA7DCF5A1A
f4gfhe8vk33t1v80n3lq5aun98,1D955419F6598858825B96ABFA8626AA
61ain3tc102mfcks3aliga4f5k,00BA10891D71589BA1F438DF2101125E
c2pu8heb9ro1hh1ufo4h9dg2co,153DFDFD274A7FD9027A7C4556D6A106
sc2j551375106ud6n4qsvblpgm,1965057046D15E2CF7FCDC64E59723C2
kslm3vrclif5m0sf454np1ccar,0A35A9C8EFB87243F6660A6D4AAAF6F5
peg427udnggjqngkjs83m28qkp,09B59B4C628126A921A22B23F5955CC1
2t6fmvn9k9fo4e6rp9qa59fo98,0DB6AE747748B5B1C5EE9D9219E1B7FA
p62ssapbb0taqjv1o0ra7n3vvd,1E02CE923B453E0AE6381EFA54462FC2
mv7aeim8uc423tq86idkpflha9,0CB3704177018C36C7098C4A0F6D0E66
1ujjjm60vjsanirn8dm14hfnhb,004FCD1267B7DEB4583BC15B4F5D7145
cpkuc5ntid1qoobr1vnhkjhprh,11A7F4676FB42E9FE7B1A21029A7FDEC
nqe825h653r6p48jnakvmhuki1,1BA360C27723D22E6233BD4154E6183D
b281nspd4n90p4bjiln5kgdspk,09D1E0CF2F9A00B94D4D5241C4241BA3
m3mpd2gqjugab0h0kpaeqq7qm1,0C6E1C789998BD958B4259D5B937FCCE
i67gfb35o5if723ev6kn1aov6i,1C6976C3A9DF829A51DE29F47A614417
tnkppj4vq1fj2rcbg51v526h0l,00C4AD146A77DC1E8537DCAF66B8404C
jq203lssspah7utrd9mtev61el,0819F6A0EC0BA7D189E718B7C606A212
jh8evhje0fincmdp17qj5miejr,1F1106C30E9708A41A8E002E7F5AF9D0
ksk70oijh6bjoavifbranobvbn,119F7ECC49550699C721D375858F1671
con4gpkdbsrqk21nisn1s2mubb,11B5B328DAFD523E41DE2C6900363977
tf3iso25srs1mllh8hqksafs8m,1635CFCE0ED44197F1C4416C90C0534D
f5j7gopan1n0fcmr1dvv7ju4f7,1211231A52D839B60541148F965ED466
l86uvme59aihtrekli051cnldl,0C72E30DB6B15F61F799B1FA8B2DDD6B
c863icb4cqmto5ok346a92kaec,1E1721635EBA1E951D7BAEB2191BF96A
eg6ico05g6js5n7sft0m1h6hai,085FF4588116ABA00D6C937EDD2A611F
gldhkn0laq6io525fm0ihftqb1,0D889E3EAA2F598F2406334EEE72947A
c7m40t58limihmj5g3pdocg3f9,033F96A1741108829725597601ABE31A
gdeom79t692tqhm8sss725q3nv,1D179B5C22EF8D5F7B921AE0C9D015C5
gf47tpuuf8cltku7ibak4bgku2,0CCCF3A1037EF82D8EEF496EA726018F
1b3cnbuas915dj7djd9qonsjv5,1C3EAC594A4926752E90086DA417F169
map8f90vt506pldgvkmj6qvs97,1F9BFCA62F3BA2E4F352903FCD1969AA
b249d1g395n6hme6ud52nk9r44,01D78FAD711B0E338466AF556D2FAE11
gp4nur6dglv9c79a0coh3ufrfq,076528016B4E02B9D32569EB13F44DEE
ciq9jl140eptud3e7i360if1gf,05B1C2256B1F429847659788422D0261
79orr6cf8b14emdd974q2ceti5,04EC6585F3BAC6DA73CB58F38B948F34
oj7quciqju51q1te5u84ckra6p,02993F62C386B95F9A9CE76D40D35F6F
adpb3503mpc1uskh9h40emjnd7,04DF52BF331A5AFF07E68892A41953B7
i2v3nlm4dg6j9j0i34i8i1l87u,1A11489D19150BE4E7104C1F09ED0FE3
308870ep9v4k0flv05cqf915nd,0298171E8ECFC6EF093470AC5BDD0F95
l7lrqqt45t414p78d6qe1u1cfi,0866719DAB721A52C71F04576B269D14
fuou61do3090molg3n3k5qe9id,0440FA4F88D4DF078FC467F1626636C4
on1stgqls7rvbqa4rar8iik46k,0BDB5F22326A595DE5AE4CC3864386C8
ojcvjavacfljoqajb46doir9as,1D9A63ADFAEA57BE226ABB8BA3A662A1
ir622punej6fe1ntte810gjv7r,16638A5900B86CCBB64099DF15585741
pep5hmpbmepj96mitrd71fhfac,16CCFC1171AD19E50C32E6E2E53D84AB
hlj2m1u49hjp89sa8vaafcieth,0D02D078C47A72A6E20C22F48C248BDC
5nhgr3s9s7dbi133b61ncet2tn,18CFE14297663FD2CC05D24A9C4578D6
od4ig41641mvrra8jl2mudjusv,011940870A5EC9E5DC6C9B3C9B63674C
ac71p69bjv5ecohd397rfefo1p,048884718257737DC77FDD4FB4978409
thbru2qsbo2ju94l0ttpvim8q8,1F6040F6F3FDF8BB732F6C67F09358A9
v9c1qj5jqqkrj4afbp2j6d789l,04661C963A40E1A34B815B27314F9102
8qq2dqlbp29abuson8tg61ni5e,187FE37491CD7EF6647B34F575634CBE
v22fto4en7ono1vdn1gtlipmri,1C622C689EAA0A0AFCCAD662EFCA5E32
n8jh4tl8f0km8hlaiqstg6rt3s,2006BDA6006685D943196B62BE6D0E2B
5tpo36egv7pc3r6qojnqa5p3s2,03EC1A73A6E26BF21234C0AA1B564857
30npkgv5ft803m9dua8oah5es0,054AE6322162768B290F6E91B25B1962
v2dovthjb09irnep2s4lgeb1uj,0D9C7958F370FBA0E1D68F3839CFD419
ajjj8v40i68scihp9gqvm6erjl,074FB7A4DBB8F51ECF5288F5B7A8979C
sqkptgbttg9n7qorm5vq3fn7l6,05DF2E08BCAB2694262CD8EDA75ECB90
jkf8sl22023rmhhk41fjhoj7t1,0BBAA87E1C4C5BAC54777C63F1993FB6
1tg0m0lqoj8sru5askptt3aijd,0747520C19C406992DBA57616B274528
qj0vq7i65bur9v3jskdcv5ve8e,06B659B3BAC36AD00BDCE2557B5D3D1B
p0qehbqidi6j1ecdr8q4qr44eh,0B8D0BCA4ABE080A48AEB4189FE054ED
532dl1erpi52pr21u93elndj31,15C04C82D8F556525CE574753E2F703F
ql3a210rq6dfvsu9f30l4viola,1198C7798E10C8FE07861F01D555C426
oussubl7q5qhra665tklb8pdnv,00D7D0DDE1E58CE818C2F9A4E29ADB63
bijc9q5l3sg7hu4oqbha775eu3,1F1AE644F1BE7C7057096D7D880423FF
rggvcaui2pmkhhf3sl0fc75tos,195C9BE96F3BD200FC5BDF11A33FCCB2
ialo5qmtfvfd0d59psabk829t0,1291182161DA19FD48F1DDB40C2C860B
jog3v3k6r0ioal8vicgpgq447c,1339C9AE4B2B4E1EBFABB21719DC26B1
j37cj7llrgq46c11pr804t7thk,1A868CC2DB13DEA0E88AD07271A0C3C2
t7h4jt20hs0ekn89lg2f0g2pi,05E18ADFDEFDFA03BC89051BEDDE32DB
o23i53avuoq2mbr9fghtokqc18,200205881ED3516597988F81019F8DDE
kaj2p58vr0eajuub8nrl65cuun,1980627307326AB85C0E4ECEFC4C9E67
l1u80tsrkc57m7f7m46phnq10h,11BE5864D4F6A8AA618C42D6D9CABAB3
s2lj46cc8em48dsr917dv8bn4v,0622426159367392AE80EFF689DD1072
pglatjl91fh8b9up6pp3ueg4h9,0A12B96C99D155F515F633AAC60F9D5E
90cfp49knui5ro0klk6t31sjfl,00D3B9853FDC8219E2AE45F6F10B5260
tjb1p7leai22hsgu6doa6m63b8,0B11FC520FC2EB402955B8234FE47652
5qlgfl85hp1uqui2s3a1ggn4f0,13CBD228870D4204DEF4B3CFDEEE91C3
uk2ft3mdkuohntr870fu8j870j,0A9315D020B907F0921E5ECBCCD8F0D7
5guvngu4v3tpt38a3prs1blosd,16BDCE5B8D1872193994BEF8F715CFF7
i5na1u2kuagkkti5gno89etu0j,0B2BFA709A8E43B082E8FBADB7F80D03
i6gga27b69gmtssuamakja5ml,1189A4A40AA163F799A9DE8904B1D5AF
lb2qsou5hc9k260k9hfj5941en,141CEED724955DB39F001F107E23F03A
un76c3v6dmeu78lhcnoa0vt9g1,1BC7276F0D2731EE261D42E2381133CC
1j040d0g3bhmevjgvqrfo0p73m,13A533DD4FBBD8EF69989217B35CE8F6
chibesg0qvb0ccteq3b96hdgri,0A43AC2AF3051D24D922285A22398631
ihicu0kueb4n89uq7u2q5i6egi,099E1E4B4FD9049B700EFF8BCDFFAAF1
vf83bgk89mci3cn1n6emgpofea,195E28660AA18B42AD5DF890C75280A0
501m3vgdr7cqg5msgtue29fbg1,0BD91271A445CEDE185F06ABACAA9829
oe8jv2fc8e5ob8g1sf2rd6k6m0,1C24BBE23F5993E19F8B57F2C1E08033
db2gd70057cc9obtlanuhdo61p,16948A50F4EE75F6CC738D21297FFBDE
6td6ibrtk0csqfkc8qkoemfbg7,07D97369D316873C334736F5EC92D5C2
7f6g2c0buurhmujldc5fs8e2sm,099FBE8D7C001CCF3773DC12E7E4E435
36jo4h9mrd9kpero46kdppq61c,1769F1A3A9584315ED4A412D4FB92C16
op5e45o8pdivm7gb7boa9ufhuo,1E3F7787DA00A3342BFB09AB690BBAC5
4ueqv7ng96h8e4d8kvjlpsqo68,0FE135E3C6E87B6FDE6798A14BFDA763
u7n6214pm6vn5fms5fh5desbh4,09D6C7BD42CB810873D8A093C2608ECD
n2ktfprb84vnnkqb71oq5msjk0,17EE699495F0CA0D535D691657FACE64
6vjipof3pc1fcrivolg3qk66e4,1AEC69EBE02FE2ACED67A66E1BD375AB
rkknomc9u6ca9bolkse7b5286l,01D403B96AD027C911B9636BA4652CED
80hmggjvv2fsqgpq7padfmm3sg,07C13FE3FB48E05D12D6E3E85CC6BD21
d54jeaj8u96i7e5p695nm8pk8g,1FD482153F43CADBCEED6119E789CEF7
l6pits27dnl7emudu7183boud6,175F70A842859AF2A00D63D8946E1EFD
lb1eu32tdgqen6ec66ph6sn85c,1FE2D7DF1FEC512DF17D33F1C11E5418
ha5es0f15bktfu6f5bfvru56b9,0DBE16D4A4801583BD65966DCB190E2E
qr94f1q5l82hg372cgt2ojtkn2,0D0CAB0327E5089F7226F0E27D360C0A
cmqpf4m9rm68ovd7cr9tp77p75,0CAFCB4C10339A6025E57D46E15E7DAA
ldl9076cqbkofen88v9r8rpjbv,1A6B224E07600889B8F68D0EB7728765
imbkone7tptohqluci0sfbdi1o,04230BFD45A4108F6284307641C6C299
iassnfiffoatf1iv8n73iai98a,18C3944C73F30473B0FAE1D150968C65
92t8eo2ejaq8j5hfpergmi7apn,187DD54A8A122A8F6A7EBE7C013F2A35
vjugisim4qbpqm1k4qqedf1kvh,0AA1961216F206D2315E1DC7BB61753D
ib24r766vqtngdphtd9qp92s45,080E6732DCF0FA54711C3175ACD0C1A6
9ujvrfjrrkqjjf2oo84alrogea,075EAAB599BA6CB4896A727E1200D2CD
ol64f7mf0p6ltbtv49rnmhapts,0F3B8E28E0FA624E5A7AD33E4FF97DFA
bmlboesdss7mqcsjd2rphu17pu,1F25DDAAA8AAA5FEE3CD80B87AFD66B3
p09mip3g4pfsevl7e2e6hllhan,0B09BDB55E4257C8D728930830413269
g81d86288u8ipmofsds200gele,1DE84DF58F5CC4DE4030CA0158A1310C
almi8o1klg3ohsiteafektkbe0,18E9B08BE6DB408A15C6D8E68235F688
4teh552209dhvdoh938qdfth39,1C5272175DA72B860A23BC589DDB0BBB
7r260g6fllvo8r2uclush4upr0,0B41DF9B1173C109584D4607BF823823
9jsppsepqbafnrsopih9qct6to,05E9C3F99CDCEAF6FF662C9E43ADA385
gkqvtl4kqg4s6q8hmqn569so9t,15DEB5C3374222042BD46E913AB8841D
fo5bp1ag6845s8ku0uciq9dls2,0B5462EE49438CFBC4FC671F70CC6136
gubbk2a28vbrj85v6e31m53961,02ECAF8250FB1A881441126AFE157CCC
celrcis4ce7bp2jl8acf6ceiug,170838775B6D942E7C2DF9D2615B4025
k85j947cvmcn2er7ssks3e7i44,025BFE4B7A514EF6518CF23464C8E96A
q5ucb76i4p847cvjap7aemikb,11B47FD035E01D1396B3E27599587828
8hg1sromnn8a0up0sin6darllo,0F9EB40CCE2E4D91D128622F052DAF9F
oli7un3c8jtumaok7658s58ptu,17B4CF50C62AD880E25F82FDF11862F8
eusiqnd4ddk142cpbfrccujttt,18D788C1A4706B805916DD3BA46AF5BF
s26mqlpdphb9n642klqt6g3h8v,1F7FEF520302A7F9B4707B03C13DA1A0
hgvod4glifq8nif65jklg6echg,0A4FC22532E2E4A6733B26038C640113
kanhgf1brjs0521bt4gid5dk0g,106BA3FEA5E7ADC8D82E2CFF185916B1
cos731l6vo3t0gpphce23lndgj,15A119056677954D3585C9DB231D2A89
9kh02mke9gnk86lg3npo7dgr84,140156858F4FCA41EB990EE0763C1DEF
c74sl47rv0o255fhrrmq3luv52,1C6DE511F145307B88B163B8C468B81D
kh3gnjn62pcbtneo0ne2tpudnt,17B142BE95E5814C1D0612AFE489ED04
or3tbo2jb73vdpal7hgrmgf2mb,109B79286419778CEE1CB25902DDCE33
p0bpdaqbi19k48mq8p014o4vdn,1D7185EB813A5D365132262495C62ECF
ultm06ljgf6mr5clvr6h98v68,025590A8C323B9363296F1E9DA32C07E
vlr10ik0l11qvsiiof5ev7qpgs,167F24F66CFAE492103AFC51937DD8E6
s8vv3992vfsagefvfdfte23f0g,1BDE4F2B580AB9EABD38E372EDDFA50C
198pqrhdelrfrqvs1o8d92gt0m,0AE77AB8A3D75B77767D09239BD6EFA0
hm2jp6mb9nrpueihtjntt4vcki,06A16BDA49FC07ED2A3D18FA27F37D07
2ehasrgb9vnspv6rtep18iu5fi,1014748C2C5E35C79768CA00ECCED5AB
89ss69ij0ohsu6sp9cnmbbieve,17F0B323A1D2027BA9C2B097B23FD8F2
hefcii5k3msm9tms8s88lave4t,0354FD065E7C29323DC42F99B5A894AD
b2iansucllefrdbvkhi2ev2bhq,042474294E996EEEDA960F144CA28CA3
lbqq3rr71j31nbubnsicf69t22,1CE71CE47999ACDEA42265AF4ADC8648
ihmrk6n38bpou2luv47vv4sh6b,02FA06884E037A9F229CDE871C05B8B6
mfrlbj61itjnpv7p6o0kv7f493,128B90D20D534512EA98747999B71A86
bfh45u8ao6m1th07tllncq5bn8,1ABA4CDA34F8AA69501C019A92877ABF
m05h2ol67cn6subd50cphg8rm2,08F24FF3DA063839E5C53C7F33EF8B3F
egkmho7fkrrheliua47953vg5q,1B28404E6090D4C575C3E30F677FAAC9
7046b2k0jp6330rqu66lbg3rjn,14753DEB8B76833051BC28638001A2D8
451jb9c1vag3d7r58v1nqrqg66,13D49DA0813E958AD5A8CDBC68238FF9
i5pslm54vme7ve16dv13d014ug,05F89BF576667B4132E0E432F9D32B48
hk88ea1ojshli12rlp1o36897n,180B085E6890CE986D5C7608FDDFC1D2
bscfb3is1es3tik346b61dianj,18BA21C88A8E57EE4C2F2F1E45BE8081
kfvu6bhhe65to3s082ovm5vomn,0189FBFD111E94BA23CE97BDED7F42C9
bjm6pj2pvnduclesv32pta3kvg,058BC65E305575BB72793A050C0BE6A2
q9e9tk0hruiuc4okhl3pcdmmra,13429968381642BD63D21BB142BD7402
3h2e6r0rh9hfarljbk9bt5hop6,18279EDFFE393F24F736FF9551842FEB
m4i4fbkgr92qbqa9di98ogk0sc,0F38BAAE2C1DB86107E82E9DD29BBD94
vs3o3inv83rkt33peoblffic9g,1B87CA61758BDF5F22D71254D4660818
j8gcok9o3gcilabpt80oksuu2u,17E1A0FDBD7A0CB85E2210B1AD69CA46
cdkv2enalg9j3vu7s4e8jhi5b7,12824FA7ABBCFFCE30F175A6E40B2149
6a4bljubcjnco4fabsgouot6jp,0939ABD0EBA5848CB4A6C1247D659818
4iuula8l5oebccdcfb3fppkp3v,08BAD611EE1CD7F132DA64E03C1DB09F
ciap3drbiqrl0bkv5qhcmo3slf,004966ACD754032F082B1A86157AA5E3
afgrtrffkiu7ntgn96nvn91jdg,15D025837AC62F175719DCDD8115A818
vqhfskm7qs9sh1q4riis0ssqns,03E6682757D22AF6ED2EECD590E08964
m0u4usk8vkm4gp7l92r4m98ov2,1B2ABA6D1140C0007371DC5A7744B05D
1a81oj3t8i5ubu40rbr1um1baq,119C2F70691BEF6EBD2AC8445FAAA18B
dgac8rgrog2no0m5dptafj0n18,17FBBB62B30D6F879755252EE1BF543B
eub8hhupojdg87fe6ltdchbq8l,1A1029EC4641E4CD8C16C631B36D9429
tdl5kcoatg74e40qd2eckrq4jt,07631B9F56E5D1117DE8CED42486EAF2
d2ld1hqfm57haet4ar40afbpuj,04419D7FF228E041DB8052B389C4C574
m41lvql3ls622gcsn1l2hh3pd6,145CD0F42905E012A66DA70CEFF60782
5v8p28j23emk0jva96th42d2rv,059648FF40384A70801D1933855C0676
gp2upf7o2q7fmru5k0vnisuds5,10870C9848903C4BF8F35B1FD895296D
l8lu1djv677pi67c9g6npom368,07B1FA8927A07DF341E52BB5FE7AF103
i8lnunq9igu492emg6htao5gp7,011A6E48710881B5FA389C449F0C4957
prp89950hldj9miekgdlbdbcav,1C4EB9DEC63D5224B3EBF465DBE2E7BD
huh7oltu6nec148evl6veqkrhr,1066BB01777F6BB0482FD7D511EFFD5C
sn8rpkuhire9qei85hi89evvq4,11D11EB2B92A9CD8330777CD83189837
d6ahna0b61llmhlre9f1kdvllq,0E4F197ABC4893DA768E4343C4BD823A
rhorfvr9k3ikjjrh61cbb9smpi,1A6453C541979907DB93B682B6C1A218
3hklkh1a24hojbnu6s6ak1aj9,19A863092B29321FC5806352D87A150F
sm6s20ghsvj4jeeb58m7lrtngu,1719AF02D31CB169E70498F852B281FB
5msbk4g2vqs9ib32v4232bgqff,0D6057232BF82C5F150E6F8D4F812197
n5ivbk6t9hiemqkbtr814lkqoa,0BBB3F2ED1CE721349487771BF24C413
j98qgrq70s0qnaejuinimcvq6i,1CAB12C852BFD873448F4C1B4EDD151A
gsls6otk9ipb8p2su46a2ko0l7,191BB2D213C0B6C17A33AB0203C12ADE
f1upagv70bdcsovidotv4u4nlq,0ADFC1F4E41CE25CF100391B787FFAB1
60ebhv3jdqs0q68lgij8i444bs,0B3997EB79261FD266106B8C8E60A8BC
23rcpmtmjrfu8c82tvu4etotn3,1EB73FDEFAE218F976F215135352DFF6
ktuirt2g6dgnfdsnp67t0c5n3p,102091D693862F9DFB5E4C11971A86FB
kkhj2ltat0jmfovnt5u46j4k0t,1CFA39D433BD8BD8D299EAA66A024FFE
lc12gct7hdsgdja6mmc4c0kmb7,1A93B7929C2BFAA732DEEA7E9434B0A4
hmn5796t68h8viorhih1ajffeb,1B77FC4DA5AC0B8157E299338A619124
lmb7d05b682ec3j7nl2308dkfj,027A2CD140D6800453D9A553CD14A420
qb33uufh4j4tu9sgq0t4sq9br5,0F7C39EB7C251486EA45B7F7BCB10389
5nedbomi8dd4k774rtpdpujop1,0F676D5AF3DE182798D919576402071D
vjdks7gtt5804nuhdopbo4iv62,1644A6A5BEE043F99E730AEF46D36914
uhhtqs5l3097rtc5h3uhqn1br8,120A8B25BE519B6E0D2D590E77A63ECE
6ijpjuvnlh8mnjqnrm8hij73po,109026CB4D8304A5CD02B70BFD16F00B
fqde77122bc2iki5ks7l2luhes,1A93F880C5119019E1154C0E3668B277
3umbv1l10cajkmt9mp6ijduso0,009D3526B23DC31462BA52BAEED30065
kampicvtgifa768ci0aok9bqu8,0AA3224E0AFE4E819556D8CD1F4A19BB
22g0c8dsqveujd8movfuu1ghgo,0785EC72D587AE410558E25693C56A29
ks67g6p5qiukfmnkbgdi4vrl0a,021E019F457840772D90B3805C9E21FE
9ii8u1pegfpuhevkir5chnd29e,011C35C9F3A4691B025C9766647C8262
ql38l6tme6un5tfutnlj22c059,0CB84E927C06699D2FBD7F9EAAFE7AF2
h9uihud9qiit7kfj31v0h54pcm,1FEF40F2895D0E004B2F51BEF8D3479F
jr36r5qlf021na11n0pvjn4rnu,09F9EF880B16033BE76FC336A6FCA9C7
6vtt8qph2gtmrjrmgnijntmv95,1395D03B9634221A4F5C2DB5FEA3D65D
5lf8ftqa6br669o71segdk2lq1,098347AFD3C5FBCF57F6D0ACF38407E4
bsbv3v02dig6ec6nvr9rskcj33,047D643A86D7C5984F62827EDC878E9A
ogpcmejmqcg1uo4a2karsbin3,1272BEE3E9818B2C4BB3C2354DC50FCC
gg2q6qu859eacv259koeombrvh,0AFC79AFF42262EDF555F2184D4598D7
b7gmpjm5o45th0f3r87fpfkb1m,1D4B9D24F8E31F91612A96D508ADAEE7
amgc2cih2sef9bhh2o47nhsgpp,12F544BE22EE2D1F6689925A6B1FB099
b49skp9euem2v9h7nscqpaetnu,17F13137673A02D2ADDE2A13A4FB6AB4
7qc1eu0kc1lbcc6lrjqtvb44qd,02F6576F0081EC4DA872D7433AEBBB37
ef4tu1ih9d49go13ocruof3kvf,1796EE71EF5FC5C56182D84BB51CF274
3dmhclohq5q7i9j9llkskqhk,1DAD42D92E60788E41C6A7503703722A
q0svg13fcdpdt0t8riguv2th8l,11DF7541C50D16568E888F8857DB4940
150qnugebchsds3paf3e1n69a3,1988E2E539D312AFEAADE6EBA080AAC0
30mr9dkqirnaffabjstguploqe,1716C31695CD391F86B0A4B8828D9BEE
d0517e1en7suvsptg061f9fjkl,051D371035CD8EE0FAFEB2F31372D6EE
406blldvc881ug24855ncnv60f,1E0ACD0A965243AF498F28BB8A5D8347
hj59tvtd2ob4fh97nce43oekjo,0F55D7D16F00D19DF65435FC01FA5F24
djr86j9v2i4d5v8e4pb1e8iu2e,1612C674651A579E1E476B002C0FDC0D
9t63h14n5g75mjjhanlm9caodl,19DCCD043C498EE980117D2D78A68153
srqs16a46drr7ikja18qrmvo4i,0305BF76723B7E7B119F576F5F376AB2
3jrk0lkufrhohmm6ll7uqff5df,1A1BDF8381CA02D12DB038F5D5C26207
jae2hbe1qhs9bfrnqk8uci8ois,12E1AABEE09C251ABCE5BC423EBB7632
m4ag72ge7hbnh1rpsd85eg5fq4,14C2CC4C246B751F02039655037600BC
8b007tarl5h5m0ear4ji0fckim,0086FD78214AFC0B3DB743A3B005E3D5
23tt4kqicuic0sia9pq7hro0nh,001DFEEA5504D90486A987D062EF033C
i4mf7kqkpe8vpci7mb6o8ibb2h,1D42B9E97BE4882FCE6E2C79C5A105EA
riog2kg4viuktsp4gh3duv25al,1D31D2CB266C4D61230EADD5D7855B90
jku84sfb3gmli5bis0f66i8v10,1B951907B92D9B1998B47E47BE193CE7
2o1eg5jfa2a0kfamlme2lttip,148A7CD68AB577802A2FB9A762EB82EB
sacmr67udu8mcdcs9aog2dvhfl,017CA93136EED39030B671A22B38A236
5nvs502nle3su3pgs4eroe28bn,10481AAFC2393DF05E65D2D169758B2F
nqgidqul0so6n8e1932l4l0dpf,163DB5EF25D325D9C38AA5B73BA564FC
tmo8uekrtv6isvb5n1pfh26uq6,0889FB31C1FA21C16B784F3FB3241043
soughgpam5bgosni7pjtgkdt74,0A50C83C8B54A6870672134B44726ECD
4e2m8t1mabk3v31mfu661g7tpg,1291E55491D2ED6F6DC1B2814BD8F1A4
8iu79a4m09quf5kevuhfo563dc,01FA04D6C04D33D59DC3EB3854CF73A4
1ullgu9b1r6ikjoprhkp4t3h0j,0F873F4C2ADC4611C6D1244058F8E9DB
g1ha4qtlie7i67erop98jiud9a,0C4BEBE539F8E5CC25C00CDE0B60F401
sqhrci259dgfqs994k0fgl8pff,0F06FB99DCEFFFFBF17AC73EADC3B7D7
dnnsuktbc04gu6bgenpdk3iamh,16D317E01E9B1DEA70CAF7B6AE38B1F8
7n3v5sakars3k89n25rg71vurc,1AA4523B3F1E3B3E68ADE251AA91DEBD
ctgnfplhklumo002joq23in9pg,056BAB7F063FD85226D7962BAD6C694A
2v4nmejlutc7ntmms28an89d89,17128245DF7ED3CF43F198C737733192
5s1kv9mfldmdjrqm9j6hfsu9ji,1610DAB2D06CB0F9278BDDBD65F7A838
aldqckg118jj0fu1o63f6dvijm,02E7D7DF874EE6C8F8C7DDE304097C98
68ercbigapdimfmn0qs0s37rsp,1E2A1A5F7806D770CD824C44C35BA8E0
g2cccsd83qqug80kd3lm4529qt,06E792037F2759C5CECDAF5E6149017B
dip6r4fs9k26r36559rihns9or,0A8C7E5B5BB6552B37C307588750CADF
dsg4h3r450f6t3f33pgi61rtn8,1DCB804B3382BF395AB17E81F31B5CC7
n73gprasq11d8892v8srpr6g4j,10CDA5FEF02D86A7E5B1BE1C60AB1767
ja0qm4i4l7h0m66phlivs9d3tv,1B50985F6E1EB1B3FDDAB344E7848A26
uo74bpcttvh74c00ujac2he09g,181E1E41E390CEF57AE61857867EDDC8
71lu2ugqcki3e6sgle040l1an2,14A20F9F7A868D926BB88315C596B376
rl0nntgjfhcb21ssrgb6afmb63,0E68DF97F5615C52EFC9EE3ECE4933C6
2jk1a4v8224v2o8u7ndndl3g4o,139E8E8FEA01D398573F7A1F14AAB1F8
1v9urcpa6hchfn1mo285086k6f,00B0CBFBB4FEF6FEDDB1849F0FDDB5D2
38obednthou9m8s2qg9e3lqf3q,0320C27B6B11250E8B85CA4796766CD4
l6r61fuvqe07def0arojrc59ab,04FD45185A8BB6347658862484C12929
ob8mr3t5crihvvfr8nvam2msqn,107945549680DD850631EDAEBE107845
9jurspe43aed2m2n7eabkjb1ib,0CC712BD033BA1BD1CA090A7DEA8117D
46tcaa335kva8gallbikufnrg8,10537883A0754AEE38E131DDAD21856F
60a16emn27uk3pth7hki0v6d32,044BF9FFE155A19B52AFB553991C3DA9
1c9ukodiqdm2bnmea2ono0miso,128A4A29C06FB9A893E86CEFBA7B6568
740ttesvevd1d6erdopdtd0fda,0803BBEEAEC22D5765CA6A24AE8ED7C2
7dlfnfp5gt5duha47c2s4ql85k,0D85AFB81A4A6E95144991EB1109F99A
dopu1ipg28m5nqlohuthc2d92k,060CD8ACAD904D14B4BC512847CC0314
5gd6hfhpm571732mar7rpuh130,0732E3C2DA26DD74A137DD0F26D255B1
7s7f2bnd3nah5luplgugmvk5l4,087CD8CDEEF880BB71E2B372EF53870C
p621hssvcjs1ql6agcomjg35ul,1B549675DB004609FD06D48255719C82
goc32nn7kh4nktukck2hf0bu83,049795FD130B7E2F4520E6EA1E32E932
pdm8ok2hjh7pas246hesotd80m,1A82B26EE9CB3A51195EEFE51541B34B
jt9549s00bgnr8lvmn9cctjqvd,19857ABBF020941DC53D5F4C635BBD3D
tum1c9jeh4o0benvld7igjh3si,0BA54665E334CBDCA6AAD6EFB425EDFD
plj5uursgvnrggrv35aqo1i5us,115DD016AA97B4D68D861187206434C2
j9dl884qcfd8ngidmc0ve481t0,0AB3A43FBD4B62B7C08A80B87D42FB1E
nkr0tmv1oup6ftovfqh3o13sgn,0D2E8395E0A2CB9DBDF040149C8721ED
qiei4upoa90usct1k3k05hcs0j,074855D63D0D69F9E31FE8EAB900071E
h2e988hld34iumfdgfmn49s3p6,1F4326820E3CF59F8B5C493D67D24244
mnsdf9poqa5eg5pa43mouts06,002119E4F453574E778102E0F63CE221
5cp9r36l1dlohss8gpuktbdfc3,1DFFE6DD95ABC95B3B6E22C8188D41DC
vcj30d79tl8gbt6roqncntvniq,0EB83E8B7DC3471A15620801C5586A3D
q5o7mt2kjan9lo0e9nohpd5a49,0447E66C2073E49FECB16E6F410AAC4D
hue1dvquou3kjgg285i2ean8kb,16CDF51F87FE2D96CEF9C6B6549AE6DD
g65t4labkcki7abi1gpbj75ueo,0E8D6010F57B3CF48813F420FD7C7BAE
h7a0uq75933clhls8mlnnku4sf,0A518E9C6B371D6E5927A2F08517B932
3eqv40e02lfjadeooqoce5a117,0EAC1AAAB3C061A254B85F70F63E30EF
s5noc0oocdlhg07j7do7hl5ivj,06A7C183AC5BC30B13D8769CF021321A
rjdbavnde1glgnushfnjula3oi,05625CF0CC9D3F59A81DA9DE7EBBEED6
s9r7t1etru015dc98beu82pjqu,17493600A2C61C9CF196D5156E50F9AC
vi2vh96fhjq8p6tr463fh8ft8g,13884878461A307CDC69699BDC3CB74F
7gb5rlgs0gfic786gka0q87hp9,172D4975748F826B79754F92524354F4
mk60kfedmj15rlov2tdv1ie55d,082F3D22AFDE6825BC27C224F027B7F1
k1cbu6h18e0f53eb79gm5n5esb,0DF0E6CDEEB38376D5CD5ECC90ED5AEA
7evqvqpjffv5rs0t10b9is0b44,132E761B9665A3A8247A29173110D6B9
epmm52tr4pmrtphannvodg3724,1370B28BF8FA3676E73AB80AE1B6DFF5
m1df9lgmjcvv0i83d8vl3gthu8,0A2E9A4DEFB09921DFD3B9AA0DE4FE85
g3bi2q3g6rg8sbuhhlodj31ud3,0548FC27CA8E35483EC01A300EB72833
b0uss7v07fpuv67vam5l8mlqu1,1ACAF8CF0F95DDAA9867A31CE80E25EC
htccfv1kb0ejd5csg2j6jnvvbl,0759CFB83DCCF3909F31248A9C5C4CAF
aif7ql18pvjq4k1grdnnijg169,1441B9601DF0CF18FEDFF51423CB2EC3
lfpek3k4boit3bcvu0p2he35o1,1555D4B3D58A89072835F17A1F290B73
r5trdegjvd81l7ifprkvb9jjb,11CC2F713684B5D9483EA82719B3393B
2ib0dgq6lk9fac8qknnpvb6ulv,18D4B7A0298F55870F5BC5B255608713
7e3h2i8iqen3pdr64i54vkdd2l,007E284521D0E98824F3600A4AD7F601
gn2p8cf306ottk9f4e5jipf6kk,0794252BC666F8ED9AAC0E78E001DF6F
9648ejbd2gfnuug228a6o04oqv,0D7315DD7DAF9DE13DC1E32E12DAEFF6
sfd9do1tm790rfani24eupcdcm,16CB173BD0D2E04569AC09C5682B76FF
k31unarl9s2ii9ftcce1o76k7n,0DE5B183DD21D129ACA24B0CED7CDFB4
svrs3ihsmmps0c6gqt9h3hjm6h,16959973FB5AE40445EF706BAEF892D3
faq7r7phjvf6n3bmk50eh29q72,0DA0BD31510E243769B74C641C9DDAF3
g3atqlbkmlpr5chlte2lak0ruk,1B5446E5F89194EE0CB9659705DBF5FD
n75nms1lih71dpcn648m574qjq,096B810AB49A50A35473D8E8B3DBCD62
ghc1utjcaa2j0q6fcltc8k6qvq,12CC141C0046F45E1F359E6E7077C1D2
t0j05i6q8kphqgnf834ugk9jao,0B2FB1BD852285C525D6B6AEB92A603E
nl3v8k1s8qtt95mt4dmmiikqk7,0C24E91E01300E19B6E578F785C021FD
96fb6ahhn97pbf0o4avpu9petk,0F5E4438D0C59CA658E4BDA224E8114D
3sa0of34cshalvd908v2fhftbr,1E3CD01A478AC55477457EAED15B6AAF
fbgbfe5ucn8tq57jqsuisch213,03E9CCF2717FF7DA709D863875A5D8D2
qotkvtl89pvmer1o3n5ll6ltnq,0B2A4D583B63B7B88031415B1F068E5C
f1eh19988kcea1o4rjuqrtpcmi,1599319C094275F5C319D430A26A439A
j1gpa7bhe2l042asf9rfvjgh9u,1CC051E4A3DF532C5E0E471FD4CE2836
6p7vh0k883btv60rbj6aov6n0o,1075933A472C8D91037194424196F2F9
b17i8o3t53khcdqpoiiudtqgds,0FCDA3394EE98E295E1AFCD6933F3B8C
dqbn0khhrso7iejcmg9f7tna4o,15FE62FD8D82A9E2E6CC706D2E7E887F
it7uqtslu6c94lgdoeec1bhlf2,0DC6C797F67D9E8245FB373B1307D467
3d9rfscbqhfnn47c4nd66nu33g,05FC04770193D8AC171FEB75C2364BF3
f9m2v2g0r2243ar7sa2b5lktat,154FF0AA664F7CC77F12775DE5C2F111
q7jldasvapoo6fhsuovqnfijdv,1A90F6015A557BEEF23B4C690B198E40
d1ctbsma6nc42tevf83ll37dnm,056B9F9F8508D5FB2DAD462E41BB0F2E
cgnr41fjco9accfi44sq5ccqtr,01147647BEEE70473307F92B00246F5B
uvt38toiq9b1m4uahhf5udnfqn,1E2E7AC7957F515DC20C710627039D75
biqfq2steudahr2b2vf9o4et18,0B6763989BF81842FE9103D310E71AF2
5p0nhfd3ak63b18r1hisg50eso,073B332F52D9234855416F619B8CC1CB
hn8ubq2rs3ol3h6grr5n3g2pud,19265CD3BA05410810A339F6B85AD185
8rk23l9r8k9v4cv4i33g557akm,10E6011D27E73E74521D62AA92E5672D
sqn5tc7ddhvdu6bsflaman0mnb,0930FB697BD99100BEC61B62BAE57E89
cfqvde048p9c0j26rrrqki7n3r,0D18C76D44203BEC3B9335261EFB4E05
3cvfaqd9rs56ofde0aua7otvqs,1F10EE0B886EBF5FE41D2139368083F4
toao2c6fenoiqjgvn5emouk374,198249CE604B60332D89042F33F95B86
v92qmbr0n45lo1ea6t5otmkoo0,08E1A7296024031B30C9E71B9B988B30
cul6bjttl7bhogqk1mdh8502n,029CE95235CB0DD3AE20A0DC803C71A2
7stnmb2p73lp4ng4aune73b798,0C793F6DDEBEDC4EA15D962513C25A1F
lvj89v2ak4c52940ec173ffn76,12EF3034C2498DC8088E3567B6F6A13C
92poputtnmt9ia22livhkt6lb8,1698224688E0513797450F86D4F8E325
p2fh3fkbrgnenov9no1j344aib,1BDC6D5B48B195751F18E2A79268E6B0
8l132cjicdptcv4cpcdjuqsvu8,0E55BF463CA9257EE1C76E6E6B2A564B
7i2t1e2tm7cuj6m015q2upnbmo,14DC5BC64E74B9DA7361C4D4B0B037B1
e8qc9723hman0u4j3q0gc4oae,178B3BB666EF717532F11C1A041D078F
gohd9rpt7gf45qe7tkgitab96p,16B723ED407BFBAC7DA479A106B2F492
u9vrjld2tv5mlben89u8vs69jc,1BE115E4E195FCC7A8111FA993942094
jn4nj9hig6vbq57olusqollq63,043DC730B12DA2220F2A77033B96E290
5nbl2cnq1f70pj6o8q5m8t6m9g,0A367071294D85BCE5AF8FEDB2F9C5FE
4tkp7jpdblmgu2qghm34soq0j8,03A4518AC358ADE38908675B71E5AD0C
6kfs2abqik6kqq0pg1j8i9d8fs,183E8455452AE2778AC04CB33CA87C31
4vu95m21ofksbn4i3rag9ma7j0,141C688A61C16545FF5880C4A3631672
m4cg6i7qlreu0gfdvcvf1nmp7e,1F0FCB0107857C766F627A145823280A
6c839ie94mcugge92adf7kfh97,0D7DA8B5D1CCDB505232D399D404A2A3
bv15h46hncr7u4tsf5vgv5r7n3,06D2B4C1D48F2A1186EF7FA7FC1923D2
t54ocsfofg0ign9nfhbl32hf6c,142842DD2A43FA98D08F3CD579D90715
7usbh4pasrd8cu6qjk9m04p35d,0CD6D4DA214F7FEBF9567C39F3D28EE4
fgc1vvcud0tp4k3d6rd7fog9j8,0F4CB604CC9AC4A78BF943AF658819E3
m9fc42uf9f26rch2d8ch23ebbg,1E015A78C540BD028C7C098021D3DF89
1vhmhhbv1ubq5o7t5rkp4gt566,0D7EB36C8039F72F653E805B80FD6703
at8aoe9ed1i140pqh4ct058eio,0220E8A20807BA96B133AB71B1A83A4C
67r13d3rne8n24nkdg6fuiq9fk,167AC4889705484F57CB9661E2B476E1
qkrk4fuonlqbbebrvbmsarr5mp,080DF33B700EFAE0C5237E43F85E9F1E
p1n9nkfq3qq4vv92oohfhtufjn,11163BB7A18E7EF11489561E6E97279B
iicgmfgcsrprjs48pe08pcu871,15581BECBADE45B880B25703F0683584
3adkkjcf1cvfsumppvmvcuko0v,13F3337F195AFEE60BDE16258323991C
otvoi29qha9p5rr3l4g36eddvi,057C2D4E14FEE63120EBE03B320CC956
pq2m10ca4ef7usdh96lsvp83h0,1F7854A13092732CB188B6141D1DB563
tnma3rbe6chbaf0co56d8gpub4,0CCCADAFF93CD0BA9B5E6F71DCCAB976
g5r2f70kri5kl21ap1ehlsnrpm,09D13AD732FF3DEDE5D9AE9DEF881433
jgbav7kokdfnr2hmaf6j3etsc9,13913F1011BD79E3F2855A0ED313E0D0
tmjqkg41d6cphgrh711phmhrf2,1DB84AF6913FA776D551DFEB39030EAD
imbeosg28fqbu564ebjrv87obo,187ACCBDFFBADB458BE989DB052BF6AE
gt8c8484vvm18jtsqi4rh9nssu,008B494CC1BBA6E30646B3C7A7471FF3
jj1dhrrjoladq8f5jdn8arkiba,1D339B76FC635DECA9098EADB1A067AE
opojkaijkuds30hc6s2014u9ec,0D897CB6E7ABED1791C05D024C1160BE
kdtmfl51q8vc6m3qq58ib0thdu,1C7F25060FC0165763B802CDC2E00BF6
mefbfv9s4vbr8942pgabobrdmf,18448C4586F2EA936F48D84F5B59383C
k84cm6o0tktg4qdncpmiimuefg,0A1DB4F7542459FF73D319CA0466818D
di28lljk4lat9af1165enogl8f,02F0B7788205EAC41CEDA5632E20F71C
e6s6t2taauac3p6fqrle0flf2k,182C00124746DDBAE7B64103F83390AE
do91n3okhkff1jpamen7vs2j7s,06101002584242CE81D69F36388DF052
2q637ct6465o3p7505djcr210s,1239EB66B311CFDCFD9ED16C99B4D035
9mhdabuvi41c9bpno34qglndmp,19FDDC57EBA21D695A63B396521E87FE
vgelpggqp0sk947eelieh4t7pg,1EACB7E989C6E87FDB1A7EC5E466BFE2
vmsrfcgntj780cr16ngtecvi4j,16DD93AC93AE3DED41D4B33CA8262605
6vj1a5f0s1b0seprstn415robo,107321700CB19BD67BB6A1DC41A3EAB5
3trkpj932sjm3a1v989oconmvk,019B545E0960C3665FE9FE5550CC064D
cj2tsg5pli78b55dgfovfntoql,065FE6F119231A81EAC801C2552ED74B
jnbtptufp46dvao8cd669u0hau,046B759361ED0538A66367E936288CAD
j2nqrt3g2vje24hv3jtv4l2tha,10F75CF1041408FFF26968ED478C899A
govoan322hmnggp488s35r9tqp,00621A140C6B0E81C51AF23F53DFB784
k2bbo52rdt91rjfkhjsele9m68,1B3A1E617B9D2417E18D28831FF6EA30
theaqpnrtro03inj0gu1qe2883,00E17D114207BF768C90755B16A01E7B
3rm9nhi17v4hipo3bph5egv6bm,0A26F2DEDE390699A6FBF223328A0556
bui90uqfa0pod84keqfc1bv3ek,1FD7097DB46EA308F6EF82946E66D6CA
5dofoe0f1asjafvf09fk2ptgt2,08D5B4F88A275B743469B658FCEC5688
6lf5slkteid8efv7mj7m3beb95,0C6511B486779DEFB0480FDB1CDA8443
j5n3uv40rddldqank10vnqr67d,0232AF2DB70B8B88B57622CC71ADB63D
qd1df3lcpbhc6ahtv45nvnr13k,2002C30F1B8FE8EC74B472EE9A6ED6C3
5g4ivoaajk818htjlp8vbc6f9t,15CE9113C9E9F7FEDD9DA3BB2E786BDF
iru7m6obor8tedfgc16q5pjf4a,1E30D3A0AE91D198DF37C39074637D68
1tm05mihh2mul0k6shtfldjqe2,09291625FC9E5FA9082FE915EBBF2EA7
am2m3pnlh0tqupt1foehg4fpjf,1ED3EA1927375B3064E69D40B161D5C8
e4bn9pg336fmfi7dcmmgbt07pg,16203629C18F21CF2119F82B33D0FC4C
tef9hjip3st68bq3cahh3sf3ga,10F87C915B1978BDEEDDF9C75FD15EFE
6sl4kp56fgso29lopitupco8m8,12C0AC0FA5A4B04C84DBADB7CD6461EE
8vm53u7sng7vq4oge819cjmlj3,178A0F2B4099D6C559CA24720DBD013A
i9m944ghk7lka4iglcu89g9e1a,13EB541B039D0DE9C999E68851F54A7E
vggd9addooogm82c78r562f50v,1D157F1BF04BCCA0BEB674447F323453
ublblii9sqs2d6l0qgvdaa9tdf,0AA3D7CF6A43D93A413776E1FCCDFECA
tb2cu85aq024imqvvbbddco9b5,1D9B1DB3CE4E17240835B6F2F02DDFAF
n4f8hli2k0iqtbjnn3j7aucc4t,05900D5A4B30E98E70493054776935E6
tk7aurhlpm66ocomjlf24n3i85,0186C8F2A5C80B2748AAF4D9A3146E92
7m4itvtq61na2pvak3o5q956p,1464DD5CA64629D4E8F8FA153804CB80
7ei9je2pi37p151obfesbig596,0E7A2359C5DBA8E7A62CF5D8BA45B7B7
p0d6nrp27jg9d7hepe4pcrue47,014F14D9F58FBDC7D5C5D21B0602F3EF
vt1nhplr2fikk3sjgprhfrvjk1,015C3864BA5778273BCC8C6E196EB01C
668obug47kasbuvikgac5ajnpb,037C3A3E76B44D80CC4DB1572BA4043B
k8q8i03d438ueheqt9klg9qaq4,0540137155564F4A6125A110BE3EBC3C
4gfcdcbgn94ted19ndhughndf6,0B623129F4C52CE3699BA76C56902A07
4p352umi44q9dd99vdaq2t7kj2,02B5DCBAB1F923931EF44D58608D9063
do60ls4ckbvh63pr7po7ck79j9,0354E22A9F08F31C84EDB2371B492D0E
9joog0o7u8io2l9t224df3d08q,00ECEF6767B4037029E8099454357451
nhvo0sa231uco054utn2vgtcg3,1D909B890BF52B037FF3A450C56EF7A1
c7ae3n50i3b6k7cv99fk7lgvp4,053287B88015BF15CA68951BC5E41832
dd036mf1ts9si2msarcbaijn3e,0E84B5BD4F30327250DC903B093570A3
jqvm436sa3eifbenl95s0lgdto,00A16B480786AC151DE55EDFAC93A30B
e59eu9c4h5jsasl8lbdbiu8k8s,172CD1D6905A054733D6F7D2AA07914A
v5qtjn414u0sgjsgt63f4uhg82,039B7432129D7DE02567607DFD860BBF
o309ekpom9lso9ehb6flvkt29n,18F3661C83470F413BDDEE782B9F108B
7hci18mp34o6c9lnd41cd29l63,01FF0F7786513EC47BFC2E27D1B98351
ghn2n8jm8s39kd925smu5pe2rg,13A054ED6D7B0CFD51AAD659ED43F3D9
1p6ufi0716ank3d3c3hvatc5gn,045ECDC0C24DA0825BB6F59E39AE1A6D
gkvc8mfdgb3t9v87shj33he9v6,039A1F21ED71C491E57F278D0B842430
osuvuegvgu0bl0qhjn44dfap3a,0EA06C554159F625E52DE4A680A270E8
v0javpheogfgi7gfttlki0hla4,040F5A36EDB5BC0033CC9C4ACC31EEF6
vp1fg2sfe8p8t7dbrqnv1oms30,10166563691C3372E89BB8894E826290
c9b96h7lpi6mmo60vrv4ugeop5,085EDD93420797066AB3CB8181A2BFDA
v5jin79dt7n3bm6ma4a60akthl,1B52E3A2CBDB3D365D43559798DABFCE
7ck9e0usphfog1bltd9bgpmt30,0E0060B67D0C97ED0692791F84E66FB7
od726saunksrs6idrbuq6jgf1,1BB7E28634859FF8C77CB450E7273074
5ss2dkvbo3m1o868v51nmqo8lc,1A6DF42D1A2AD5FF209F0C6ED3C5128A
m44j33346th3f3b1t2dq59ene4,17561C4BC4ACA031356CC8812A48C7E2
ui25o055g0fja09qoiekrc2u0r,03EC53A172A52F86F16FB64347193C58
mvbl7et6q3rn7d9jcbi8td8rkc,18A776D60343985E05476771AD52C0F7
c11l3gu1hb8mbg0dhd6hof69b3,082CBF3751661AB84798E6748DF000BC
oog4nh07oblad8g84v3dvvjgv0,1E870AC2781E7A0150D67001C74CC83B
u9p9f6eoig6oamvd73lcnf8r0b,1131DA2451EFFB93B02A9E2C77472441
fdgqqa7hl3bghh4654h4v4keq3,1F839520DCC50E8B7608A786A81C872D
9f8ek61ghnduhg538o67bk40qs,0FB8262B47B203AAB9BCE5DC71F68564
10aukualn34251ruc4ld3dm3vn,16CC2B0D6B12B6081138E7F4B6073C9B
3u45u9echok8g08nf602q9m8t1,0BF1EBDA4058D98D6852E9F95453ECC1
15fflbq7cppun1gdnhgippr7sa,1979ACDC79467E3A1B71106642EB2D74
927f7i16iniv16b39l2tkn2m5a,04B383AA677955A34FC89E893AD3CFF9
tl1lpjudarmjehkd2unbtkeeid,074AF346A19CCCBEB4E743B4547D8C21
i4nvf2v4jd9mnetot2bekoolif,0EFFFB1DFF5546EDB151C809A8F9E82B
o8s426rok895oofmnfq7db9bik,0E72FC5BB36D0F4B6E7F6C7114934333
77phk2fvkgn1d1uo3lc81fff0b,070A79F58145BAC9F823472A1FC2FF54
srvg41ntfp7p6vu9fv38bf2c4b,126BBDF74BFB759D0390E950347FA9D5
at7el5gbovldf1nf1hk14ash96,04FBBBC91600C16ADC462ADDA6078D1B
gje2gp8um53lt9eplmg5bq6c4t,06E1AC3AAE061ACF2231E865D9971E21
eelqk3m67s71g3b37rka4p4jk7,0DEFAA398D3FFB0282ACC99674369487
mdio1gpu8vn32pcmk8o5he31hk,06D3DE7B36344BCB34B35912EDADF084
1ptmr9e9rqfhph3f8ib6tnfa55,15FBB2F743A845133420B63CE1346D53
cf5deaeeqodf19h5uuflqar6og,1FF15B8D4D4747F07E146AE2F9D8E757
rks449obm7tgitrlvjcigul3ae,0C8F2CFCCB1F7F6FA4415E24165D38E5
j425jc8ee3qesk4tuenj3iarjh,05955D05623D55B506132F874C6D7159
7de0j0105easd0cnfm51jg9ek8,1D7F24CCDF3508BCB9917C6805722314
4g7s95r2jit1mh2l24b3jo42f5,158E767356EB3C07AEE125136B6A412C
6e9c36r046vi3fbjddbp75ntq0,1B317E7332072D5B92684914D858B17C
hd57e6bvq5j8bl5vfr4lnicvsl,01304CD922635441C8264C9898AFC809
llhgccn7rboolsa9e9rlsiqql,0BF6B58119EF85A0446EEC90087A2323
in3h2trgri3gm07jpl02rvae92,00FC6244B141D08EF54AF4504CF6596E
d9oppemjkq8frdet1c7hrv8b84,13C912928FBF1AB2CD615988B1F68ACE
gt9ph48dae025m1add1tsjr179,11F16751460B7F80AFFB48EBC84951B0
bqigo7f23jdud2ppag0mli4jd3,0B30835DA5640CD138E63A6F25249A37
3rcnmtde77eplnp6bck3trjg7n,1FA3D4FC8419106A942C0733AEA33CC8
pjic417s4p4b4c98kbbaejc1o0,1C9B9E469F0BDC001F7A104308E20CD5
25r3ee3veidanot4cshe9pf145,13DB36C43D15A0D200B4C6C0101031B7
5lrhcgls7omjr1d3aprl4p5hu7,05F1B9F266E0888FE5F7A862FBBBF2AA
2vg4miu42mq9uneoe9fmubu943,1AC609462D3E48730CD1EAA787F9F4ED
5qdda71d85jupth0brn3hmrq67,1056895C72B26608DA5E6C685D7A6933
gjil2hsalf9vivj111tknpci9t,0CD911F61C0F434E6112016BC1B8BF40
cj2fbmck3ob80jnciqmpacd71r,1E5F6475C0304CBB3B66408337BED9DC
pa26jp6trurarnl6pqsvqa5r0,04E4E2AD4CAEB248D040A59F23DFBB9A
qt75ci06ei6slflgaiqp518ch2,172AB0E1EEEEFA168AD7F2B1A3BA6C72
6q35709hl6ecp5n76ki8rhu2c1,05D04350416D24D493EB7B11C7FD5BA7
pto7pgqo9fq9tikrm76r9u5u3i,04B0314366CA55FAD83C348D882FC3B8
sd6t3fpt4k2jcjla9lekp5budf,17DECCD3E40A622DD0F6A02B01B45F46
rn61kmqoi2enljg5d1qg8c8em6,08A1B4B58CBB1A3A5672DBA1B4EA6AD0
hhc41q555knvkbl44fejq3jip8,01AE20035E03E0CDE74469DDDDD3AADE
ifsus5rcl63mekib7ta1eu118n,098B1E1EB7FA69F6F54DBB0C8610DF7B
eb18ffiqua8ndj4nva7scj08a6,1E84233F27A8F994E128717790B5A5AF
t8ptfsi9v1159rmuk4evk8bnav,0453058F4ADCDAF31D37948ACA47C018
inji9e8ek0l8mf3jmp4devpc8f,064B7BF7A87AE59940AE103476609DA1
nr6lspq097h20uomq9lab3gnlu,0E0B0AF5FC9D32BA293AB13AA61767FE
94uac1r0eut0jf0v6qaai5qlga,051601CBA697141D365E31796EE89759
n40cesja95bsjqemb22m60aie1,1C27C2E19025C79B5C730CD51D8DA4CE
314ko0dgm0sofohsgtb5ovkdpm,13255C687B99D5D764B78389CC18D3E6
mkqam2dht34e227lggs3tvd8mj,0D602DA2964A334845286AF26B76CFCE
kr1bij6i9chp69hubcn3ei45it,0E86567A1DC0374C700DFBE26B45B072
2dhvm0oap1i73oui0rhc4ljj2p,100841433AE6CCF7BBBFBB0914988BC2
kmvht1b24grovkq5irmjcddeq4,05BE46D8CDD0418365458637FAF9BC26
2pbd91bboa77vh8u0f9ogo8ojs,03C0EC8C8B0F78FCB9A8A43C7BD66425
6vfonobs5qvt4dqlik9r4f8209,11616070C65010DE6BC9724C13A5848E
ev857fnovni5mih96dq2lqse8h,06727CD97F47C7A071FB68ED9623AC31
to7riea6aqmbimt0ir65ndiefs,0C54EBB0BDAACBCCAE23F511280741FE
t633s4mrrinbuf5lo78vgqfoul,0328788F76293584ED653104DD91407F
68p336gjjibijbao5826nj8col,158046E8AB4A01ECEFA85CE0581E9DC7
khioc2nbdqako0fr1ja1sg77qp,0A18238E20B2EF15505BFC8325CBC2B8
aherkaqmmcqi907tb9caaoc90q,153961FB5E2675E665636265CC0776CB
mug5egjq59umftafspavn9k117,03FE9916885E05F131FDC29795316517
uogus1s8kj6fgbh9de9ernmk6i,1B9391477E191EC6B278905B3A652102
3a0grmn9hnpdj34f9vefupodo9,0DA902799615C958706D784EF31E38E0
h6i5m83aslvr0qu83qp8p3vjv6,1189080B0F08E5E443FE55A7D88F2CAB
6cs4c92nv3ahk4n9c98s7cih40,18CBAD91F6EBF0772FD7DE932885371F
jd3tdtd7oammcural6i3tovkmb,1D6A87F87379A46F783F4B09A1220D0A
9p2ho960e7tn5c92fg363idap1,06383398390F52EDE8A7DC72235F1FEE
hbph9vstslc9h853s1e0jh8ra0,11EE5171C129C2604A3294902FFE778A
ioeos5il6u80i7f9k14t7pugf1,1DA34757F58EE55AC0D32EBF52B9AC31
ktqerc5864pnd9grr9j4nhkn45,0507FF062417674A1E59098BB733B04F
ivg7mt8eek8q829fnv6jennnd3,0D198D877A69AE41A12255200F45EDAD
5l2l9rmhm3o6ld0097l40bkkut,08D3F90FE69AC9E07E0C6892CA8AAD18
gtksdmltit7l7i16nf3l4gkjk1,1629D4632FC6077490714DF98E0FA677
e8juskpqvhm2s4evaia2uhm6h9,1ADBB3BDDA31714093DA824322E5DAE9
gjatmmm5v6iaik8f7hiqorp1kp,100F8D8522F1DA56DB5D495F4F86FA13
q0v5p1mer39728q78kdn2n7aib,01AF815E6E73F34B8E469BEAA2A37878
5mrvejpficd1h8u7c5fvbhdlm5,08F9BD41D1CCE143676E2A88BCBAE516
ohln59bfhqdnjogb9skmt4egrk,02964BACC87C984E6D6E5B0209788A3A
r3ndml7nd439qq8f3ad6f801g3,06F7951E56CFF87FD9BDC27F8FBE431E
lj0sevoqgk869960c7ddm2ujc4,09EB72AE7CD0CFF25C7F0CBF08971D05
361i9clv0hlqaaugk22vhbd96,0151DAD1B362A79351802B55F6F5CC34
fsbkoich2ctfn86mam4vg4s51b,1667EB89D8936ABB45AB9E5FC30B5E27
m29m8ue0tv7ltn2eee22midj31,0262367FB64E57D614F39BCBE578B435
571sfqu6m6g8fs1279t3fqa3g6,1CD332A31BC5081714BF8C62E9C610AA
1e4qtkffjfqvv9dkdsitge61ro,1D91EF07C5E63CD46C15AE6292034F5F
rnddgd33g7e6dhen1a09u808jc,161870D15B4ADDCA95B6A469274C532E
6pudedeklbhsulrnakrg3q2v7h,168A30956F4B1D41BED2A95746D1171A
vctflncm3hnf6j3a37q0fmi756,0C9B2E9868A0D0B314DE204E79BBE9F0
9dbd4aq25otk500g732i9vm8j0,18038142AA2EC46C54ADDB88292A9ED0
6in5s5ql1cff7pvkooostk7qci,1A34A57D65B888C69B057A6C2CD21464
r7u41nsg4tnth3dihclm8lbtbg,07EA3BE67AE33D4E194B2C0229682250
nic4fdof4q48718gkik477seoi,051F7764533C0E69C94934DC04A77A08
tep6emabq5diu0oq6ch7j7402l,04DD5E267E5FFC9D9FBB2C34F623DD79
m3u1r1k95ql2940q14h4q4cr5d,0997FD99747CE70A53558FB580BF32CB
fmm20o40i08svq0553cf5ilqdv,0139AC1BE4A8438640CB027207C64808
cml1eqnq1rgqka0cdosaudvbq,1D12BE2CFD271D44230BF52790848470
6rhilv3m7bgq9kva7t9hk2ek0e,1B15CA07604B230C48B5466FBE7AA271
60sr1a76so8tjjlfs4g2draq7f,1864D15DBD55CF4EDCABF8252672F26F
ae7ic94isoca869ru0rlou4bgp,1B032366DD431D480BAE0CC34E1B4A58
a43eoj8c0jarhsenpf175lgpl1,07B7F64A99B43061BEA280751BBD4F06
9slinr34kioen5m4v11gp24acj,074A40C2073115625A9A3D50622DA426
r3olmvqordkko04qeolfrigkg7,083F922365E764085448A310C295B23D
ntppe4m47vgehfhulgebrn8eke,0B29CF6F678660B2E22175BFFEBEB736
j2po49r2vrq08jrf56ohli7qij,1EECFD6FF24A4227F74049BBD5994AE2
5ienmi96do5qbs1uninslnp22u,016898A7769D7BCBC773FDBE970A9732
ll6vrvqa1a818bpquck8deco7o,18E2E45C690871E903E0378D9DAA82F9
p2r3jkdttlv8b4i09l3sd548hh,11DA8C2A835E2B616A27C147153C7190
pamoo4c72e9ruumc944lripcqf,07C406C568AED5161B3D4E642FA778C7
of86h42d0vp5as9kbie3gj0aru,1D78572384ACB177809221AA658325FA
pbcit2dccui484blscabdgv328,198074AD4BE54C3A6983B529FE4AB13F
pgik0ss1dfean1isd0c3empjh1,1BCE486DFB204EEC5CF49E149E3C5789
v5ribr31htpc4kfp1tgdftaov5,00D9ACA9252CF6DD167C189A4AC3CD02
3a143n7ehheukm0sj7figcrhb0,0AB8A80CFEBD7825EAC26D8A37B8E4B3
1fn8n960v7mcpnov3r7nnj636j,19F074E0E4E5EB77D1C36684787EC891
8c59viqdbvqafsoo7e1or8t9rj,067C6CF5F9A948B5DFA04625D2912B92
kne6v5k8lvh4tmq1l9edc03tbp,1E05C373C124006BF5D7467942AE9BB6
c7ge4sl2svosvkfuaf8trg4c9e,12508C5B0694412DF1466172D5D80D5F
u39656275n6k046d7mfrhfvc70,1D48794D547CDEA0990E9DB8A806CCA2
tgvbqd0071l8h45v7efi7tnggn,01ED6F798ADF256239E2EE2D9E745173
caekdmmr09l5lplpunfkibkh13,1441F70155621EE05E4B8C34FA29912B
hpgndd7kutnrcph0fvngnnngfo,1D9C2F870F161E440C572E04714ADE78
ootngo655donlgb2okr507vopv,1E4D2790707020C2370BF444E3577018
npvklnhpvks4anmq4f7oukauqf,0472692648805CF005C3BDF81449BBE1
b0rjcigj800ntphulq5e3g6chi,056B02032D2C1A6931AA104CF4A7FA14
1jmrelr083s906kdan3k793cvq,129BD803C0B6C860F0F441245C083F33
8lihi100sgtrbvdaug8b0vegk7,14595E4543FB443C26F30A6A36098202
r8r4cqgthkqrsdmhcgq73gl2eu,0FF365323E2AC0CD740E3876ECAF0D8F
2stqf54r4a44l1n1tbt4isaghk,04E5BDA26A7F52A554A63AE23C4AD199
s1uggnvmhgfblggajo1nbmf1c4,05683EAE8907D3DB7AEA3066F888017B
6c5ckb0apiphmq1tdote3aa3e5,17E3ACA69B22F8A8A33009AF8E9EE4B3
g2ie9d0vjv4vo6a9qdfu7d84or,0D788EF63FF04B14F651ECFFE0832991
na1gqbr73pr63f13d95pkh2oep,1706AFDD8EFCD61C4F59F59F29805B4F
47iiajerm714b570q2dqqn27uq,04AC84090F559D33383E060DA06E4EB8
tf80ti325qquqa7uo3im9qiuts,04FF751A086356DD58CE07409B242472
ionj8m5jmfn7mosg5qgq7lf8c2,163BF099C7AAC75602EB5307F5A26E52
m8a6p48q3c1m1vu1q4vfunf2ea,14C43F489EE7C9D278C6E387AAFB31E5
815j2uvd44m8ut9vgn8n9kfih4,1A4378DB0552FC721EEF32859D77FCCA
fania8vvqjd703mn3rfhh1bbps,1FBC884F920E46630F87DFB770F89BEA
hp9bt9j43rsgcktl393m6hrig1,02CAB64B1C4E3733A9F284F5F516BDBB
rg2j9krimosednvqltr88atdqm,173591C35942552BDED6B9929C6E7D7C
3e6o42u1ebfcgjmitvdo0qfk0r,0D12F4D108D45419254E0B378AF988A6
lq6j8o819j25urk863br9t65jk,0809C8382C7A1681AAC0FD177D6BC55D
gkosogg78bs6n1579p936ochqs,1F20D5D62E035219348DB10116D09AF8
mrulj7gmif92pb2ki4j6rh1avd,18D99537DC016D31CE50AFDE0C19725F
1dka7oqh400719f51mpd8rof0l,15DD6549DC52EF1DB6E547FC3CCA99CB
6b53nurig52a8v348i0h4s0ge0,0136E99474E7144CBFE46CB164E9A0AE
umga43ebh3qoj9ljpg0lh54tok,00D5AA4E787C486B99535E38DCEB3BC4
tlcst6blh180fp7r50g3amna0r,12EC973E606221F77D6D07BDDEF4DDCC
7hof7fbslup004u4of6u6q4l57,1BA30DE1D0633BBBE50BE1434B670751
ek0janibbetlcoa67ije7cae2r,1E689818C119DD21340A6A66200A2DA0
98sccd661rg209hunqkqdvqska,161DDC6736F62A57415F88753C3ED830
nrjtul17t3fjrf2ph4jditpug4,1746F470435F8A0317798DA62ACD08C3
dmvofjsg0i1d3i0fttscuvmt69,10A5DD2CE2DD65E3E67340F5518AC7D1
9ah4cav641e3sepdqpev23p0f1,082B6A8820F4AAEDCB5BC98F991370B3
srmenf4fq1j3i5bi2h65vnf6ah,14CBFE2C9CF58E349A452F87100B6999
s72sftojdd0d61j3rc5cl8j3pf,031A992E745EE6939AE8F6399A0CF84B
c583uqg8d7d4q53vqktegbh39a,1CE3082A08554D336B815AC0D58CED3B
sr4a1ndogcr0mk5phcv85tu715,148A12AD6E864815880809836851A00A
jhnr0it6cl1fkh23vu1jo4e8d1,0CD274D36CCC9FF59CB81BB784DAFADA
6n5nnpq38oj3eh6qhgoaesllmd,084EDEB6C83BE8C21B7DE1D3BDD26A6F
h901k964u5ilo920o755vjmdqv,153DC46B28FAA9622FF8A6A06AF7EC58
3ucm6besoufqh6iljo0udv314k,127243D8BE8F0835A4187038F62206C5
656488d3skqo7p1sr2ujm6bd7l,01C1A04A3E9063CA0406E707E287442E
3g6pd4qchqt4negmopiipntg9h,1E6362F6B753A58DC43B2DF688B0DD23
rjh90aetkkpd630ct8rabdba4i,06D93F6C44D0D2CCCEC137924E9D81D3
pdea9nogektlb8n8ko1tkrfoi5,1AD696E4D6226EF65E2596D5D2A69800
o2c0gsthrg35glt7fclb9sn78i,1F58B2353B104F302675C3FD7FFDA709
lmhsq4s1grcp9dnhkdop47ivnl,14659778C1963417DB76C63A95D6FA98
j2jnoi2a2k6sgjhgoe9kq2u6nj,0F75C2ADE238C42268BDCDC986356445
316vkblmc2iabpc7iemq3cbg57,0CA428985E2772A06E0A16850954346C
njpta4ogg9v2m65t419rlbu9bl,0B07B950E7266A7E2525E40C84D33B02
cgclvhq6f7b0b7fvjknnsrcpfe,1A75DBA105B44B16BC92CFB6DEBE92AD
l55na1vfhfo187bbrhotu0epfm,030243773B135F6898A6B137B66A7D49
fo11pj786o39uie23bsiam4edc,0706BF3750335B2A5780C10C4E2175EA
4f98s2ej63ntic8pspit79th9e,0272642953D385523B311C92F319429F
c366em2tpruh8fbg0tcksnhgtl,012E77CCF9FF9D7153CFE54BC6BDDC50
9cn5hs3kmhkr092vmsa3d83sru,1335E4D46D8E07E09FEDFD793D4F4432
7uqf5i5hsqfn1uelf59i9s2dl4,17C628B70005FE10701B99497383B1D9
bjgp3t9rjc5jn5rvji4th6134o,1B4321D34E6F0EF70D4E79F3EC2A2B4F
ot65n0i7bq2b97etrdl30h69pg,1D281C0AF3FCEE5C74DCF9AC4B1B06E6
uqblpk5881h508ctmq8oti928h,0EC8FCC4383161721C074A0DBD27E85C
jlanki181dieg6rbo4vmr65vcn,1AEAB58C61AC787F1BBCE209B0922D00
u7a3ucopurnqpep850au05kd8i,13253F7AAB67F65D047F9C86FFC66A4B
nrsc914thep9vvsh1cccec66v5,15351FB2E44D554BF3E8890C6457CED5
q886i6to8ahtc24ni93qtlndcq,14A9ADD2529A71E34C07E7D8187F6937
srvt6lm2838g3vsdjg4574nb6n,0055D0731F28123E0F29B30F9E446537
thh1baerqh7tbcumth72bqnk60,17DFF2D22C0B0742E6B451A8E1CE8245
sb8mpisp7vg5p6ticsrpc35jef,115C586780539F36B62ED312E0F4813E
6464q496fqg8agrujuba81ugmm,04D6D26455144CDA18CE20D561BF69D6
mv0teoaqtct985nphsjkpiiu8m,199A771900163FB015413D9D7E1D3F7C
408s8vp30bhddttq15j4ahcj2u,01A4C84E6476B29741A25805C5D5B5F8
qnran76fpqggvitjd7mv0o660t,1F487FA0F2F854FD6478B9AFA3D45514
j9oafeuh9bqvg3cckctvg3q7hm,1A6FCB3BAF314D14BCF721785F4821A8
taer2la4uf80ai559u974mqp3t,15A21165A6C9897507115320592C8D12
91simuff3a7vhlamp92slcos20,19DF088A5B9739F4C8BB2AE2BF28CFE8
liuq13h02o1ora59710udt2i0q,07BAE1F3BB535991F66C4F3B138B5DA9
r4fkdns1ldphk1hulbe3r5cs99,03E8873355351A2BC0CC2F5F41495548
uptfnibpm8f6c41p7ck0kdae22,0FC01E723A0375597F790E72470A4994
h1egr8sesmi9lsekspinrjgfab,0C33EB5E9140A58B3D0EE30DB981A60A
tafa90k23kvlgr96qnu7o5vskr,12323334090CEE5AC79C28D983F2B55D
g5e52ejo2ifbgmjb8rivmh72o0,055456D71F4847A11F8A701830D42043
e27ikt305u75h80bp35o7gkjoj,1B124DFC4BE9A0D6291416A13B9AEEE4
ablbub72srjq888ab9rbbjkem3,11E17B92E2F0EB0BCF421274FA130262
9bg1a2rlp2909to4hggqr61s63,1D0D11D6D8FB75419DE9C7F5C37242E6
agu79pjobmqinkn6j6mfon2luo,162AC620B8848D58E5F1AD8C738AF633
cm8pfi70c49vh9k2vg5o6jk932,1211E1A104C053FB380626D0F2B7A51B
cmt211cf78vadsqiq3cag9hduv,0FF126CB4111FC6B9D2A22CB7DCCCA60
6f6nd1h5fk632k8mmo8riihjk6,00C5D66DD2E8873438B8B411264378AC
jpa2if3r33afvh1irf4j3g3bu0,186B5B2C492AEC3C9A4283E7859BD849
v7qobgbpt06eellcpv054d045a,13E043C0ADCA254BD6559397EB1F5DBF
3s99b68gdqqm5uo3goaco0klmd,1F413234F94B02367742AE35050A052F
9j611qpshdsek0ja4btr6g6t1o,1927E8AFFCD6B5BA48B9ED36C98A9879
uhv3j45dtegpv0qhdmviukqur,16DC58E5AE596EE0F0CD877F39CB282E
gtn7ud3j19qjldosho3baf1h57,0DFCE961FF9F506D6F13B6E8B3AB19F0
8gkov2t5iq895454srd06qpd1e,052A8DB0D2B54E471113699AEF4A4E79
qqj1riv42ef4i0pef6hqjckjkm,10897EED15A3720832BD2A65B973AFCC
akgqk26tpsa6irparaqf989kep,14444E89DA6864A98E882C6059B2B050
2h13sst129au7u5npj6vv8land,0AE71B79F3D8DD088812E50609E58F20
53oghsphp25u3ralpt7mrdbubl,1D9F2DFFB44C59E250B99461EE943194
2ccd2alavpd5bigdmhop2b6a1r,178699F0A26461B9A5E2929EAAB412F4
34oo5opoc3tc5o29dep346madg,10B830FBC637BE3AAE3E8A1BFCF3EA9B
287e6nkbls60s1r504uh3540rh,055A3B19DA54D611C9163539EFFBAE5F
h5291d9dq8lfu0sg1mq17tkksi,160D6CA309676FFBF33F9C8145727565
gf4li64er4cfu077pdh515c62c,0EE4DAE7EA6F111D8072005E622BDB23
s38eaf9rbb7imrkkjbqroiu163,11D980A5ECB778B292A3FDF375D4E8EF
lkkv7spo3bgiakdlpua4vl2kbm,131B47C1A0A8D46241D376EE69B02244
gstd78fin4ciih6qa4jc1e1mgi,0AE16A3322817AB363F7E6E88D731FFD
m45ji1hc0qkou1kbqnm3p5b1kh,161B35EFF84357EB5A11CBF013CAFF9F
bt3b61file8911j029mbd3gqa6,1A727A2D13A2DA05D5022B030425E878
eob81lmbighbbdr8uc2tgraleg,1CDCAAF73CABA1673EFC267589C39C63
6867pak95g9i273v88kdrf0356,166A8000F829BEF384B365006ADA7CE0
6ickb419g1dqkfho6qqrcih6k,1DCD2B8858448444B36C4723191A0381
olj6d0643upb2m1irgtfkrmc46,067BD9CB9F53075E88D1BD596EE38540
v9flrip24imdap8md2un5poeoa,08104EFEB0F6D1F1FE48921B15B4A16D
h4i0km8sdntcbesidqhi7lijh6,1D05E7B862DCC3F3C67D1E587F960193
dgqcu5ganrn0ao0f1tbavj8o42,03089696DDEBC3873C2167253DCE1937
10c7ur7qas2lqsu2dvmqf6rll4,01CC9B15AD2B9D86F70C829F9753885B
eotv4et33muubho30arce4u24i,164A811562C0E13B0EDF4E25CE1AE491
pou3nir2crogtgak6tk5u8h9kj,0D0474A17261926374C5E0CAE8C33843
gb2hnatjcg3pd7iinucgtf48he,10ABB12541954230F6468B3E1C4E5DCC
v0tlqbbl05rc9ohe00ia58ort2,06F81101BB888EFEE19CFD9F315B2190
bfjto1qbidjpn1ko3nbentsp7c,0E3A357AE4EE789361EEED9F6FEE0CCC
1rs23g27ouj79hg50llkttg4oo,07B637D1605C1E492D1371D08BCB9242
1nufbr7lb7lpqv0iuij0sjeeqd,0B05A730C64690E2571D67296ED0622C
1j5i6un3lct3n633sbs9vjpbbu,0573C5EDF7DB6C3A7870803303DB0209
cbg1cqbd3ihjjsa4a23srvbrai,1D46965BCF6C80CBB6E1F07D6B174C92
fnvnngrgpvd11s1hmfin3b2qn,036A546DB030634527690AA7059A7F08
iickp3buosi2j7p0heht57tvgc,0032F9947956D873E5B5E48B59B66D10
ano29j1f1f08as1adsa9980kk4,1C54F5454D031D40FF4D01F8239D2C2B
6t25jsltbq3sth3e8qvbttghd3,06D08BBE7380802049E770317EF3B3CC
grbn6e38gukj6u5l97vju281he,0084735642FFEBBA2978EB3A27FEB2A0
8tsak8i1dni3rki092400dd68b,0CD97E7E83103F770254FC57FCFF26EB
8bfritpduqfr4s5u6gvac52ph3,19576B73F2B4F594450DC10C64DCDE0F
a4rs2p6lvie59mjpteoqp53815,0A1132EE8EC9F8A109C28C574C583CAB
fh08qa3sn03tbeghe9qv9ee24r,02FADB65206A7E653CADDCF306CC03BE
m80l4dbvqeffiae6tsrai7be36,1C4EE43980BC8463C46A6CD860A1B12F
6pbu77c910u8kh2sokb2ll2ga4,013FE1239BA9B389E843E9CF10DE7FDA
496ipsrl2fnipgbvt1vk5d07o9,12E9B8B6A5BA325713ADE9280E119B59
i3svvtrk2ddq3l87ekmqru4qe9,1A707F56B2600156AF77E0AF617A0B80
2qmpts1sv2rpvpoj72lsstmm9,1A2F573537C7B3A98C5D882A906BDBAC
8tc8ctg7nfr098hj4rkf0i3gno,04379DC4C6829430FCBB1F0C5940ED08
4j83un4fgn01gj7d63h8069ga4,102DF40A9F91F9D7CD039E7A10B1464C
dsfs2rc3j9l73oseqh74t8hbma,0498D8E42EAC330CE0490A411632DBC2
ocbobn9ojp8u06m0emp4baj43i,1D5109CF58D9F46DB122849812B8D3F5
foobgcntcdm3pqui2atulefgpa,112C8DEE5676803402FDAB74BA011F7A
jk71p376udn02db9sgn8r658hv,11FF4BAD14742E6DAC1DA3CA93CE08A5
guq0op5amvnc3jkmq2jsudhdid,1BB561B180AB3C61FF0F22170B9F05F3
pl7h3id6im2vjijoll3oc1uim,072D4EF6D55C2F6B8DEA4928DB668525
kghubqjvirv9ckrvvnuiot6gig,09879C6AAE1A5DA388AD51D95EAEB710
rddrf72set04nf0gkj1nbjdn5r,1DCD737A5814736864F0AD4C8C3385E1
ctk858iopsq26mclfkpmt30ghc,0D165721B82268C6BF13C5041904CEF3
s4dj2l6ogcg1munso0v7382po6,14AD204209E1302CEC58DF6999267CFC
vge6j806oofiakar23ric8jbtv,1B38007E34F2B4D6CF7F651F0AD21263
a3ou9kdirfgjcmod6l9cd69jq7,0C004C1D43E134883AB16E63C221A45C
gq1brd5r3la4dvtu9sq84dsbe0,1A81124E739D926FC69B07B43FAB4EDE
oepfnhe7r9mdcaogltsi1pv9d4,100C334E10DB3D82CBA54D9499FCB338
kn3548enpip0vmkeir04jtmd91,0E55AE7DE49747D8D33F172C56F7972D
8sptc2e5pp636173s0aqsbkuoj,11B70315BC8CEF56AA634DABBF795A69
tcqr4fd4g7cn8d1lpnjm8v37t6,06818B8B8A655A3308A61FD8D99026EA
giijkm1mkrpcaa44q8n54ggjqo,18F7A4E92CF551C976C3973A7514EAEA
pe4kne1djqvj2q6is76ug0u32n,089AFFB94EF55C6E7C60F54A5A65427E
jhus8iv7ad4eeonhqo6tr95fe0,0D617E23FE9C9F62F3D2BE202C9FB1A4
a5lip886ho4sv63lb20n6h9fvp,0C437070DD91DB2B7E666A059E0265CF
afr0u4lsohokks9vsltcv1dlnb,0F159C0DA61E3ED3B1432E950DAE363F
ssa309ubshfuuaok1k986nlnoa,024DF99EBB6562F8F1D9DEE05029920D
vg0qtvje37ejp62qld29u8qeb0,0CD6B94BD962A64FA9516E710C2F7ED7
9j6j57cd4l06kfoph4dt1frqk3,061C5696D134F805C6B3ED4DEDB18A22
ttrhlipuqfiemse5qofb9vtap6,077A634D4989C16CA188B71BF87F8ECF
cl3qv2bt2qq5934oq04ln6vqc9,0EADFD40C1F79652C8BB8D5952E624F4
s5mj603u2bav9o1dcj44otci2f,1C2870350BB8B3BC89F7341A7A1A34D2
g98400mpng6i7psfpakks0gcrj,0B5F9DBDA7EBA043A93FF7C3B543E2AC
4t0u90q2boqlrb85700a3b7kdk,14C4CC935C0997420F4206D279FC5D66
7doop0ns3s88kli2mnvqo6p6fd,1E0A2CF88A33CC9554C99AB7FB4659E2
4b5tvegup2g81pqud3epe3glte,080A65294B92B4964E568F9C02CE4E1F
6dk4qscoc3mma33lpr3gct8gk7,18961FF46AA26BDC7F737E099D4189F0
cfef8p0mpi1jts8rrs4ng77vln,12C9D6AAEDF356C18C427EA62CB7ECF3
lb5j30jt9g17c87ja88ddcjfke,1BEF7EFD76ECDD6B80C593A100AF0287
dj2pf1eqm9dg6vb15kuv7m88dr,1A9D7B99F774C77C571C20D342CF7989
ckrdmep89p1ku3jtjugtbcin6c,14788D6C37D95B0CCDE4F13EB6C4FBFC
ueec0b3af863unm81ueg26cvd9,0C7AAE0FB3E7C4A6A2279260CCD6BB0C
md6u3uanbb13ua0e7uvoj7d8cd,0F91507D0144B91F093634D5504ED48A
v7upgpn8jesk83j7ugtngl3bh7,05E860CFCDEC72B629664F10A2B34C5F
hvvlejcs5dkhcdm4fpsjoqcgtp,1ECC1DA921C4C36A2D7E2401573F7EA7
r900j4hnvvcv2lsc47im05rsqc,1778932FD2F27AEA277B90267EBFCF10
lh4brmkdgut64crgbh1hf432up,1A692A947B2C9FB980475E978EF4D36B
u2vjhfice88kli0gco8iqesu5j,02230B2EFA44A879892A43F468DA32CB
rlaor7vdjnl7fm7pctflns5mtt,1FD5EC7541637AF14BA5F258FB0DA82D
41hf0q5err9d4qi6ak662lghci,0ADE28FFC083B431DEE8380F89095524
h7jti9kv96g5aq2ipd99l04s1b,1F2C6F64F61DA8B9374C9E30BA74E115
c0hrodukf4tm3ji4i21nca4fvr,0624F10F3F49E0C60C3E94C69C0068C2
7vp08igj8ae2r9g3vip04cu7v6,0B41644683B3B6E67FBC0406C8482CEB
vq6aonljn2mfo57ipll4i8d8uu,0BF346092D70E19E0746E5462475F56E
anlkfu4minpb0gribh68q6e6c7,0C7DCA8E45FB24070C9A9BE78F76DCE8
