Key,Hash
42h9gthg8ln6fdir1ppcha7mal,3A6B2E834A00931847FC3CF1132DD77A
cjp428ba2ti5n4ng0g74sof1r3,3DBE84AEDCAAAB94AD04DA7C93EB2F75
u4cknvuohmnjib9a8nk7s5hnfr,39823EFF693722045B483BA4B68D31E9
lu5nac4perqsdbri745s3f3463,3C03623A839CD95F2DE8A218ED9DDA1C
apg4m975l8ggtogvdh10ar0ite,3A3A3429AA0C4C9AA5CD5BD28FEF8929
4t91tv33qaha9csblpsf0sioih,3BE16BAEE9648CF6DB55C37DEA737D7F
di1aek2m9gj3uhq652t8u2k92k,37823E73F5ADBC338D3CBB9D949D7E69
e22taqr687362q6bl6a3blf5lj,377ED0A48A069281FCE4894FBE6B9F86
i4nposnchln13e3ps2g0ed843l,356F727246ACB6D6916F97EBA7C9F6D2
u7p4cc09f9lnk02hpf00nrglu4,3CFCF97098AE58E21F269DCBC9500863
djuar9dlejdbeq8d4gngnh06jn,3B339119BF76F025792E5E2A0F8AA742
ahfeqf6k2csnc1ht6f5qipdgh1,35F59A8AA3609F854402A63A05014247
j0s390u4vntud2f27vhf4miup6,3E994E506E0FFDBD88D42284774DB935
bg9pgpvjtoimdki13duraqiin2,3F0D5F121C63F2819D0CFFED0D285D7B
c26setr7de94hca5505add1ktu,3E48BEF16619D17274F5219840172BB5
r5tb6l2cvp80ppl75tdnk7gkkv,385E36656BEB252864A6F96D444F2008
7lvs5obv8ldqo6p0c1uborcmm2,35D9A156841F45EDDE858365952E0358
9i64kibq9kc5pqtsqfpq2o8g4g,3805C6863D418C80A31F585C15AE206A
alke129mok3lnp9drf0p0kjddj,3FBEFC7E42E49A56F23B811E22897845
pijmg7unk8cnasonqsrg1c07vr,3FFB01CB99BB9964D69EAB271B07B0A3
mmd411u6s6c0rv6odd3cl7qcqe,3CCEB523D7B7755EA08B9B5A10A5B2B2
ameovf2ggosqq4hfhded4k1qo0,358F11030D3CCFAB8DD21459B70301EF
v09nbcaugm84sruutqjtb275lh,3763C9E5A28E34222CE30B79FDB62E87
mofhlkhvt6m0bo16dvuld6lqit,3D3C8300093D67C1F4CE42849F811884
6l67a7s78fjvnq5bckkfgkolqo,39C35C6E5F7A0C2183CED544B2FADF7C
i8n9bq9u2emiq3o2rvrl3v699s,3DEF8EF3EBFA282ECC78E6A26C5AE526
sjn0u6s7gnahqcltdptemgulsh,3993EC6FCDFB7D05D6F6AD7FB9CDF690
7cjfujoae3p06trnvg19bhpdp8,379022443F59ABFC3522C30D8D866237
nq111jqqp7kmaq0fr24prfa0jc,3FB0F296985D485E657C9B0F66113AEB
j30puh4vlpdh2ensjd4g3i7r5c,3D42FCBBE692C076C91D7DE8E16A052C
grbtfds7a8gj4fs1h25dh4670o,3611E056F81FF55606276844F149AEDF
lknrltb8ti7hd27v8muer8vens,3CDBCD911EEB56471B916427E380D5C5
67917fta2fp1hajg45njiiquv1,35F7A75129A43D92DF25ACADA15B15C4
rme1mfv0c088coj863pavltom,37916E9B2779ABFDF38371833D19BC97
65ip0ts8en34jpgr4lgopg65ob,3B3C63074AA4982A3AE950F5DC8DF824
q9lmfcbcvipp9sgiin5plu6m0h,389331FCB78C98251E359267B33F6B60
80skt850d8ps72ddu6rjtr0nmd,3ACD8C97B0D733253075739220B41489
e2dg4ni9kv9ok5suegu934vmhh,39E9F3894263175D82E3EB820137A23B
qld9c02434mls6tgfpjfefq52a,39FF78E593C56D2B72B9AC0C50FD9C0A
u7nvpmvpbudab5j1dlvolc5lsv,36862EE5495E41AA9B5752B07AE9B5ED
vvnshg0gptoifksbutua7hfhtv,371FAC2C7469F29C705CDFAE8A626C92
mmt03sck76eqgdhs7cttiedugf,3F05AFD066471B04CC19CDF2D0A3D3A4
17tm15m78k653fsh2ei08f21ij,3D83D450BFA890BA0BD2F6D077B6C330
nra8p5eb76s6t8s3ho95v6nv82,3E8B57E073F20F37DC4900494E70F437
kmid5n55kg7padqks38otnnlao,380C0B483FE0D2181F42B38917BAA58A
k8miih88js31jkd0elqvt8hu9m,37E5555337EC9CC47195EDA819121A94
hmrcri2lm9j2ju15ql4s8t7mb7,3BA3B2A74326EBCE69719D8E85B25D8D
962huhlpvu511u5hmfh5eb6o85,3D46CE03A010EC72F102809229037D28
kvi2q3akcfc9t6s46mm871h156,3CFC9120A776BB98F7867CF59E74B087
5smm88m0h7veso42mqg79q8dc1,3C5F65D686119E6D7E68C8955345043D
dngpo7saf9fn6m1j6l12bn6fc0,357BE6553BE5066DA4DA555F987ED1BA
76hc0lg0oe0tfjdtaqj3r3e0mg,39A9F991DC770175160EB13512969E5C
59rlpapc12pr05cplhcq7nqnk9,3BFD78094E5AB56D58422E4FFDBDF300
u7a4jk4qkgfmvmmduvsu9845k7,3F4007E0B31A2BBAA4FD5295BA030190
k24afrqmtre45fq0rhou5od0ck,3790A2B8239DAFFD4E1C482F2E6B71A1
1kscgrl3r83caj32qel3i8rsdn,383A2B9B8FEE02D3165DECDD9E1C33D1
dd0tpoc9gnnbarq8os3s43a6ad,3C25777DAFE54D0997F99E7DCCA1073E
llbsenb72j33fl56psd2uubarg,38611C9DB75947030C8B85DF745AF6C4
ekthhml0o6vvhr19n4jlvupu4i,3D6F9B22DEF0D1DB721FD428CAA47909
not6g1q4mb8q0pbqd5fu39m3ma,391078AEC1152F003F23C2A5386D3660
5ekmvvqhumcdgpo9uvj1idjhdn,367674BB2F1E9AC7CF53E3147FB32E62
r9mo3g0oa78aku337un18g4l3g,39BB121CD4E669F7174FFD3CC19017A1
9t1t1m066jvthuh88aqm00h5tu,3E1BC157EE6C3938D22EC555F6580D49
k4nit610iq9nirnv1pkqtropli,3B92926DC3628C9BF35AFFA1D6A6D8D6
thehl96urrg8ukrs5dnkd9884o,37F83510DCE9C2EA54E8C819A87EDBFD
6aroi88ckhl9hr2m9mnu61bgqj,3B6198C8B0AFC9E54E5D72162538A1E7
784s5m7lbeot84b023ivfvud7p,3A4230ADF114DA299C29A3CE917F69BD
urs2nmu9e83471lcvbhqkqvsf7,35B016E99D5D1C5C044651A63D889A9A
sfq2ej87ct7bln6dh4ssetdlel,39424D9A1EBAB24A2DFC5A93C11E4C3D
n5b1kqpjl0a76501e3a8hs41m1,3F1E8848559921C774E9115D8EE95806
igk6jf3t5si95igg1qpn7f6hsv,3DEDB1269104EEE9B71D4962A13700A9
sn4r0prts007b753jigmg2ucl4,370BB95D43D19530E3ACA2475613B718
77gpr2hfcd5qt87capti4d16sj,3D2AC0FFF31F4E3743C7A0237F79C25E
ivhpmcrs39qrrmgjs7ue34ne5l,384BC7624CC964B4BE3CCA084990F228
9ufa4ami4rtlp2729anvja14hc,3E1ED50481FB57F7F60BE30450234B20
v5sfe6ab7g9jcp197mfqopkt2s,38A79524E29A087E574EFFC4AB8EDD59
jv5vs2pmd9cp89mhq0010v53j6,3FC4CF1FAE5716A0E3C44015027CC0BC
osd09kchoi2ggkngvheth2glpl,39222CE944E44E5821AB869684F5E775
lr5tuc4mho593gqh1khnlust3h,397AB9A64E8790081F56264AA1CD6A6C
arrq3suhi6h9421efc43l0alli,3B10279804FCE5E738B9B2DE9FB61A54
okc9qlrb9kvv8fo9jt0525t399,3A054AA1B81BAA7932C920ACD1E1C5DF
jhapnu4fptqsk6nen36usknnqi,3B38C715ECBD6473B227BA2C98FE2ECA
v20nm6hmmljc4so5ajn75pqtmt,35A3EEF7B4894DBF0B31ECB7B23296D0
66tei6bv0iplqg5ml68slpf4rd,3DE158F630132DB33CFB1EDC5DC6E594
idie1j904m8t9r04h47n70u0kf,3FE76E1A2CB81916DC69D4F7F419D664
2tuaoo1td97p440m07anj1kuij,3A8FDD97B2FD940183AED10520140100
5ug4qcfdfqfn55ulqlil4seivb,3867C7B61F8737305DE0E0ECCC8F1C38
kaoo85tdp0d323h9gaq3fofnhb,356F0BFC76B31E1EB2C15AFB56CD4505
9pmp5kqvmsnpbk1t1uf8nj0c7c,3F3B098B03020BDCCE05DC2AA038DE7A
p94fc46jv66h6bv66ec19g49kj,3864736899A32C998B9245325563BE1C
ki4um8rhunebe9ob0soaglmvqv,377CFBCE8F402F97ADFC658692C333E7
62m99t0sbi3ub14jcc48tt99rh,3FBE1DF890D68A9B6C08AC5999FF0F10
oe7j8eu31fl2ukgg8lcif2j8k5,38048A1214DD8F486FC558C5A8966B03
eadtovirgf2ood8oi6u3h1mmod,3BFDD5D05C3AC419E753E03AE81CF2D0
fdf5lhv03b2f9qf669ippm7r8m,3ED6D09727747DAAB2C7B5DCED6AE74F
t9ufsokbj0lk00s4l6clkna6b5,3E29B255E8B8427703C66C9E6CA1119E
oqoao54tvhibcmnincqg5jkju5,359ADBEEC0EC81958C1ECD7DD997AFBF
nld1vtgfolhf28g0adi975tc2k,3BE0ED4EEABD0447F4E6B2C268220BF9
t8o0edcmshrfvtuhkgdn90p75n,3797A6A2891C486BC33FEE82674AE685
lkqg0lic5vc4bpa1e1uv29cf92,390D7976A32E025F27572913A0881051
5pu5laob225rl72imarao56apa,38451B5E44529F9BAEF64C8E64C6785B
gkleilkdgquljupecl63pk12jb,3DBE03BCCF0A7AE3F6C1AE4492E1DEC8
i2bk8tdl3ftac7j9ss4cat3t6s,39E3DC9B5B46343A1F528F46293EEC29
up5ck3brd9d3fm43drgijg1eqj,3D0C23BB894A74B2359DAED69522E646
naomiitnak7gbfrkfgr80b24ev,3BBAF5EF9A89FAA2B05FE395148E97F0
kj4po9hn8qs5ukm34mlmq578nj,3C5DBF5D599BB36F15EE8327A959183C
egvnn53fl7bc98jjeba31hj1p6,3A8FC9EDA5C133B07E817C4BC54B68B2
6jobnclfdsr5rksgg0ibs5igkf,3BB24AE2AE9A96857D65B4B53B409110
5a76mu1m70inoujetimdmjgkei,3C57B15FEE30D03DC9D0547DF667B71E
1jvu9d1jsknli5gjpo6574t8fs,36A0EAA03AA8DB5701F2BC01B17FB1C5
ub0jnq2smfvd14lep9681jb7hb,36C31FBAD4EA17B352C309412509D3EF
i399bi8g3ha3du0rberk2014kg,36438113D9B8BCD68F3CBDA199EB0FC6
oq7a34dbcn9s8tijerd5ms91d8,3D8369D64CA39FBC064EFC8406761106
uu71ultpqkojohatjjrqab9ra7,3B933C9882C398C9E4CD8D6821DE11ED
fcoooabcq1m64v0pvdf3db49k2,356B2C2CC1C933C80706361E03821F1A
1qblqfu51l8k1dbcolsj3pbj0,3FD4E8AFB9C4B479EC9B7FFDF37299B2
39uf87vo1abacmlp8lbf9shcof,3B6A7843041CA6EF845FFED5F2A87640
3cthboq9asqecvsepevd5n51d5,381284653E3EF59A46D38EFCBA752061
ke5eder3ei4n1a5hd6mq7jjgsg,3CC554670C02115CCBBAF96A0E8E77BC
k0rp0lclaoms7frncanfqfq5le,35B5CCB489FCFECAD7D2DC29535A9EB4
a76vgle37pbotdpf4j7jcfcolh,3FD2D7A3AD22D04823056E43E37934E7
rqpeanovb2an23hq1825q6qscq,3C9F1CEEE1BC9D64F7F140CB69E9437B
5eoi68me0294ck2okr4e30hk16,36FBB7A0C31C702A00197494A0D9B7AB
cdb4ch9assbp49p0t59m29uhp6,384AB8702024AE1B34E2CBDEFD29FEE7
jgbiqako0dt2ejepkovaiv621k,38FC160747A7D0F1BE281F3A3B600267
8923innjgsu9n1mgjlonvpn6in,3D0D6E88DBC6D458D514DDF9AD0F3057
97udhg2eisi5jl4sg6nrgemdd8,357FE75C4580B0D10A77EBEBF59B9C21
997dj0tf027bm9k9vsi5mlspqu,38B6AD7C12E1A0E4EF51B6629660F274
jsmflgg5lmieshjnfcj10uana4,3961CAA21322C6A5A30605FDE4391603
6f7as0m01nitfba8atnikv3r39,37873DF413DD4E57F85E9A0936D80AA8
bc086kogq1g3v4rkdsc5ffdng,36FAE7EA89D1210CEE3573343F85DA8A
lll7j9rvfnoa3pneme4nc86pd8,3DA0BBBFB802E5E597C60383BC042087
5ch1kehde0tnaurgsesqb4gmtm,37E730624A68E9BDB9FDE93532271C93
q76vd54gp154vsk9kaltefvib7,36F777D2EC2334CAA13834DA8CF64D7E
iqktl5k89np89pknbn3mckfalq,3E291C7DDA3BDFAEB1402526DCFA5A1B
9u57gbc8irm2c1k68koktnfeqm,3F4EAE3A25F7895D4956166C8D94A94C
mprp85ljnrfnue23c2ck3ib5uq,3E52B3342E7A6763A3FFE79BD982996E
ke7dnka01ukhgqps60eoe2u1p7,3729221A5CF405235414CD421348459E
t2hvot3mhfneunob5kcub45qqq,356E7AEB868E48AE7E94C25D3F718D15
a6t26q9fecngodmrn326d9fkhp,3B5B8D28A48D450EDFF3AC626D64263E
nggi6jbuo0fanlvljosgiqbaip,3F835FAE17051A59B27475D660BCE515
u2677kuv5k4ehqkup6pnjubc1m,3AA92F0398BA9E995F89C8EBCB26A359
tkf64i04vaii194p8fdnf7tvqe,3DE0D60AE3F4E526E6E24378E1B4F029
fcf9g4b5h2estcqkqc50icvg8s,356B87ED69B3DC317100665E65C27BD5
u6ugis62cemdccu85eb6o1hn8h,35AC24B234FA74110ED9859C16421EFD
4f6n0seio1cc7np9amtccvmltg,3BED56BCAE26DB592DEB3EF14081E400
rlh997gupmvr4vd76ouoifefe2,3F33C499E6FDDB8AA7B3ADB57ABC31F7
1f0g3r41924ubpgmuioll8ev02,3A337ECE2886A7FADF0C7D9069045D27
tm0u43kgtpupeal6rj4l5hueib,3CBF09E0225E8AAD49DD54D4833D1A64
i47ku4335pnlmq3qftou0qrvoq,3F787BDEFDC445406C50BF14FAE12A66
ln3dmu53fr53d4dcj5mg611vo1,36B195912A11CBB4D6B57CC77D701683
kma6p1f4scsqu62bjtgi11n58m,3D42B5F7A46A33F6D91027A711A6662D
pb78j3p1120kbj5d2s33i3q9if,3D1901588EBC0C763C585A9BB4EDF1AA
694co6rt0hio6k1ai78en1girn,3FB5DA6057BA73AA279745A50B457581
t4affm59ep374ihlu0v0fcmkv0,3622FCCEF9EA7655DC59DD986A46CF24
en33l48gc03jhf9gbc0tbo04jl,36F005DDDD73D6E7CA141BFA864A7131
8u5hohv0g3tk3ulgta2p9upt62,3A87BD6CD588E128ACCBBC00DD915794
4qpe593lpef8bi4asvveh6uo4t,383195FFCC9B31F2464CDC85297BDDF8
38p4upd94mrvnlqsulq2c5sf8o,3DFF305B9B509C2D3A405E34887376F9
lp7rtg5astq1mhlhgp4h87dr15,396292FBD3AE79CE9D9A2AE602666A6B
12tta8qad9kv8gn8frududu8o8,3E754495192224367A7D1DE41A032DB5
nsl4822lm6jopn0qnai78krvm1,366C0A19CB223154889A4BE90FF9D25E
j6j54hqrhc3blogpj02hov1370,3A189BA479D01EF427FEDAEF8C42C563
shi64bh338dac0k94kdugotv7r,3B747E6A13BA59739B38EF7CE7C8293F
gn0ba7vf64d9vhr9jk3fg0qbbr,3FD557B40E6D4B7AC6BA1254CA80E335
a18bl2mpfdu4bf20t3ocjn1i0m,3B46020094257BD4889A1A689BC42DED
kj97ags21j9n67lj5br6vlrojo,3A08CDEB6E804C28B3B8BDEBD96052B5
mvognat7uqahkntjg18b4vj8ik,387F9BFD101CFE1ACF4F39CC0E85962C
eacma3ulhjbhjs4n00qoc98mko,3D3B0A54B1E3CC9F82E2D9D04AC757E4
r4mq88b9570vl88ne2m3pfmvd4,3B048E10DF2071D28AC3CFDC87561E81
gqc5vsc965ns2a86k7ijk00b1m,38291C0CA335A250C5501C9E13B77045
c09gig5h9684qedcs0spq0e9ul,3C35544BA2E4869766D0A74AA2E7AE09
ki1qi3h9697lbi67k166o00th8,35C30CC70A3F4ECD0ABBE44A36BB19D1
7mm0tkguistcajn5d85rcl8q6u,3F1646B82C3FAA3033EC742B1C94CEFF
4i6eoptp8juuhd7tt6i7liobi6,3A5C5C0606F100219463C4DA6DBEB1E7
ue5m348tp67p55pffdb6v9cb7m,3F1EFEFFE39451F0C9EE8985A11C1FA7
u0smrd94e2vjkq49ml0o4udqtu,3F9D52B85324ABB361B898C02EAD0DAB
2a9okouklevopsifindm37da3h,3984C0A082F8D1767AFB1A10FA475AEF
l7e0aop7l6no1bskqmvm9h4q0f,3CDA7B8451F12B26BD4ED9E6F9B4C2B9
29eklofp41nvejuhlnl8njh0ue,377AF108A5C8E05F636573A0CD580D9B
i1asv37dmbmsl804b06el5gj9m,397DB507A467634AF78ED148F31F41DA
l215gsu1qcd769j5rlvhvssupd,3BBCD69C77E55CF243EC91A244A92A5F
2op1gc0f8nda1iig1veo02d1ib,3FA59EE976399FEFE0F90F36F9782626
gb4785j8pgc4efh30frj0s50ae,35D929DEB8CEE59CF08F306EF033DDD1
4eur5hsmn1ukqmf1h1ghl9fs1n,3740F13CA4172CE49312C42C2DC0550D
n6e99dvmg1qd2tcj4b02imo6qk,3FCAD94F4498D6419C6D2FE1E7CFC775
fuv58cc2sup2s7527bgguo6cfh,3593A15475C447C7D7DDACCA176A1991
m0a2fi9dlcchmuaf3lajikuev6,3AC100327E46927315E998C75980BCB5
d1vni70l4d4hrbebf255tkah1m,3976DC0058E15E7CA407068ACDBAE324
b256u2jc5qqir624fq3noltufr,3D8CD7417C0018D8FC635AAC793C614E
10vm0orj3pggg4fq16mt3k1vq6,39E9A3C649D5C1CAFA651D8027D51A33
o52o8j5e5jq4af5k8n1es3if6d,3F00720E51F61491862206B55DC1B3F2
6bphdn3snl9cth3oeh9hhbg8l8,3F5B19C0A475AE9A9308C8F34719F086
lqplknak2ag8n7f6roq7kno7sl,3DA44D6F100FDEB4C60CA8E0C1996479
40c4ppf5pml18vrd704gdmjg8t,36FCA18BD86F8F34E7BA8D9C8A0AA99D
md7e65pbi30k3ke7ooe06ue8ve,3FDFABFC3BE3A3217B945D8DC235833E
ojf18n1ah3j8501td28ds2pl71,3C7D953AE152590BCF3EA7F699D9E51F
7sjkn6fe5hdelbvic7kn1ieduq,3C8B4FE1E49D88817FE380E4B64C735A
sbhggvbb9vvcgb1smuv8k7o8m5,3F4E375E896CAFF0B6AD63312A15BBD5
p8k2t83n44s4f6tjo51hvqgljc,3A359A3E400D7C300118EEA0B4B793F3
vjfd38qbbfjnkf7v1bh5jp1r95,3BDC08CA49C8AAC201763C2280933DDC
mleo6fbmv1lup4divl7l2a0rs8,39E88F5A53A5672B5C9E72C740A3E658
ffslif145dinf7t91ojcmop0h3,3A21E3B7299EDB2E410003A97D0AA75E
oq70700u6hbqcldknfiasirlg0,3833D8A8339BB4DED4C0CC328C48A534
f2lo5218auj9gvnd88na4778qo,39210BC09A9C30AFE717FB92CABBF018
fpuan2oqj8q7kds5p062bahgdi,35D693FCCED0CB5840E885218E4B20BB
emfjek86sqbtj4elnnp03pgc7i,3D2F140B83A03B3335D73582FEEC7053
291g856ik6v68bqmjlhbl4qmrr,382E073499A65503F9CBDE38FFD648E4
tjjv39d9459c8n2fuskfi3md6i,3B771D6EBB578E21B2DF6E3799542E71
638h6ghprpbcnlinffdcc09e5e,38F756B93024915F9D21A77A652B0539
rnb9imtr6t5su9k1hg71tj8nc6,396989190E8A14C9BDF7422024625173
97nh9gu7r0v31i4oug92g8os02,3578887CF1F6D6FE2FC81FF817C12421
k9gmuindl3l8fgagf7lh5kbrgd,37112648E5F433EE94C367E27A36FB72
3q4l2him1a9rllfqu411d35k8b,3AE7EC20F8920A30AEE4B31B6C968962
a0b63vvq8nvigsprvc632omq8,3FB321D0F09BBE4F795BF0C05AFCDB90
2iuv3b58l0kupr6nl74utsm3re,3F33BEADC3B283EE5FF7CE374F7F009E
3uchmjjsvgumva49ar6qntrhvj,3F318F0FC94BA21AA3BBE3FF7DF4AFAA
s3u6jgfsl74tl2mi3f02u1eq67,3DA576719B0D027C1AAFC6E5164BC2BB
v2rv3u2hfi2lbb482dha41mmu7,367D0DD8D39208A90E97849F20D03E8A
7afp8jiklcp1rt3rc0kob52u8d,3E536BBF2D0C297EEB720111ADA2021E
amem388ncu3cv8ogfr39qpckbf,3D03349F47BBE98B36EF8B5DE3E89C03
q32knfjsci9dd3juiunn00vpvb,3768AB8679F148BEF0BABB1BA5123584
35v036a8j30796ch5pc38nvica,3DA3A7AE5232E9EC4B43356D9D50DC45
4sv08q5udk3vs49emp5ecg2gon,3A4161EDFD37CFA32B3FFE43901B4CE7
45bhhek8vq0dleene8ljffsvrj,38A688DE8714ABA9FA8115B54581B2FF
45o0adn01bmr4ipdece46lju66,3D6009F1A93937C6CD2A7F6333547B40
uk3k4cugpo85unfumqfl2vi70m,3C1C5B23E29A4F73E709AE9D462AC2B5
63754qomuko7inr108nes7flqv,3A88159A1A0110CC28A0AD418C4262E9
dvif98b4j1a62mqgf5o5ovkap5,38E6EFCBEC83BAA3FB131782FFBFF2CF
cg2fbmtrj20q4l4dikbdji8chk,3F43A6D2A64C858808E4B4A25532CBD3
7f0poftkq3japueh72ajjnvidf,3984EDAC92836937D4134D72C87E3D75
lmj3qmscnsgofb2j8am93l8936,3B26CA7878295452D4EF00786A7A1176
3004esas873hdnq55dtdbpkcdt,39953E0BE85E8E8575B7EFF2E2E43B23
4ufo5epj8da0sngsp3l1kfkivf,3BDC692BAF5BC4565706722BD8379526
midjkkpfq05hupaku5fhituh41,3B07BFB2D01E33A94BB2836680F81B32
5l18qujkfmscber3cdj2nsoc83,3FEF731D49AFF0DD2E42926E423F99D8
ltfd5gjk6srp41ukgcu0pjhg6v,3EFC799C121DBCC04683F5725688C059
65vbk8itvlgjfttfp3qbob6f79,367BE45F4E08F8F3B332870CE8752AB0
5jf3e80sqldn17aoiat5nvchii,35CA3CC698CA546CFB3EA8BC1219D9E6
3h9rpd48qdko17rorghp3ioosc,35D42EEF1F396CDD4E71A799529761A1
6fvsa3t61hfanbet97tbok48l8,3CA207BEA877E411715F2457F11B4722
kmt6upmg1h2lnqek0ub3odp06d,3C7695C49C70744DDBC2C411F20A8728
ueebko47m0fghjq2b6q38r3iqq,3D68E7CB213404698D8A6A82B385AE3D
2qm834ju2i8ppr7na20lce2rip,3CB697DE4D756E8E9F7A44F3545A3D2F
v1qst784bnst4i7rme49cs5ang,3B307983697749F2FBC13E4754B0E356
i4lindprt8e61ta0e7oq6lno35,3A2326C68D8C34E98A9AD9CF53F4C1C7
go9jkhngk6a31b7kovdm3mdanr,3D3A74E924958209842B94FF893F2D69
rj4nnsgn6vs8a51bek652obe1t,3E7D6CF0698A94435132380B7CDB9381
llojnvojlhq4bn9oit93noj7av,361399DF890E2EA90F95C9F0D73D32DD
t7k3t2n5uotvf12cejh3mn0cd7,395249205DBE2CA2494986663A00DEF0
dk3khlkv2mvnpemv8tmvjrvuk2,374EA0505C09459A92E89050393B4087
hljt35ge51sm4vr09o4cl0c1vs,36B514F6688337806947282034B84339
1an151fdq1350ekdn6aaamb3nd,3E0419BFC7678FE0D428594D0806B114
q9hmp2t0cbpnu4oqmjsunjctfr,3FFD1C608D56FD00A24100B17283E8A3
1a4f2h3p07kgipvepld4ke2kdg,3B1508DE3641D173E8274861B71F6CF1
70m8iv824724mpr6eto73m2tj,3F7FC8989A4122B3C82507A527BA1D9D
c0qechjscn7k4delrir27v9ibe,373E2A11DDAC6ADABB8013CB8577158B
kgbgvku9j03hip13556prscutu,3CE77C4DE2149FE6844CAE7BF2579F3A
cjklkub71q4jd862d7ej7hkr3l,3A190C363ABB02C8B0281C865441AEB8
qervuto9l1qgf1090e2uqvh5s9,37E0A6C77A0F70515014DB47B8E3FF92
jkmpe46qf4sdgjmvt4l468gndg,3596ED236775CDFB6B6C96AE2F9842BB
tc015k33v54hqssrdq7oo2a1v8,370F72F9D5AC6D76BBBC1C92A04B0EC3
qoi51nmc7vn9q91sqft59ji6b2,3FC4ABFC0132C88596579F1FC569033B
1l22ridq065ujbdk6eg2qa06hl,37F9C45CFD228C485027B1A177E5D1ED
epq7oivsd982dkt7e6ibie66sa,3775358C20522D975DF0E5397F4E8DF9
oml22uui66sh2uc9vb6o8nm3a,3FC81F6F4BDB73B32F66E45DAFE091A7
6c0lc0svn80o466ome6dp3jmhd,3E1B229B42C1B02252E6DC49FA360644
pipq0r4u0eio41t3tl1kueim9,36230C0CF6DFCB7E90EDC763E4F4B60F
5nb4tdejli7c0mc0ii95vfa6rh,38B7F8E6CD38A69B62A447C21EB92B6C
aqg57uj8g3pbpb20vtn8fsani5,3CBFFCE10094E2903D7BBC0CA46708D6
qq971g852bp8nro2v2s9h7u0c8,3773D297A07E8944A804908F49A2ED40
j6hb5vf114ejq7t4vksn8h8p91,3B980DDDDB90728284ABB70167ED8509
ohku9tmb6edeqvr4u8ll26g4pb,358F49BC59A111320B3BDAD4DBB4E7CF
9urr77c7584k0r6f8fb7u0jjvm,3B632B60A9506475DDA227599E90566D
n78a46591ct6uph57hck1ij65d,3C0306A56194D996C6DB6010395B5D21
ia9iotecnqjk6uls304db2go6b,38E2A3C736F1BA4C932ADA55C08148A3
vpatataknj04slr41sudoc7cki,3DAAE1A1967ECFEE2B92D89F13EBE294
c6d8rj9ieovk47m4gl7cdo051g,3CEB8BEF2CE8759D0E45C9CF94AC27E2
adbvh76e8io6adm804nqv8ejnu,37E6715AFC37165CA45F6997D375359D
8ng5sfgu20qqiq19itkqbdgcje,3D4A1748C7280194DF2443DD730950C5
s8g2a8a7mjjt93b4mum5v3pme0,361B41B67CACDF43728521D68C7C4603
o77qmjdis9t5pvfe9jvrmm65sq,3A14E4AC5F292596BA9D297F5A1A2738
u92vt1pe306dt96afhgl38o3b2,35EBACBEF502CD976A480FD704E4BEE4
gm5qb0jna8kbfj48941qfro7eu,36AF8916161163830A904DB57E89E3A6
jh4sf2ji5d2qhglbridlqjc425,3604B8F2E5D53C5E54CCCD8401DDF27B
3akhnjt9465qltalkmcto72b7j,39DAA23A5D24AEFE4CBCB0740C765BDE
gdn69n42k2ttjsn6nifdo3r7k1,36F106C4B1085BC5FB7BBE0903DCC491
hm3jp6bl2k4b2g5pu9d62un6at,3B4CEC4B6367223FA440663B91AED8EA
mhg262e50gnmfqjkonicere04o,37126D11141ED4183CAF789547785251
1b6g6miq7fh9pssje35r62fa03,3B5D24DE1E3C4F7CB898C3C27FC005F9
s75qmqvbb6aem4n81hv437kkf0,375836F1B8D4A78E310544E2249BA531
83n56k729tp83hl3lghtv4p5ab,361DF925279B75480BB93BCBF8FD7EF3
a8lid6q7hh0fkb7d4u3v4vm9s,36675F505A4B855A47C1414A291E5A9E
hjikpo2eqqldjoov7l7j821k4b,3F71B32809D752175634D448AC7D85BA
1mn7jibrjmck2mh55me2sbugie,37B4D02433AF37FC9B8B7A5F60BC3054
nao177krri04r889e23q63qfej,3990381EC6226917FD7F91862A17B377
cuu9sf1kakvbbo1m213gplvfi8,3FEEB41926EF112976E98B63C8725F6B
3v8qup068l48tt1mbl7r4l32kl,36FA785BA4A084181C9E8CFC3DAA2F79
h0cavf2vhaeu4oehghaib872dd,3D0EC36D2E9C4EB4ACD98F663AE4D5E6
5hjld4tee74lo777e49epr39vo,391805F30F63D7F5B3A4C7ACD5BB25AB
rcec3529u5e562gu50ujhf0nl2,3D1C51B7A3337EF6FA1853391533537C
8dgghb7khqcdl2dtifkgro0hsd,399353A0EF9DA99E2FB609A9E7C15E8B
ef37hjlbe6af8uj8tb0ppt4uof,3DAFA52D9F0BD9B56AF0A558DAFAC844
sl5ul23a5mm216tcna187n4qmp,380FAAB804274DD9DC73DDF0A3274F87
p0tbbcov7mfs0s99unbf7pvo76,3B524C97B6087EFEADCAD9723C3BDB60
eup43p6c1hpsfn2ddq654i49u3,3D8F8EA84D2A3B087224BC64C5E79E57
cpgprc53kk0ast2060ctbvk9as,385C1E30C1ED7B07A6E210777E0049BD
c5k3lmuadhmbpcq3iecb26duat,3D2E8E0A43DFAB02BBE0ED43931D4A08
u5j1o1n7n7lmh0a3gaee72flmv,3F315C5A352D259871C4AA9B315D4A61
2vo6eu1s77jhmjc15rrnp87i0q,3F4D3E390B3BA04A851D5A9C9EF31316
j302mqi275c1jt5oqcbmjlq2ng,3DADDD628CC01798E92C57C2E67762B9
tpesthcv6d3tk8otlis1r46331,3F6E28A99892C2FCF0FCB48C6CD7D5B2
guqcsggl58rl593qbt9o6k64ja,3AF74249476812ACD8D8428B08F14CEC
ji6b37j8eklrg7005mj8fusl43,3F9D1E4E1E0C2A9FA660D13C69270088
c727qruk59p1bjg4g851nn938d,3FDFF2BB7709128284A226DD9353C4BA
417m6afgpdrbo69rgl63r8niv8,3ACCD7D87F48E34137A62C6A00E410F9
j2glo828bio4nrvotd29p6r4mu,3C6FAC32A3998B2CE88E8CBDB3109422
h03vmnk5a46tvbskp9mbnme9tb,37FA8DB3C4489E2CC01C0E29DF96A4C7
mrm1v3lisi3juk5jtvg5tkikqe,3B27EB993EC24BA2FEF50781F85BB373
srujs1gsku13o6boi26ltnnhji,3CF7AC845C7AADA3576D44AD880CDC24
81dkcc4lhv3b5jjel3jmir04n,3C11E0AEE92A79387C5BA63E3098BCC2
2t4qckj4se3rnm04qu1krjhqd3,39FF7D2F21C291544C2D6A86A7C1F9AE
2c5bkk09fbvu270sf82pd469e6,38B6A9CC39DFC4865EA9A9E9B99879C3
2psjs20e7upmsprc5io5j00l2f,3E56B7A192A0D077101174BF3BC3809D
ipvubjahlajl99cueqgdfg4p9c,38F35FC6A61CA39C2703CB5E85F18C98
criinlhlef4l9r42b3mngo73mg,388917A0B57EBC3687877D9048D1A987
j49s7km6c06hh7pcph0g7j0s91,3AB846BE63A6BDAB513EA4A40D4D64A0
on5j6g3kjcuu8n3raiifs1dm52,3826C20B71AFC3A449EE27DF0E5D712C
at3to3ncfsc713cn0e8l9r3tq1,3816E9390397FF935859FBC756C18A34
absu302703i0ehqkk00d70h5nq,3F2E2F460A0492A708B6E7EB223DE844
6hc31cfn3b2acnrgrn0kuhb5eu,3F47EFD6AF7F51B74920F8CF1CF6EB67
f8fgaptcfm59kreu20ov021nt2,38942DF8F8E8390BB042E583878B7F37
pa6bhpid5jd8u298dhiu4n5tdm,3F83E625C44BCE84ABD523A2BF375D8D
2491p6j8oeo953u4dpbbp6o8t2,3B9AA1038EDB65B4D5DADAC383499515
hq6fecq8bbc01pk5a5usrrc6li,38EFB310872C47D9A2ED7CE1D8CD69EF
2grg9t5q2jljcbjhe0f6evvvve,375484F85E99F43B6224E77709596290
lejn6odavflsfvj3jcrf7b1tga,35A9BBA442D41F5F17BC05EF1A7C5080
iimqnb6b7bbp32ls1pbo6imb1f,3E038577FF248177F5BD9A1F585F8A9B
cgqrvakj749eql5ur4kn23ev4c,35857E462D22EEB3DEC081C250AC4F79
vciqcafg3rk1i41b5umerm9g1l,39CC768D73FB7006AA2AAEAB45D5275B
qogjipimq34tukttolq98qlbt1,3BB7914F53AA043944A27BAFC6F704EC
hiv439ppos1che34tv4765lm9s,394F3E18531C8234EF017F92FB451231
1aocjh8hv9jg9i0upckh282eh0,3BCAE9849BB93F965EAAFD5D5B8707C2
cmnq5uq7gb3s0773sbrpsk1qug,3C6C461629FC4CC63494E83F97999767
h50bu7snn24atfkabmjldgi7j6,3A25B12437423DB3636F51A6E28CA546
3hru3akeuevpuicdcoisuuqoev,3C46BCD0F0B34BDA107489C0F1635C4C
7qpisikr2ddfnbatdm560nagab,39206778A49ACB9E4F5903BBC9DE9581
7v9s6m8gep90fp4mj1a6g5mohu,3645B24AB3C197248D68AE6F9AB70103
1an40v4vg1bu1ih7d3k977b6br,3E6F751DD7DEA2D3F11AD0CCC793E40F
f2dtprdm72am7tfbda5ult1d6i,39AAA6A0ECE9F859514D9E5C5A877428
th9s3j37e59bni15i2okht3ij0,3E0D685228835B825F0A7791435CE6ED
erq1vuq7csslsqmn5t01a55v3b,3AD144E0D88A296EFEF57138C15EBEE1
m09pv4vc0ctqeov47qn16iejgo,3D61F15C0DADC945E5664E32CBA158B4
mt1kr37h453fa5c56khasfgeo0,39A79F0119F2DFCDF41BFA96275E1849
1vvvo3ce42vnvc6lhk79gncf2v,3DCED6AC882F460088B83BC445765E03
2smp0tg8hf0hqu3ptetmfq893r,373B2D9493E13310170C91504F8D5197
tft3sn67krbqv3c68hbt7uqt50,3DB5DCF5379CC14A38F4E630D228F55A
vg2fdv85s4ickvkjn7v3a3h99a,3E48B7009000A4B398D67807008A50A7
3birjnvp1169lum8de878ithas,37E719703C102DCA257CCAE8B37D8F58
7m0dbea1pjnqq468fcr5hfum9n,3FD3D0A56FCB8747D068667EB08F87E6
3mtlg9e1ftnqst8hvcqhh0hlko,37BFBBE61E7375C0DB35305B919421CE
gukt0t4qligcb7r16s3l1vt37r,366CCA746D43F2B99C119B68BBEB8F92
2vu3nuchoa278gnuc7kk44h29e,392410F3B844B69736FBAD078387C619
jsr9ndtseht3thi5hdqp2u2ptf,372A0D69612BA4A9C2921E516AEE7E96
lbu8i77vuqooebc1sgm6e2vsb4,361436954F500CDDCDA37D18317AD31A
51smedc7dp5ci49ml22c4ibt5n,3D4B8452A782E55859199D96FF1CF367
e2d6gkqoeb0v6bdh6npuu6mat6,36D8BFE792D094AB75FEF842EDE02F53
fg1g8iq2jqbqkfu124gjo5tpno,380A6BE8FB4CC605187897411ECC5B90
2uadbdvbo3puddn388s4q9ks8c,3B38FB9311FCA2F3C7F92A2E095F58C3
9mp07ek674c4omsq8fatn86ugk,3FF72229BD8E2D6293A7103ECAF1BDA5
onkk32i4vo56u46q268an5jto6,36A47323CC1640C3A0139CFC2A8B89AA
1pttp1fktp68rfk89cc1ia5qka,3FAA84A4B2A602E84F7ADB430F33F76F
umjm9k8f0grpc9c1ni54pdcjpm,36153AD4CC2385FC1C377E520CC45EC9
5ii532p9l7v1hl9mj7s3ora41r,3F1B7FB03FE0CA4A7165EEC873451D88
lm9puk5ff13s1fm03s3ko4v748,39A8EE20879B587269A7AB78CC5E90AF
6cukm7o1gc0t5vokuqhigtf0t,3DA5B20570D96468246030BC9C8BC828
3bacp8e24emo6m48rt90veci5q,39A725BB492F580DDA369F455CA129DE
78noos8259ug7i54uuoo01najt,379BC4153A3ECA7EBBB19815DB1A52F7
8h4m7ikm7thl25pbd56qc1h6br,3F827AE4013D46350E4992DA07186F56
njjigg32ocjc73nf1djo7kp7g9,3EF346D2DC0D15646E3317890DBE91B4
kda0qh6lvhoe02se3v96gmcmg4,3797ADBBC99DE03B2BB041363693B903
s4hcfrkhv6t91jo19l2b6jcku0,36A0BC5B11C35A2C1CFBE6C23A7F5C50
kvombkmcovnvpn5duq43f736ej,3C10A66D9A87BF7C7AA41D90328D4DEC
141njp4fqjt5imimj990rt62pp,374950776BAB29908863A7892CD26869
4f2f24bak2msdsa9vjpbvpg5g7,378A1292E78681228617B8CF26A97A29
k0e26tggkajejsgmghp81esps8,3FD09EE3A54C962D166E4DD8F1C02BBA
9ag3rsblhtabgt73ljqjb40df4,3AD81BD7A296771CAC75E073289B7241
rl0e1v8re3epbt5vpj9p9tc5mc,3D813F98B4D741C554165E17EC5C8E55
jauvn8ht8tmjr2kk7mg2q51v6o,3BFA38D51597858712B7448E1C3F925C
leuausef6bg58oarq30lfo795h,39AF7466436E0EC1640342B1C3B75834
vegcm0q62hkhslqtj5ltq61rin,3DAAB1D66B2D39708C1A000D6BFF042E
f14q8qfmjpm6e9187453e4rqtu,369A18E36540BC7CA4876C1C2127C858
hvphcl92ur8eqmbf81064rk1kp,3E7CB8538A8DCAEE33E87E881879EEC5
a76b0ctk5eoi835t4cs1897365,366E621DBF00F553B5459E772E64F40B
mkgolf19d3i8h0bo09ssu0eghk,38A29A89D11FE822D951D21444BB5EE1
bb1ss11os179nevb4a713lmh5n,35A7977DEB0CF95B2EF41ECD789612B5
aiaiml6728kob6baosck01llvt,3A4F8B0198CDF173206779BDF2E0FA5B
reugc0l4mkj1666gcjes3tl86e,388F81DDDF7D92C3DB7222529DFD16B7
cnkg6anatn9iot5a0glm2snqmd,3FA65846082AB8112D7C20F50FDE3052
ihqe5kto5sve74ufv1n1fo8u9m,38852001E2EDF06DBBB9009665768574
t9g6rm25jtjsh1vvoc93ge7kf5,3B977282011B9CD7E832216859C0EDAE
ff825acjvftaeup78cakrkd7lv,38B49939D8A95EF27CCF03DAB257A9A7
hn0kbdptglpgkqb96urd63osd7,3745EF74BDA5E0FAFD7CE1A21ED440D0
vnqsoor0306lbli7lle1n7of8k,366A47B8D21226F995265D2CBE390BEC
5jq3efboteg3m7skcnaf32e0qo,3A84B9D8627E4DA33CD9A1C85BCE6803
6qghgtgau9kbl20vq0tk1hfdja,3FEA73B39DD8BC55A12BFC397F939E45
5dq7d9i3m2lu9v4ej5hv09t37k,358A14DE0D0437BC5929696F02CF664C
321neat7p07dg192lk04jatlje,3703C157B9F78A4151B4A98F76CF0AC0
33h2f6fdteqsuke0bq1arpbq16,3DC05E188431ABD9C89E4D211A679689
mb5ljq44gub2qtpmlgusu395p5,3AE643874B4E21B723F205248E3F5EEE
bduvqcnvr7avdopimnj0ufnvce,3A61A1E2D2F57F0D23410384201AD5EC
bkaf1ntbub9rtfkhueo6ml48c2,39F5283F518AD5B53FB68046E47E6A64
lrs4nn1s736rjljg26p0putelm,3FACBBBA8CC58B9060D61F4EF1AD1C96
f5hie81ml00qbhn70qa5r05jqk,3A3E566BC48A7754CB37D78116228CB4
55fnip831m640gorg481vubdp1,3BACB5AB8F39166AAA970FF999B8345E
jiigpq75undmna27r2ht470eue,3E8FB50242789168B60ECABCD8B27106
bntgg62s84lv2jfuvpgrbj24l2,3AD48D88CA9DC445801CEC7F1048E541
eqleivdss8qf7rk2rj2q53a9mr,3B444A59A8B7187B5FB34F0F31021DC6
6nj2av7ap4oh6kbpkpkafo5pi7,3794368300E569F17240AED3AD014984
326bosr2hmsqkg8jpa96049n5h,38B0CF37A5D209356D1046DC2E4C69A5
unlt8b9bek742fhjjkce7oomqo,3C78571270234ECF802C3325614672D0
fcqmssuts9a6o9o3guqraaaepq,3E61A9D4D596BC0512CBA8FE12D660BB
vke0l3mbfbgchm99plr9803f6r,39F7AC919168FB98D0C3199C8E99D569
89k83ua4863jmibho1g4f6rj8a,3E12C4664434C25B985254C4FEC5C809
ipgl6uea5kh40fpns6k60des01,3766557040719600F8BE6C1EF89B3EBC
sm38q0ik3ednemdt7nggm6ec0s,3F6FDE05218704FCF54D88331B1D82EB
of9hc24qskg13us0ogvbd3c1m7,363B718AE1428BF27C8790DE3BC1B82A
a6vd2hfllv8tfp47f6nf5pht6,3ACE10FEDDB0B562213E835890DAFEBE
6p8mbr4c3sv9r5u3hrarnpg0t1,3A7333E35E2AD1944C259A4F65B3841C
qgngsh6p946hqubn3hb7kt2ph5,389648DFD9FCD50C1097A29C8C1895A1
lhhvf29m8neub7chdg012a8ahs,3FE7774445F44B54A76D5DBE7B651FA6
sdtlajvo3250r5lnjkekoms9ou,35B18CCB648B3C255B38AF266AC565E8
7h85ead37tol841of91ejjv9af,35CDB1935176ACE80D8720F76B65E5BF
hhd2b4rtq602gcb6fcs1p530vl,3727A25D8014D2AE275E7CEA214CF46D
ofgmj59gq5jbe9fsq6p0ne4lmo,3D37A8E3809FBBCEA7C9A70064D0F51E
k83j2cr3898l48sc56p733ij4e,3B4AD307D69512FDEBB65347FD20FA8C
v81no9vovpof2egiag4s5cp69f,3E1D03911FF770431EDE3933AF215C80
hn1b1i6clqsptkr5209k40061m,3D6FCCFB8719205C3B5A3792ED480D48
s8kiu2e1vo8vrcp6l6e2ab4t95,3863B83F0A0EF5824059703DC3366C85
nq6lvkpk746pk8ei28rll6142a,3B7391BCFDB1DD6F6BB7D0AB48187742
ka564fb9nusmejl74cv97qridq,3AE5C835958E9D50E12114565C4271B0
c0qq0mc7mapdvlrpaurcc147ap,3593A12401BF0D3ABA7C9C6BCBD0D674
71sqnd9ugjrdn8dbckchselp6q,3D90EC4C83AD947E46EC3BE2564D9792
25d3dqsq1drqs5n7icjunjqgjd,3668CE235929E23386A48293370AD479
cu1baia2796arm4ppcqkn8hhdk,3C8B8C96DF26B466D425648E7E016F5A
pvbjgrknar5kp17mlcka1aias2,3E6CB3F57A75E9C4BBE6633080CBF1CD
mrj92fip963eb73pob9jq118jr,36EB2E6D0749C11B94BE6D29E8D298A3
h67pgfaa0iee399fihl6gdngvh,3657EA59F5787D3B8E0252AB3B4891BF
esrpcselaehod3useris9ts8dv,39DD63220BDD0B4A5CA5D4503F7F7861
g5od0hu33et1dh9m43cku3mob1,3AA723DE26E90E82B4A40A1E937A18C9
f5daki1dlj79e94h4ajcep2u0h,382AAD03756D20A3E784F17C0D38C015
p0eu49u1n4n09gms9ur5bm7isu,3D33286365EA71CF3E58D1EB402AC830
hmnjaje2lhpm1gmso3e4ar6v1u,3B9EEE37EDABA5D8A3F44498D43B05E4
vau21jvtvrkrmlirso920k4gso,399AAABDA6EA1E14FB4BBE1D6F04A303
7md76kiivd76lmfv4njnokh9bo,375A4F5A3147981FC34635321C7303A5
9tkf7nlevppnpe2asi7joacpcf,37FE2C94DF7CC8B807C5D2CB6CF61B8C
dr4cbtfqcp6i6cli77mgki75s9,36619A69B13CD21782D12A80B4DD003A
dsi9u8fe1bffqkgpt1resc4pl7,3D97298B5609C78174F6A7735BD54526
ba95bujq2qsu22kg0ug8o24h9r,360308B67C8B81E509CF9777FA4BDE93
rbtkdfb3n51f0s55fa34p0qlch,362877EB43F1ADAD924734E22272FAB5
s51mjdae514irt8t7n3fb0hpsi,3828C0FDE9697627444845993942FCAD
oag6lle7l8gn6vu9bfdk9pt7n1,390746A3376AD278A4A4793FE7E854BD
og7hard65r75uns6bfuuv0ai2h,3DBEEA8CC11B4A8EB1B7F52ACDB9CCB8
i28cs16uofukqblp7tcpt4gvnq,35E095A3B4FE8ADAC9A6C23954F13C2B
ecn470t0fpo0t4kld8llla42c9,3C64AD9EA58FFCFB45EDB14713095F82
ok6hh43g21o2jo3uo6iq7u87vu,39A1DCA314D77E787F22B145E42D5473
m35gaqhtihj4nie2gop4b8ut5n,3643266AABA45C8671CBA0777CBB0620
hj7qdr5rfjc54kgr03qqqts4n7,35FEF77397BA22248D355118032645F4
a59vjv7t38r8mlu9becq7ea4pt,37C680BB150A4C4B48B83456706132D0
gq9vi3jb6l432gso4htiarjkom,35685EBECE224BE20DC6B9179AD18399
b3dvr5vd3bopt3urf0hha0gu0p,360447097BD95BE6A77EBAF038C2383D
7616dsuieg38e0auc3tmpjrpa0,365A1F42008916BB89EB053C2BA39AA9
4c4ilqbued9mmidu6rtg6lvj9p,39BCA676C0EFE3748F73488AE9B5F172
r1kbsrvgo2vm0nk2nv9ot98bl7,387005E35BDBD2DF2CED17FA3F81BD74
rav3hshrd7v0ojfb9f1e9vteqk,3B2E099F561480C4369FC43AC2992EB8
73cfdcojdcmnj9jdsupk5jfm8a,3A517EAA675E36AF82868C4A7B40DA30
c2jqu4f9e87o23kkq52vtbr2en,3F7FD7C3287871F4B08C46C1E26D8E49
f9i35cscdg3hs95uli462bhu0j,3D00A12A6142633CEB14A850C863504E
k4f6pg0gk5ficc5gj0fe9el4tm,3902B03266021D1699BF9A96DFECD913
638t3mk5i8chihgi1j32jmk4rb,3EC94DA57890AFB22CD4244237B7BE24
odr0l8ii3gtqqjlub664jktdk1,38FD54237739F1715C18629BF518D20D
osbibmd3c38bdc0u6lmi09hleh,379636FBB784C4B7FD1E8E585461792F
o5lok1o3j74lg05dbps76bkn66,379305C501F9E045D894F1BC14AC4E1A
2enihrv6q2vd2n4162pbvmu56p,38BC3933E536325B18EF2C659C10C8B5
ba7874l8i9cej7cisbe0kuh90i,3C0BDACA2997A410FD405C5FFD6E0847
qs6ipau2nssua6lsjlcvilt999,361F7EF528B3F70A50EC8FF584CCF75D
tl0u1hosmuap2qn3pfk36jjtqv,3A771B1621C6A578193FB2B67E7E2D53
ui3gccfmq1ecuo7un8uqdiq0jl,3B601FE2AB812D60B052C8F98A391C9D
4sjo2fndemm1vqmin3hu0hpun1,38824367EFE07E1E2843D3119FFDC9F7
6q8549clj8vmh1g9kbjg3fknvj,3D8F252FBA94B90D37B079E8E5EC73AB
kb6hql9p0rer8p5queb7mo0f0f,35E6A4E946B1C661FB80F2A9AB3DE2D3
mrs2digm9gg6l5l01grlpn5dbs,3987E53E7EE743565A70531669E8FFB9
ncmtfpd0alo3d072550eqosais,38ED1136A4A247E2A1441A52661233E3
ms2rklmrrr3j6pqp0uhigcml8f,37A6187112E6C6074C990ED9678CFDD2
ctj24qfa3tuv817kmdcrp236a,3DDA66742F61CD0A29167131D6A6D68B
nno1t3nql68nkuan3m2961ceg4,3FF29E6C04B90E54710D136E769E975F
6cm255corgne58vlka4n8g2c0g,3D47D426D5918017D76163E739CBCB47
brrj89c0d0ug2bdelpos6vljug,378783872BEEDA613CE13430C5D28997
3r0tmk4qet6hp2v7i9tt44a4kb,3D6944105D4C1207E41E3EEF810D7FD8
h6pipdj8betm9fknrdobvrqt0p,38D83DDF7228272258265614CB2EC42B
j02gqhehkl2or63onni7hfr100,3BB980494E451897E8CA73C601A9500C
54couj4fgu2qa1r7bok9ln0jgk,3D6E96C347CF6DDC04B0B2F133D56651
peuv9arnttbhtgu77bor0i259q,3F3330D93BB48D019C51E37EB91F78E9
sonri8gcqv4cgbuvn2fletrosk,3EABDFA8B5D4FB1BE26299E5F5F4B655
q0c2mcnc9vqvu776qp8emnf3j8,37EFA6E3C01D89488534B5AA7B37452C
2aiicidrqr72a7kbrsabgdput3,3F45913ABCD30177B7EF5F684EE05829
ke8jl4qj00pmi9noe5oh12noqr,3BEB74EDD76E577A208396FF814006F2
9ei23997gjtl0b0sas5sshai4l,35CC76387DE126677EC7A5220F3D3F8B
mmqrbqh67bhinfik8681edpav,3B5E372A93AF05A8A8237A293221ACF5
c7695j3m6prv0dim87k63qsvrt,3C7876A49AAF44B6EF8ACB73760313A7
g603co802d1svuij71ngireko0,3C6A33FA1AF2B17F46E4F8D8F5EBD902
9u55fn2p2hv53f6cv87rr7us2q,3A932865C5E283227A644AD104C92FF9
4n0e23f871rv2eep0v56hsoju9,3A6BBB60A48C87CC59D64AC9ED8C87F3
ccuqcrnsf1r7dtco16mojkkk81,3B8A8D3F6F2CEA4B775F4208441A9594
cadspvrp6n6h5begrd08p965ov,3D0204114210A94BC148D0B355CF6F5F
nkgqnd0jsfliejbnaakb09lnp0,3B167ED068EB8D412424DF69C8F3765C
jnm8uk6130l6b0ronumuol9ui8,3AF0DBEB23C6EC202E6A8A9B38881E13
kk6p1f0cqccf5m9kpdo52em04t,3C2845D50D3ACE0832BDBBBA2266F16E
t82vmi826e5nm1fn7ahn7789f8,3BE679BCB8C29832244E5B974833F9E5
s25jvfhfgg87h32q17ob5jpccs,3BF5BB1919A8000201DE8C3C5EF74303
8kbrf1u5q0au7968p3qke6iv0a,36042F5401F43D3D2243D205055A79D0
cekltfe7pgo1pohhfsh55ilofu,35AF65D403B7252DA005081D29145A65
bjf4hm5cs7uk1e3a12nm7c0puf,39A59C9E61A695DD7257649FF7B15366
2630cbpa0aaq2gt3tpeou496ka,37117443C62AA4EE8CC559B1A979A30A
qflljdckpe71jbae6cu0q7esfm,3AF008CEE2117E6B336EB86DA5F5EF3C
eq1d3mf7mt3st1f2qt5h83tdgt,35D39B16BB22F5C85DAD7701CCFFE9D8
1l2n8lr428ideaqu6mqc0897rc,37BA41EDBA629951B8FCEAAAA1F25E49
5vo6774n7jcq21vb01u42lusgk,3E89341E8ED7792552D880693878EAFC
13ibarhtmbelumtq34a1c5c3qn,3E16F720CD246B5B4C7E62F8CBDCF66F
j9aue16res1piahneiubcnb0um,3FD15D833ABB9BE904D09EEFBE30944D
noj5jlgjk1cjvop0ft4f15fltg,3C3C703FE4D0E9ECC67739721C3B5D9D
4u4j8olvjubv8f5ak070k437gn,3E413C2BFD3BCCD5122AD16518F7B099
lpekusa0402bglusheq8j6dbu7,3E2B70BFA3CE0588A7F2078E2D884DDE
ull18v5hhmo9irqaoc60d0mcmi,3BD38A0AE02F93CFA5894039D502AFE9
7hsk8q1narmlq4gksarh99c6ba,374457317455A11D20D0AB59F91D69F5
stpk1akce5nasbg8uq12nb576,3AA16241FEA5B54808267FFA394A30A2
vb4illrus85g6jcp4167c7ov44,37659619E3A1FBE95F7EE0326CFD2522
betmhdpluq3khkd2a11donu9s,3ED108D79992A5562629B49A024B9E89
6n0gsne5e9o2of5fe4ppqqhf08,39FEE06B2AA3617C403665C3194DF3F0
lnutjvoe6thrs87b83k8u8lbk9,38EC2A1B3C8C188B86BF97368A2D0277
p5t131oprso1jk4fe1kldma5i4,3620924F2B34C992F82577D2AA330F62
bjesavkkj6bu32318dlvp18rpt,35D3FDBAF22EACEF9BB96A2E152DA64A
nmj629nufvbq8kkd1s3gr2fg01,3B4BDE66ADDE25151E5991BE924142F3
kqmuco4dlpou2d4ea5jkmvavhr,3E99FA9DBA23C7FCC09017BD844C5F83
kvfo1556pls333eqjnnpsl09ag,3A27AA0138294343C8B2760190644D68
llj0uj4g27h88qvsevrv5fs2o6,380896FAEF7A65994739B3A7F7289A96
oi1lmcpbbb5iuuechcl5v1g909,3D093F70FE1031BE63B4988F7B8F67B3
iu105o1h0cpbc0mdj7og6pmc9s,3678105FB27690A1EDDF1953D91297F8
h5qs427l5fcjc2ojmtat5vd9bl,3D42B36BD8DD32D21EB0C485DFF78A96
hcvs0hskphscun9cai347vd5p2,3750B6CA940943B927A69CE0412D8F4F
n3vto3kmm7kq13qn844g672ea7,3947B701188BB2B51B04F0EED3B373A5
besso6a3lcpc694ut21fe52s8j,3BBC893C21DDE6792DF42FDEFBE5A9EF
mrfqdsmotta9vo4cko7m2d4jlu,3F07F2B83B6D97C36DF0B65ACEFBE865
o29h8usakmanhtq8anjv87ivrg,39BD990EC36ACC3DF7192CD7248F90D2
h6budu2vqimbbgq44ludpiu3a6,36FE72D627AF295572BB164176F092E6
776bbsq411nib92v26uuska8rq,392D1C18397E35C8EE71E5DA94DFFD8D
qp15u81ia4dkcke4vlm94jcirn,35A28C26E95E174CCB6470EA121A38BD
2l7sshdc90oh3pqubcgtc7vbtv,35DAC5E03329BFA04533334169EB9DE7
1ht6ik1ft22gt6shn4p4t2kf65,371B9A2234177B292D90AE33ED1B46C6
8u4kfrcqolepr1hurphanbhp9n,396994F726672B827832DB7E62F443EE
tqij685cdsebjhebia9udlbkje,3C820FC3A28EE5E4559A02344B12DD55
s910iougpceda6hlsjimtpcb3h,3F2842609C3E2DAE35EECB68DE73B215
v7bh6t7qbpkmta1sm17djalbks,3A75428A40F0A98F38B0873369EFBE52
2351a84nl42tloa59vcm238fk0,3776FBB0CBE0730D898DB5769EBC9B48
enmos0uphqf6bqf9cuner4e2jn,387308E0B8E6E101512F35938D711393
hgeit49tlr05eo0n1hraks5nga,3FB47CA19DEB07995734A053A390F4B9
at2jgqf1qgidlfqk9350hde9as,3A6468DAA4437B51166786054B4046F6
p2g9gfgfbgp2r6ivan3j7edorf,3A48464F7BF1C4EA00519BBE1463525B
3bm9jmhfjhiu6pk3p63uuq4e6a,3B2272C4920D4F6D0EF78D898095C038
q9lmnld3aahhb02ghc2r10epnk,38D5F4EE81EF56E653DAB482EFD30D3A
mt3umh9snumhlpm5qsbabhrb5h,36A07BC2AD4BFDF71BA79B44A9200967
2d4s5iki7af5khipjnjjqq7q6n,3749E2F740B87C2EBDC273421517AE1F
l0h3k5ll62j87vv8ht2r8svnsg,39312F5EE97F561CA9E6FE9A35F91512
m26q6dqc73mftlq7rneij1alo4,35A55C9097DC0608ECC8D2525ED5AA81
jn1g3c7mhibk12qpcnvu1ncu9i,3563FB966854799DC00E1949404A5303
as3676t8h1q9gik9n0se1u1cbn,3E17D0C061A55B9DA2D7AB1CAD282858
se63ejssb0ldkko6okkio3q655,3D3C15F4057D7E7E0D14D0DA12145984
u59n39kote970q0s6maha1he4r,364A73B1B0613038FDA51D016AE6897B
4q0opul2dehvn03rgg7a96fhhh,3DEA1C12FAB9C1ADF2E5568AB5E0194C
842g2n7c47trcf3guhbmq8q5s1,35D05B3BF48DD6E63D06A909213C3735
1ee16rtkslrs0d37b8ufanqb6i,3B7BD90C0D05E2D028734E84462895F4
ir5sp71dqne2g5pr04s3j6bq2f,3E76285945F2C2468908D779A3095773
tuemtooi8d0mgnffe6qe2v8kub,3C7EC5A91700380170C916415B7EF756
eqh8uukgrb4dcvpdv6ek8bfgrt,36CDE7D4AB5CAE9C676BA3479AE64EED
5c5uthbaosdfgvdjkl1oqu3fs3,3599E7DED7AABE078F32F5F4CC8A8025
2a9sgj4p45pvb00e62mhkots9l,39462D13681D838E0FE9F3BD38967E63
ki51lost7pv4ih6hk6uppqvb1s,39187029EBADB266E5CF824AE5BD1175
c6hl0aocm49hss862040hp4n3g,38F7717283EBF234FC60DB48263DEC4E
o6ospou18nk9l55eh453mdu4v6,3950762E69F9568BAF2B96A738F7153A
47ebuds4as9pq6vhk6u61hclhf,39DA0820A0CC5CE3A89A1A09D1F20D92
drsaft7rtg1t1flbv42u7d8fla,3D1CD59DE9C84306E0EB9AA31ACD9A6C
ecbagm8poo4s43o06m05d8mte4,385174DA58DF336FA340E0FEA7BE1015
rhktet8coqm773s2o240o3jelb,3E86E054D57BBDE6BE0FABE76A555B58
rl2tv8ff0nieq56omnqaak39tn,3ED87AD819B386BEF280279D31A7D42F
u433rqmcf8liufrmbsrt6cinf3,3AC957021E09879B7AF9BA0E1CF11A77
389nbpjajvb7vhd6184dp81j0h,3A1DAF7CE6A39D2A6674087DBA0AF8D8
etvcvoqc58tgrdsjdf5firsu4h,3AA0964FAED8FDB799E865294A56E6D0
sfe70i83pa8dsvtfnqs503re6b,391DFD025E9BB77CF0614F3F6A6233DA
mm6hofunj0t97f1s897hu2stcq,3AC67CE079A3EA8B30004BF4430A5E93
n780i61hp3bnr2s41bp6v4hjq0,3F34B708421709184F17D66873E268B9
2l9u12qm1otb01g1mb1fr1vkhm,391204902A7E22F017564301970094C0
1k2dom6e0265es5g8n3f4pd6fu,36EB25F5BEC300317BEB8227D9ECA980
o4u9clapmafbh5jl5cj8j5sefl,3B972D1F45CCBABCEE9CB70664695461
dahtvbg9uh7jlki30mn65cbn0i,3E0D94E41E36C665BBC6EFE34A2DBDF6
8ua7kq00n20ftkmgtllgf1t79a,355B9FA500B4F0ADACCE5722E61410D1
msrhmms5l2ajq7oneh00g0nu03,376E54B7256552D8C696573DCBD550C1
326gt6r4a160i628733vde1b40,3D59BFD4DA39ADE724BD3ED300B19B8A
599bej48kchckms5iu1h51181,38953067A9CEEEDB446DBC74B8F5A76C
qpv2o5dbrktoffkkeln31aiq5l,35FE14EB9E1E6E34F246F26E8325066E
n730tpon42m07h0bqsro4gphjf,3E66563104A7C62C8BB0E54F07AA83F0
hiduilcb0ck60l50e0nhvjreun,3F7626E5B24743913E944735B93CAE9E
l0cqgt4v1u04k1jtsg3ft88496,3B1BA19B1B5C1AD49A03634DAFCC432A
q20681kuss2e7uugd4eh8bf8ra,367FF7F2DDA8523CCF3F743F1A4504EA
ggji4v1cf8b65b98bvsuqiekq1,36F76F7ABA455F82C96DF51E3125BC2F
p5v8gq617mf31i8o1i8k9u8hka,3C750362AB576ADE480CB89161C91140
ncmdkce1vgh3om362s02do0o2d,3F9CE86D617481DA55C13755295BFE77
hie64oj1cl3mp6edujcgvap33p,3FD61963306F39011FF7F1FF047D6D0F
213iphpce68gijr1e5s6d2ao3c,3FB72D16586AF4707E23EEB6AFFABD53
pn8uk6vtakuo67vuqqs431p97,375E8D9C8BECDD1ABC895C1810F7F125
9qh6fmdivudadui4r3coso7n2k,36C3F3AEC410875A782AD44E3A9A5710
g36llslrk83qjf3tj3p2ua2no7,35F697018309ED2A9A356ECE4656D1D8
5b5e7fnt21euls0g5o4docejpu,3EC38269E3E05A9D06CC73CF12043050
t5o8mhe8qj83v5vaidg829mkq4,3A787AA27BE57C45B5246514DB6A2597
gh8s74m7eq53gl2sn8cc70o610,3B3D64341C585B836500FCAAD55DCC67
mdbu5jkgek7ol45a85e62lhlmj,36F096A18BCB7C209C44B31DD4E056DC
ndh2f940c8139rioji1m82s7qm,3B90C6ABDE82F6BBD0051FDBDDCC5EFC
hrne5it21rp71g4um0vmpcjrhc,3718E6497BDD52FEAB4E3FE7CB9C148C
kc05ikfmtbrjbuvivg7eq157tr,3DB90C203BEE28F7E3735ABAAEF5EB1F
261it128i2vv7sarta4a6qnar6,3F3AF713153B6B84F8E1C5EDF6774660
k2114fmpae5h5rg1qmrcg6i58p,3616AAB27E95A0F7AC36E83A54D15704
akk6vid4h5hi0i2eksn24m8tji,38DAFD01F98E27DC0E3C5ED3519D516B
5snm3adooooa12tdq8dm57lsj2,3F01624DF4B06AED2C54F742F2FFD4BB
2n9p7sm0dh6f7rh8lgpbndo3lr,39F1688BEA071D583CB8575FA3CB4E79
6epb5tisv9loegqu8iml2mo7kk,3DFB33055B983BF8CA46F98941EC872B
fcf8l3p5vg5ri2f7skjjgfbbj,396E890D4BF88E888A7F15B275A290A7
cnudvnfc0a0hjd0nqs4o3saalk,3B896C2C1B17E978A74FEFE9A55DFEEE
ngojureh1j3o17pmkqb0gtqa6k,392816E0DF1C2AF228FD57BE2D0C65E0
ac1sagh8d4po9fc0m2udsgkmod,3A22B3509A34D23B7798501C1C8F9E87
tjj3r1bktuil7m345pu726559o,367A944D7E74E47060172A88FBC92287
vgugat11qv8jei154e3e36f88k,3C1E6E08FF69BFB92984E4F0F2C88CEF
16moa4gvjv6tpm4e7dns9q98nm,3AFEA94DC592FCCF4F84F601710A6382
1gl9965345ecp9hejqqemkpsot,391BE48D78F2DA503AC5B0B8F4B79BAB
1aar6jh67gvflsl47ogmj2ievt,3978F5F9BE801AACA24ACFFE31189253
8gnkvcqv7f373a28lji9824e80,3998AE5A587E5BEECA9EB0814868DB17
r32sqifsc35akc5kv6241hacm3,3584A3D6D4E1DBE83829793B6F4DE8AC
2a491a52r87hk8s0qt6tfj7nbg,36DFC797F6A02AD9C7EA560B1F723E28
5mnva7plo7tn4c4ktv77p23eu1,3FF0A0D3B9E4696AF76AA16388B7379F
bdbjegagi1sg7vvuj31c8u1lns,3AEDD2D57B6FA91DAC552D3BB11811EC
vbd0nq5942mm8sqsn2ogmepff5,3C858483AA1558215DBC2D1245AAD572
l71pk55147u6nor3o0qs28m0uf,36CD6E8252A4362900E9DB5ADCD5E0D8
6nufd47pa88ehk1mm5bb0e42hf,3E52C4790FFB919569D037E6AB9FB555
8m4qsbthatfiaqvnij1hrmlldu,3575C73282137A2B499A03A5F570EFC2
fpohmqh5i9a5bu3kg9rl50tc3r,3F7A18059932F6CF16DC38C8F3D60306
s1508o86n88bl4skee61g0k0h7,35B1F9C242B74E66AC94B97D0211F9DD
5jkpkv0hj8rga3bd929s0sqdhr,3ACABD38C7F7AF3AE49E7A3F367B7F88
anvrek086mrptrps27unvgpjk7,3EB164681A23F61A3885092C2A801C7C
8s36lcn4k5rjq0j3mpdjjue7o6,3A88E0A43E529D38563F0ECBF4E1C121
qmkblgsqd3pkc3pjaprba6r3op,3D4FCF7852B08E7D7BB767FB04EC6BBD
3e294ihio10j5g2a2ph2idsfqm,35AB3603550766E6DF5397B79310593E
psrdgttungg1gpp7ofme87igb0,3C06BA85FC878653FB1A554BE3B00793
3kbmr9elke1rfase8l3p6j3ndd,357481EACBB5FF163FCBA98D2F49458F
94aok5mi0ncc80shjfk3pidiad,3A6531854D528F751031CABEE8ADF805
end6i00mjmul1faakn00ibnm6p,3F2122F9EAB77F813F12E8B52004CB10
39v308f5mcgvmpep9u0is6cqi5,3C771AE8FB21DD25998FD8964F2635E9
993844oppisg8piresknakuvb9,356741116AE85B6F55046E1F7EDA9915
prjckqllucppp50dl9lf3gf63q,35909D54BE8F753AE64167D3F5305653
3cmi9tm58mev69i33aqh6a17m7,3A011AA45F0606C6C545DC500C58D882
5r1ob7ub8fcraibti8s472agdg,3C2D7751F386B04D76E2679787A7CB2F
1ru7hp36r2ru9rgoj1gh5iej34,3A6E7634E66E4436C2F8A1E4C6C59CC2
pipne8ueph9uo6png876o8aj4j,3C31BA5B29A55454D21E7FD59A704B97
qn9113l1euubqjveg2p80oevd1,3930222C29DF3F22324736A1848247D9
ua0aqklonne2rmc1ms75e0u6iq,3B2610818663FCC94333DAC523317395
8bmv254agbt1mhb5hl86r0tuln,3594B421B1AE682A0701AD42BCF92579
r7c9215fl9k5vbh3a5m5ql6q0o,3CEB6CC6EDE9B6D9904DC3FC525B1973
aajcepepl9l58kg8joaabtoc52,3D5BCA8D09BAE1FFD7064C6EE9A506EA
fu31qi9phv4njufvr1bhitrdgr,3AC72304140AB1656B2A4C5B646B669C
56m725mefdf7mkrtnig7dqhlvi,3A36847535301EE76C771DE7A07B2F77
aeuepcnn89gjgce7vkqi1osj9c,3EE6FE093CDF3DDA11110BF6E928A25B
dbgj87ibu41fhb74e1sa81qng8,3E0E7DABCED09377E55E0B6348CF201E
psco571348rvv6cf9t89ol1c8e,39E990BCE068C6F8BBC75BD547AAD25A
btiklosocucj8nlk2isgjfb013,39B0DABD386F9B3E6D9A9B9A5C4F0B6A
i5mnnqmvh8691fsruaea0o6355,39C57E2C7E8F1B76D31DCA0407B6D310
rfquetnsag48u2udl0rd3ivcbb,3DA7834CFA89A8475101610A519725D5
peaehtgncsg6kj8o94h03cajp6,38C95442F4F162BFA48788215B6698F3
mmi2kiuu0niamrg1ml3iibub3u,3C5F273D08D98B67D7446A48F16B24ED
v8unj7mq2ijiukmrtv4m4r7acd,39C0A659C7868713BC9DD29E2773C913
49k4jllvgej3j5opked51bqjjd,3C54A284473E835A9D088412B0A22C6B
gj07b6t76c4rgmencj7tvun32p,3CDB25EEE90B7D66EDDF2CA1A4F416F5
jl3jlithbrbt4u2dg9mlr0shmt,3CDB2F088BAC92B7840202EEB38FE4E9
uf10m1iaomo1fhpjrpadf482mm,3751FB42266D4C28F1EBF1C03389186B
abibaeo78452mdqetl8dmgqu8a,3A8491C3E3F1BC485F98BBCD30B99C28
pvsqjhdie81omriiqslqlkv64i,3A399F12064913CB3F6875D0DABC0A36
91039g5tikmf56q0e3m462dts7,3ECF0F37643D36B7D53E65FD1D55F639
b8klhmuv88smimgrgrk37peb4c,3594DA0E282110AA193F585CE8830401
2cknvq0773kog01kl29hqd8pl2,39EC6EE6A4E0C0F3E251D358E8F420E0
tdlomasl9645huvj7gd84bb19j,3B44E907EBF7A18F1AA146D939ECA945
7na2qlv0kabeh8fkckr1dm7b8m,3863F7B4DDC56E0DAD0A07DBC67AF7E3
g30eje0erehakoj0nf781akt9l,3A207B6961164E7A090DA96895967288
3juoukcth4aor82sht11vpm9u7,37500C76A8ACC66711C896881C1C8757
jlqolgsi8tguj0u87unsai5qmb,36AA10738F8D839AD24EE86DE6B41C33
agoqr2511u2qv66gsodi68h1r8,3E5282D7E2A9771886A62AABA38AFF71
18qaqg39o843in8bf2fjct1rl1,3AC3FB78963FF64B85150ED4D51BE4CD
euf0704d36ikga79fc4uea4ltf,3CEE5976D0713A547576941D558A49D2
o0hqm4mgcvf7lknlqjevrbioe9,3E2569C880DC9C1D0EF32952304B7CB3
bjujj49bq8v5rs6q9tgn5juqpe,3F156C151439DE0C1F546E717DEC6121
v2t5hv19mpcj5cque4ps4evij,378C5DF42B880DE58F540D82CC7672C1
trgqs1k22mqfi5mklpg68vavmk,372B3215E20AFE74D42F1B9886BBC534
hd8jaau9kl0d38rm3frpo8nuv9,35AC3BA4AE8307CEBEC6A908F0E6EB6D
i9fp7n5u5t7r0iltiio4b0pnuj,3AFF9FDB2B8624849AC894A9BDA9E2BC
i8jvkc0ohvsmd3khk2s8nin165,36FB765E78628BF49C637039C4649E57
9sdmbtnh12p0ff70hg1alh6gre,3F17FE42078133F9BCF7CBD8301D5844
te131nofkq5dv8boel9hsd1633,3D87CD2CFD0C51736EB44B5EC9489DB2
udheimuukic933qdfuj08eo9or,3A6D6BC30A170BD1923DA3617186A31E
i83tge6c82dkje9ig299833d70,387D76E7D753754A8B9A375E4D9F380F
qqgk0siji20tvgre20ruge7bdq,3F035D240C77F9676254A14E03789166
ioq9nmgijngngo9tan807m0e0h,369AAC1DA09359E8E9448ECE5B330218
k3nkbmci0qpb4c5aotrkboujfj,3F1438F635A6339C280FFCEE5D81C478
igas2e23o2fte35r5ogtd3f4cc,3BC346C4FF9F266FB7DF4A024CFAA84D
h8pr36ght1fl0lgrbsljkfjpsb,381C45E9262EF4F391C73C9BEC9A3499
a9ued51j2agt4b4sp0t5jsv6g4,3EA2D2000D2753C9709ED496DB2D7015
5kebqa8qt4q7jb2v7a2a2f6440,3B3A9328461217285D35268EC047F455
92tejson7rkavblm5jmkrsm3or,39C485A12924B215EB0FF495E7620071
36iffoeppgel3dc9jkuro09j2g,3C1EC3008EC12984764740C584B0786B
sql1k5i1rg7el639uhkbom7tsl,3E9ACFAEECE87B39F9BDF2573CBB594D
5c3qvmea2cg68l92iuv4tkfppj,3DB794036A32554E40F706EE8B608276
hrne069cc9l85is5mtbj3nsivj,399AD1C352FC68CE9ADD4568E1AEB413
gqk2j2fdbo6cu60at602hs0na6,39CFD288774A1EF169EEF004B777B62C
v6f93qpmoorldrtof76r77gfos,3C0091B3D4B94DC42A302AF0B5B19EDD
rqfp8qt4bvsk988eeu8852nonl,3CEB242DB755F362795EA9EEFEDC73A2
odrm8e8pbqrfn6aqo5bcdsuh2t,358B483C32DEF3DA2ABB9015AC390FD7
vvh6nkbqdjm5udumlila3gmgvp,37EF8035CEF5F00E58F004D54AE7B2D7
83i1jv5pcgbijkbmdvi34fsmth,3D165CF1E488A2B797448BA473E8E3CC
4nsmgvu75jt8g0ft1d4fd2c7pg,397DAD1AD6A05FBC1AFE69929E922A83
6p1kqiiu5b4jru33uak2463qas,386DD70402910A565251F45652B9B7BB
7q5pqoj4i45nmlecddshrsf70l,3C10CD5F8212D8FC049A438724809FF1
8va846ro27c7goua6q2onf21tr,3F4DF3D8D9C9DE911B0C723D794A54F4
uiqqkcm62teheau4296c45u1mb,3A3334349C1554473AB70D0AAE278A36
1ctbflmsqbr2gbr43sshu3jaa9,3AC3089EC98C93FBFD2E069FDF36944A
prmn7ggbstajhsfsnq0essantd,3B403C85EF4E3D11D9F5455C28A91B48
e64rpl91nu7jjf9voe46sd0l14,3B3902D12AE2BB4A506C895C24C0CE32
cg2c94066ag1er0be2c6ismgeh,36270D394FD336540CF0BF785B8FEAE8
sroup74euodnrei4iu4hhv6v1m,3ED969743A2ACBACE39CF1F013D2274B
21jvc6emmh7kr31k8ilkn1ds0e,3C5070962F353044221D3A24C2428378
pn2o04il8ikqpq2fjumem6cb1f,383416755143FE387A1673521C6D57CB
vsfm8dns4osdpq8039hkh9nlr6,37F475735B9E286F60A0BA49086200BC
i9s0blih8orsd5uteet35dpgs5,3ECD9D4E359D3321C2AD873C69CA45B9
fss2pd31o0t5rqvrmp2dmlb398,3F5687D6AD048BEB081878F713812A50
mjhk7pm1mt57f7ngf8r8a4jgd7,3BA9C7BED8930EDCB53AEE754D3B6EBF
ke07q90bjcn9ql60qbsrdkghpr,3C126080A2AA3018AF97AF5AB1B8BF36
3ur7up4isf97hk6s1m9156qg38,3E8A31DDB78249293A1246E7FEAC3414
or1237asu5h3j2009ikjhs75kp,3E1C8391FCFD712B2F64C3446A178972
mpluv839m8201ktcv62cedhojr,3D3B584C468343DC279DF095B12E81A4
qi5l81ftb9iiluu7vb6aajcn1f,3D8003A68C042D3E6F1B08F034DC42B8
b3t03au1t9k3df83kbf670vrav,3E41A2A518DFD5D0F2A23DC31EF4803F
c35kbnoh6jupp6iimo8pmckmi8,3F740DC587B9F3043DFB6CAF061EB87D
qn65s6c8c2ucemhmp7a9fvl2,3B1B3B16C2E8B0B23D69A7569D653E19
a2irqg60klnvhdf2j89o61th81,39722852E9B0404FEDCB4137D29507F3
ccumts2i52cquhjij4e4ir6pj6,3E805FB1B8CD6A829C992B0A44BD268F
3rbr5rpb584sctoj60dh0j08h8,383204780EEC7FE508FF64E875EC8D4D
lhthgigm7r6b9bn229ek6hotvd,38B53889949580F078B5646AA2A8392C
civ2erm5t2osrfo1pm1lgagf3j,3DB727A19C72A5ED8C26B756240FE29F
e4q5dr9jl29h0ttnk4btdr8r6o,3D313A0D4AB1D9A2FFCE458DAE1B2711
q17e53okkqurj2uoascvl81n2i,36455B6C236C1A6EA84CA7006910A7EE
m1bue1uvuev5i08qsjl0akksku,3863A675ACE80B6C9569DA576217DBF2
8jsv8f9hnun4cq39l0m9nchtql,387E16C7366BE081C4A1DE69C703D140
oh35l9v8lj9qn07j8qkbg527av,3DEB42BD9EAEFB41606522C87AF5D48B
d2d61u8upvhsfj57o5o3ppn1lo,3AEB607BB312B580CF2623C76FF990BD
118vh65uegdcs0gsdvcdqio43t,3E1AB204DB4A96CF20925082A517B11C
hthl6it0hpba20qp7obieo3kf,35B69E8BFCA0FE865FC3ED064A93FDF9
6t1qs8r0r9rhvblrk09ncrf3u,382018BC31E62D2217450C5D88688A76
hu81j1eu0iaq0i27fuo45auhnk,371F1BC40E9B1BACF5DD2F65CABB2EB2
dakpk8o4vhvf8jg5ddkre5ueio,3DEF89130C0C8F613A940ADD0A9CEB15
bnke8m41ub466goe0195jb8asr,380379740EE3D6015E8B0951454CE12D
3lucuag034p28i0on0macattp3,3BA4012535B478B5ABA02CE24DEC8F41
qaovoik8b35d7c4upqogdcj1v3,39694067490BC1F6758C7FCD5E569FFE
airsou46c4hjl84v9sgq80q935,3E1D23DAB359722EB08280639E94F0ED
js26h2gr8e8usbliubfpd17nk,3C0A4876AF0FED33EB059F838D88C1C9
erje4imi03hrm8cse2u5m7qnpo,3B86504490BAE4057C32200D31A360EA
qh55vfrlmds5moamag1tk51ota,3BC375C37CC1909C2FEFA3548FD59188
e3mpk6s94d1lpec231o4gjmgr2,3FC1B27CD93FB60681F896FC3A03DDE1
s2jv6k68hqlkmlojsumr5bkbkk,3DB77BC93B57999F50FB1FFF343A2E43
juassvj5cdao4i6kavk1c64m5a,3BB28BA5F57463A0DA60A0A436BD6137
p9j43uv7ejs6o7sf0vuvl50s04,3C527B2EE21BEDF4BEDCEA20EE797E4E
7tkhenvnt3m7ako8ok3u6uoo5r,377BBB08E35AAD3B1C066753A58BD6E4
jchbfa7587cma5vur0eaeokea7,3E765235F92F6A934E41664272CEEA05
65u9busedn1da1p8ke3kjas0t,3D89A4F755B03A6847BA6FA2A07DB19B
f7m2bqpd3mfgapip2bvedr2pag,3B139EF2842FCD32BF9C536F28570D6A
mbibpo9nuvj3hml84g4iqnr2l0,3D0286E6CD2B09CF7719DC5B48423DE1
5o3jba49ajdj60d2um7fga2mqo,35E7046CF9C378F948860B4E87665A90
pus5upggg3p5s5r1s65cmjbehm,37232A5FF2B97DD855D8C2D399069804
b05n7jvq2nv9lmk7cq16f9qrvn,3A0B91019613885278FCE08B6EF391ED
qodr2le0np0r14684ab75r9hnm,3E47E75CB2539A3A9BE15CD12D865B0B
95tfhrcriv5fv8qmashc0d30ls,38071F5B279B5CB5BC816244A3C27D97
dlu04q273rugajidbefjs4f7fs,3A079E0B5D6CF93E8D577647AD78D316
so0c2h1ii4biv28vvqsjf2qsb2,3E6D3CB7CE6334AFF393259DF4BE72E6
5rklvclo17icbjka0quvr4tmnn,3B611DD15B8E56AA24E86F772913FB99
6hi6o3e510qofcjv0rd0o3lba9,3E2AD1F0235CD1A03A5FE66A537782FC
a0gpp2uhm4p62g3pu8h8sp076g,359F76A634F35D36F8BEA4ACA40B1AC2
b07etppilv40r9l8mfdteh3dc3,38F79281B480B9799D010879C1EA12A0
epjr0nbq7idoqgqrags0aj5e7f,3D7790F3216147E478891F11B08AB8E6
kg6lab9v02d0onnprgeqn6m0jk,39F8DED391658DE91F69BC5463B92664
pm4s1n3u5tlrd202fcd60aajq,399EEECE76BF3F353A2BEBF5DDDE3BA3
6ui5qifjghakr2g1tk3kem18bi,3A7EC468D29347450B2E13D548BE6975
j9itk7i62d41gs089aurblafj6,38D11353EF98204D44777F2F02E43E5A
pilgho3iep44q4f9mkhlr4ktqc,3ED55886D2F5C3327C2895C0CBFC5241
1s3mtq5ujk8fj66rck8bd5sdb3,384F6150AEF62E9313DEF0042F95EC55
lqq7o2rcl8f0fcvlqdt8qli9qd,3DC30266F0C9BA747A75D8A18068CDB4
ia0n23gv7vgd4p4asnpdmecaff,35D94EF636914F118A979FF5EE39EE84
3dous99164lhtu1t16ipjofcsg,3A584C07F62396627ABF38587C7D0613
l4pv0m4s43dr2g6374sntf08pg,384B2C28F14FEECAB9BB5AB8A7BACDD2
afo1fbp1ujrqh1oid4gmtbf421,393BCD20D46D7D97F084EF7E1A387684
dss4q3p82gcod2ofquk2rlqcc7,3E5CCDBADDD0F5D22A830CB221DEAB31
fq5k7ulqoa3bbdfi2rbs9r0brh,387C77F15E1A0566693D61BD95741669
g57tbqe5bamhffh2ise9saon2n,3F923D4798FF02A3B0D3F2FC9A4B776C
ppgnqm9d39lag06v2bf1gkali5,36491E1E0E139296D0E70FE892F9C086
qi4hjr0m70u7b3978iilbphoqi,38BF9E4BFDC4C8213202D00F623ACBD2
hjbeje88g1stfdagm6grdee6is,397411C8184DD73EA4D7F093E53C6AD4
m1oa3vr66cngfhm3bncuelslbr,3D084CDBA1A776C1D1F6FBDD75F4497F
439hdhdojsdukkraj58qaljv47,3D891235280FDF218C5C834501F3F5EA
7c318diqroi82q37i67jpgcfe0,3EAD79952F73D0A9718B6F62B99F9B74
q8iriodgovi7u8egila32v6dqp,392BCC9DAF6376EC68FFB19D7F5F9035
m76t46gv94o7vop8sj5i57cis2,3849448BE56F99C2C731EC333A9941BA
gkclc0s0p7lau39jhije4ppoc4,3AF17ECC4C99E15517E2EFAECE7531E0
4i677esoo1mblo1blglubo6d99,3D0247E6C2416D8477F0B3C0CD9E7A96
3i1ijpf32niqrcj6hjtd3crsud,3DE50C4E32C731AD08D925A3928C382D
gigvjqq5tm0b49bsrspibtdjd0,35CD5CAF5A9FF0E833EBE570B730ABEC
qjiti435g0u4p9t9j2hhhk4ism,3F07082DE2ACD10BB9759D9F8A60D7F3
rou6600olpt9qfo0sdlq3rb9o3,3B40CFDE5521C4B617F5F84A74F18492
2k15vvemh47pnb6qd2cktlem5o,3BABBA0ED47354386884E98E2AC6F465
klbk971khe35f09t7qh7invdom,3FD8BD6963FAFC41D791A009D3C90558
r5f5hsfa4glab3odsi735nhmcm,38C9DF9E0EE106D06ADBE57CDCD4F427
bolgal0sinnpqmktqf98b7kcip,3AEB44857FCF89D1F111855712565D40
u10ecabqupj7a2ontrg51tab1v,3B4033302A6DCE0F0D1CB4A0415CDBB9
p70mvpqkhsat78tepoqvb7vror,37E7C3075D2BC462443C4846CFD9CFE7
s079ajsl1m5hljuof2925pifii,3C5B78C310BA749509E690CAF48C430E
ao8dc3jtvld4cjsqf5iod7oa40,3EE5E17D69C72B78D8D3CD3F89E9A964
ngqaoag315jlfo98fnm2o5m0ji,3D03C6970FE4A3C6CB816E4C5A81C6E6
l1i063ih5udoe28ntccf6l3p68,3928F8B58D3C8805D316B607A26D2CCB
v7e5oqdrvkilqbdgbnkjvomv1f,3C17C5E0175F14604CA2768B7BE4A259
2c75cp7kb5tag9flmogupkvj2,3E4AC8CC7EEC403F1F3B9D07AA2748E7
7oigh7ilsnb3pdmou60jdq4ke3,36D421E717E96B307B3B50071D8D051F
7uld1eb0pj4p9da4hdkk88bfff,383B609E93E92C321C1E2DB5687DB27D
o6mmgbbml42d25phkvp8utdtjp,3A9EB4C6CF7F021B74AB25B1EC3B2F42
7aj5lr6ubu5nm2f5oilntak102,3CA480A7A30016AC19E3C49FF089B02F
r49n3j4t7gor527hbq7a1rovn4,3E5EA9897E555742E6291FBFB9820A40
o4rtpm73773uki6846eolto4ta,3B7189C29E7741E54CFA692EC26E9E58
70gcc7tt8vitv1m70i1j0p3htp,3DE520E4DE4E1921787DD8D7C50D3697
ohd65e2dqotp80fvop9q8toq99,3B5BC20B8E474B6997B134D6C7824A71
pc9l4t7r69r6qu852ftgicctd5,3B20CE79CC16C285533FA49C2C34D94F
h0mrvhe7lh3rq1ketooldkcdq8,39722F041B908D8228175D4C8F64537E
2qa23ajmpf61cqg604m302v2s1,3CCE04153540F60C04857A9771201317
2as5m20nr5ijgg603mslpp16ca,3B6AB6E83B6FB3B36703E4A35CE1E9F4
p7kcvc3vighntkvcrffc5rgoqf,39B9CB61FC20AC671A69D05296A393FA
k0071m9110vgolgn6mdtqmvrsj,3B5D0301616D1CA55EFDD34A7110225D
91bsts5i40dg8vhqpaj1queihg,3AE430BF28E8DDD1FEA0204C2D288B9C
9fkhoe95cf84b4k0hum16l80i8,35D49A54706241F78191B02F4711E630
a87lsvahmevc7fvuvq9d4rl058,3C8574461D3AF04C51A9DC80C720AD15
f9uqqq7vgbcveeq43ijnslo17q,370262A8BA0290F3B754E157BE001542
5gi3l9ve1aopjd3doa8vttbj6f,3B165494F6E90C246D46B710C0F77E1C
17j59f4gl3vqo9r812kpml631d,3BDE5FAE82C153A783AA15DDF1A807B0
sq91hlio8l309odvpn7ct3nlah,3998495FA4C086A05BA165A17B0389A3
1sfp9qq13070cuge5m8k2gucg8,3AB38B67C4A2F14D1DCEE21CB99C2B07
hm2j4urj2mm6pkbmt5tk2va256,364D0C8BAA66947794DBDB2F600D3EBE
6bq3n2bv81pj8mq76bahmkl2cs,391D91DE67EBB7B15B0274D9752C6CAE
o9mimkbk63gth9jianhl6bgrpn,38CA4862EB28C6F89B17056A8212E080
ljpl9vitm8mqsum633pm294762,3FD4763525951CC7FEE8F3373AF55C97
23je7dmjvt6hvbg724qt9am94b,38C23BFC9878E2A500C039B99891A6C6
p9nne72pttp9h19ubm1ka8iviv,35BE6D0CE18A4B167CF565D39A1804C8
cv1ipa8oh1q2aujq1gmbbdr6vq,3596704B2C802F227D790680359D4FA4
d0fur7r3pik7rb9q1h523a6ii6,3B862CAC3B0EE5E710F3DB6C17E4B901
r8ms6bj4paukqnde8r2ccqvar8,3E954FF4D926D7158DFD1ECD9807222A
hc1m7ii42n49r5shi9c5a51qvs,39A5CED34368A9C60634040CFB849A62
q40l2tgh7ppv8clgqu0n1sm6ej,3E4BFA258B55F1271C28D93C8888E3D8
uuaplcnl048hi9gi9houp0jdl7,3D0651427ED87E63E325BCF034B5CB31
h7pe79diesqlnfbn6thv9c7kfk,385975F3D3DB6AE3F1B0F999EAEAC2C7
jgvlkuevnt90jqote4jm2htpl7,3C966FE0798816FC013898E18FB1D334
b7djvkgbbijqnd77pukhvonf6r,35A6F8F503619B1BDEECB6ED2DD289A3
rerebijo7pimeqs7lpga13ui4g,3641FD1D0A827C3BE7564956B20307B1
hrs3pp5ddqdusdm92dcarf65h3,3A142AC7A095E147496EEF3682E3FF49
1gkcrr91g00e7k3npfkcmu2pi9,3A86327F31FF59619BB9B154DF7C6484
9h5alvr8ngor5v04rdu1f7vmug,3D49E442472C67FA9DC26C534BCD3FE8
p86rle9bh2kdtjijji0tc91ihe,39A6860B353B930E508C098D0CDF974D
cvucu1mbeeibcjl1eamormpkt3,39B9B048292E56D90494ACB3A5DDC79D
ccq5oafqi87oi0slba1kbo1jtq,35FFDF2522B2985F119459997726ED7F
mtpp7mnbfj9rkrphokvvo2p2f4,3BD6131C8CABE26C7BBC18D6221081FF
m0dbrmei7eu26pidbvbs758qje,362EC862C81567EF6D43D12FE143C5AA
s84vkmkop7unhlsn0h207cqihu,394737C1EA200B00A99D3D2C17018993
8ord8vp3mj5edbo4tcdu1ocong,3FFF0261DCACD87FDB8C4BE794D9F886
u3lmqa9e5gjamqlqppql194g5k,38D979B7F79AE9D4DD5509CC16A70385
lnfmkuuqorfk75l3o42l8vcejg,3D264A88564F94638F0708805248297B
c99h6p0f4qiqbjfgp253gkq0d2,39F0A6DAC172C21D9A5DD53B7382E925
l87fedvenlp5gg5ongpsts9f9d,3B45849A40DA8BA4BEB549E806E4C728
k82ldacij2f6alvjil8qc5kr6q,3808DECBEDDCAC2E22674EE02FAC568E
6i30qac3dlsfvral1hicljp0tr,39DE6DD183BE2E0AB656124C8798759B
a9m93t5u1f91ju6jo4l4evo0vo,3F0B9D13D9F96BC8136D6BD0CE2A6837
men0dpjo42c9ropeknuu6tj0r3,3C3D2035C8B2B284048F2B913DE3A5F4
41a4svv5c5f8t3kb5soddgg651,363830E867E5A3B60B95921CCC4F83F1
5ck8f9ajr4vsfekqi1ocbenvia,3AA035538FDBCFFBBA46655FAECF728A
j2i28np1af9th08gosvj1atudu,3D785E50042C1E9B7C689078EDF19619
i8ckf0hvbaenqdgjfo3rkp0e2r,3CE2951E60B37F55C78A0B17C449C251
121lh7fv7s1fbhca60va9hbqsb,3E01B44FBAA1FF6C9D6D4D3667638984
i0u1qmb44vto7v9s4sjm6r0gq0,35A2424128D6756126DAE4D250FBC713
ror64s11ura7t4ul2nuibll3lg,3B674EFB8F32E67B7A909E018DC56FE4
tk6f3rbakqkdihh5jnov8qslg1,3F95EC3318062DA3A759457AF81CA481
1u2bsc5ikpicut82bju2lu5v34,3D3AF864CB37D59F8B981E91982B0A0C
4imgg87ten279prjuu2sr1an4t,3618CA5433450D174EA163D10A37C825
tsbnbbj75fp4ucgd6v3i2e7u7u,3FC94CE49DA978FE8E630E93F7D836B8
onre98joh2k7ueprs4bfkuevsr,3773867B9A77FB28438DEC77983EE95F
2dntpia40f2mpnpc31ns7r9qst,3F49F0E91E14EFFFF2A56CF9A4DECC58
n0bs7omd7k4239rkcqvr3rt84,39B14124BBDD91BA72F03938E938B02B
6gdi675g4p1dgtbcqv5qijut71,39AEF2B5998108149D5A21138E0FD09D
fm9m513ol3eglh5rm6rndhq8id,3B8DDE2D29E1D3F0F9A6B3BEC1B0D113
npgf9lsirle07vvv2jif375k3g,3E22694145C6D3FA7F32DE924DB37494
a4skn8p02tgtic2ieellrskbqv,3FDEE83E5CEA5282A2CC5136219F7CDA
3of02ubpj9nk3mcabpr2lg9lf7,3E0090F5D37717822BE19527833B9D11
6fucuke1aq8kgotfrk2ks2pgkj,387888E5CF7AD82E6608AF47D120B5DB
48ihqhlmls7h6h6im2qme0i3vs,39CC5BBD8F1361C2BA4A14008743F002
pve6s6gkjvudf7huic6pat5moh,3C125231E8C1CD2F86ADC34E40A8255D
5okuna5b6d0fspemlgr8hpovbn,3CFBDC55467BAA68BE78FE08F0A5CBBD
7vclt2k0dmjqbjnu150her7v64,35BB907948B84431A76F2D55643FEFFE
85pqh9j083r8pdrame92ft5o52,3EA8B30AB93348BF2EF8E4579C8067F2
13lp8qlsvpmmnr2mkg5lseebg0,3B05361D73A70B2B374B1C5456A74C9A
lgah867pl0s29pprb7qphqttv9,3D1B8D3E5657336AA3096797B7AF9A2E
fn7n7o5t30rpvm3tjvuc3kl01a,39BA267061F17CFE415D1BAD54473D44
tqhvq89q8g590nstffo21s9s7m,36C1EAC4DAC8607118EF4E49CF7D1D38
tv9av69617kuqrauv13r3sm9oj,3619902CE1E836AEE267D9C3E4194F65
1pfeaprilvmg0clk7inipb7am4,361B57D63BB8530C88B467C2CECCCAE1
cp7qvu9espg71p1ia2api6o11m,36C3DB1F3B63357C3A24A809A10AD68C
g3ugp1v11t2cfe5e77skq0rp7a,365BE42DB3586EA0F5E6776A37CBA6CC
dlsqan0naql11bo0blttsrdb18,38379DAC38BEA28CF0611BCF40B6BB9B
adaao4j3op92e916f9k8mf88oa,357066FAFDD2036AAFDC011476E51D7C
hkijtghdf9bi197td4n0ujsjt6,38D6A12EFB90F204841E3691B03F6DAD
4g22b0lqtdle27t6qubn3ig7n7,38481CEE10B9345E099120532346BB11
9lk24i68na96pbd3lnpp3rsi41,36958618395E9F6FC365085CCA2D8FB6
fdnbcn7tr67eiqbprislolf3fo,37C3EF51EB49ABBEFA7F0A984FCE0293
10nd57q46g51norsmgpqsjr9eb,3FA404C388DA0374365BF6C175EBFFD7
730lehs38qorjdcfbbpb9vuufm,3BF8F475593D9AF7E117166B39E19BC7
vsmcbj84hga6viagud2g3q00bd,3839D4FCF4CFE98CC837F88AF26DD1C4
d8cg50vdp362e1sqh7osdtqv1a,3C009BECCDBEF9772AAE4446F604AB72
3pt1lhamghsqtu5r9gv23imbo2,3ACEAB1802236A881240F94413BAA68F
a5icu9eihghvptr4j3nla9kjf4,3E1A820F491B0C54F181C286C21649C6
7pqcoae70oqbuclbn2rlb0khvn,3B49FD1FE1DA8C0D49AD5833860A0918
43mpanaso93951hhdefb3f0npm,3567E50B4426BD36F0F22EEB9C26FE77
po3hca5ijbi254p7lakkeojkae,38A87E8BC14E74C6038B578D8828E2C4
7u4jurf2o2j49t32hkfc4onv,3FEBD4A8C5B19D65053E5E6F50266F85
27fijvckje7bfmn1vomporbu7l,3FE4777819ED89E615B75A3C7E7FE540
2l72dnth68cg0f5bkfgitnno5g,3A229638D6FEB3CD80859269CA349149
idep3090evi81re4qag1kv9tva,392AADACFAB44695FF60AF7FC373470D
hrdim3vp0pcfa846pcb42cfufk,3BB9E7B8BB129FE70401488AF288A858
iu7hrgfn92rr9mdle80edfqhg5,3E5922BE42F1584D4DFA98E831CBD23C
ikqacvb1o8gh7nvtj4c5o7oubo,38F773E2F25FFB4197A044B83056E461
vmq69a2q5g6saijgjrebd17dsi,3869F56BE950D063573A0BDCE8D56A37
nrphl86ohg4j0ejutjjuk8um5j,3AD324FB7F9B0886A8AEAB38AF724535
i4p30juj0jg2ejh8docbv1adqm,3D4631052CFD0BA610551905B61F1B01
a390pv2mglcesh13j63pb430qb,37D7F41CBC7F0ADB7FDAC8AD784F6067
gqkoegctl0sibf9e6u7ht5i3j7,381995854ECE57DC9CB1399AA41D0D3A
4mu5knr4hl7tsv3vpt6mh1ie3i,3A2A95E88FEB60F56B08A3CDFC6C0962
6aikspa5plnji7hmuorobbngtl,3B1A4885219B1E5037302E47EDB58840
rvgk2oncmlafqsvgdl8d9cbmaq,37E8F5666080B6362D1BCF8FE5662243
b1oc1quu4btdqah7cuf419gjkk,3774E8B4E9558DC2AC7EF257064F2842
h5lihjng5mf6heogb28dbrtisd,3FB0B6A8FDBE1E3C7E6DDB55213953B1
aa2qnva5hbrug5vanov2gskmji,3B98D3EC12DAB5D5D1F3D5BA449AB2EF
j3j9mk1jfe0asdesqm5b8st7ui,36BBD572C6CF8A524A085AD124E1D8F0
d56lp7mqn0igrltnmdcehj887d,38E5F9AA67C012098D6888616121F044
84euo18o30rrrqa51fkp22octk,3A201E3C00D48D5C59E8199B13C1718A
p62195m0kp90vt888077r66v3k,3F6E7FBA4285E8D44113595B7C818296
ccipr2d6c61uvnusi62hkdrntv,3A670A03E059520EA64E52033F6AE47A
i4vqrhpedq076gvc6csojgb0vt,35FE3CF0368172FC3EA9D51DA1579DC9
b1eisql2dfp7avaba7qa6c845n,3EED5137D3CBCB3BA1C84F197BFF2B20
4eo7itt74en9m7mak4r7o6aura,36CAB0DDA15DBA033271D89B70FC80B2
7ek4htdsd436it5n6gklf5vgu5,3DAF097639E78C387C8EADC7D2188CF1
4cpdncf7h7lun5euaok296o8re,3C35529DCD6B5277CF7CA93B1E9193D4
42h5637fkdl54v4iof44qu2pa0,3E5828390FA028CFBA24F3313B0DD048
fg3pabnevh5eqlgou29j3f1jv,3AE2B04DAB05800930B237545E5402AC
c4m6qh7pee7skmrldln6mpjj96,371EE352BEDF6FBC38ECF434A9A5A932
sou8fv3cteckgjuvkoqav2apln,3B209AC551849127EC8BB1A8B6E58CE5
fqnsjf721ib3afofoaberf41ch,3A7657B60961633FF958D894A34E3A25
m2n5rnhln6j5n20annq7u9bqkq,373AA667587DE07D8B62974FB9DB0E1B
uscojq1nkt6gkooa0dpgd2mut1,3D497278F65AD2BED5BEDB1E888B20F8
u69pco6viq25tks4kra7f3ugef,36652449FF32D2F464AAED8A906977FE
e2e2jlvej2ush0pb1qods9hdj9,380ED277AE360F8DCB68BAB7002C9EED
8nvkaviv89g8hiusn5fvv4okr1,3A79F8CE6AE07460F1026A1B025A8C41
5fa5uoo8avkos7jhqbqn3qp7a2,3F50968AB4711B9F458D1FDCFB73A065
cn5hm95agru6rflvohefi6610u,3B4D28405DEFF37741F4B014770F9164
qn0hnj08299sbmspq16a3mpgv5,3FA86C65BE7F2ED5631A7121290EACE8
vllm9crddp0fb9otqlu8odovo1,38BAA8C0B80CD7C54ABD974B49710362
68niagvtobnq56lmno958fs77n,39D2A48BA2C17F7D90CA9A0DD0E57E62
km1752s3rpd6hvk61ngafango9,3B278D86132C4C511A1FAFB4A493E437
qf8vq1rf3oufptd2akk76skhtf,37277B690AE87819307E8E9CBA62D893
mgur9s1vgugg55nu2va7u9hl4j,3FA8695E1BFDF9DA02F99A6DDE57D562
rom5qils3ij6c71des5pj01lvi,398FD132458DFBFE14996F09AE896873
2prtk03q19pidl06glhob0cqla,3B48D2D1A81FAAD9707C007D267E27AB
ulkcfqmovl0fpern0npigf8o5o,3D6EA31CDE3E159C8D8DD9B2DA4A82C4
2shars8nqcdfte2nohk2q6ebvn,3F3D16FB94581DA614075B71F49CBD6A
3mqsl4c595co96e7iooq0detcl,373FBDBD8A6187DEAD500018D92B064E
ldp1a3hrll7nr344mga1ib82p8,36BE4952545B5624BA28A93998D69A15
is19nj87tr5sojd3v02iqemuk1,3AA3B0FD010D1F2F41BE9C220E2A83C9
sdg7qc6u499av39355g5lja9bi,3B9C4597B71EDB47A648E1BD99114DA9
subn1k8b79s0ismh517tbul46e,39695697C0E8892AE3E4BEE95390B451
dqmvbnn0g1s51g364n4643tcod,35BECEA5A16377CC397AF4446DF8C165
rkcb8oidvhjmb7ineerc4ninkd,3B33353D79071B94C82671B0BB4CC74C
i1236bitoqg59se90sn6m3pv7d,3BF4FCFDD6662801D2D3CE93B95521A9
s3u3jodtndlddnokkupo907qou,38834A2BC2A7E52AF2FBA693AE469FD6
1slvg11lfrlrse0i0gjav5m219,3C5D511495F794CBF70BBEDCFE4C1D52
s53h9u3odaougp0kfoi8gnp8lg,36D983DA7617B7C4FAAF564867D2D8AD
7mp2f0m0su40okte7isqpgknab,3F9DAFB1A14E68AD205E219E685896D3
chqqg5nlv01rg19lgikesbnc71,367140B1E44BAD8CBF6C2868821C9322
3bpppt18ac73p8669t54a2vq87,3D1DF131F72C299CA9A92C65CFD16A60
5c26nji2p2dgffedf3499b2q3l,39C6B92A68625CB6FBBC312469F46D64
lseje5b548lcft5cql00qef15l,3FDB48BC3167C71E61B371E2C75C7368
dvv21s49ved0tqklaerslkn1qi,37BDA4F80F396B714FA8EA05AD62AB99
vrpcdraugrot0npnl982paokbc,3C96589A53317DCABA9CD04A7B15CB3F
s6pc9qpai3tlcaic39gschm0d6,3F7B08090E2941A647939A2370A51D43
g8i9s1s44lsegi3qg260nc5sj2,3DE8D82E73E3203F666D4E447E400210
536okumhobljk3cu6tllbt32nd,39F5DFBBB17521E7770D79BA40A9925F
vqpuho8e0dpn7pnd8id3iidrv6,3A73FC9E628A36DFAAE5AEF61000FA7D
vd6miqjupela8seklq2ghn18o8,38C5EA8271F217318BE6EAB6D8369B3C
m6khi23j05tjq0n5vb2lfrnurk,3DEF3400C433B8C2612915F78E110CE0
oijeo10djiu3u9eag9gql3mgss,3A862BABCE4228C26FB020F523309D7C
cak0td3hj3f6kb6rqum1brtbkg,39898FC0D1F2158387A5037EF4A0B1CF
egevg29rkidev7pid1e2a7s30o,36E2DE14F53417265A087EFCB47728CC
upbmoufi2op552p2lfqo0r9i7j,394F745255E993187012BFD30D4B6716
qd8m1n1gji7l7ulcqpia5onh6j,3AEF311F98B7BB2C0E119A859CC7202C
uhd250bvagv7dtegafb7u3kngm,37926CF50595A78E1F9525B367C2BF61
k2i2o5h4daninh0tn7kj4uk8i9,3E8499A2B7419A3C6DA7F5B876DF661C
ihtsia4dmq8fphr8hn772eddkg,3F63552327F51B83C7D5438AFF2A7CEF
sudnam1cqk1mgrgait84dp97ed,395A06A8D90A1E17199BD4B334411BF6
8f7s37frd1e191f9ep2875dovu,3844C6BF61C491999AA39B818E52E93E
m3bp2t7nsjenmag0k1mgfpnams,3E88646F3686106A0B82F41F6DB1D79F
42uiopcr78gdloepk1crh7nlq9,3E8FDFCDBEF61A229C0C4989EE070476
kpt2t29narshqvrnbbqqb54lpd,3A51EF01C92199C06BFD126490469DDC
564l6atlog5vq3sn1ce6c16e7o,369C53A27A4B80333663AB06B25D17F9
cae9as3mntrpr228i4jse11hi9,38E9DF2676BAECAA8CE3752151B12EE1
lan36bav1c2ea2rfnuui2aiiaf,39194C538730927CE875B8E2120E47CC
i76po2tlrn4t9hve61fglm1g2j,3ED34023CF3B736B8AFD58B4FB6AE8D5
gmtq34olg1ao7mmrc13t7ammgj,36CF486D3CB652C5E0A3799ED6C3528F
t3979r192ni6oovd246qiifpu7,3E81AFC1F21B92AE6F1EEBBA4652C805
1fd3iim5rdfagvd5skvbnbhmii,3C8C921243596F23474AA5F2C3A0B1A2
skvshbd1l6ae58gm5lgr4ur64l,3A8C1CE1ED1197874865C8DEB3E15F2F
q97o0c2qv1bg5iag5ai2df6tte,38AF208EA6660A5CB92BCDEFC6FFB696
9j4cicddm6kgf7p4v3nipd35nm,3A5C56521E539CD8B4E788AB36F50EF8
ftem0thopl8rak3nis1k0p906g,3906B906875B779219E29A2274E85EBD
pbq55nboilur45bke79vqoid9a,3CD1F844820F8ED74D3E4913EA663F99
3b8v3ecsk5s4h8p0ssj847jumq,3DA322C99949A80F040B6C824716E436
gf0uus94t49olgkh0s3je9oaks,397CB01EC243782D045D95397BCD27BC
9t7dv5ho3k6ksihth3r8b4tq60,3A190F39D3D29089749FFB16788D3AAF
pl8hj2h5uaovbl6sipq6a11qbc,38278931D0643407CA90FE287277AF7E
hbiciupi6emk6ho9lhlt0k1vuk,395A8BA12DD89B061C9B8E15CF7A023E
j778jhpoh61edgmfkfpgncq97j,376B1C616E3D9B58D4D9BE30157CE9C1
8glo0q0a8fljjgak4qpq680ddd,362E153E37E8CFFBD76AFC147B87D91D
chccr4qcuvur04m73sotjskkjt,393CC201E334D945A9ED4D1E303770AC
1jj0fvvjg28pa95l37n5eelces,38BF5CB68A03522B4D78557EAA3635D7
3k08usf51ul018t8puuqoptukh,3C9F7AC80FE91AC9E7280D025F15CA2A
chonvivb19r91n5j3n9l6umju2,3FFC022D3E2DD06745DA1A355EDC3B46
j6bpa694kpluiou66i7jg1p3bj,37125870250587546DECFF16E28ACF34
pg84te15lbj78ha3kdrsclukjo,3DB3EFEBFE901792CC9F606EF360626F
m65d16m0obf3m8vb34c5tbeoov,3656A1E277C04B46D68F408C6513D092
6dbqu3guskvc2s02fqjf6tc617,370B76C96A14F542053A5887FB73E7B2
3qua6legm3j8tc9otkbkteorb0,3DC45BFB53801BB55DA3C245F73524AF
56gd2c55fsv1qht9ld7s2c0rrk,3E0C16D8250580C09D4F7A66C8EF875D
7i98l9nicl9s1mardlhv930dab,37969B73698DE81C9D1292A5B422FDAF
vodfa9ripkkd9f2p1hinnra7e0,3A7E4851BF2B262439828B88275C9B47
t9al0ph9k6775419boote1h9fr,35AFE198852F4F96D6EDFA6AA78F430E
3kq1l2rmucgb2cnclrotacego7,363E5F7801ACDC591E327358A94C4AE8
ttjkrcos6vjbghd3a717g5ajci,3EBCE0233E9F23F121CD3CC31C2B5FC3
ueo43v44mv15e7ajsejjce331g,372800F9254E8D366D28233CADCBD5E0
bkmej5jq8ombja0lh138gjhft0,36A3F08ADB10475E1CCCC912F97E0D26
827rtn98tt1mhoiefnv1pq81e1,38976DD2B4FC2E6155574520179F1BCE
fbms3jpa86sqpe739sn8bl4sis,36CA8336CFAB234473094DABDB32E548
icms6enlj90a4ekme35n4btgak,3925AA2A5928D5F9756D2BD652FCEF56
6du4aq9hivltcooh24g7ems0er,3F44A41047710C0F9FD4C6C75A6BA5A8
i1b701tobt9k715d7g8hq0ti62,3E3CB27518A88304E0E6969E9172B805
ith11rpbtq4nfgqppqk3e67n51,35909B950F8B681C62C284180B35BF68
vf91kr2iorqohvjp543j74hii3,36BDBD4AC45B159BCB01C9378B39290D
qoe6he6lepbbvi8hp3eei96d39,36648FE191959F40DC3A8B784B78047C
hurjp31skapbr5qn9coar19l5f,3C6E6682BE7D624743D90AFE0376806B
7qpdo4iponr54l503hd1g7v8rc,37301F2FE2CAB74E9E7F01F5C7053480
petc90f7ei55ooq25ve1i4l4nt,3B452A62F12EC6F254D14D94AE1D29CC
v6dhosin7tujhk6139lkunkcjn,3BE7739B003BD53760C7273DB09B5AE4
unp1pteferffo1jaja475i5i38,3A8595954DFD4FA382E57E454CAF5AE8
lhfofr7uaidg1f5amlq4k2utlr,357D2957932435071BED12E160ABE971
a019kh76tbcms8oa922ef3k7gt,392F4D78B9B6CE1FFF5A2A84F0792B91
n7s1mvdem38ce9ls0sbnfm6i0v,35F32B05265CCB8F8F4E648B1B575332
dlaamprsqtv2ne19gjdobumt7u,3A1A3103F22AAA18CCEAF5BD65805AEC
f2mdt9hch682f762gel47lbeni,3F19A56C5BC5FA63A30E8553C329F5A3
d6if6lk52rjkamm6nn70kb2kq4,3B0A88A78DB3F23E679CA7495A010372
noreed7r83rncnkb6ok2eoeqdg,360DA6FF94276C2A49781DF14AB31EC4
jk6pnomshmnmtvic9kb83aomab,3DD5E58ECDC050106673652B4ACE520D
p660qtquq5s7golln2cpm66atc,376A4AE9716D0987F4632B605BE3CA50
selmn42qg942c4mghkhguenur2,366820C3C5B70C8E3F0EB95C93FE45CA
ddqg4rul1b37pubvc1vtdd3l62,3679464DCA45AE6A866F270EB208C8EA
c2kdcq6scasha2ch5ddnqpub4n,3E0A5CE0F6962A084D9255619DF67EE4
ak6u6o6fjkomp6r55gn0dgt27e,367336C355D8669267BD1E992EA733EF
38g2ch662j5la0e7qn2q2p91lv,3FD76348955F2166043D3F5B0D63873D
48s5i8v8ib7m7sf79rs49mjenh,3DB99FEFA512A2A1A5674743B33A3A44
g1uidg8fqruds346il46a0h1ck,365A1D77CF7B0F7057AD3FCDDCC3F08F
jg1d8aisq09s8brje123tapl6j,39894DE1BB1DBD7E4C45D86CD5F3977B
19257fucj1sjnn08424rnrh8lv,3DF1942050F5B23F09724649E6A82FD5
lnp6325npq0il88uo02tdehoqf,376D4C3927F4AEAFEEAAFD9B78B238C1
9fudvdjsa26pvgpl836j914vje,376D0FA46EF48255D742CB9C55599B44
p6leqme5lk4ltp9dipn42uu23q,3ECCFC5D95665499DE9A55E7547B7A1D
bg55tek9474gl0i20slqf650e2,3818B128C245C458801A934FB4519FEF
o3mveepa5fqrjg02hjis2mu55b,3E3D63D30A439A20A8147DC2DAA1C668
3adlivdbv4t9r70e07hfu178r2,36D4D3CF1FA686B3E702ACF160D81C26
bv3k9hoak6k45d668tvsrdgjq9,359B88DF6E45AC3A9B22F42AA913B505
cosukcp4fvphnr3hmgkgta42fc,3B618683BD862747A01E0DDC3C584D95
lgme65kvu3625urt2v8j8uj1bv,3BA7D011540C73D32445AA9613D7EDFE
4pd41cajgmk9iob6eidsai8d9n,3B02352885E723E97137322606557865
kl4ltbkhr7gos1qlqkj0a0gl7q,3E10C5F5906F91093AA74DA58098839F
m11fjb2hh9jovcv0n1mmeqvjmj,3EA3D4141DA5DBF62F17C0388D21B66F
3gubhe5aa2mvrsbps4a4lofg5,3A2296264D92D0CD5DEA62306F79B6F8
