Key,Hash
hsfd7ff2lk5lsa9oi271jp0de4,11DFE04D6E8EF86FC25B36A476807308
cjetspi53eija817f9tq84k543,0DF19ABB0F3EB8666C287D328DF8AE7B
khnb9qdihfuh6v8he5uibtk07g,11C1635B10982FE9F2DA9638A3E74669
j94evkpvbsvk533hpmfhrul3ao,0E95A4A8A3765B2064C6F37FBC3057CD
kpru2seqh6c5agtvo6ght2q9e0,127FA694E172C8D128FE057E5202478F
d2kj5agjg8545li7m4eb0upggt,0EB1D7C15B45DCB2FB6042B681F3F5D4
3ssqpsskim69jvfo6rstav8j9q,0E0BA042C3FDC4FE8F8335848E4C4820
l286l3dgdsb18hb6jol0pl4ncg,0CBBFA62EF6E5E4036FD60A113954120
gqcuomsqp3blh2hko1a6n7gtdf,133BF0515E1F54AE3A920C7531FC7A7F
3o57glfon027tea4u0uon0uesa,0DD3417CD2A0E81975020CBC43A1C362
e382iql4tu2gk503hj2o29t1i4,128D9212C844CEA061343CB8F86CE6C4
clhq6fk5uo4ji9h0kdpee9ddqh,0DB69553A2E8B0417EDA2EA1A6AE02EF
huc6g1nfp0lu3redf7070q7982,1055604CD3A01FBBC6178A149161F1D7
bh9s7r0e4ds97072i6gt46d65i,14E71E7B763F8A8384685B85815D5DBE
s57d567ujpn69h5sa5f001sjj9,0B55A0976B9EF30B9576C688D2457DDD
7uobcb90s0jpsv09ngihdiibtt,112D59163F5671E79DA70E147A2E8098
jkf1gup443uv6thes9mfdho5tr,0E5ECB7C1AF01E30A880439F0853FE44
453k7oshsbjvptt2ic0r587oah,13079DB9D742AF0FB4A2FB507435AD20
fftp5mljbqucdkhms1i4ai12ok,0B11DB4A20F68D8930C5C0E56CDE65F7
v80n78i3o9h4bl40vq4ecnjnci,107BF3B2B843B3DFF382324AD327912E
oad9ko024dq3cna0217mcnkuri,154A5E1B7E05344EE9B3E706B6C45F97
mb2pp6bsdt0vsj8cf31o4pcq5d,13424C2DEA67486EEC8072DB9A0945FF
chvngs2tunvobvbnetpmb8kgpt,0F29F1E0029ED3E4EBAC8F2B86B21ABD
lfbo2c66omfrq5r8ih3ks8n257,10CBA308DC3B23D820F05C4E2FB5B4DF
fdu051n4e3jr1va8dhi219so4i,1301874CC26E147288D41CF73D47B471
11hhl8cbndd3t2qk5rs5e2ihu2,0D70B85FDD9B17F61EE15FAC8467E917
f65csg77d49gfqf5p82mgh5oep,12C886C3A859230F82C09A4DFCD3E70E
3bm5m8asahmgt146de3t1klv89,140DCB10F485D8F0314310195E9D8721
ddokue8hhq598g6ivb3u6149kv,12C0B9B52E705EFBFC1091A9E1B4DC23
nj5vdu1te2ho6oe6vv8ec8204g,0D63F4D008C5508F1A8C386318CB19E0
a3u0uea90gtcaerktg9a0lbb36,15396CD5B5D7AD173B0D9DA0E264159B
v6vpa0015j14s27k90tjtp40t5,0B469018D0C90967F926E7CCB2DA4BDA
ak9mok1ligp9g9vjm1dosft8bs,0F365B9F1EAC4C7D715C45F8E9479D3B
5vphbjl1j364qj9hld7kkqskm3,10BFB336598DBED577B112A2E3A42107
km2sfchdmf64ccc5k6j55d7fu7,12CC5352C181F19D7C4818F5EC9034BA
3gqi8hucba3n47rjt4raji4jcu,0D1509FC2EDBABC603F4EB060B97B5A2
6tkavbicm4sb5a5vo3im2hh22c,155772D9227CA12647890B202B96EF1F
bn053jsdqpb1patdl2d6jgd4ds,0D6B467B35CE9CD4027EDCC11AD30522
nq3a3gdrh6k8h61m9uqfonrnnt,0B9B34EF8E713DED3E0C93C429351E78
ufl7egmgremi35qebbsce9e9e2,0D3A3BC53CF3919F4C5EE07950017B5C
4qmjrnei2cs61krcll6du589qf,0D7083DB89B8C9D4B52536F6D5A36AA6
tln04munfddlcmbqvktbjnon2i,0FEA63086DABF9C12837610EEA957A55
djv822cta5e266mikg4ckn622b,13856F1A635ED971F6E7384F2945F6F8
4ch4pn4dk5mmni83mfb976ec5v,12F69B1CFBFB978CBB6BFFA81A6F6755
fqerjevn3ndicqcpesuias6is4,1256C6E8E7263BEAD3222E689BC74C2B
gh2p7ssv4ddlf9a8bnhid40i1a,0FF75B370AECF0380942E5A4BB391D8C
oivs69elv3caa9i2b1e2dejr4k,0BDD9ECCFC160BCCA98E8B46BCB6B99F
4l338ht8hgr1mop3s287hbcpdq,12F9919E27FC6EA0C096C0CC3C9ACA64
po90pl96s6g43pf9cccc72fsq2,1401EA932653B7B550925CDAC86EF632
j2hou1fcuoisn7jmn20gc0eknm,0CCEBBD9AB0BEAAF2961BC6D3790FD43
eku2oq9qesss7uojhgmvaqins9,0CC8D519645E5AE1DD19B05A78A97A5F
l57eqdthv6455mhj6pvr3a4p18,152C8E2417686313CE31B53E595AC67D
kdrfoaogsggk678ij4hldjn8r1,104FC622B7BA77CFD3D2B623AC27A48B
pjcpik48sp6k80h6vpe6q84lth,0BA7CF4C2A9CC4181F383A730DCB0793
78cp11kqlb12ttlq3444vddsl,11CF554B1ABB4372ADE329E3594E372B
uajdkkf3j1asn3sh135nroal44,10F9A57D05C247FF3AACD165DD74C039
unhvtai4vlf39iib88ebuhb2mp,13B6E5333B797522222D61DA70E1D11A
m5o8tsgng7bish5j1t7cdqdudn,0AB66791752DB4063525CED4E6757386
glo25apts8ne16p7p54kbnacdg,13C96A72DC4749844E9712C7D90EDE04
hke00725g90137qgjt5bgoh7hd,0F19841F1FDA97AA4457920041860789
p10bqgvgmcd6e9e3vnodspplrl,0C98918434B450E7D460B307FDEA1F83
heviv726moe5t9j9bhla9bbumo,0DD4F1498D2D28B1E455B9412EDA9DBF
e4782os8mdll202cf8o0d76e57,0ED7C8B877074A83869808EA536F17EB
rtpci870llbovo1s4ijn1oo12g,0B3E8A1F84E16419F976AC23FFCB6A1F
c5nh86hmllm0i3s6t5sqb3rhes,0ECE4E26E33414E9227512FBDA9949D1
ddgo1nk5uh4alblm0ql5vk03vj,0D4FF0FADF9A86E9C3AD0685C605C0BF
fka5l7rju1d48t6gvpnp303ho3,154483641DF05C1642C4DFB6F9FBEFBC
e5okmdbn3femt6snuj36m1evka,0F08260AABC102C9CB5109DF5CFD8805
vpjmq1q8qn22qsr83p84naug1m,0ECC71216C1D0DE7FBD2080E272A8544
rr3n0uh84dh9k8t47tjrkkvghr,0BFBBA8F0ABC82D10B8D9474762B2E11
3ptgtfhk5v7rpkgc8vfg6l32hi,10073DEDEFCCBD8A424F0A89F5411A93
flqggbui1gb1vvh94shaoh302k,0DDCD329741EF6886D72A28E910745BD
9mdidgp5403is6aigt4dal69o3,0D31F935C343E5D05CA9263E02EF9FF2
8pvglem36h05f4bdlnsgcauhv9,147D39B0E9211F86A9CBF56C987C190E
gvrjvdpf3c2k2bi8kr0i5nt31h,0CEB8AA2ED7870EAA41693DF5FDADBBD
j9edordfbkfremj7v2bfdp30tg,0B0C50F39FDE0FD2D3CDF743CC1633AF
h3rpoi2q51uoqclrtvqqevki34,0C7BC018F181FE2CAE89A11CD7393074
3r2hok1b6dai94200b2c018mjs,133D65D0E7A3AEBDDAC1305A64E5129B
ielvhtagv61pcdbamt33taa3ul,0ADE86DF8CE282A1EFCC0480F9E9095A
j8tsvcom44r1iiglkmt5s93hc8,1357AAB62EFB0AA22C3F80211570EACD
15e63ppd0d7g5ujnmns4bomf3l,0F114376806E868F1B7BC217FEE12D1A
med7gqp5cb4hcu2ft7n613hdlk,12EBB2182DAD0EBEA2C6DA675846D52C
hohq9mqfitd27jea984utn6729,14F5627E79476872198FE621F96B0ABC
mh1bcals93d2i7cvi5uu1i0ho8,135CBCD98F64DBB05AB5161EEEA90183
l2rrd5v3e3lgvookpdedetc6qp,0B04C53801D54A13A283EF70E01C12EE
hi1shp81q09rcuhs5gt8op7jlb,128103FAAC6C5B76C73BB123575DB520
3cce8s386a13dcg712ao0d8abr,0C1AA003740430FD0AF5E7FD96833D6A
hb4jenubuv3cm7pm3951sf0lq4,0EB8C6D354978CA0E1068CE579CF97FD
oqarvia7jte0uq10c4kk53ukfo,12521CAC1C12BA01048BE19C54944A73
gjknkb86fs6cedf18ntbh9dqsm,0D6C9A92355B5DA953142F06FFB4FE14
rgtje8vel05e866lb96hffn17f,127B2CD5BD81036DE8F4E813569E41E1
p1vt9agrkoq43lmqvb89sldj2m,0E5906034FFD465CC02A38F70378EFBD
4r4jvtlsnibpgdedn8pq181h8c,0EE06E3401BBA87D51DD24C3CEF35F53
rjas8qt2quqk86qkijgmsrdel0,13BC42081A507B8E5A49B4433167B34D
tv00pui0d1jbqplhcjggdavkhg,0E53DBAC7146BC13C2DE76175E787AB7
d2vn80vndttkhpon3e26fee9i,0BDBA0E760B020F1475D12F704CCB77D
adk81rmkpft7jhadop0ctv1fmd,14575D3E0D010FD151FB13ECF3410584
ufrrpthv70qa7q2tk8k80j508p,12247ECF8A877AF7DD74BE5A862D40EA
56ns4vhlneqkbc6aq5i1o3caa6,1005121220DCFE753EF4E01A94AFD81F
6bjknilotsi3ce52gt47460t4i,0DB9648D93E72B991E7EE4F3A09F4754
89qk4l13e404v40fjbj03bg9so,153AC54E501E47411E71810637B90E4F
ogv1uu9r48o0gc576s7rs6dh38,0F55E04607557D2B6BEF9AFEC238B325
ge90p6uuqttbbshd46v5ch82nb,10CEA1C838682D77D2AF0420C66E51E6
patqsg179u6gdddcghikol5vvd,132BA49BD9234636D697D8EA3521173D
n8qep6q0jmdiirt04a3adi52e7,0DC1EA6742AC6D075FB9EFC80274F559
grnlvgllh7mhht5vsvsjh1buqm,0BCF6D107C0E1CD9A0BE13485F570734
32c369upng1qrcdqnk1tstij5k,0E9465E523F492C4303C050C94A0C725
p73vf3oh26j40t0si7vbn05tgu,12FD79F46A323733F5F9F62EA85627C1
kphnjqlalqp5fmu8n80349gg8c,0AB7776EDA26455ED392BD6CB13FAB18
d7ocpjvr7urhhdv15k8a6f30eh,10BB5E84A381FB08F7EEBCA607907F16
l93fjrinpdv7evc39h8ks1ot5p,0FDE6732989B5FE68317836AC1EEC769
9js1bmhpcr1kijb83icb8fcq3u,0FAD725268583B0E45D390D99AEB7FBB
kbr9fk9j61optuoi48uafoeffi,0BF27E5BA33D919E2DED122A911D5941
mv0f8d45gn5md25j7u4agnd6al,0F985BE98F6B6CC4FA81E9694A427E35
qm6fd7qaeqriloea29c5skrac6,13C95956A9BB1FCEA92AE573C15DEFFC
aa8uie2p2k1sn8dl0hdtttrpvm,0E5F575AF87BBD1EB9D26A78EBFE089A
pausid0kg998vblghmb0ed9sbn,0E6A4165C39EC3BD5ACADFC314A7BA1B
tjtarg54h0ilrj37um33rqrm90,0F78143E3A552606E25738D44DBD69E9
iid9niat0n516391om861gie12,1153FF4D1EC327C85F60EFF9F0846C95
7km3ubr2ern3ucoercj77ghkj8,139E91A92B392325F36AF0438E25E789
2kfa41l29t5l1d7g35pm2k37ge,152AFC1F691C68A9826FED5B654F50D3
paoudkvv7o3rovcfgrp566prdd,0DF0268A502DB70BA67EE912439E91C3
4gaeht5s2ipiu6vki9701uf5m1,0AE6122D31D192E669F42A86E039338B
4bmvgkc88ghndq09jfmiun8526,0C1A7BB01C8F426E91B99F7E9A588A65
275563u3fv57phg21hfe2u396i,0B82FF5C0CE13C6A53BE6EB23BC3126E
2nhv0hmb597mn7mkn0fcs5sp8m,0EE099738E0E02C5A022E20E945BCB57
amsimfg8rfqkgh3dhu5cfop88a,103AB5B7156BC9D57FB4087AC0DB843F
h496cs3uitkctbrdeof9kck5dv,11BDB661D4F0913FD80584A14A2EE2DD
7bigi5geg8h6qsvtupdhnc0hln,0E574F6FA7436A4B206BEFDA644918AF
n7vhu6d9h8ciba8iu6e8eckps4,13880D30653D813F33ECEF53FEBE7685
tbqfs1riuqcqincmnqgvqf1thb,0D5A19FDB644AFA9CDC10812986E044E
adqbb1aqdm0kj289ulo55248nb,135625137CFC80E5A198911778FA50C4
9kcrbhml56ne97mjlk73a1tg6d,123110A10B125909DDA3D8193C4E66A5
1h8s5krti1djr9d2466fakl8gg,10985D31165D08BBFA339659AAFBFC53
25iobl1oi4jb466e64vp4ehf5h,10518F0F3EF1EA0FB3AC7F7B2F8C8A95
upp3mmu5alp4jiqvk2hscu256m,0E7A1FB8BFD8C1142C530109B4601512
o1ubuvntcu6pta4jptnguphno1,0D90B423BF4B65E24DC3C2D0F728AA91
m42ualfhbpkk2ig38sv4n134ve,142DB9ED79B7E7BB4586DE135B8F45E2
asdo1tntg43b8154pifghc35jb,11A60F670300A7C78F3692C6DCAFD94D
n9ub5hureg1dp07gd96foerfpr,0AE6A95B52EA8B081D128B298475A655
lml8avpmm2qa7ts27hefi8knqg,14E6AD14799B1ADAD6D8FB9579B7F6F4
dnglbirf1pfcadsma209tgascv,1519AD3F95C19707590555BF2F1429DB
q1i4up651cslpu2hhu551qsqhq,0B8DCB085107E265B95878E77BE1A0F3
9a5an5jk7clnq4hf5f6h106sr4,0E12EB4DA445C3387A5DA14C0831535C
r7ph76859arf9575ivf6sdt1rd,0F2990B6B940FB4C4454C881EAA2781A
o9b364ab901gmj4ppeqobkt8sc,0C4DE4AF8F3177B4F00842A78B49B4F4
8jkjihsartr2j2bvdpevd3rhtk,139D0C8A228D86AE7F70A9398AC654EA
ilj8dnu1bqal4rg21ulcsttc9i,0AECEF7E0EACCD6540CC4750C9927E84
b4duufflqqsobebf98i4fpsseg,146C4729124CD772D737534A4D5418C7
gkbud50sfnn278u21fodqgptlo,13AA9775B53F096789EF517ACE2016C9
726ebb7dgq7ig6aaqjqk1dg77m,140785F0B2D2C3F10FFB2BA95C7BE589
sucd13so54nu69pn5db7egoonp,11190034AA3363B8C7F0142378260236
2fjl8utp1sfl3et8voo7ckek9i,11CF7CFF00F45133DBB95B397D55BDA9
q2tnele07v7gbgcn0dcq31bnkq,0B485938544ABB50306984A3DD7B2C82
6pkekhl790ihi1r73qg802efcu,1157FEDC47A9D1E24AE34A4E8B5A2182
m06p31bci726nsfcg8lm9c79oa,0F07997981EC0EBD888E372355F81800
duhnf8681t8hfune4bsp5atnpp,0BABF3BE9F4D4E219BDD48359A73E25E
p614l82oej83id0e3psr4g2gmr,153BA7ABF9D1DF492FCC65EB570CDB55
ovi178ci4ev142prl2aikqg8ah,0F8B4DFB7AD567CC3A8928B7E71EE74C
7dd15eds8ejuqe55mqthnk8b2g,0B4336D2AF1A0C3993BEE2A49FC9C6ED
9k1g7k79kp8i16s8640nmoeito,0C1497E95774A070DE652EE481AEFC96
9g5qikgcsshbmqso8be66m1ukd,12242CB5620AE3FA7411F88B3218B87B
pqs1957m8551ul4pm787v77mrj,0E05D26752D2888BD148B0D73E8DB420
q6mjf8gqd7hdu0jm6lgdj86kd1,0B25832D7433AA12384858A6AB30E96F
7f8u3b9vavpjlvq6t0544fneoj,108D21FF56F113F0F57F657704AECC06
1jkekah09kl2m0qccahmn394no,0BB16548AAFE892F3B9A207B3FCE286E
sao5dfabaffip8ljjk0tncnl2u,134EF50107D881D31469013A4FC913ED
2j3n4dv948q4dcvp1bnnicnf77,1504D6DF417264043C7E6B043679A5C5
imll53gngqglhu5s6g6ips4kr1,10F05DD3D3CE626E477415AAEED7BBF4
m2mjvotb1n6imlahu4pc1modk6,0B08664CED34F4C8B72BE1E2C25FEFC0
4qou69pvv9o3cjv60oupc800k9,0B2718631F94190DA7EA68C12422991D
1uv8i8rshj81vc9mpbgc8s891v,10DEB4B18A1FA3731A2191753A94DA61
bv2rv734ei0a3rus53c14kgtmt,1045A94BAA66FB17474A2D35584F0C8B
kqei8c7l0fcttrk8q0jfs1mm83,117615CD4EE11F3D6C22684A7EA256EB
cn66v1qjc67j5hmk78lf1e3vg8,0DEC55F50518AE4C571053570A9CA47B
4cdendrflba20kp7qopunpof69,0E2CFB5C9327A04691E2BA9171F2E216
bdlc8a3rmevmofh23ntjcbvrc6,0EBC1D8349094E59CC66EE4AFC59D746
oblqjvjhpjqmmqjvmk5k98b99p,1398317BCB9DD22165A83900105964C0
sot1aqfptpsjcvrainlulrscpj,0CBEEB8F054DA06775FE9ABF84493059
qek99dj3dadmbve8an873kah5i,143037E27AD154C4B661794BC0558BF7
u0hbipjgcg4lg8adu8ehme9o6s,118684C9E54884EDD1EDBEC9A5158E25
ve687eeaaq0vi82mki9sg6b0ad,108EE35E44715F90FAAEBB5767C78AB9
21umj6a9p55uku8kl5ttm7bih3,13BF8A5B3BD21903D1B503E9E19C9B8C
nvjv9anci1g0gskucl43pu3d4c,13A875B455489A270A24788027E3E34A
fgk3eas447k6fcj7lpik0m7n9v,0EADAA5E597D10BF1049C9BF6B9FC622
ob3i9plo149t0e17goq5r0bhrc,13C2FC8D882E888981490ECB8AD6E079
bqquonvvn6fegmf8ptn4rs8860,0CCBF1A20F1F714375F69CB66593FC69
aioplubmhq0d71988pgtqpeu9j,0B515B486DC1CCEDAB2F98FAC93BF003
h7ll91ucpull92mtnruonec913,0D91BA02CFEC17CF90FB44C5AF5BECDF
qhli2qi1klcqgdbgrfkmco1rtp,145E6CB5434E70FE16F8D884FEB57C75
f4cpf1g6pslt37hq1v3qe64ti6,0E1431719AC7D0729745399DE22AA85C
ku8uhni31mt1vf8en75tjlmbg2,0D5F8C8D9190000D69587723F740F67B
2l4qgfjsnsjcf4jj6tvfdfjt0i,14E6878038CA77EB39470DECC4C38C47
kvvc4vp9r1ie1gstqv13354qvi,14BA1619E9BE6E0C2E8216EC0CBEA6F0
cf43duddsg6jr1sobtvoneoulb,127ADFB1DA39DC4E1AD63062146E5BC8
reg8gd4qqsl2vlltt3d52vmnic,14F030F656531D359FE0CE04B249629D
rqetvvrd9r9n4jh6m3gulrgr4m,132813332E421828206891D6E58F537B
jnt6l5jbn2f73el8q6g2b8r4kd,0CA6FFC9AF41343E4CAD999D819EC082
1s3vni0uporcr6ck002459q58,0F4CDFB95DFBA118857265A3166AD5C5
ino5cbs4p78fcbqa3ihubat1bt,0E923C1CAC41FEC1BAF2826AABE2529E
t3jhgq258cl4vm00sm45tllfkf,131BFE0FC73261FC563279A0AFB69313
49uqnmcpjp2sc388mdo6lslqun,0C4785710D2A6188B9D392EE3CFB5DAF
om34lb4kg404a0jjfe1ep5hggf,13D23A0FFD642329BCAD7C4C2375E167
3s6qm742aat1tvs6mgevfnnocu,0D4A41F988E18608FC35CB9FA5F344C5
t8f8l4b8ju1cp96e90g14u0omo,142536B465B3E5450082BDEEE5732B20
vcaqjlg3giomhk6gaemeson8t5,12493BEEE17FBFF7628B4B1ED2772BFC
678v5g3r55u4fgf8b23u11p1k4,0C8DAB8C31CC038AF63DEDA3964CE688
4p1psj14qae52fhq3a4pin3n6l,0B2A368B51E7AE3A15F9356E1087128C
3rdmotkuu747b6mgg1knal0r7g,129F780532D8393566553E717DB2A54F
k0fiv2k944bcd5ev0hb47dgvna,1228866D396EA5D23D62E61896111F5B
sbh8rnvmgu4vr99spr8jn45uca,0D3E8A36008C508D662C88439E2A3FF5
gfpggf56k6fdvrtiqrvgjmmhnk,0E5E3FA54D1464405760879B5672326F
urvgct5j9g42ebsbe81kg1papf,124CFACD41A0755812434FA86F51CB23
ri878eve41ksrb9a64dkoidp9u,151F3464CB2DE983D3EA8F808DE4A011
97aohnfcgemj8lsgilk6afear4,0FEB9A328EC6DAC082E2C95E7D29F0A2
k9r1k0dld4acsiapm4ughi2hgu,0FAA81292325A885F6F850523F5DCD2E
7aj7htg9ssb7p67740ltbjh8sv,0AE0E3A4155F8475325916F00019EDBA
u0ats75re48lh7go5cdtft3j6f,144E694BDDB1A13266EA79818AB17C01
kktdr9kru169jdtuiir1ertng0,12954224470CAE85103B039C6A0D8998
qctsmfhpfavo9m3t351l5m236b,1551FDB0092F21DFB5771BF08C224E24
232a7s5o708ctqj7hd6fbjik8f,14EB382D8E3902245F6DAF6F38D0CD3A
ul6hmibopvsp9458dgsg737hb1,0C1BBDEDC7747A5CB4689B62AB045C3E
6f21o6kag09h5a9ifgafolosal,10A8F5FAA54A5ABE2F3FB27B56B2CDA5
6urb8jtal3b3vn4p2motf1jgse,1167F5176B261C3797FF39977D61D7AE
4ah5g6l6qvpjkebf91fnhikfed,13DC3B564DF13B14A2B09E62A9857C89
24d6ulp5hiqel78db90mpqnmej,109C08677E5E4E6DB3F7DEF11356AA2A
oa3hqsl30o5132r89k0bqt8kdt,0FC4A63C6D22D3E5BECE8F4728CF486C
7hre867r84eh8mdnc39vii01b,0BA08F80727554CB21326240FC015645
o2rmmqkve0sj4hc0jju5f2kj65,1392673E755E0E80A3FA005417F8C8CE
9dect720qjcpmhv65ulvr9mu40,0D0167B332AF5E765235645DD0BE8E2D
s28pq06ulsseafhiisr1ou74mb,11C51676BFF606067618A36F756B9B9D
rfh7and524dnljqaksvvb9sokf,141EE5D05DC723FDFC50C017E689634A
gtvbcso4nl16tp1ir8qnn79bhf,13DCB331127C89923DDE2C49916DD903
d4tpcm94hioog601oum5qdsvei,0ADA3AB1AA7D8643802151CC0E0741F7
mr8tf2bm1v9fmrkj7jb1cvhm2m,11846E76D31BF51940660E4272EF5263
iuecoq4h53h27l1cjmu3erke7,1323ED127E0B704609E79B3C713DB851
31hd3qbufhe8riuglp36l6q626,12DA9536F2F35A2071CF03A3D45D6E61
mb28kbiu9hc5cs32shgiu372ro,14A79DD42E31D7747EFF98180414D821
btuu4peh20thp43pe1vvuhmk4q,0D6A0440346D464D1399C5723D911F3B
397pj4rspa8elmdpa9bqmcecbh,0B1D69E391BA1BB8849D4EEA71201C87
atk5mbduqinmjli8i12atp6rbi,14A45E78FDEDE4AC64AB0A9CD7057130
4b62begl5354slhlqul2cnes96,140343A79C8DDA05B1130C89A064C73B
3nlt3o1tvlni0hiaji7nksqf0,1219C1E4DED3B6325263C140D196998C
qim85ptmgdhufbtcluujldto6r,14E5C59EE4130204AAE52B751CA24A57
julj992ok6n414b6n13kgcph8h,13723BF3DC8D351C2E502FC4DAE4CC84
gk43apr32rj08077tpc57jahd2,13380CDDEAEC65D9A5E59E0199C471D7
oa3puq3qto63fcb7cpnm9ioad6,0E985094C308AC417CD2529B3D11E314
j31ptg449kemrr1rsn12t30g38,12F629D27F94852C7C9614D81924800A
fo3mm8phvi77rsuor243o6npok,151423E6F86EE152AF1AA87CA5763E6E
15p24vbnuinp80m7ta440h9n0l,1133462E4204C44CF02F6B47558C7496
6fgn9dmi8gc1pushmebddto7v2,12DDC95F8F652C61FAAF2743901735E8
nklo0jkacs6vktkbfs970bbfju,0CA8B37B338377A3ADACDED73E7FB741
5t5a1f32fspucms1gegkcrttgc,0DC99115E8D3B743EEB0270B965C5C5B
mn1j468nvcfpiev6pdis7rf7o7,1285D8FD7DDBD7AD61FF5EB1AFB30776
e4vg1b3ghvf2077rp5c0rreocd,0FC298A120776F02AF9F178EAC05DD44
faoa51bf5d9agf4orr8o9hssa6,1416417A3700DFADA976FE68A3363BB3
7aemq5991vj1i1tibachjpteag,11D98339D926C407B58394B5441B5B8E
9taub090gljl7088qu29ofuda4,1540C60B9BCEFD608D49324694BBE14C
nug6bgostqdp55bu58jplhl50e,1515558390A7C42BC74EB83BAFF5AFC9
sth1dkt9g9bqdeqin1ui7k55jr,0E272690158308125961A4716DB02028
m3flivah4f0qrue1n29daoc4of,0F775E56BAB06FE4D7FE788E986A072B
fbgm68ductftl040dmt61i0glm,11912632CB4D088154580D4C21D911AC
ljqrkbn3kqm9po3td1girq2mbg,0E8985C077E122C8A08A0B82BEA4FB2B
7etlg9ufmfvor0ff2pv4flemdv,138276362A11A3A3FB6996167C4F4CB1
2r05gc2hpab976us538sqp5po0,0FC7949596721D93945E71B5A5D98A7A
7bs9shsll27rijiu030mi5vk2b,0DA2314727FA188360ADF1FEFBE56132
1e4fnmts9og752i37n0ah6m5vu,13A415C3D2B3E34BB01D3346C4A1EAA1
psfga30mnee00b74fpk1r4ckj,14F3F334963606A38488DF23071741EB
jkvfhgd4183cvl8fm62s21b1oq,0EB5D663B915EAC13D5FC40CEC2FCDD6
7rvceifq2sc3uv5rbphicbk8l0,143A96F5A171DB8B268C822855CC70A8
ga82gvmqfttkqb84c0ko710jcv,13E15886126792A4845B45AD283BDD6E
7s64d8q78g98ansm6o0hoifr9a,0E4315E16DF7AC9D01312BD6BC9004D6
n4d1ms4dfp2pp2b08amceco3cl,0E0C8DEA6365E3AD326918D6BF4703BB
9jf44hcp0f6gq8rpo4r8miojnp,13C73C4F68B561FF138558ABA7CB8BAB
rfbgsg71r4in4a5rmig0hl6l0b,0EE3F18EA803925342CEAD6B2D594FC4
quee4vmmt3juhg8uob2ck8rdab,141584235B5D969B8B9B72D011FCD9BB
4t26o1rptjrc57c3d81hpti019,1237E7193C2D249478CE63B12D2E88CB
rshn4km2t2c149tc8biumjipa3,124DCD5680DD434A6F2B6636CAA72C21
gpl98hr753m9bj6gplibbr1046,12DD0FA311AAE859B6D286721B06936D
64o4jr16csqkauco4vdeeap6n4,13196BC2D70353D898205DF69D2F1FB3
4hsnk3bsk5hujmkfd0p3d58jop,14D4DE72B6D9E4D3D34FF5F982FF2EA5
q4ihlcbgi065vqdj28ob517ld9,0D203A94813B9BE505072453166C306D
41gc6ifgn817mbqop8ue1qb9g7,1140E721C4C96D146E3EB8B313EAD9C2
igse6vndpmhvftc9cl5id8qakm,0E3F90E42BFEEF064C8A40B43A15E937
23mc2es5td1ol68lkdklppf7la,0EC1FEF36201383825C87778A9BEFA1D
5l3hogd841l61rgvvu21eis7t9,0AD7897F56119F9CF8F463B45D659A65
u0ct4loan1qetsghiripmmelb,102290BEA924EAB95080A74E4BEDFEA4
vj8iml2i45ea56gqs45p36e4o,0ECB0BEB762E3BFFF4413B426ACBD3E3
eqpbegvkhpcs32h25cngt3q6a9,116DC493252F7B42DF575D3573C8165A
u39hcsr6q77509cvu8t9ojumqb,0E1C1F5FA4C8E1627E381AC510A2627E
bjbkpmc2r3llbnn5l5msvl4g0u,0BFA2E5C19F00EDEDAAFF36EF646EA9A
htua7n0fumn9hja84prt34at0q,0AE1D3155550E9862594733C96F4BDFB
oqfpd61m39672n5vm4r0dgea4g,10FE6D0593C44284BCBF393FCFEA3D83
ostot1733m4k5kcn513tpakf33,10334FC4ADDFCE63157815BE94D43D9D
32p90m4dg6vk19aaokp9pbrab5,0FF4574189916BE6B28FDB158AC6060B
rudq454s58vogcp5fv3ooq0p6e,0CAC887D72606F6E091CA8EB43E9BCD3
prhib54u5hqgm45fpljo4la1n3,10D670F92C4C6DD525F34A15969758B2
ltrkber9jhj048du4egk9nbb86,0BD452DE9389567C4AA1EA219BED10C1
4b7brmldfjq4lhg2095g4nj1jp,0BCFDA5817AAEB3AC8C7526C276BA02C
l58as46r8b1cvcheb32rmb1e2p,0CAFBF1233A261F68A4702E740A5AEB2
t0q2c0d6jhclokb735nka4bfp8,118D7F159583BB5811530D5D71BEFEE0
mn1kkarm2alhrqa6u0ntsdt7kd,1483CFEEE509726D897A748F28518A6D
2b8hdgvp5tj583j73lt2ikis46,14173882735EBE52F125DC83749773BB
esgep08g1m7v7u0qbko4g5qj7a,0AC27B168D88FD32AACF24291644842E
7koi7n78u9mbd664qvihqdrcvs,0DA2E4022C862F6902E1EC579C8BA01B
al31a113gl303n6faargno8227,0E00A17E22B24517E915B9561C7A9641
rb6nfnqe046shmkpptjoqrquid,12E429F5A45A4F79E5FA45F5AB8A8078
qh2j0jhft945tnb9jq0hbsfa5,0C821723B263F00C9BDE17A4D87C5A65
n71lfb54h7jn8df412vnd0nomg,0AC6FDE6866B887FC5A75F5AD45DAA07
ki66nes9s01gjav96d6v73s52s,0EB8529E866DC85803E4CF160FFE1A15
srfpo9138amk7nvfdh0jvbohsc,0ABFBAD1D3B1D76A1BB5D58D74BD5052
cpacmdrr2ne17qo9r67r7t3q13,0C43400FF53DEB7CB4DCDD63D6ABDDEA
gbuhq0i6sugaqva1gpoorpscbj,146F488C5DE3124FCAC9DBF621549526
7cnpiijdk0f1tlvgkp8fg4cqak,11AA73BCBFE0E3C009431CEE2FFF2D69
5qkfon8121b6sko362e64sc08a,132D1DE860780D5E1A8C0AAA9CF44A14
1vsvbmr81caldas0tpt23mvupr,115609DFDDE5C73FB3313DCC38023092
8anb2up751flseed2f48v4868v,0AF7DEC3B030B21C4D00755E00802FEE
erdb7ih02r4ft6583n8nirrqso,0F71FF4F451169A3E4ED14A3C4C1FF85
2g8ttdh31p97miavhdtgpd37hm,0CAF370B75253BF2A4F7D8A3A33F4051
jva7mg4sfcde9h6b7fg1t3dikj,0DE9EF96497C47BD9DE0E087910073BC
m5q1cj708m8m3emt66fstftlf5,0D033CDFBF7254B5DDB3B36482104146
2t8m20o9fcavgq343vani766sp,0DF2DFDB91A9C088EE65279C98179135
sh6l19cj37gcp7op4miss5d4d6,12BC4BF7513554C2A1FFCCEE79DAADA8
tnr9hkhu7hoas03rs4dg56u2b0,0BF72B2716E64CC414E400F05BFB37AE
q2oj0qputr02mdln9l542oshpt,0C3EDCCD8A8E01444A971B2A5A8DF464
k2ee7076ddb7dde2mv61m4icti,108202A76D4957D1E530F4301FB4CB2D
dd2169r4g9rik6jt39di187v7v,0FBF8CE716F1D47AD20CB55F1275B1C9
7rglu1kviiagmm75qahr5gpb56,111ADCE5AB2DF801E0B1B76EA000AFA8
i3ts3msptsgdruqcmpcnjok0pb,13FE1FD899AC424DF907AA97BBD6FA8F
7b3eeamt7d98dgtolva0h72hac,14107F1DB7A121CB85E3AF627691F3D2
2f1tvek2hq9635664rlip5brtj,0DD01B7980087FA2753F568211862167
4c1cj1p2uov0bvmsd9ov1nt1f3,0B91AA5426067A7AE881CDDB5F059355
s1c15mk7jv9rf1hm8qmt5vm6qn,10723236BAA2972813BA608B4ABA90B6
bk4mjuska1pekckhjkpp0utj5p,0B2CC1BCFB21873FF3CF10B604245E4C
qr2d5o3gfvqnag75il87ptpguh,0C94E5A79DE808B18A6FB6FC7C3C4016
hutgcqqe2fit25jntshh215hqm,0BC7B37A58CE5BE8456ED59092480320
lgf1hubstieumqvra45pk3cccd,151888F465C12BCD4ABDBF37A1CFABD0
5neua3fguvfd4or8jv5tms4r3j,124D7F356553C8FEE3B5E92103E0036F
diu5211idn8qohs2h3a4a6pbla,11C469E5A9DAACEA0D481F777ECB52EA
9nmufde9phhdrsp7qdmfe0sa9c,135BF6C7D4FCF5A77D5EF8ECF388BE25
pbclgc531dnkgh0ehu667mtric,12C7B36AC504F16B14EB071DEA5A043D
fbf17b5qu2p0i9c1kqq6jhjl37,13AD9AE3EB8601AFB7A3FCA82ADCE9D5
aee1ep1h6iljqm9glsnl7erh97,0CCC58E21A6BAE056F3F46FE7201391E
jm2qbgc8rjlrn7prlfvj3jieh9,14A82C535FE997AB705BBBE33C7839DD
du350q8v2hvgkkfm7k8ra6k2n9,1458E3E4BC473C0B6138555AD605E4DA
tfio01epmmv0o4gnat2gppdq7p,0D3FF7AE35F370EAD225ADA8CBEC7119
qv9e6oqfntkd3bqepnumrbl88k,0BFAE5BF15FBD04BD84A6D08D4651B75
u2i6hps6r7q41cc9h3u7dou97g,10FD0463D2FD4084335FC567AFBB59C8
t2uf329bhv1tgrqak3st7ufs1b,0CEDD2BD6DF3F5C855DC0E4A3F0819F1
na69esd0cr4c3jj1louonsrmhn,0F64C3F8D144390BF79460C7A9986CED
93n72vrtkfc784bgvqcukofrae,103065DD313206CB5B7B3F92838AFDA0
pne44rh7u8h0amgjirls25q8i5,0ED493EA6A1828E66823FE929F5D13A9
q85htqf5h92oe81bfhdjlto328,14C5E18CE7BCF2E62743517A92EB7F35
dnfmtl4e2m6efaqouice24bb0m,12E16497C882BA479FC6807DC799E31F
g4j6nm78sirbvmnev971rmq4ls,13F83C4116E2E289EDA58F6ADEA15476
4050gdja6uhvkm7060lfffm8pd,124B403BF05CA1B5FD6A1F804839FE69
r5f6m6sp9nkiki181rjkolvoe6,0E2C5EC82B04A716753D409CB7064175
5h1lncg86ortp8bgcr9ptqo22v,137C2461547E0EEA2724CCEE81BDC22E
6oacs4fljgpg1t0a8lcvvdf938,110B16DCFD3282F600B95C216BD5DA03
psl3fmuedp9tv7hfu7shdg3asb,0CFC4C73B6BEE07BECCF5E92BC4F87C8
vacnk8u7dadkd36mls9qshp3r6,0C46E984FA8DAC62EB30BA7CB12A8EFA
drd9dsi4t3pd2o46ha0p2h2lv,0E6D960970DA4E5EB88DCEC8B18F4B60
1kbnrg8jbkbvm5kuon4coi988l,11E039019361EFBFA0B55132E0D360AA
7sq4lgd4to1je7l5pl2rms27u,0FD031305E31A5C68235D9404AC901CB
locc1s0kk5t333cm4gqppofqfg,1494D34DC46C50083AB80E98CA668220
jd4li8raobcijfa4f3o8osph3b,10F73290637D7680510777A8C63F9522
63t54mcc3e1kf0n0d5jk4dgan,0C3F3B682FE0EE5752C6C4DB1B402141
rf7396o9ukl9ocqev7eqop763m,1386DA6D2B9981466DF7C04AC54E774F
fprbpcj21t2qin9p5hoh4o4qah,0BB0213EC512E3A65822F3EABB862DC8
sb5864nsol35k2ve8f1p4i64o0,0EBD8FE59ED475C6C3D1C0494EBA111C
f7uef1up1i8tqf9tq6678qerhk,137BA9C4883428F4442747A58E8D3A63
cs4cdq7qtpi7gtena8dnq8chfa,115718AA14F98A0B50F14E97C0F67BB6
dfpuf24e16dt9mo8j1mfboguhi,1132AF36BB6C1A518D883E72007A37EE
a4inh3ng5tpjd8vrmasrq72rf5,121165066F2593D1D8ABF8155F3BC792
7hhkvupsshvbpci9r9b8dheclr,1048AE009B84364B295E997CCC21A652
m5g2g22t7rm3jeii4t8hofv4vk,111E0D890BAF01D1BC4CB7B502C419EA
q5hiqj9q4n0tpdhqjjutiikjdu,126EC1DCB4F568AE46F36E48C1767E67
a0ncj36nlnnlf6gs0s4diaupjh,0F5871BDCEB2C7B34B15191D140963B3
chftes2ao4seeq29sduvhca9sc,13C427233771FC5DDA9888FCA1393C43
pv5hccf75j8g4q8dlct28vbdt2,0F08262E25D55C0B028720501A95D2F5
6f4ad13gb72n6m912o59u236bh,112DC5D019F9087F833A8F93E7E702C4
kbspem5raao4hbgbs3kqj1hrr5,12B8D8016590D3400B280F06C53AF15B
b8n1r6hbmgjtlfoirb093kmou7,0B5D1C222EEA3BE38FB7B73D5FA555FE
ovqv9v79jl2592mip4n6mdj97m,0B46A8CA90A398DFA128A21E928E4C04
c0584uueovr8tviuprf3pu8h51,11BB0DF34D6D21018E9041F85A63BC90
eh6sb3sbds0llr7jr22hd2n35h,0D895320F8305B2EAAD55860E15854D2
7s1agudb7119tq958aklffik46,0E5F00199A741B4508AA8FF7D1D3D8FE
5pnp9p4p19j1lpgcjc9m0iqcgp,0AE24E9E49E7A6350A4CE899DE937F35
frs4ceqmdcm9ppga0fma4is0lt,10601F7F194AC80BDD6201249243FAEE
2m028ko51ttq9rvqf336sgapta,1009B2904650ADC4AD2E10D7AF41F3CF
a2ni2c20n2ji2169em54ps8al,12B4656863FF7A4919B1932F58DDB40D
hlhnagr7gugtrf5joge5p8k51m,0AED979015DDD0AEEE29445A8B781DA5
5mfj05ooudk0grfqcmqbd7s0bv,0DCB18519849907607780A5F1F779EE0
sc6relutvna82bo90m2rfh8b8i,0D3317407D724877B1777D73CBF194C2
epm5b0k4vc94v43tamie9m26h,1055A112CBB279CD873AE10AB4CF6A0E
1dllacm8r5t53vh5s2262q66dq,14C6DF8239953861A1FFEBD12F4713EE
l9hll02gv4pas7p3m1a6qtoijn,140B95628439D1FB7E6EA21F0C9CFAAC
cunt42ee9lg9vc3n6pb72gkdcs,0BD9E5DA6D43CD82D855BFB7C256AED1
6h1apfa77fqs2fgoe1o78rlebp,13A9D2209E62758B43BC03575CE21D30
s51jbf55vm57lqlc8g9gmn6crt,0BFDEE993F76B23595CA3B9B319BF1FB
1581ac37hp6suc67csd7tit764,1300B695365D4D75096BC20E522762D0
grujolevol7os0r5c97tojkglp,148EDB0626E4878A0294C71C4023CB47
s3bgjg4iruomtdkjivfbd1v02m,0E09A99F7E619498E037B4485AAFFE10
uvh3aneebnnq57d1t9ct42n3cn,0BE4331A2844DD1B059828CB4977AD74
efadfu2tpvmh69vjg8unkvmicd,0DBD38558399FBF407489940F66B1C49
84ipr049l6dmf6pdvuag94mfr4,0D9AD063924C231DD2A4869994531ADD
5cg3tirf50tq76fvaq4tjcq8v2,1497409A24BC5DAECD3E3D35FD219269
qhckn42n91r2qm4pbvg3s0tsir,0EB6A5D5B8D92A9D05C464FB6E93FC1A
la4lb96oskh7blo2k9rlsa8ua0,0F8E3B6FE2884DF91C404EA0C93B7542
jg67ann0fabk2sa44mbhl03qg1,146F9937A34F7423EA6F8B666C410536
2hbf8ur3r3k4sog5ful2kvka3k,118FC4DF6D7B7F398C85F1B557AB2DE5
4gdrt3qvnjprvcn804fc4rqtiq,1222C9B306AD60A48BEFA7D9B436B3C8
6utd53m4e1jn16ij5kecup8fek,0B1FF841DECCD20EF090252BCAA91835
33ppshr5q1pf6dpve1de512l5j,0CED2991CDD48C707BC7126F07A4F568
g9rgh1r1tmmi2dehlr5p023fbr,0B2D5354A1B2B7A348F2B83E3717DA31
q4k1blosd4fsaugc3e9429gu4a,0CA4A75C6188F6CDFE06957319C4E552
qtd2cuj8lffika8nhmb2f48c6t,0C04597F336ECB0A9666552F03D5FB9A
i071slrg5kqre8oda63qpopde8,0C52BFAEC3FA200CBA379CB8422D8241
ugvmhfqu0t3q1hv846qo3ffupd,109B5F6FE241866F6C5361F06D8F0FD7
me2n81huru9vlsako68j3nn9fp,14CFD52C1A4F983F7E2006060A3AB339
mdm4rnns46o047k195btbqkp9k,0B5763F50E8DF908D2C89CCD0D37DDC3
o3u79m395ns7os1jf4t630pbk9,11D83375ECA635BBC46E9515CD5ACAAC
eci225j4n736gb52q618enkkt,0C56D676CDB6FE171D3E3D6087CB9FD3
h7qouquplo0unfaltkp0ok6llq,0E64D75F5A35D08FE147820CF3685DBE
sb08mi7814ats8nvonck9c12hf,0B1CF6B5150049B9918856CB337872DF
sp3dojd0bv5a8j3koqf4k4dmvo,13E6CDACD8F653A8E44A385A787412DB
prq4lh0vrq083isigq6dtm385c,1391F7B2C7ABE095666945106D2B9CE8
gacjspd5j5gc07btrmqt4rjnbc,101444E5EE456F4E78EF8BB545A847B2
6g5rasq4a2na4s0ljkgbpduj0p,0C7BF55425208202AA2BA68890E2207F
5okng4jhph0md22ahjf4bunvna,1384E73388929E3F1AC2F78D10E26F95
smilolmmp3ra55ra28ro30erld,0CC1A9C29AD4B636D461968DDDE52DDE
kaabfi7pg14tkcohv3gq3rs5hm,1460DE5B4801F81A374EC1FF51ED4F5C
8d4jhs9akvgcpmbcj8u0vns4l1,1529C61FA443089404FDA6007A2A9864
c45tmh3obav31j7drtji595jg9,0D4A748B75D4AA749264139E96193A1A
n7u3bqk0m2jeg4g3nqrt69t2of,0C8A3C38C0F1C86C6BD19EBA9342A663
r4d1m323qktbf7a738i3gmadk7,0EE598277E686A5166BCD5A730AAA9C3
4shp1ipri7n9gunb4b8ecs6q0v,12019D46756560348DD361982259D411
1sruvish6q8doo5gu4j7i4h7rl,0BBB79F4E4F4756575C79C030FBDC877
ikgchobk24lalak1kg2c3ha96f,0CD6B8E1C358F2F54075084A59B2D780
sk1601ff5ged3o2458j3192hq6,1122D456903FA32A94866D40535B2028
lsbqu0e385u9u7em3adkfn9usu,121774E64A8CF471324CEA51217CE577
36rrfk8g9cpn3rlk33gs1u5l9f,0C4F40E525DFB795BBDCE1577EB29344
mivbmn4vpbsfju4ri5sn2raac4,142DBF4305C926959FD7CD0CAA3A6C6D
d7hvin6pes9gpj57k1c45gccdc,0AE3D3220A2A2320478F39CB7184B44A
djg3j9rfc7mse4tblbihknog7o,118B37D7BBE25D75F9BDC8453C40D53B
ohkm13ra61g6fi7a7m7l3ukmtt,1058E7E78A94D486259016FE7C3AA37B
j5fliqkf3ilvluq9qcta9arvp3,1098C1C089DD7237EAAE9D5AA886B2CE
lloit3t8bv21oaauis2v88tv7p,100615FD05AB2DE46990A8838E07BC83
uk8fdcg95v0v2hiu6qdk6etuc3,0D003EB20ECBC28F125B0F81CD40E0BB
equk1as6m18gtglfo5c476sp9i,112A4849BBCD69D08DC73423081B6C45
ep2o3itous2iqgvjlf2rmddb7c,131B23387B4A35914658D195A0986D8A
lq1t2jru2061or5fgjm318ka2u,1349DA2E8BC475083146B68935EDC584
lo59dh88kccvta4muufo1lc9pk,0FFF291D42E74FBAE45D2B6510361C94
ihe5aejb6ei0br4qc762gni0op,0DDE9183B27F4F57AF7B908168422D8A
jdbvr8o4iat6obsbucuffn0hr3,14287A8820F1613605ED9B67F11309E4
rirk2e1utjj9t11kpcbv7pdkoh,14C5F882DD3366D02B96558138795ECD
prf11gqo3pjuf4ecol2soc9ght,124D0ECC8A337790FE468040B8FC71A0
l58uhcrgidc3mgboeb5kqlhdo4,12233B08F4D8CEFDCBF18F97BB0A4A18
3gj76kllpki1bvsubpv9tcfnl0,13A83113840EFDB9B839E1E4DCBC9C49
oneo7vsr1e57ikpj5vinmt483q,1350C7F4140FD01901DFA94CA70F7A93
65lpie66m4inkr9d282gog0ce1,10021B7A52F124188B5118F90FA07258
54omscr1o41k8pe0l8pjckpd57,144036BC19DDD31CED85395BAFA4BC17
qd1304kr9ncrpvmmrfru9eq995,1326945A617FE4A79936D71DB45D796D
uokcbbo3cc6jd06qedklltedvv,1402D1F1AD7B5149184EFBEC36216233
t7inv8htbj1vu247ml8nsh5huq,0E2DB6F60877E36809A5FD0EF9374D98
7cr518l5m17tq0ucv2peo7olpf,0B6A77715D625BAAEB71692C2EDFB20E
tpf54qe411f0coogohe2f9s5f8,113D22094516232DC88391786D523AC2
fjcsahfreoasekhtf5lavebj9e,136849E2C2DD5170FD49CD20D94F7812
v8csn2ts3uei91ln7k5jkmbovn,11A4050A83C18EC663E53C8AA0EAB5EC
7n5qjrpfs7afutdan8d73psoq1,0B25F28EC22EE6970EE7C7CCB3C7CD9C
qso4ukt347gkiggm22bveq9kao,13349E7370910A27E4680FEF493A148A
3fo76k92uj4l6e2m7ovrrj0f9d,14A1BAC3D9BDCE55956E5B9B4B4918C0
ctg313ubr3t50rkev1im6pt74v,1128C4FF1C2BEF1A229F7AB91F709D70
g14gtt6n4gvep03b0lfupv4b1b,13488128AB0FF6413CCE0E19FDD12C85
drpie90flsebe1agc8pf3nqgin,114BEFDFFFA51EA2C26F16D195EA2320
u80b3djnlnhp8gvme271j17nf6,1487A70EC4E6CAD44D3BC25ABACC4E95
skfk7p09d0lf8verelgt3cbhls,0B6F670E095795B6FB3D12CFDD353963
akn231luqbijigq9vrcmgog14,0C41F880684A839BDBD7FF466A2BB2D9
cijenlmmsjimte0b13rk1ahcbm,0CA4ABC9FE192F86FA0CA60978B51650
fs13b6tub97i64u8ksj3mo53a7,10BC35C42A43B679AAEEBE5905EF7ED9
76th1dv8gandre6e43lb4b3igo,0BA75F96EA5BCE277248FA51D2B44391
g0kb1vap69sll3ot09a9ni4ue3,0D7069C85EDA2A507F088E3FC7968061
jrkr6tai8lmfce26ra5p02cbch,0E5C617B452130A399CB24DBD5046B30
lghp64mv16nkbee75tr01jktkj,139EFDA5C75AEB204FEE2846FBCE295F
navbtcsqqnr7o69c2bvsdminop,14282D4CC954DB51931C38877086A71E
dh0e1l3fmeuqe42sctob4o2iml,0E9DE813CF9ACAF5753C1B738F5882A3
mre88idhod6pmjfovpek7g80d3,0B5EAFAEEEACB510EB023810729B9395
d0c7rbgktfpj2l9mtqjhasplhk,11899B5070096868E0FECB23D1692473
1qj6m7sekotj9nkce29f16ajt7,0D63FDCE2977A48BE28486C04F2142A4
3i3d2fdi36dt1ielt24jchh4l9,10C0C83DB991B2ADC1BD50280D3E5F6E
trt77iujm6kpjh01msimukript,1312F7667461FFB5BDE6FAC51D3F185A
45poogb7d5fpqmcj1ipird6v3j,11187574542D8147A612C697B7EB444A
pftd0e2u60rrlg8ijqp96h82rl,0BF09476D5E2084321E85D78E4014225
duvrrtjrejaeof0r4d3uobaeqq,0EA37DE7509DD704673C00993CE17158
3kj0dssr8hptlfc48ao5faf7ct,0F658730FA43EE001C4984E03FD1B364
h8mhpuk4n2eed3go8als8tlgn3,0E0883180CCBD3A8958DD31EB3B1C952
2kssf4r9h2pthhme1e09c3mbod,0B9A64060BB1E357F246E4E393783341
2hreofs86l39f2hedf5o299cd3,1334DA1052B34D2DFD2B99BE723F33F3
ftjhhmrustek8381ec66tlb1i2,0C4867B02317264F9F0CA7A8EF698E96
meglnmkq4kea0nbhq4e4gibffg,1353A6E83F43344C3F581038F13CB82C
38um7588u0tg0vb7dgluco2p01,0E35563A06DC4C5C2E3E5A533991B68F
rredk0hpfkarp5qba4nmgoehvj,119B2F267F7CA1851C409D27DAA06151
itkf8i8csu8o5d7m1pvc9pbj1k,140CC2B3DB46CEB2CA632DBEFCB41511
1ccrmnop7b4uh4pj8rn1s02f1j,13511749CAF931245F945635DCBED1A1
h4f18mo30b27fmnce30b69tge8,0FE004719A6BC1C058D3A3ABE286DAC4
lo1heqf4lm7v4i2n2ombl8fa1c,10FF6891FACD062ECD1947C2F2B9DD27
lde1po9pbkpkijn72e319juj34,14CE283A837167795BED584CB131C33D
h6nlhhc2mtn07bdbrthecqbc2s,0B757F96392E1CEC54AA32F899A2F1C3
ij8elnqna2beu68tsv1qigf1m1,0EAE97E510BE77AF329AF0B72A02EB55
3qflg5g5vs6qv349qtipic8cen,135B7CEA2BFF036CD37227E1F35117EC
kq85u289ssqhr914kcvbcbhh4o,0E1645AE2A2E1CF46A40655221190051
gc7eu2b2npmu4k5cdsd8otfen5,1513C8C3E63EFF0A2D9323F4055CBBD0
aofi8ha1u0n9g8cs8fkan74u34,0BE6230161C1B4B573804259E2A0EAB0
ga0090bp79hufkp3855fnboisu,1427A5E29D6FBD956FA16F6CFD10AC3D
ko7tcn80hlapn17ghdbjojjfsc,0F053032BF97C9E87C8024D895B6BC60
gjpua8mqfcbg21odg0fijpb3ge,0ACB7BAEF2E9574A8137C12B1146E472
ts9l2cj6hnn6capfrmdagrehvf,0C94C7BDC11CBCAAC6FDBA811BF06F11
1jo1uoebrgv50h90ics6juu9c2,11D3B9552670EDBDD8A765A0A0574CCB
6hgekt8uccu85djpve8rj29ce7,0D876E0D952B290F931697E6DE728E94
cp7vusbs201s718jpcvdtqao2p,10F24556B4D0AD38372C667772628333
aiinbbv6e4180s6a8fs6e0mu2d,13F2EFE40C7203A17909BFCA89F30404
ll5ankrfaqts91h2no6j7mdn6q,0D26B0CAF0A7A8D4D9E7DF4845AB1E47
4sbu1rdupnt3j75bm0ehoi4pmk,14E84DD94B23DD308F1F28C12E1CB37F
40k1jlrp8rg36kjseb4cbckc8v,0B91263A9E10F7C6327B2DFE5AAB8014
2r8vgv2spqfnh7m13pk1b44qvu,0CC373D5CB9C691A0683AB1F77FEFF61
nu5394vn07mmvb5v2tlpmsdnck,14D95F0DC943689028C1939FB986574D
olh8n5umm24gcne8v6b8i9vk7,0FB78C2230B3E5B3605A96B130A61F93
esfemi79kkpjn807hbd4vnu8cp,109C9E36B28BBEB3B35BDB4662E8732D
56fojvb8hmbkvgp202mi521bg2,11243933BCC794C00C300B62B34B11A8
hul30cf3lddptnlt7f2u53irgt,0CB77F87BCE4271D9C33DEA59AD9E3F5
aca4dr5sb7pvct5os3ne1oct0l,0E5EE1FF08ED7F29AFC412FBB7CEA2C0
aj2q1d3rm5e8n1u842v1k5eahm,148104CD01514CDC06F411103B9D758B
6d9daje0gtt52nach7ot4o05h3,126C2E3C7D6A235BF1CDD1F150E14223
cnqcbn6pg2f32caqkdaa87sgnc,0DD3597BD8896FA62B8D329092D3AC95
iu2b8sfgot462no8piufjtmiq4,0C980C93C8A5B5E4F7C8AFF69D469186
g80fuam9o6lsoogj2mjsm24pa,0B153E6678561DB2DC4D23F19EDDEE39
n1bii6paaf7cl1ev5cnkv05rfi,10A3E5202B366BD829329CF496A5C854
30efakq37epsj5ieaeh2tpf5fj,0F9D6663B1790FE67EF7A042A4C05B81
sq2o1uv5rvcphdqtqulbjbgtri,12ECEF89931BD276BE31EDF5C559DBA0
ib76pi0b6omfgsaf4pv704jdni,143AFF00C7FADAFDE420C11DB54995BC
8ja6rp5u3d4tqi0de33imqas5a,10B32DB8E033CBAC21197238272D0196
7vgj6vm07t7k1u0lbll0bsiqov,1007300CDA1A53C4A50F05607468FB7C
r9b5sdijkfga0rqtoiufeb7d8r,0FF9B68510627A4B5970F640E2D2EA7F
i5lq28bbc4c5pjujtnue6pj4r2,1109319DCA089E3213C6D551DA553FA0
78mhfp4eqvb4p57462h799afvu,0F174EEF7DEF27E31AB752D513A92D55
j792p5mq79fn7oao8kmes1jq76,1092A462FC666BC29A729AE50B5932F5
uc0p3siimik2ql1hip5dl4ta93,0FFF3EFA5B86868A378554EC6B6DFC62
2n5965ln6lfu9si9dhb58on4dc,14F7701D6433311D021A42DCAFC35235
17p6nvi085k2h15d1h0rcfimv6,0BB6216848889DF0977B74D99A490C0D
6h74p2640pv3mn9k00ffbovj53,0EA7281EE4B22E05F344A099BF52D13C
ues4ioph37g7k3obqk12g2lqot,0FD8C9B0BD92D67148C6DEA4278A8569
k1drq0chuhirhdmk1nrr1a4u1q,0FB6D474B96A8C31CDA895923BC36DA2
ad6p0ebmo0eq51je1d8bumq0vv,108AA7B9E47FAF1BA3610B5340B7DDBB
edum0taj8vpnih385rivgbhe3b,11F93F306959263BD1348E55F018A44B
fvee6dk6k746ubrm3toj2t5gqn,0F68E10D343A21A951E47CE035898722
t0rut1b7s7vlcopn4eh1imcgi7,0B506C0C44F9F8B3D21D8EF9FCAF56D7
43te465tmh8l44qjgp2pn7pr7h,0BCA6FE93745AD9E4F68C896BA00DB00
rhe35bhknnabdd8kjmb5o7qbc7,0D581BABC902DBE6A21FC634C6221F7A
pu2mqasor9fsh7muouo40n3qcr,12951FFE705FB7EA2C3451110B040050
frouclbno8n1hrkag8otrjjddv,1208BCB0991AC753C9E5FC68DF1EC3E9
n1m4q0op5au0j0mselpot2ap1g,14D64197C201BB6387121A7AAD43F2B6
p484fferdb11uhruot7uqn7cnd,0E1EC51BC857B43C20DB7D44F4E3C725
hv48a132752o86jush68ssi0p8,14BD5E985089B1C3F3FDD6F54295F02E
h6654u1okb27ts7fn7bkvqegh,138B87DD6A0B4D768FBFBADFB25142F3
nurmfn98a792cjpnviviqr3vf5,0BFF5E6BBCB760CB083C6874DF49492F
h0q7chdi6jtiks481v6aplgbov,0CEDAE19F686C1486C46E29E331D410A
t6dmo1litfjfilhr4p9bvda7j0,0D9313B3852EE1CE8632671B1F87AB48
aed49hgjku1qipl921279iotqf,0D0A4778062673E3E27E278B2BC99FB7
7uq7a5dpk0fgrf2bu6t72gsd2k,0FEB4C991874649B9D65EC4158E3BD9B
dn7vuhiaakvsfi6hhll60jn3lk,1430FD66CA4CB0715AD0BBDB5FCF68AE
81ofmrmeuu402h9lp71lqna1gh,10CC003BD309587BC4376020278379F6
3l4urlr137e2f4hb03hj7q5p4g,0B6D1FB1637F3A1DACD29D81D4AEEC89
qp4j1qk33p6j4eo30pdofnsk0n,0DCDF28425032A33862673504673292B
pao7vldncl0n2su5618fsdouk6,0B5FA92236C374AA38FD6C231582B72E
1sj04bdu01rkkgdfo9jul1aacm,0C5558BB4021D0FAF81D95EF42282C26
odapld9hu7ep81j2hv656mq2ps,0E4408A7752A0909F5878A4404DC497E
ttq9so6cplu31h03rrepmvgtvp,1339A434CBACD8D4984765111FB0E76D
6tgi4jii580frdngp9krggjse7,123FFAC335AF4CA129F1A00D22A245C4
o0l7j3oseit85ftntluhb1blmn,1311D585022E636D11E65B74D3FBACDD
c8odm125vr5sa4p2u1iicli26,0CAAF928D4C7AF82D1413E140BC2ACDA
hu4f4g40jd6r6s0igo1jlr94br,11DBB3168787BBAC93A56FAAF8C356DD
3tmju63bots2a5mgdl2qja4qk4,12F262E3D7760816F01B9956E5493B84
j8hsp5lgvphmber06e5c13np9f,0F93523A1E9C02290937A2FD0DD6F3D6
85beal8020vfmm577vqv9f0t9p,0B42F542286AD45194D60DA5C3712F02
uh9tnc9ga6j050jifh11l76nmo,0DA644D9FFF6B50D2B54B27186341758
pcu52so5n9p7v1pie5b2q5iv7e,143B855EEA482220BFE89D2FB1C9C984
cntf59hr934ildf4qu16kq3lkd,11326BAA30078FF795D44F2E76D7206D
5np894rujh2qsl27km79oj8ch9,0ED92C54571B1530D0EA8967D221D628
g358l9fkb7t7q6uotsa26dk5oa,10B9CE515E2BA2EEEADA1F113795BAF4
lr5hga3n8i98unl81nv2b2hgla,0ED6368F28DFC2A5831D836975905BCA
d5bs77m73p1d3fce9ov7ff7hcd,13380DE01A6EF79BDC317B577BD89E24
p5hcsh7u0tmcvbtsrb1jkcdlfm,103FB008AF4F6C1706124546F8A8F2BD
fqvkosjjsjd7ajf9rsrulq6c2k,0F6FA9DDEB1C3C2AA2989A843EDD2499
9tlil99d66bpsa70nmv967ob5t,0CE5C5F6B2206A6C204008A5EB223B56
t3vc4o8mg8tqnm621o4j8gnrns,0B9E09DD04F46C15D1C6F304DFB682DE
v5of7fd37cu20vv8khqfisqjjo,149E4C82DF151BA72723B519C962B414
7nq554kn6pm6d62kfp2tf605tu,148AAE7C39B854D10809AF3AA86E1BBB
s49kf8ju42thc5he2qnboqapiq,0C83AE8613FA0B970BC81FC92E11A1D2
rnvl1lmmr3bq5ei8j4skaurq3v,0C74BD9D7C3E426C7DA45964CC0B60FC
ot531n4l9gjito0ffssini6pvt,1246648EA6B20CD46EF8BB9C1977FC17
s461054kbdvlp8nbul0cogvkem,0ABBF002AF47AE5A4B3A3830C25EBD7B
tpi51j4isbeop9635l43h5at6k,1134FC87CD228E5A5271815398DAE3ED
47dvhqoum14eirm4u0nuo1aoea,12B4D3A23AAA52D597BF0B5664719E88
2ivhd0co3ckek5rq4h77a2suc3,0E450F4CE271B38CBB8440C9020B7FB7
1bdgd73ks124q80adrmgumgtt0,0E02536F9C105EF4018E808C2D1149DD
fnt57m7li5dhc02molfhqohgvv,0FAD33FDAA35DCAD4FEC1D7BD690836E
q7dqa72jh5tcd4331l1elhkq8l,0EEC9465D677672C8B996A458D69E815
hanovqng7tntpi4c3cblbput86,0E7C0A7C4772DE97B1E8FBCD4FEE36E7
n5aor79511olc4e1iu6d8lcrsp,153F2B4A24AB5A3B47EE323138F32380
m9omb1jihmp8445ueh8u0qaq9a,10478D30E8C7D829F6A4EE0FC008636D
iche4hi7eeesnv5jub3buecb9r,0E0B4912DDE12CE445CE49B67BE8B27F
77t3s0pg6l67suog3aq4vq0g2u,13B4AFA547B25AE62C40C7D3D4748EB6
rgur9iv115jplproas2c5k1603,0EDE2EFF49BA48F9CA04C0AB43D5EA99
os08bkjlcm9l7astspfismskng,0F4A049FDB9EDB7D506B8FE161868714
epc8bpps5qbpeoc2so20dldqgg,150BBFDAAC6554296C062CC34E882082
98q4nko5pp2rcf09afhmfn1r07,0C4989F00E57D8C3A322F4F0006A17AC
tb065pkevdbb2mp37j09pa5de8,0EDD60EC448480A3B0EDAE337AB0AA54
kjs910603e1ongkvq91ndatlfg,0FAD485B4680A42E102AAA88DECFC5B4
q0o02le18v1r2sqlujifcs6sj1,0CA99F4B88E25DE979C1050B3BD30AB9
sa44bqo5qro9fs24m65hthp3kc,1386889B3F43F337163ABE9CB8DE7DBC
v1urrcbg0fs09vq5sgtn3bi9oq,153A30F00C6747609A7E561BA3082F1D
drcacbg2pm38sc0efcfec5bkgu,0DF0161638616E846973C8DBEC472F4A
9kq9dtruf9h46vdgo28ns2sc74,0D3F690530B9BF425018E0B1117EE8B8
43u175fcs6irgk3lnmabjbgkrp,0D9735698F612FDBB6D7098437B018C5
n5f2mcc9gcuvb38pu5294mfif3,0BAC2933852159F949DE99F4420075C0
ke5pijpoff2ks5gv5pff9al8fe,0B68445E66C112B1F32D9442A376242C
ih2ocrrf511tspagcap1lmkg9b,0F2575E713CFDD89CC041841C3326C19
u1ss4sm4rhavq0jhqubqjotvrg,0ECC6344EAE55AF7719C3210C1D28CCB
nogh0mnam6cmf6j79m31ta8jvp,0F85F4B54DFF885D99FF637C49361AFF
h0dhrai8u8gquuhu1q4tifleiu,10FF8AF90DB44A06A9CDE5D48BC44EC3
71vnakvh9bgll48u45rrbs4qti,0DF69DE5BD75460E6722DFE365E7E1B3
6dh07tt4k2npq1dcehuhm3p8sl,0EF0847A291327FF4497D611AF541495
80hlbuo4lcj35eh0tf7r43v2j0,0F4B610D7F6479092C7E40EC8B98C193
uiijg8jsalktskcn0h0unoa843,147B55E52CA71D8EEBB40FACDCA79C5B
bbd54o7q9v4d1s8af01rgcd3q5,0EF57A12D2598E4A09B84D6CFA867509
qivsaj0i2ia5jhmung40uhcdtu,1500B618C9AF1F80C567174D2D89E892
n4i2harbocnccukrsoqpcdr9c7,10687FC6B877594D7D96B193847DA426
ltpldnj2qj130hn8qs4qqib41i,118F643D88F8F91D803352A5C862D29E
vhc7updip941d0mn54alor8386,13F9CA89F6F79FAAF6DDC00CB680E91C
sc7ifi7hm64i4vlmc3a7otjlc4,10D4C0FDB74C3747D1697F8B518CD98D
9dnuoef69tqla44gbe10fgu8fp,0EC3A419E921EE996AA21F5B2BFE4BC4
pk5v5lp6ipn4h4dtg7otmqp3l,0FB8A0B5AA9DAD819CD3334AFFEA13ED
8qd6l07qmsbk4oncn8j2hl88l0,0CB6EE3DDAD6CAFE3B50BBDADB4B6B35
oek0lluon51iidiv7h5dm6hukv,0E34C5546A1C054335276BB025E9C7C2
df7aqiipdrvrpaoj018sjr479q,0AC0C37C30B99AD662EBFA634E3D3273
frjg9nu9dh1beibud8lv14nkhc,0EB4575F5E80247CD2CB5F2A83DC80FF
cqbphbl2iutj48bi8ss1a05992,0BFEEBC2347723B36DABD97EBFAB1300
7gi4qbr2lcv7g11bp6hc2mb3s4,12C6F722C22438B5A6AD558F5646E4D9
fqvhsotuun5iq0dt7opvf2igpc,1269051817732148A07224B7800279DB
qj4o836133u7u5a46pq0it66e4,1252B7931C5A3329759016569C92AB21
or6c72u0o3uf24tdq88cf6jv0p,0B6E24E139129352A9F4EDBB7996397B
eqdme7kj504bg2qtnisa3u3b9t,0BF0E27F49334FE3339375A20CE1705D
k0o9o8prtibqr7bi6etp0n3mcf,14B0BB0E8FB3EF9317DFF98E6A3AEE67
nl4omfsfr6rhk51l65g8no7q1c,11CF02AFAE69A5A15B82E8002588403F
mma537aph3ujgvui54d8f8mmet,0D7579A4AA021BFB5A56D0BDB3EFA831
qpj5acumjqdfofcur52p2ldnku,119CF6055A409894A83CB65C48C4E708
3a0b0cqrfphvte2a4e6ahge74r,0AFFBE81CEDDDB533D138F8E784AEEAF
83sp2t35c24sj192811jp5ilf7,0B0BAD21A2BECD21ECDEFD5C2CB4C614
ogmf8eh82uduc5m0o9du92vgnk,13A9F2B207DB271571602F785E8E5381
kso568l4bbummcq1cqs9bemjvo,0FDEC5E3D8E0618671AC63C43C1A45D1
jkro4bu3gvu1j6n64m38hrep6l,1045B7E46DF3BD24FB250C39A48B0E0E
11mpbk8rrek5sl9jo2dr0cohrg,0EBA844D914AD27A2D3066F1A3B71D86
26ldk9iulctks4l0eq7pc34lgq,135660BE3CCE1E38CF1479C161226581
pnjkg3d90tnr50oas4feu0nlv3,11A3709AC271EDEF7831299F472046F4
igtqofve30v2sitji2cecucs83,145FF31FB8E5D1ADD69B233C290B4BB1
36b6jhamh2hkcb3rm58vi86e0u,13FF35BBFECDACACE686C50E355713C5
6e4mrff3dvlng0uupcba2ndfut,0E24D0EF7120569E1140B80546EBF453
um6bnc049ae9l0ocs9ss4ueq38,100771C5A18563747A127EFBE84A8E69
h0o59t0dj5n8ip4po1s70h3f9l,1196A59AD3CA0B1A231CD48FE6D289CE
i38cvspvhhqdnsejnr2rtadfo6,14BD6C73DAF8747BC71DA4FF700BC51E
hhuh4ol3h7m9vuu1d04r5nka2f,12FBC1E64E37705BF3B26A910D8E1867
uiklrfakig7qc7lsq6drsujqg0,0F41F9CF9D3D80C630FAC93A1AC22F2B
gtpp6tbo90ojrj9ridmsks80qo,14918266CAAA184E9105F38411E0664D
8hscpibjt54vq5mt1d4n88b47u,0D0588819C288DD182707E7611AD4148
lgq5uj3on0dkh57mk9c7ds91ke,103420703C76B53D6A4155D4B50091E5
of7hkippg3puvprg4kqs0lmm4l,1554761C8906D796E992504B19018C74
q1u23v2uvpfn5v8n9aj8gnk7kr,0F94ECA765B9EDA0700A1B455854C581
h4kh2j7a1ub4p3nv6sq93r7bel,12A6B8060C6CDD191D81978C95605E8B
9oj94b001s8lra4f3ja33p1umk,0BB4DDF9C4F85C8A99D213FF69F85863
oq0raugfs6209uk14493sqruid,12EDD12D71002EA3E2D48486BE122857
g7qemcurf7l6mjc84osqbv55r1,120B63DB8EAC8FC2C37CAEA30CE0A02B
elg0uhh6ve1f6n75j7tndge021,0DD684A57E5BDB6DC210304EC87CF2E6
86f4bqsek6vsie652o04vrg4g5,13AC33A4853D13EAC988631ECC82BB3D
c4laii64lkkkkup8s4r0bbi2vo,0EE9501C39B471240C573C2A7071DF18
rp547m9ge8lk7h631uv6ifu7gu,0CDF3DD25F26ECAAF4920EAB62CE0F2A
643r14i9s9kh5g20tf8tef0vlu,125D1672921A927046C1FF2E12C68BA3
2hd29108fvg933jfmd5g211hsp,112574EE772D42A9A62C53BC4A19091B
n5d3qc3osp8e1egid8q2kv602g,0F63BF5805218E7D5998978853ABE67F
go0elnfuuiit9o3ro8scg0nc1g,0ECF4388535E443204D9AA97B420D4EF
3ef6i900cr0cc3elh5rpksnd6h,138A93A69133E89B5E3EDB625D0CE04C
urqv8hjclhehtdr46jmboptu4k,0B13B30A76F3ABB157D7562C2BC68B7F
gg0042ro45i5l8mqrhbsi5uh74,0D41EEC524C0D89A083080811F52DF77
5s52fsrmsr2rlvm5svc98l8smv,1008E843259B5495243305169BE12C60
m96ca7qha5haqs6hhctcjngre4,0FF6DE7EE6100309F04E554D0B1D4C25
pd7196g7if44kdkm1uopkq03u8,117CD044313D41E37339E47FA5A5C3D2
bdka5bdk49gn0a0ej3phr3kbhq,0E42FD283314EFB5799F19FFDCA4F415
ha5060474hepfc20hjr106sgqi,1360983F6BC112A77A72B33303E0AD33
i2ccak7cu6mip73lr5o7mhlt9s,12031AC600D9F3BF70CFC9607E7CF13B
nkcnuput5lumj47iplfsmofq4,126C78CF83DC80B2874429E72D93A579
qg89lu36pnme3b94aarunc7qla,0D3703B6D6B9FB1425DC8B1A5DE22E15
rfujs4oshtrrt3vck6cio0rves,0F8391B97860DE11BDE0210FAE54764E
7qi7t2doglstpp9jhe1fvaeiic,12815B5DCAB1B9677F62098B7DB423D6
l3hqtkkn54c4btbtvjf0r8l3eb,14E2EB56884843A4837F934A81DCE1C5
9vn0fv2d9mvg32elookl2gsc5o,0DD796FF1F0F6F61E03F860704AF2BC7
kb9gsco73485f174b4m3iolee5,11899795FA51A83E2BA1401F52069E74
4hkpun5qamalcpe0dcdv7s0i4d,0B69E2AA8457789F2023C251A9D48B3F
pvtd5lqhuvqv2rv1md3antan64,0C9381C340CE9D77409D73AF33B72996
65fuh5ngmmejahqa3vhclc9b21,13B92062786D3A982CAEC3A197AEDBDF
ci66guj67lcv38jaso230n90bi,12BAC9E98B7C83AB436C3706BF9E5219
uci343hv4kgcufrdng6pja4cf8,0B21DA548D149B5788CC6781BD345DA8
p5jct8a0a21ltsbovskg9bihgg,0F3DC7E91E7B3EA5902504D46D3B11DD
uklj9fv8b1gnjaaht5q2ikg7r3,146CDE103FD4A63E10EDA0B4E7DF2124
36227449pkte6num7uhj30fn8q,117AF8A288FB21B35590DDDF75E57CE9
eq2gcq20jlhrhm4sogjicqli6j,0E7912AC6D30F45F61214248A44AE5BF
it8ov2ta3ad1a0enfa84je0pho,0B370840C14B18ADF2A3AB0B7771F59C
j1ib189ldcj4c0fmmgnji8rfhe,116601A9B0FF74DE072A22F29DC4E107
a1g1sbd4dm3e1ijb65b8ubj0vi,0F530511036BC93AA18057E1262F616D
68kd36k6mvc5csko20tu9kss3u,11AEFD457BF052A2F78A459DEDB10DE2
jp8ouuj7q4vr0olt5f0dq6nrm0,0CF1E1034456420F014EA664E5209159
3h1d4ju0rf03cmvl7r58q0qc3t,0AE5BA307E167676F45526B02CF2299B
i8knp8a3qg0p584g4hf20sqc1n,0EE4ACE845194F4D74D45EEDF55B795F
b5rj32sb25jd463kgq3u66khml,0C952A5AB3401B02789A0145F6B7E7C8
7dot8h572e7vo1npfi5ev5q4fq,0F506131DEF44C5D28A8E9196D65A22E
ro8phc5mn0q1eipsccgvr8uq61,105B83E755156642064703FFA1C3A874
40nevs6j1vpoiu88370bth8b25,0D00BF4DA210BA611B31C2E6A0AD209D
94k5g06s55bvl257mck06292pb,0F68CA401632332950B10941C79406E9
bc7g4irv9aoc7np0n3bf736o3v,0CD69E38DC76108DB588FC7FEC7FA345
7kb4liqhhosbte050vts9jjtec,1306B71208390797DD783980EDD034F8
80aememlh9f2tc38gom04p5d4h,0BD5C6CE938022AA8BDF27B60E9505CD
lrg7pdrbcjdk70t4eu2sgtog0m,0DE536454D98FCE8C576C71D249E4037
v84fe9hp6t591s0em5sbv4jou4,1294A450445727E9853B493F7BAB755C
94u88f8h1p9m80ih9ilhkdoi0q,0CA2B6CA5F99C685BBD6160F522440C6
gb71kabuspqldb8si9oikbs7lb,11ECFD5B4B6756BF89669FB31AE4B58F
e2lqalidbu5acrqhfqu8c1ijhe,107ADFE97D8E42CAF4F74700E2430C7F
362823oic7nk03spri82egmgi5,129B2234188AB5CA6AF281BE27758984
1llic5pbrs25ip8ujnbs0etdfi,0C840A9ADAF21837614DF3173281783E
u75p8dub63uqroiiqk6g0treaa,0DFE89F8A47FB41372CAB2A64677BE19
ceocb99r655lj8grj693dtro5u,128710EC239D35BF3757B6ED53DA36A3
vp2co6o6sb8csrv7gvsopp80nj,14EE17EBC774A81FB8B70E063BE7CEE1
jd3pmfja1cgmd4ev86mpvscmok,11D352703346254E411693FEB96303FE
jq95ht4855f03u60abcejfkull,14F555FDF21D8BF7DC482B21435CAF75
mtm9g5dlu1kedemj3us7h01f7e,14445D05086DF08C96C57733BAA42B43
2fuhccf64rfkja645hprasnp86,0D4D83A6B1A96590C1F7B8D8A725289F
25anpca197a0943k55e595fm47,10BDFDDDFF5B5DCDFAB8246AF546FE49
s31flunig9m6oklv8icjrdvjb5,115EBB517F8860BE4C3337887DF5A731
bm2neq135jlj20i6omrhifkpgj,0C32B2EF0D486781CD58F2DFDCDBF733
9qla33r43pgd46r42qeogs1g92,0B8983321BE3A371029821E350745A6F
rhrt13hjbqe4aui8j60s15re3k,1187AAA6765CF2765C8B0474DC418873
6kan3oj9l86v7dkkja76sh5qqg,151D70ED4950C24B2F6152CF98ED2933
jo38t7b90oqe0itsb2ger6sb6g,0C505640093B269A7392B3D4DFEBE411
mv9161gf0971a8ih687u5q347b,0C9A65E0F0D9DCE7D8ED89877351A939
itn8jqg4ctolbnc5lnsbh1rjph,0B1AB009CDE9653E7597E1EC77B9AF82
oduu69nhatgl7lg3dc42lonirb,11EAFEF159B57321BD86EFFA847CFD29
ji940v3ciduvcpftmv37kmvnvi,15379543BFEA02895830B406D9A67FE5
odg2i786ktf216r0gup2rdvbdk,0B07CECDFD3FA6539C21CDA4AA4DB2E8
dnues4jpnarumuj5fd285kg60d,0C9F7FD5A93F48A69F3C7FFB8D4205C7
kdaj3mtvh4cdhe26611uf14ubo,144182CEB989BE693380158504394591
f18cm8fnmepo2ffgh3bp2g67vf,0C0B6C1D093AA90B4C44762EE391F647
2h1t95mk6nrafid6fjjurhk656,10DFC3E282811A36E051ACF4D9C29C1F
fu9bapl5uf0s99a2kc8blme7c3,0D4D51785E62ADB688FDBD8D12FEDD1E
39e5trgd5vq2n7e4upolvj31hp,128B0C29CE35C6A7DD2F67FF97EF4987
dg4lssdlgpt2nomvm40db5ut59,0D4B5AFDD2C125704BF8549E7905D4FD
peh5kf3ielc7mtdbeao28ksabu,0E51FDE172BB3E05F27CCF4C1959D6CD
qn3tb36gl6umskg8mik4oq8aug,0E42A112348E4587B5036870820B3829
6srj96dlb9dnefidgb04foc3cm,0C43C4985CD5CBBB5268583DCC2F3A88
e03oapgkbimlfhpijehdb7mb50,103A8C2B32C3CD0F087D93857025D74F
ubd1jje0htjl0l64gikoaqhaqa,136557F83A5D7584BF4BF33ADFDE3DBA
no4n1g08gc0kos5unkslsq9v1c,11D248996FB812932EC63471C54A1084
2ku09std3gv2esrdg09k0g8vi5,13663A8E951C812FC8694D61BB41FEA3
anjebocu5rbav05cqs0hjtibhp,126560A8F9D3CE9947C9818333D4DB29
n6cm3c8cad2ara5qqmdh7rtoie,0EAB3527B14C253E5A10FE40F5C9CE68
43jrcna12570mfir9tc98s26e4,10D101ED40BFFD7C74FB2A44C1E9370E
m24eo93fl5bh4acr3b14t7mjsl,145B0E0C9B7173CA215DFD1701153C1D
u3qp96ufe4tv20tds4p1nq1grn,1221F17EF78E6E7093EE76DB1E60468F
efpoio5opsahs5altlls46h61f,0E1C5F9A7AD7B54512D2DD96D418DB49
v2sv02k6tahn8qhce85k92fg9n,0C2F80CCF13A41AFD8A1E8C244C9313B
r1k4g83a50pt82i869ptendbm3,0FA46F0E27DC64523C14A62A184A9E1C
2gn31mn56fub6b8d2eqdemteut,14523E86C60AEC9A1D9CA345CDDA03A6
39jek4gujthmjis8q8oq9mp6nn,14B6D0807A02A82A2F4157FCEEE8CC0D
g6jpn5a6fuguh7n6j0k06hj57o,0C7323D4FBD2C1F6264E9BBC9B38ED64
t065gptkfbvfn8ab7bvqh23bm2,0F2288B4341752B4490154BC623C7645
j1r5u2425ekl3niji1svu8j7jd,10A1588F00E921496E2D4D06833BC9C6
pmcoo01n23tbioa6ocphg03hnn,0F392CB44A56D384E4D56EDA2788F9A6
qmi5nfj2mer8irpqbiv2s81dh1,0B2A75C6F8F4959B94007BA2B90A647A
j8h90aqvbtp5bnh44ufpobeo44,0C10DB7BDC1701AD185A1B0BFAD99F67
pg3nbgsagciahvbcl4utijs3ho,14BADC2662E459073865C5644FA1A85A
nub6p887tsv7c6g8svj3n3pqkf,123CB19ADA26A569343D6E4C3D9DF331
64dgr8897c247a1jdg5ocidicb,0C69C192165829E955F83FF552A72100
i6d4g5lbl9nrelfds0elkj0fhn,12730FE6813708FC083A8407C93568BA
1h17aqigrdbhb3hbhpm019eddl,0FD744DEAC21AE69F03D982A14571A2D
7rfhkun5cta0qk4n792cjred55,118FE4A1814DA875057130F1595C08C9
d14hd17ghmauk2u60buupn05fc,0D452C83CE53E10F06A3894689536837
ru3giprjr3prbccgf5us95ob3s,0B49CF5429A3F289521B95D4DB102D36
abokq0ced2jo9qvctv75m7tgvg,12A716E0167F4925614BD5DF2CF8A2D0
a368btl1gbucnkq3u3uej4g04o,0B8765E0EDA56E5BBA7DA0CEBEF9B363
9ha10hfl6fm0jakt2eoituvpkr,1308EC39043B1E527EBDAFA54DFA8FBE
d0dl2u4t0a4r9r6d4s4oakadbj,0C3B8FAF59941875DF2904BD14D6593B
ksmm9brghcniti1gmu0mie6s1o,1208ADC9BB52AD9162B0EA6BFF4DE5C7
q10ar7j7dranpv7atu52dc3ij8,0F71B91AF6B6CE26882734FFE19241F0
m5i622oa6behdtaomdjddfdgj6,14589C865FF4EAF7FC363DD0C3B744A0
g5fmfbodu1q6itjqur3pt87jbs,0B1F7D192CAF8F6CA6890D2CC01EE033
svi9aenssvueajljbipcmf1h2b,1204960B25EA72380104111C72393D5C
bl8dtmg6ke3q8103ldijf6keh4,0BB11A1A058AC3DC42A0712FC8C83BF2
jk82taio6cg25glbe1fdskm967,154C66E6B4F2A6137E9C9A200537C0F1
a2phevtpjjhc461ask839qj334,0DADF19A0DA9C66688529AEF3B1E5263
h45lbea1elshe4d8i2mttk3oa1,0E99D90CB51A40C105E619665105DD89
hn7h9mj0tc740metvr96s9pl70,1203AEDD76743082F81E439A628F6A70
vrsfaddb847euqmvas7qnk6pgj,0C20DF3D681BF01235E3DE7E5658E23F
gmp489gd3k5cgkdsbq044nvrfp,0AF3EEBBAE395A4A89882B828503BA09
fmmih55u6eiujtphpunsn9aapm,0FC991C27D251D75B21C358859101511
d64ncga1cbs341d7oi5aunn4th,1449A1CAE0C8ECA30EF5077C961921AF
q75b61cou1qtbh1o7s7hbqd9ol,13CF2ECEA151DEDCB463F49DC08B4BCD
efu8v719n87ehdcd3gjasoanpo,149FFCBFDA2C1827812B7BDF406F3008
6hn4jhl43terge2j93lhspavp0,111D2B3F58C9CB7F3F8207A8CAB8591E
g814p62p307iaithd6vdt6niof,0C01B90CCEF8861DA13FE12014C0918D
3k9bghp3hm7n0n54lta7eir8dr,1143BE165CFF51D22FF0D42A399438BA
dkshi0a6i1gdlk6kuaha28eltq,0D59461FD214FEDC7264BCF6AB40631F
11i2bhbsvrh1djoig6ucgfgrj3,125BAA4B97E631D1F3DE08546E51802A
ikfg7t152dp5l5a0a16itrrdme,13CC1B479DDF5D5E56E7586C44ABF77D
lu5dkv984k8iaagp4hai8enos3,10EA7E56F81368CDEE1B64312403675A
amnut7tib9lrijsb2magbb1ik,1060823DE1829D3265B32774BC8EAE1F
86b8eel0amkg7r0opkl8jdhq0t,0FFFA8DA7938DFE26FAEEED8F562A804
vqscvfe5sd0i9ai4bredjqplmt,0C44FECA20F9A3322195DD030E1C3D98
pq9ue6qol9e62nb3kfd47nai3p,15594AD8D5174FDE0B3BC0D3918DC699
ncnja7n8la3hnctfs17p7qr5m,124E3E6DB1EFF6D4CE9AA8DD8CDA6DE9
og5olguqs9ed9m807pb0nub5v2,12D878D74066758887054DC2D2281F67
5rbu5qchsbhesura3mb7mp8np,132B96B79A5265F35B8FBE6E528C189E
unso76f08o20nvs9r6j20p7u35,14FC81D3326A1A4BB2EB26F23A9BCAD2
9bba7k2l8q74i14grh4jqgb5i0,14D74ADA7FD83FE57036BC4F92864A7D
gkk0dqvo3qm5v260s5o3l6574l,0AFED7ABB35166ADCF63565A08E21739
c3aqf2d6l1o37hbj4pf41mu8dv,115BA751AC2B0C6C3B1918FD7595569B
pas97crdlc25f7t8q4bolno4oh,0B1239AA00774740A3568256C2C6963B
hllh8jafllfq82an60elgjp6lt,0DF1C43A4971EF069D331A614D4D6791
s51vgr9s5p9pt87b2jn9adrnnq,0F5D42E121D7C3B5A879E7F638EADD42
dffr36un0qbd7sed3blbu46pd7,13FB7647F6F9C6923ACBE8A52759D25E
32snpsmk6r7vlb0q30pmtniges,122E024B6BEEB71725D18F4259E9C011
neo44ggoautj9cj1tprdfqdcba,126BD1FAE9B70C471195CC0FDDAD8E60
jjocnostlktpa4btna3fkictvj,141D4721F4423CC809CEB6726A861548
3l90md2gsp8jkb7mb5npsgeq1f,10CC50063AC2D78263ACC6B5CE9E0315
6teukieds7l4o62vh2s0anq9of,1344CE8A6C7DCF505F515FAA0CDBF681
c8d0lgj6v31utog9jligb4584v,118AC7B26F03966CE5EAB719E416C9E7
s0sqt09ki4frsjalrs954r7qjf,13CE1E2A3C761E69344CB704B3122562
7gqp9h06ft7q3gqupjbubj93fc,0BF733235E666693801E442F8D6E7726
i4f35qnasc8m98e0gomvmsqfr6,1522F3579F1DD90D06B4896795910FD9
49lfvtv62g1mh9qm0v8b38g56r,0F15DA59D7BB5DDDDA7EBACD7F8BCAAC
2t9stvefapjfuobbvs3tevjn3t,128ED39A23E0530EE4469EC11ADDB828
4o6k8i3cqgnb1uo767g0737lfc,14F098D58F0CD9FA9DA189D4ADC29675
ptbs4t168f3n2glhk60qdfvs3l,0D12E17DFFEE5E476F2D0842E3607348
6ft4v4u35s298eh7vpv256a3j4,0FAB85B58B351380C667E59638073FC9
aa00b63i1ma3ig4o5ak4e6mads,12E06470FA91AB07DF224331A03D501B
qkckj42pb17avtorq8eo9ca2rj,1089678966071C955FF33E01D3983F2E
7gm5bq3fr7n5mv31rveguin8ca,0E29D8C5C242D1516FAB04F7ED224F8F
md0mo3dlshc0fiijs1q3t90cnu,0DCBE057AA0CD84006878963715D0E93
q3d4ks900dq7mm1tvautvb2m48,10A9059449560BCDC980C533DC389F96
42h6iv9f74t100jub1ic1l7iq5,147B9D5F4FD9674882553E8FC2AA400D
s8dtldg5ba1dmapu24pagilj39,0FEFB7F260EAC6C443F96E79B8F74D18
7k0jl6iomejmqt4bioak609f6l,12DA35AF382E232B78D8F81BF3AE2B6C
gllcjrih6f93c7556iqler87od,0C53095FF41FD2AA274F0584316B8955
lgjvn3skuc77jf47c7a6oaeloi,0BDEFCEDE9B4066565A2FE3A49D1C20E
2ohdar7vor59h3lm0nhd1d2bvk,11A2262A911C69EECA721805658A49EA
rvuvq3kamvh5ndutij2l0s80uh,0E2F5FD3E8CD9A60F527C80179C6F905
dchjtjsh21lsf5fqjgb4fabbhm,11A9D53B4CFEEF24546D977F80FC09B5
gij3bkp7r4pf0sl12lrn757stu,13816680E33E8FA0B56937673AC49C75
gbep2u47aphasegdq1spbh4jgq,134382C6A74190D79235D588F4368052
rp30vrakj5996ifnp608ao5krt,139C1D6BB21263DE81F3FD5C59F229EB
pi25pnon18usj8qapav1kfubv9,1138EB826B64EB2958BBF164328FEC85
bq6d6l4emjo1fq55dbqtlco58n,13B07C5B637F900C20808DC14E040970
6fvpeb3scgfgkhuqvo67plf5kr,0E82E6B12401FD232321C5E1A71B040C
tfman4njapeeoubliojmcmoatd,0CD363F2852CFA980055AFFB94312766
68fbi4slugor49kjta74q52r0c,12BC749D396C2F9BC9088D14C9AF6056
plpr493rneuho856c8pso5e2og,0BA0C52FB5309EE62057583BDEFB8A7B
vjhsj793nrg0k4boufbsc5fjk2,13F479184B654DEEC95F933264F6B164
r746acqfp8ok1r12k8h9vgaq0k,0EDC831E388B3FE502CCA4B41D9838D2
tm435f927omvqv7uv55u37fjpl,13A791A3DBC38881698459084D1931F8
1qv0kc1et0hpmunlnromus7eq5,1443A4088A7C302A75464BB64B8BBE08
n179b0121aq3882oh164kpap37,14AA949FFDE0FBE2D5490E904ED1C87A
ui78rlm4rkgjdcs5ca9f2qgg03,1002E7E94AF8090826790AB3810C970A
k99ht6reh6mk0cfta4oag19tm9,11881F7DBF8678A6EF4AE7681650239E
pm7582tb7gmlpl3oauquof8s62,12A677F337D5968EDB01FF54E51CE77D
vtsptj355hi4u6du8sbeha20rv,14D652275EE3A0BE286DBF1F7631CF85
p0hs1tvdhpdm2mi909ghtltmgc,0E5595FD764E9B3BE109806024A4DAAE
ia9ppggs44529cp8f78aqcdjqa,0AE4F58A9DDB617D5B1D6DED962131B2
bam77bla1gk0h4l0o449tpemmd,126D662CC5738E7BA0976B8923ACD779
22c0fsnh5hqd6ne1c4cvhceao0,11DFF80565BA0E900C36945911CE50D5
rb1qt66edpbddn3j884na266p7,153AFDE4BBD9401790E5344C25CD84B1
4u19ir044ahek9s97mle3tpu86,0B5EB187DCA9F2C79BEE598A30384EBA
3q67foulrqepmeqs8cj82mhlof,1384E4C407D1ED84379D4840BA38ADC1
uaif5j7jb8aia5game4ipntt1p,119AF207D7653FFF2509E841213DC85C
mpffahh7lt52hckvcpgkub2d5b,0B3164DA00CB8509032F98BB1204AC51
99b8qqcqrvkvqse713ifn7qe5k,0B29262A21990625F3E797E5EE0C6A31
1p6okdhss64mcl1omie747jk5a,10613149F9E3B6F800B9CDE6E7FD7545
hsjeuumd3n2h6mg2e4sc55flou,0C47B190E8846C7BF211502D618A28BC
4tmnhdfs6bs07roo4ghm5isa77,140E9F45F948A3DB88248681CAF0B62E
khhe08o0797u47833ve3siriv3,12BE5E9633E08307735E14EA4B78C285
2biju6dc8tp1h5j6e6fi9efpia,0D2FA5A223826E73C89C578F603F0D20
vpj7ik83holq7ntnpd7bmv4jhr,0F44C5940BE96CEAB54C2EB5A4FE1C02
v80hetdfp2u53grkcogg53r39s,13A2C3FD61EEA4E49E27FE112F56F5F8
7ehm0nj20bopia72em56ojha2f,103B6563BD1845394B4AEFAF585C91F7
1m1gr5vbg89kc3qr0i5e1d4m8h,122D96A5759CA347D3D195BADF3395AA
39ajmaenncun8or7274sg3m9mu,11A1C2ADE9602FC1E4C0ECE469DBBCFB
m6pn93jomden0ugmqrgig6s74c,14DA9510C9D167468C61A4D6F72D5218
tgrdrddpoicpjqvcqcn5d730s2,13CE0573F5E235E910D82F38A8489091
a8uvj7aj4pdmos6tdns9b8jgr8,13903ECE0DC029626F5DFAAD855674B1
tmdjsh85olsk7g6t0061j1h7q9,11175F6E8D7AE6B42A9D2FA1F4473AB6
gbqachi7k0squcqe5m1cdv72lf,0E148DB74D9D88474A6FE90557004EF8
13s2fipg5l6afp9rq8771q22d0,10CBC8511EFB12A08062A2779D017858
i0sn3lmh5rav0j4rc8lnajjrjr,0DCF390CF9E2D13D37F38BE869323F4D
ene82orlj7b5973oolqpotf5i0,102D06363E5564C42C8A41834172FCCF
brcud3kjf2edgopadpts89b7bn,0DB4384C952CF5C298B0BFFB598B165B
pbl6anjmtec98ang37je7322b4,0E8365DC256AD0B9F6BDDA31AF2BC39C
unbqetthd1kj9l0i2b422jcl,11C8F38C97E80F24E016488111304409
ej6kg2q4s4muvn0hennfvgbg8q,0F2FF9F0A8017F187DE945607EC78D2C
cp9o6a4b29i9cejtb69uubieui,1526A67DBA446DB0BA45325F0657D948
lhqf057dqu7h0rgmip8tudb9cd,102C418B2AB2522762C6EF55185F669E
ar8h45hthil63taj9gvclmvoon,0FC78ED58B4E90B18A1625DFBD484365
fkmh82sq3k2vmivr38uepucl14,0DBA57ECD9637AED6A01C8F641CF7299
f8vgg34r03u9i4i2hqfo6vp992,0D2061E1AE8A765A813AF632480AFF53
o02ra3ipmt49shkvj7qstfmhei,130335509E76DAEE61092236D5AFBB46
l42028sg503sovrcogeqoc37qh,0EA87A5389E0DB06E3E161780F893C65
oj0b6togk4915budvslsjm5d0h,10C5C2245B1B54070EF6E8803379D7E3
g940jbl37nl5145bj5fjobgelo,123D1B667619055D3953A82B2ACAB0A2
9tpce0kmsk1vjakmg39l7mdrqv,12BEAEC745C1AB94736E982083F8F45D
r1m697tuof717ilg8lgqg6tjtg,1083F71374825BB36781A66054D20761
lhffta1ah5bujnskoa9u73kbnl,0B7DCEF805584F8891B528D649C1F1D1
m69nit14cir379b079r47lj9fm,11CCFB4778CF4D4134B467AE48555708
emos9d6doql6iapcffmk7m8qfo,13F31807DCC58912B5BF69756A6F0848
rset2cqoe8k04jq46qq748bufg,10FB87CE7579F649913FCA156BA8BD90
2op6514oth9o8qdjv5e8m5mk66,0D8FB058A908DAFF043042B9D7CACF8A
p8kr9lifn5lnn4t0sdvgdl7f9r,11C936072FACEAC398813E55420440DE
5alue8hs3ijrdsga917mtfduik,1297907ED0CBD96F7AE7340B1A252218
dks6taprud4n2nikg8vi1iv5d7,0FD4507B63C3A54975AAC669ED1DDDCF
1hgbp5dggbjdl0b7had47rffvv,0DA5C1A53D3140E2DFEFD08919256319
d4ehsmhrsn5rda96t091okjao0,0D65F6782D9B1C019E2D599D231A3B38
fij9j2ep4i1inp31v225um7h5l,0CEDCCD2ABB186CA519A86F113160059
pr111fub18e9nvro3t7cpmai9h,1500DF8A1FA09F707BA6027B86C3932A
pkid78i8v1vu264o1j7d47qrp2,0E1D764E42C2154A95A16F4DC8B6EE63
lhnbv1bc6mtj43l916uolch2o1,0C09065FB570A14B1DF12421C697DB59
t4q5v9d7qj11etr35o0vlsgisp,0CD20A57345FB411CB6EF7D228C5E59F
t510t6hknefrf8qjrs0sd0pine,0F7A65A4F78619C26F4574D58D7161D3
2ifetgidsgt7t0rm45ur4cf500,0F4CD669812F8209360C74513A4B2D8D
c572neqkr2e69oq7do5m3jc0n0,10C670D2978B9F444E9F59C2AB71C400
o7t8uqvq401dmh580o51p7lks8,0BFA67A8821CD8FD9FF838690E1BB4F8
74rlfc4u54kb7dehbdd062shlp,0AFDCA23FF032EB816EEF7E2C3FD0891
s2rcveguvplqub0d37141dkqsp,14518A8E6DF790A866BA924D2212C060
ao7p2u5j4q0e560f9tb1sm3oq0,14E174D3C96D1C10FA3B7110DF0673CE
9ef61rhk65ph3rev7qmjomju2s,154AC1F3E64290A2904DF06ABDB163E3
s6vdg0tcqoqr136n9pidljikqp,0B7708FAE1E9B0D8943677774B542F97
cu7gfr8lmjilgeoob74ch5lv1u,1041FB1115FBA007E21E897141F1540B
a3qjqub501420jhqo6hkitthd9,0D03BB41AE794A62C065C55345BC4437
89bmopdu52e2bj1rnjt9v1u1ov,147DD32513967FD38B2D665D83BD5BCE
lni8o7g1hcp7ivuora7k1hbejo,0F6AD7E10CBF7B7C2013B4DF1DA22829
hmureljt8alos7q4qncb8g26qo,142C2D872018E655A4C5820AAD6148E6
v0sr6nboluqvtcuv12nhk94ntm,1321E2E8FAA725CE8AAA586C5FAFF981
752u2d8r7l8mhmbflgpba9riov,150E5B99B753EA57AB431F5722BA5900
b6l3ucpt579ttrjhtdfcf5vqff,0F61B36A550DB77DBC4E4CC80E400358
u8ar81trk0h0q01j6uiqn8ta7n,12B3143FEA2F4F59BB04519766DDAF91
3ihimacq522j1iv6mtfvh82qpj,137CF9686B96011FC758FD138F6BDF89
lm3tlrr75v7ph57l0411o29cff,0CB516822475779DC070FD0AD33CB41B
gvlkral9o2knu8u3lcrb6ogan4,103F0E65769AE9AC00BFA8CBA8B5FFB6
gt6142vosgqvb83835uuh3hfth,144C75ACC82AF9A6E146751E690C14E6
2nq81stafk6g4b417q9snni4of,148C8ACB01FB1E2DA85B1571C785BABB
7toc08v6kd6l8mfcbb7dmg0ikc,0F1C8B0168CA9353753B81996ECB383D
t5rri6p2c09lcs0l4k2vq4mb29,0FB8D40A992DA0010277D27909E4961A
lsqa1sc7a85d1ule1d1b457jdv,0E5FE27B7895F649ADBB6E977EAF24AA
29g3m0h7kntv8cq5sphks2jiis,0DC4D762AF4E90D99CFDABBB6365057A
4rs4abdf9uh6nv1hmk3mcllor7,1068105380C472786AC514DD607FEEB1
tgfmvstpflm7ovf4mg39bsa2ga,10345AA8C70C977AA681B524C146749F
91pjmen6b517f0j6j2jfgacdsr,1067E19FA9BD54E5B90BAA9A3217BC00
fprd7fljcr86e810d6gtn5o7il,149A280E721D8870455F05FAD282F35C
cqu1aj5qpgp2fl0c1p64iof7om,0DB562BC9E42681BDE3E0B82D16B289C
b1csmao38tpbh7cjn1ba6kvcrc,0B3E1B7F73F836500A64ACFB4F249FB8
e363cfnuoq68d83gcuhh3heitu,127D8D63FBFEB4A50DC8BE3F3F8A9FF7
b4pkg8gjiapphcnhsqh7frb5hb,0B180CF8A41C9C9038836695236C8ABE
bfkmhcc999oaeu3rfbssr780h7,115B2DBE9C343A705DE48A71440D721F
kme5r26qpcaou9dh4b0s4rrc0l,0B7383C7B6B620C431C92D9293A0CE23
kj397p3dglh7qj9cn7u76l795p,149F8B2F397A1F15303711B5E517CF5E
k8hsu5cg8jggphgl2ic5ocbat0,112670A8856C712CB8D73206C11B86BB
18vgu1j74ujbs328n06eeq8hcv,11C0ED32F806BD5F5D6F3FE38F0B219B
sj1usok4jj9qd9c2tlkphi8v6g,1256E59EB2C5C8E07F3107C4031FFCF7
corbeup6nn7oub2s7lmf3a6lm8,0C41D859A4A0AF7C9A52DA1E9C57F5FC
jul84l26hgot93aanobs7qn1au,130E7A7CA0D08D825E829D3EF17C5FD9
esoh1sr6b63ds72hk3klhktbhs,0CF76FFA584FFF9B4DB16448B09F5865
paqnl6cm9cd3nosr6o7imjo408,0CA079B1406BC3566E199CDCA5DA1F0F
nueg06sh60ljpruqe5v07v09rb,0BC10F222D5E4D5DAE51064B7F8B717C
1a34u9mq9dilv83r1hqaehednb,0FA18E39AEAF87A19CB6902B1D26A1E4
t7g342giivti5c5k06ekecqt5i,1243AEC7D33347F0C54EB59744FFC753
21mmjcapah1jhk09grpcf3g8p,11AE81A24F815DE887AB55AD1027B834
b1382dcc1bif3724ehd40pmjls,124CE7D3BFBF9234CE9B14363966FF0B
ippb5681t9692755ov9g1v0f45,11753E5C7D3B463B443FCB1CC17BA97D
k02ceorjt958q3jvjomu50778a,10F9E0F46427B6CF2ADB71D4E4C22536
8uqn91mc9jurpqlafs5p699dq3,151056F737562F220FD6D6442877496B
v2hj1arag0t38pg6k2mjcbqqs8,0ACE8D25C2C011187399AAEEEDFCB8E2
kng06t996cq34inov2lv6c31ng,0F494BFAE486485F6294BF213F695EBC
173hs4mfkjlqpt8ujef9imnc0t,12CF1D740186891C496F3396BE0240A9
3lj8i2ul0197t2decki3d1a9mb,0FAB4FCF46E890D5C8D60C3F21FE4A8E
r53plhncoi1d09kksgv584aajv,0FA1FBEEB441FAB8EC450D0C210F1BF4
sd895d641ag5dgnh6rs5up5chj,1003511ADF98B223053FACE34FF685D6
ck555h0m6veals19al3e15ko6n,0AE74A3F10B0CAA3E1292C8A97C8E9EA
9tj3kvusfj20ubplbqos9oh60s,0AC7278140966077B8CB4D40525B3134
unhse7mahj4usdblh858e5u0fb,10E4AFE9CEC34DC49878D8407045719C
24ae9fnnqgo9v5n3alf78aaaf0,0E828B6BA40FADE87D2F79789660B889
jkpp7v08frskl84imj4o4itc40,0B516514374C3702A804E9FB2CA004DA
f8urfvpdnlaoj4c0si08e13r0q,0ACE8FE222C4489C2505315A8A33E658
m8mfiqstp4uauvc6jpq4ajk4d,0C16F515390BA99B7774C0038E8B7E0E
234brd2pr5pi08rok8j9o48pnp,0D038838E8B5B90B09FC71DACBD4E6A6
i4h8inqs5cfvfbvfp1dcn8drl3,0CA83ACF61E14386591EBB9AFCCFD77C
reqalm1tgt46ehqn5av72nctvo,1323AE64D9D3F81E032AAB7B3A493C60
m543n1srkjhlb7fbie6h9tps81,0F07D00F7DD4D834678B32313E478E98
dp10iernvao7a9a02iuo1eshhc,0E61BF57C2609079563F2BB3C8CF8CA0
482t1kdghnq8rjq5ruidvrkcgd,0CC59CBD2AA6BFA5984F6201583EEDD4
ckf7ak3i2rv8e6clf9nivqovh4,0AFD2E521197A02E7AB48DF694CEF392
g03dc36pn7ehvpp19kstrmgfj8,0E520F12743A1311F73DFC207FCB0977
gi069qftvk1i4npuacipuqp7h4,14009146AEC407A3B93B6C185FB5B1E1
reegklahr6uv0ab8dl2m3qflmd,0D3C2E9B8B90476AEB20BDF8E53100B1
ahu8h63t8oain8rnvpuaf18352,139FEBE589BC5E50021751469E11BBFF
1s3tpto6sq3nmsko4f4lfv2eim,0BB45C32106ECECE83688DAE4AF06343
5uar4m8e0gip1crk9q58vgjmri,155951999B1A26B87220D86630C0B584
j4kiqvnetm9d3htkof5j5oq7l3,108D569692104B80CCF3CF7752A4DB2A
8k2vvr6et8a94v6q0ol9aqar75,0CEA31212BA3DFA60FAD1AE600F08CE1
o0hshbon8913f2i0coiop2jalc,1458473A34B546A9F0953C8A2EC62D6D
qc0468so24gbcjht7rtft2mklc,0ABB4E310E3242B95C516527CADE17F2
5ku3a30h7id4aghha50m5ic5e5,0EA6686BEAB991F96D0A44CACE73C222
hlqh7g0u7k0fkue10nnu7bfkpt,150D83F402681A1D5F059CAACDC82639
fc69ut4j0grv7ojtnadtr0ka9j,0B95F08F3383B70699B9EA3CC6A19703
k7uhk758s59u7pnrvn0bj259t8,13D0A6AE40D1D50C3FE3EB007F72475A
37l0oi0u1rclgu8ue49fegos76,0BA6933A1CAA1C74CDBB320897BC7244
7tmvnhsqpievvn1rhbchqp9aoa,134DF2FD1B04A594216387D547AD1AF1
716qkqkj3deprc5nu3p0cmvtp8,1478FEB58DBE17DC9973C1EE119C3215
b0lei7l0aj6ktlcclu4s5qdbgq,1549AEF8C969B1DB865662BF1A08865B
o26cf8smrvtco8tkt49v303f0,12879466AF7CA80163C053F83BEBC7D0
pargqk0hrodcom0lqvv94c6blv,0D1FF334A544D8EAACAF7ECEABBBE793
s8rto1hnf14oqfe9qn7onj1ne1,0B082449177D2CC3D68A244E552402F5
86842jmnllt1997f5o2si1r894,0E37A5F12D3442676AFE60A627DA9E69
50g3da95d0ta0rj8uccp04urm1,0E3551C4847E67DE0D347706C0C63B32
jb2838hj2skcmd5i9sspeecm73,12BC982834CE9BC4332D9CB307644361
9u5utu5i3sva7annhal3i3jd98,1059D52995D855DC0F1BD16B4A4BDC72
dp1j4sovpnuvrjh197f57oh9vr,12C3E24F7B84F100AE5034C024F6D65D
8f3b768e6mmgctkusu8l2013,0BD90989908434F5C618A03BEBF32C26
9kd70il90pnkj7u94kn2ujro81,0F00927E9AD9A159D662110C95833F7C
innbmjlhlhc41b5vn45ehgst4q,1500AA4B420B91A11770435F0571303E
pqdra1m0m88nvn8e4r8rampgl9,0E09CAAFDC07A8659A067A63CE0DD642
kt7rv7d1lfibsgrrqm5ipmo1lr,12BE33F22D816D0BDBBCD62C4CF0CC30
e8527cgsuprobp47bkp1csm42q,1090D72A9D92FA08032E19CD4F178B87
m0tovhat933b4h4pmjhg5oqje0,0E0734F29FF531B28F596F9B0431A90C
ueed3dtusjqrs81ig87qi5vsa9,0B83091406B91AB0EE72B4C5A45ECD37
44urfgkk4mmuov3ti3srluolcg,0D6C41B16868B8B251064EB9177A7B26
neu0risvcktn9b03podrcb5lp8,0DD18A8BBAED2BE4CE8B1C764F9507F2
2li4varfbfmicdhgp8rf7h5ajr,0F23E0EEFED54B093C4DAF4848E7BAFA
2p3cf3ofctjbebtc24c1pt1obp,0BA495A66BAA05A7CF6063E62ADA7C70
2sq95eec8ik2f9p84uanmajsp6,0F766858BA696F2AF05E1759B91A86DF
9r8maupja22ag8a8skirf1m59l,144668EEC40402C783FBD28563752AD7
v2e1me7gf4rlejgg9eiem97st8,146D8F6995B22AA9CCFF920145504463
bjsi20gbcaol4mgesq9p81m5ev,14B14314CC196E81C5E6CAF7A5D8228D
un9ijvhqrgil8l8lvst5r3sep1,0B645CE73FA1FE57F864E9AD6F01DFA4
sqsi7ehanvtujja2baf6si524g,11647679C7941517D82D3DB394FF0243
gb4nqcgtl7u026ta53rmhrf5m4,11FFFE46050126E3E0756304AC6505E2
muohrjhjuc1hkqgl51i9ic01k7,0E605DBB5447333AEB428670214B072E
4qkvli2mpqufaquegbqqp5b6ca,13B3A073F9A79B79A5EDE3D2410A65D7
qbprh0831g1ub38sfklt83v9gb,0F62A5F77262141C7B263B95894E7449
8q50d63v41j3hjdq5ldu5jj0f7,0F1D6F27B605EFB285B9D2B527113A03
pb5k0qng8squ5hoat5sbembf17,0BA23614664F6F00290CA2B0A82FB0D8
j6934sls3eq42epclba8roues7,0E5E7E32F48F606BC042D149F77CE513
42q81cp7cc2r4vr7adjhv118a5,0C148A7D1B820E32188F14916D257414
1c6fvhbj9t2kbi5c86qu6fr4o3,10F27B7D5C11EA10A8C8F916309B8265
8inih8pjasrquvt0bjhskai1ps,0B986E1F14184305D8E793CDF418947D
4l2cp2kt5ukg1kgjkjquso6d7c,13F61DED7A3FDB3E8D95E3F89112875F
df31ps08hsig0lvbht33ldo80b,0DD41AEE025B14807EA0ABA25B21CAA9
ovm5kq3c3qtrh85t3qv8gqj1i3,0BADBF4285F64064FDF4F1829BB53ADE
mpre23ovpdqciru22tiuv13c9a,0AFD91CB20B69A12A9DC76B1E03866E7
idmu6cgki49ca8b6e0jo89k251,0C25E6CFA88FFCB27E187E74ADA9A0AB
b0moes9mj1ljc3rc42lckt5qm4,0B1714164396B46B0C106749978E1CF5
q1qd6vnp3mit8nsll2t4b4jl35,0CE98B02CDB51C332A51A0026EEA8BF1
tejad3rq4t05b5omjnojn1uj62,0CD3EDF6D97827EB181ACF6C7065D558
spufrbid82bqsogq841cf40a73,0C6275F0ABD3744EB7B6215173A858A9
s767ou39bvpqla28rfcdcrgdgk,12BA2529AB6D99C6962FF82192DAB007
sptfbqj51cf6stcqm3el0e9vm,131DCF3AB16173A2BE964E7CFFA0088C
ln56cgm4l7jqv4cfmsj3nsr034,0E385B4AD2E32B0EFA0692F6ED322A17
cspfmpihu2307oce9vgm8ua959,126AAA131CF92A62B3055C03A612FABF
h2i7hfl4ia2tjtlkl5skcn1foj,0D2995BDFEAE315149D88E22E7EB1D42
c7bvm6bee4vbtqqff92311cst,0E4D084273A78E7061A1264433F43AAB
v8hhbrcsgpk78mlupu6gqv1v4n,0B51B28A6E6FF8239F772A12F8DA091B
1jecblfba2as2t9irs4adrq3ci,0FE0F49EBF881288C32410A097D9CEDB
39vq3f3qdtu4r2icj2288ivdpe,0FC665FACE54F9D2A282FBEE47D45E34
339c1nkpgunrc36l4ggk84gvsq,102D600FB3EF4398D180AC535F91164A
lcq7d1ifhhuqvbdd26rid946ej,0E42BCB1372E3D538835C06DC86FE5B5
r7pflbnqqgqpe6m41iidre0r9r,0CBB32EA798476744AC4DAA8C3621FDA
fmk4t9nkd4rrgdsc6tqjdbip1j,0DB7E858090AA98649207BABE646D21F
8i210i4mmm65h3hhcoo7beqmpk,142DCD90390681D30051451EC57E67B0
n6qdqovfavheegth435s620imi,0D97323D7F0199DEE80C8D307C0D80CC
sa6lavec8tubl2dl58o60clu5v,0F0CFA1190424A64F390428D23EC0B54
4vv5k6ja6luo4pkl334v9ja5uk,0BF40F10AAB90C93F737461996453BB2
jcm1ps8ohofk9k5e9o0m0as7ne,11873BAFBFAA28E49C1AB8BA7DD47A22
9ui6sj0qibbv4mp1qp5rsdn4kd,14A3715557695F13971D900CE6368943
4r5pdq2ngdp9hg9kvqpt0fbtcs,0D5DA2DC019E1D34A6A83CE6F8DBEB5B
febaat0d8o71d08ihppp5psji5,14B6A92870921CF5D828D6A9E9058219
16ikce2qemk6pku4i81om08700,0CA752979CEF23693A75A1C1EA9A4EE1
lgfevbm9fv5cknbs8ma1s4f28n,0F73C20313FE781C79B862F0CD7F074E
intlmo5fhlfmi1km9qkqnqbve0,140B4FF5DE84EAB43DCF015174BFB44E
87m7l91eb0np7nlm5bqdqhotoh,0DECDF986D684A25B49884BE7A55B6F3
ron5u60gmg5pfai2c310o57er7,0BC3835BD748CBEFA04200213C209E69
rvrsrjtsql74mqauqjughcfdah,14F92A8F7DC789F846A11E94278C4611
i886j9rr9r01qn2gm9bovj9mjt,0D96954733A478116BAE56ED3F081444
mv5t46tnbm7t2rdtllvc3r38u,148477C0C8348F608E039AB82DC37C80
bpn04v7dff31j22ev1lauie58m,12A88DB4C3088B92F14A6E1FE9BD92A5
n2a2qgt2briimtigneqfuiosqv,0D77DCD90F68717D317B4274C14B7A12
2u1l91akeme761ri5hjfbaabc8,13BAB3AE13101181BDC64BA60306AC3A
he09b3hfa8ee0qflad9l3gaf2o,0F9C1EDC6D310C4EFB019CD2A4E7F5F2
setucm6s4u7ipcas4gkd8jbc5b,154C394F8FE36AE03E0CE81D450F6D7D
l1ugtjm23bjar1j6u76qehkf40,143880A5E856989D39AAADB6F08E215C
4u2tvg8fa7r7afoq2e9bd3lmji,13856E841D0D3D362C6C03F496EFD52A
jqgbdfn00cpnjaten316boip3c,11D496102A3F4F8910787BBDDC43B16F
