Key,Hash
qq7shau0dhjm67r6noaf71ed0a,0A3FEDDBE88A51F751719C969AD89EFE
eieprj3ghrlmsnianqujj8v4fv,0758F73551BFBF8BDE21F8217631349E
ttj45qdkd2uccagkgvonbpgh1e,0071CD675556C9907827E2D42D47040B
bj4ehkrkqek111dag0sgukh5ug,037C490B3DD88A39F57DE12D7D55E23B
bni36u46oj129ua3oqb89ak6gb,04A0EF76FFD874EF248E9B30E8AFDAE8
tugjqspjdp72d7ht6rjno0ncg7,039182E43F314E5107D379DB4FAF05F5
fvjcr3e5qf30i73t1p49os6mei,08F2C2A40263016355C74F0BD9F2C8C7
624p2i6dusa9nubruc76b94t5i,0177EAB32315E27FFAAFCDC08927C53A
96san7pdad02lrd3e23lvm10vo,0AA6C6311B38A06687D5803EB7B63819
ou5hnv9bpbc7sr44mne02dt8u3,06DA7B9155F71AE02EF055A90156EFDF
klc4vm9ajo7k41rui1pdeca34p,0620D8C78AE1609BF903375284BEA988
1arbikfb8vtgbk13hedf3muh7h,02CF9BE6CE69B811F8C70D0000C18F96
b4g11vjj6prf4p2gp7s671htmo,01198E630E5E17ED5F25142556C04B5D
44ifkimjml7bj9u791a34424gm,08FB1641CF77EB16F6B02C00FD015345
8o0tgp0ghcc2mb8btcrlrt9cig,036D5755B09E0E0D40D135C7F90CE777
lar3u5k3fvav3b7obisbhdpd7t,00DECB176C16E7C438DE89133357A5F7
fjkjkktljornsoid6mgu4hpupd,06E42F777BF52AC491A1EA48C6CEDECB
6lq8rogbbak2q3sk263hnplioa,010BAC5C5A127E9E142D9BE18952008F
sm65lc2f9o8fdidama2f9h95m0,0468AFF307940EF41E6F591085F0228A
1g8tsvtskb24gur60id0cpb7ep,09641927A27AF7BEA34C24103B6E925F
5gp9u2kftk0nembq1upebl3bl3,0954352F086EAE0AA0184C927EFE4612
17j6dvkd2ojej7lk1v54110rgn,00E30F0899D5343117B30DDAF1F8D822
8qo9ip1daf0amph6lmocnog7v9,0AA31FF4EDB02D788195A3D18CE65A5D
lvbkfv817h84blinaao9kfc281,08DB0FC010982B64C8D7368A4A142A06
s3p1e50r6c8q9kieuv1nm12up7,07FCFCBC922716D22DEEBAD91830D8CF
2h7c061833nd69g80kf1id16na,062014C3B37927BDABBBC9BD413B6068
vnf6tkvocmcqqr713rpoifhoi,056CCA437BF84D2A430EA4B395EE5AA0
3okgpp4e7dgsmliqntage1eudn,05C29BB5A97E3DAE6BF34579BDEB147B
c9fdf2daem1a9a3f5njkp676fk,010B6BF5556FCCB1F243E5B011E32EB1
60a8ad9no3k1v2pslmka7e5cme,0363D1344E509FF0D06E2351B88D346E
7hqhij1q880g1eoag4f3f95b5e,0651996A01EBFA0BA24B3D5901D9A318
mbgfri1qcsgic6hkrsp7rcrju4,04616FCA3E5BEEDBCC1FBD338EEA916F
90qcpre5i4o92f5o1bo0vbbacj,02803B46067185A0DAAC2BF7D0B3F2C0
9hb0b736sqi85emo6b2lllgrn1,06CD71A5D91DAAFF51819334D9C72BE3
4fuo7ig1oee5ejluhte3jfqqo0,06963A2BB48321BAC5D595806CD9698C
uj3gp4dgj3vsoshbmhu9i2ljnb,07674737576CC7759A3F580B9D98B66A
8pqafmn6kro8a258l0ss3qtb7t,03FFD0EB3D621D4BA692AB0DCDBB622C
q765eqb578b8i7abqpneeknt82,09297A85B5E5C8775F551066C87A089F
gcohut7meqoq73sasn2j2g5bev,0A94F14D7E188A33A76689AD49503D59
2l4n3bpi39c69392tthvfs3m48,09540370A93DBA8F558F2B8143ED64EF
9id449fco4luf7vssu8fps6hur,09434ED3C745EBC7449A0852251AB743
vrvfgk0617jii9v1tqk9fogsjg,003F14A04F2703B70C8C9F366A4E9F2B
q87rjlipepp6f3dootm0qk71n2,02CE5A97EA9DC01F8198B013ED5FA2C5
irbvn4gcolh670f3bl18m6hh0i,00563B1CBBB340A3236599CBD887C493
v4rv33cihfhh93pmmm1ffkudqf,049F4F4A9370EF0BA2EE453A3C62366F
9k8mn49pmtaq8rpun61vksfl6p,06DB37E0FBA97A2DA868FFB2321D67E8
9n943kdv7va08rvqtgubfpmlgb,06B23ED912E8E18050FA893FF6AB9D0C
tn91p4jk7uqlpi7q4j7prg3n7g,0309C101B9BEC264B969D43BDFCCF0E2
tri2tu29ujtg241qi5565pk1t8,0188F3CAD81AD85406C069A4572857CB
b83jdol4gmbqe539j4u47jocro,0A94A03DFE13A538DCA8666E43A5D0AB
mgpjtrpicki2jrhgt2v3iver4,033D9F1858BE4E5CB82690E5FD2A9731
tlsnli3s5g9d14umgpgf0hd8s9,04B45C798AEA959B7199BFA6B1B603FC
iqbefjdqc55mfkdeg6sbuaf40i,060EC0D5897A6CEB4EDFE3EADC81EA53
qt73b2i3jqv8rv0a7rngshs3mv,01B570B1F9B6AF7B0B7FE28A9F56D2DA
qr0jds4b4b98q1cq32a6hl98vv,0256BF6D6364AE0356B6C81A5BAEA560
mkam0ppjdheku3d0ehe9csbach,01EB890B10389DB8ACEE32FB9E1DA89C
eqrsds0q5hjm4lsm0bekf01vr9,08F306CF6F1A1B4075E8BF71D15BB955
d9r66423kmpeciimjijhp43keq,01EFA0FA7D8913C621EF107F1094EE9E
p45v53ik42t74bk1u4t426fsia,05595FB50E842500DF7413CCB8ADEF8C
ph7q2rdh9set6nn6vdov1th7eo,05A77B21103A263599601623A89E4B89
kie6rsdr18n4pajihalim2sjmc,02912D6E13D238779D06394E1FE21B82
8o86oa21hprkudd4donkua8rk0,08C5E5E9A77D594DEC735DC433716147
ci1ti4df1rgqgrmgfkaub7h1ca,0369246969DC5CF7E2181BFFDDBAFE53
birbgstpcnpb51omkt9v5drbkv,018BAF6CC21DE5DDF3CAEFBE216C05AC
pndijg4aiacgrvca387jds0c20,03638827C58D3C3B541B24BC16E3AD54
9hev2vqunuccst6gjr2a837g4v,06BD0113F148DC782BEB9FC738961674
s348lrv0surdrcevehf6lcr5u7,0797BEC10E56576EBC8796E1F9ABB77D
haro6mko2keqjui69jmulg636p,0063E057249A39C81817C8428B96836F
cmv1qc4usj9cfgn0k8hiohp12g,0650F9377CD34C4581B58262FC929FD2
bg44tgq7e72fh06fv4h13f949s,04DFD11590A5D8928BDF4DF519170587
pfnitdol6l32a7rdn09mepe6b8,00BD025F80D1056ABB94A7DE75C94FA5
cql0djj6dvco9if2f5du0f4fio,09E6350943B95E407D4E7D9404A4C607
fktrajuakcp2urriga7o8fq10r,00FC50174C42ACB3EB275A3F9D925B7E
l9dclu9dpjbhq0b7263re4c961,04CA1868734C0BEF017146AEC64B414A
t9u04b83emhj1qatefos6ncumd,0259EF02435BAFB3A64BC3F56DAA5EF8
crvnq003fammpks77mb75mlkrd,00C1DD60A0A2F34B203DA03937B75711
9oo23g48f51rk87c0q61qaedsc,07A183010A156A28E39DFEABB3BBD34C
inut5lc2478fakgsuk2k2bl0r5,07EC0E73DF490449253F877464F95FF8
hvt3pbl6ideh9j11402684vd4q,00911962D1F89F24B48DE695FEFBE4EF
fqhllk0k9qmhr74d0e82in7he2,099703E9C629287E32F47CA0894AE49E
jg27c7v3tpeb4n1d3rbabdbuuo,0A192E684F827391D4A63A0C643FB683
5qg6pqo5g2if4f3utpmi4o56u2,01C3A9A638BC8AB05809E0C21136BCA3
prbumeoomd77tsuaacj0lsm6a3,067C4EDFFD7618A1CC0BA2EF2A0EB0D7
dtsir81u1t88tq16of6q25v6sg,045F3EE68D945FA708CC4985C48023EF
64gt9g4joud4daj56mbu5s8t41,01800E12AF9F0BA290651E3FE490E127
9j8kgjj9bftvu7nalhiq276mbr,00DE872D2B6695552AF7417B03B14612
eg0ecnj6t0lgtkarllmrtvb9br,0572374F0D6F651D04057BC82AC6E8D4
dv8mjk361gfcd4qthqe8kshtn,073F885A1C87AF33B69CF218DB846F5E
rtiu13vbci4f5d4traq9pbleat,08F52B469EA118CC250560EE77BE3F70
obbrma8udtc4jk7v50kjid7u4j,09E9DB1C036DE2FBFC59265C777BD58E
trnk8upg0fsqs911v4assu6924,03976D0E2AE0D7BA3F2285711D79845C
sk8n2atur9kt2btkp3fn89qupn,018B448F4C8374AD147C0549ED83B3AD
ghslbun95dca64seclfgiog87s,0A1BD3DF96D9EBAF51D8B8AC118A7BDA
m8lh18uannj05hslffqk8afn0e,0255D6B72846934AF1E28E4174A8DE4C
octi324evm232iuk6s9v7r3eqc,0A7BE571D69F9EFF7DCF53A80596C58F
nb3li8f24kkq50mb9lgq6varp1,0A3BB72ADFA65CF22D3370F1572A3436
s6uvjijsfq64m01l72g46ui59j,01C3BDA8E983C3894E12B371B07ED59B
cn9upmtgho5igfs4ptek838vfu,076BFCC44EDC9052DDF394C942C12544
gv5g1ljdvhqq26mmv79les841k,00AF9539B11F66C17F13FCA3B99A52F5
82f68nn8ah5hcabldakrgcttgo,092821EB91C07BCE518C2DD8ECAAA749
mti28iqah1a9dqbejuteimdgq1,06A5E65D0AD82A9C14A856EB873F7FAF
66faga0ekpd690dv21ehklhnqb,01669438677DBC68F1252F28EAB44437
3mjrvj2efnki22f4sv26u3abmu,0145A3AFDAEFC4A39AA10E7C057BC6B9
e8gsv64hhv6ggdalm9051l94r9,0A8D065CCF5EC7963F9EBAA460EAA30D
bos6u9spqa2jda1g3r2uftgpam,0361630B60291974F059CE64F61485F7
oj6rpv606mojb7025m3oimq38v,03F12DB9B09D234C36C0A9D75209F86C
hhs0kflft4kjimdgdd4vo1kipu,08C6C52FC829027C22FB6087551D3D43
maj9auba7a2gfrij7im7sodlso,094D058912BF33A9A7C22A7E6C70B8FF
nq3vdusvffqjktdps0c4r3b6il,0787FD4B02B7D2D8E3BCCB4297CCAA89
ask41ta6et6kfdca6mse049cur,01A1D3B1DA1C2C063FAFE6FA6EF64671
32o69oivp50e70btpbgqarjeo5,06BAC8A970E3F5CA45C6795D1EC6FAE8
mi60t0s42t5qoihndlg7h4ctkc,07C26696BABA1E6AE12A0E9B7CB60355
v1u8c7sfclifmcn08kgha1vuvc,023D35B76C0AE19D0BCF34B48DE43F65
93lhhenr5m72m8jp14tvtn3g04,01271BAF1510D09137F47EBD60B797DE
odmjh2pt1ff3fvds6bmjckv1d4,086CEB033DF8605D8EAA9EDF937D7302
5jjovrbf2uqe2eu5k282usp2o7,0095B3F9298620E9EFF656864429E545
451gh443a34a9f1j37mdl6qd5n,071794176774C6DE289AA1BCB2567C8B
q4mu597ecvcs2k56ummveu4h4g,03B2CFDE083B39EF29620FC8DF68A459
f2tcc83pvoonkebs0g4hr46247,020536D0F6C75B0C49193A08B3A755F0
1k7dfavk1l6lg1aaq9ougma7ke,07DC5E7ABA7BA08A1B9F4D71F3E14458
u3hf48mt1put8bvj585mmfb02p,0A60E9C856772653458EDBA4F28B4B82
7732366ti80jamnrfj1d9qe8ag,05D73DA482E02F0B9CD74402136BE7E7
1i3pbeuo8ghkbhe9ppk0ssqjbd,0866535765073020B6D62B1F95ABDF40
e7kbeve2k1kqn2l19pqsksmour,0395D86D4998A7224D11600D593D3D7D
brvbukcmhvtvndch1inoqvgbi2,0A9ED6172D271248C07184DC2F6D2755
oehrktpahmetii06b3cmu0c4lt,0995C3E0DFC2B05C0A12506EE4E56777
nh134fi47u2cl50qtf1jl9jsl5,008C3CD90E867B6C57466F5DF71EE4DA
ka4o1v7r0srum7lttmnvsve11e,0873B2ACB5A250CAC73C21B631A0FC2A
9b486ldqt48e2h62tlps1bbiql,02BEEF056BA0A83DD6822D79576BDA8A
5759v9uf13nnrcnd223bgdune,03258E1411A236AD77F19A21C446F00F
bves6soofdh85ivg3voi6lro16,02D2BAF4142E1301648E4C38B0C38DEF
mtbe10j93qof74ar5k6jp0uuip,0962092A07245D82F3A76EF72DEFFE81
lct4i5id8krulinpamr02ql0qa,022554D6E1DDEFECC7522E45EB8A4EFE
4o2olb99su06pmr23040s6acf0,094AB03F2FE1E93799BA55AF955F4C1C
kuadqmnou1rdtmai67opor5j6p,077AB700EEC1ECEAFECCC2DEC16CCA9F
i686evi7tkjvg66ch3toivnfoc,08D39CE7E78AC6758D85FD3F3CEEFEFA
54quetojpgfstri87m056hbn8o,039B297F9BA3B4F2B1261135A540327E
vt527sls9rcs8v8bv8fp2tk455,0867B04DA297B9DE2F7ADC39BFB629EA
eugrj9bkdu69ssfbdu44ddfeke,09AE233C58FBC3873B54B1A3E97C9726
9hkgtt68eoan5a7is1t1rj1mic,06BC70CF0732C37AC1C8981315EF6489
al49ehsqmj7mjksomcabvmam6l,02CD43E7B2970BA472D3C92583A7AF18
pbapkigdrttt6raf4op2gsmvg5,02FDA712AEC9EB50346DEFCDC2B5FD43
do5hnea9dq9ii02mqr7viu8kui,0222D86D4C8354457982F3DEB02E5D5D
3mqdj1nrlvq733rt44lckdavjc,091BCDBA621A75228FB744C1024C83B4
mv4bn7fqjahg2ehcat7sp6ue1b,0A99FEA11A51141B1458BB116416E527
mf2lrj3c992n48ua67rl03gf4,0A521DA3FBA7E363008B9286FED82670
d0t841m25om9f7usc81ghrh6r8,082C4B88ABB1FF49C8CC6CFDC6D8E1B4
ihn4taets0vqo0457sc9vosict,08954AE563B4EEE15EEE1CEE7EE77D42
g2jmonmmq5qkjl4k2olpvrntkn,07201AEAC03789E0BE89A764973F2246
hgq4m0t0kfo4kse28hl0mn2h0n,01067CF88E10E42CE0ED3E9C0D0DF3E1
dhlbmfh9sp6kgtsors7l067huq,01A8EC699C4D76B81C173D45BC4E2F0A
q6tacev1gcommqq8m6sj99jmuv,0050CD5CC1D91347341CEE6AF6F8CB05
bptjtse0vq7bs7up51mvop7iju,055477701554BAFE751AC4E637C8552F
bfb7769klsef8b8j9dn5bs79m0,0A9CE0A5E5DF683D5C6329601180447B
jc1kodh2uupg6ns30n4ejuha4b,0895E4C4B62BC173383A1D42A2C54C47
lvcv79mf6n8fofc2mnhfqk2ch1,032500A29D9F4536F59043DDE77418C4
cb7da83eev91vddquq5aq4ji8p,0894A7C006870D0BAAF34B0C8E47615B
eapcg21er3kenactdtqi5a5j4r,07A0BAF936E666594FA2588362D7F64C
ub4fq6lgn607lk7h510u04vrsg,099075AC505CEE9892E6BA8E5272F7DE
skk39jdhm7gste2rcul3v4j89c,052D01AEE54E1EA2C14E7D26F04BDF1C
t3h9s5ses4ue4cfufq1brl2h31,018311D9E1943A973E47202AEBF67EC9
cldbmc6cvq4cgr2lcha0q1uo5i,09BB5A8B43649641713CB6326EF22790
tvuj67o2hdh5mmadvq2t0h0em4,0A7A84C2218CE6C6461F4483A8A61C16
fgcopthpcc3ti9mhtl49onm3df,00836B9B8017EEFE799F893E21E3B666
qdnbacfi689dupjkfo4k7tkm0i,0890D6CC79E24275762D899E2794B23A
ivpoqe4erpgfgre125etsdebbv,08BCEA02FFC86229F7E268276837C7C9
jtd8f7doidk0hq3k1n535r87th,063AB4BA3D031D228B791C524DAD2500
gd17naq09kfspicrkqhg4fhure,03D82E85D37BEE834A375D348560714B
mn9lgnohfb6nqq390akpl41lv7,00C446E34529FF25584CC53EF3AAB24F
t73fkrradomraf9mqakdltere0,05B5266D14E0E29E78371BB1C49C0704
5dgmrr5loddeil4hid5h3rc9g1,082E3A90BA26956D40FE2FD352753C69
m9bmm6el53ec12nctkcbeqmoo3,030D8AAACF0DC94B0EA5ABDF86B60AFA
jsth2ne98uodkfcdsplmkdmpqj,0781EC2858CE774288C50B51C89DE8CD
aol7tcj2cpf5snok4onrgroh2m,0A030178546C16139A0FA6A45689B392
geiga3hpg2ir4kqie7ocqc4e6o,062DB4F51CD662A02F81F61B4CF6C690
nrlgdvjji8ba8c7q1rq4foo0ch,03D6803EDD4EC24F8831B6351D5F565B
rot87jod5k90ke6rbcmi92adqd,0A9AD1F38EDFFAF303DBFB38BF7211D5
g8jdisn23569roham7d33umolb,0A26B17165EA94E1E138AB56A8A4CAAB
hivu37uki2ge2002elhcmir497,076F7B9F9E43CF370B7F00F0C8B33ED5
6d0o1t3dej64pva4lauor8v0bv,00434EC8F2FE210D777D7EC5B1E40A41
j4af8t411v35jqor2nf9vghgr4,026DA63CDDC0EFF73193210C7D5B7EF3
7g4663mdqdlee0145fshj4h8l2,086A8E1B3106CA7AB0414B9479A8D24B
mpvpvidsun6lfeg9ai7uvv13oc,02535235F27BCF286937591C9AD59328
hsrtc1s7e8a7gjueqo07ciae04,01F7148A9FA9E894585FAE2A795C77F2
sj37lq6sai16o7ebd910c3ftcf,008B275AAF9B03842170B9C45DA6283F
allhct6n8dnsfes7ep796jhc09,002128DC36159F5C13646B9890A9F6C9
lpck1b1tahjvr1uieehgpl02bt,04018093D74E4C71005A1A6980C1457C
5bbo667jlu0spht7r07lqrineq,047EF3DF50A41ED8AB708052EF1E1593
kk3j47aguvhlpe99vd4ggi5d39,03FD68D51D0F4BA29342E5FDD1792B00
56j9pqcqdtmvkh0op6vhku6vgq,01BDEF1CEA75B388643D93B113184831
mc7e3995n5q0fookjnh6e2gmju,0215E05FF449431405488FB57E73167D
ahj09ke0gp2jr8v2dill1mar1o,002EB2F76588872EC054D17D0911B0A4
6kovclbaah1qiktu91to3pp4ch,026BE9AF1B11C89752BACE3B62380D3D
pm3nefb7fdul5pad8qnfvq1a8t,08B1671A54D99299656DCCFF9853B509
rglvk1re2jc1t95f61n6i14vpf,0506D72A163E8F9161F3B5F930B93210
a83cv44d3envkmcta0qb02oa5s,040B1B64DD2E9C7AE648ED97C049F931
2kf81stpl3n2co6v7q5g6k7knm,05F7F65EAA62DB24341A2FBD40C0E1A5
iq29nl7q5t9na1995espffu0jo,02DA70E36EF4780FB3C15A3FA865BFE5
2qmeibkeainmsgqkno56h655du,04526D38F4B70B5F744F0AE03F2751C1
ifjuaoo0a50dofbhi4hhuinmo2,0A6D1249913E560FCEA9C0FD6B3A8337
cbi2b9631imqlsru02hh4do7dj,07EF17CE2295814CE495937E3081D42A
k0pmrpice41ptpev2j492stbt7,09BD631672B744BF11F464CB3C40B2CF
6fei8stk8iglfk8aug1p9jetk0,0A88CC768BC3AC0F067F9A6BC2EC1FA4
rk219272folvakgdh063sd16r2,018AD456D4AD6C0B62C0DA3F826DD167
b3ev376hv2uskn1husqardnrpl,06AF2F683C0CF9F1A7A7CB0289F013CF
kioqm5cjffnm4gveq75pbvhavg,068184A58501E61BCE31546C91A1D34A
uheldj1his4treb5emn071parr,0255F46B9286A035ECAF49239140ACDE
ockjgros3ugcnjn32c6a61qch1,00FEFC305E6976B5E921A781BFD06369
qh6hlvpa8mihu7mra3klefj0sb,04042AA4991E7CD90153FBBDF9C5D71B
3b01e5iu5mc4ne92acb5rgbkv7,00FC30F3E53F27FFC2762723505D5D64
2oo0tn943j2fq0ffl4opvu4m5p,010D9AD1DF6E7E70FE72A5615D353863
tk6r1mse0qjcrhecjc4u38ov2v,03CF5F3E3981E4D1FBDE5B58921A4C47
udtu9hamtedt11ndhi8unkch7,09D0476FA2630EF8E6F01543E9B9C614
ug55h3d852t0lpjm0r8r9l7lf3,003366F6CE60FD557CB6E9D1AF1B6957
g240d8h2uf9vu2i8bfjsgjvjn5,054161FD5F6C4F1E10933012C620F598
fos2g0kbgifi6c03lebe6qkh7,027202232624A20B3B46D85D2E591B84
fprim52kttpe9aiv7llvst3r5g,0A7A375B27AD0B0AF6D2E030BD0669D6
qaa36v1u48bl8l78i80v8qt296,053A183FCCB6D94220309CB14C31924D
r8un379odakot89ao9lnov49c8,05A4B21014EA4BF51029DAAA417CDCDC
fgfrlpjd8es186i6astvrg9cpm,0967CBA7BE11CCEB30EA1579E4EB1240
ocr3p9sdche2ua57sq0kk9tqbd,07E7D299B8265EE88D60D5E3740E0D9A
ve3h5pced0mu46ehg0eshus62g,02B9DA244E259122AED4A29B7FB17B94
6gqjb8d426o1m8dqsk2da4f959,08B7DAC36A691C20CEAFC8E4A88F761B
v9r1o6s8be2nj2rik99kmmfpoq,065A8DB3A10E6B5AD8867BDCF6B2F8DA
tcn5saattitqc28m691t6bh37n,061A82603BB5FF62E80A56ACEBC3A508
2ngmr0ti47ioomtglmeja0idpr,08B9034BB90F3B6542F5ED90755CE490
ja9uqaqnp7tu8kph84hsrl87cv,011A5B56058F32BE33DED16C750E16F9
7p1v1tm405ojo1b50pg10blog0,034F666BE84661C7105A8CF985D93043
gll344cur9ssc99u2uhdtfu12s,04C8318065456CB7BA9AC60F9F6FFBE3
1oi117p06ks525qrj6smom3ej8,00828B2CD0BFD0D08B54AFACC3018DC6
bj0g7vevn62r4k1ae232gf4sg7,09A10C6F0E99D6DF9F87927E24BF12F3
j385ptk7h5340ji0doopdmcr0l,030823E11148E7AF7E6D97623AE87E39
n3anra9g1kvfv2a29cqfg4usaf,0A62107EFD9141330B39D6BEC9BB5731
qfosphd8m0lff1nngpvjd9tqiu,02169235C33AF5C39EBA9ECD85EF5FB5
en5pbemmuog1sq6snsi1732v2n,08546332686A2D3E53D43C5AD92D9EF9
28uvbvu8at0hhengoaifjci3ug,06E29673AFC7E51EBAF95AECD9B8DF14
pacn53g7v41q3dc8102ko80e3m,0A48E376E3F1B4FAE0CF560B30145C51
jqu18gev55dt3quqd7m8efcaad,03E4FAE5770DA49C64BE5993264A9CC7
nepoc21rlhlg1acioagllq4596,07454AC5C1DEFE6E07E4C6204F084723
37eh15bba6ifrg5aavlfpe8kua,03C516FBB2407DD4FAA77967A0563C05
3legc0aokp5ncs50p187bc403e,04A207517AA4D875F400F188AC000170
5cjc5pafntavbo5oq4c7rhfv5s,0411AB26637712D63894C39F0D91C91A
dttkdjok25arpc9udaen53gcbq,0A47D36DFFF4EF96E8E00F9F4FEE1D1D
qctu75h36bn0tii63m1e9l63c6,0802CDE6B1DBF450CE8195941862A4C6
boih1i0ogk6m03dcq5du9anf8r,056C4E839536DA222A6DC56C3E52E892
5b0h6nbirg9pv0t8fdh19ul7rv,09FD22D8BF6DA3FDD47D329D74E94FF5
4hsoo4vpbkjilme9nrc9uc5r91,045E1368430C4692A1C33F8C25FA996B
pgg24536d6hhkji9uq1nr3sou4,0AAE261C0CA1E47FC6C04A69ECC97D64
3teq65kr11bjcqlkik5u9734lp,0256997287B758B17C3C9EF5E62BA2FB
voeq4bbpnfekp7n8s0s4ogmn85,08B3ACCEF68F5454A808380EC4D01CA0
v5q287bjq94u3g5kdk3d7otsen,0538BE8DE5B32CFC1E60FD195D3CBE6D
bg69lo7v62ppu8h6kqo0t5nrol,0731BE0CDD2EA9E1B804AB1446CA0585
2ujpot92cha78m9sbrh6jmnbbu,077D3AA600C90667467B33DB320FF980
bqf6v1loqk38c4tgtjk30c2ft3,06E3381A1102AF34AB5C6A2C45705038
m9s089tp6ktu086bdkmfbbqgep,09AE540BD6F8D4727FE6DF2E61925502
80vf5o7758qkbp8p3ossn3rksm,08C6DD2DA87BBFC748BBA8255A7D45F3
o6i9o7p5sh9qhvvr3g88hbhp1g,00A28360FFE4445D1571352A09493C7A
jkg7ji8geth1h6vv8i888vjq0a,0A2D2FF9234518336FDBA94A8FC0E546
ms6emn50hlls4oa08cggtlb3un,055F9CF4D151E357C5E2CB7D467D308B
56emob175boqj7gpekenvqvum6,02E23E326EB13DC0A73CCFE0E379C8D0
v87g4bi0fhir092calb7n93m8s,0121EC70FDC393A8661F6E69FD78458C
ag5s82mvfppfrnvgkucbfam00u,01F280F760EE01FE6E83B4B5EC86C3E3
paeon6f09ap960ag61r40dsrf2,0382A8E7F7DA198BC4D3972B77E331BB
k5lj6t3susp0vs0v32pj4e02pi,04441DA43416D865F03C4BAC66C36C54
8nj4mbl3mm9r6umvqd979do1hm,001F0E44D20D9BEBC47A82B352654D31
m3e8avatpco4tbb24094i2p8uh,00B85D85CFBE586491942FDAA853647F
sk1f649fe8jfrksag4mosi8iqv,03A3B96B29667D973C68601F18E7934D
imasedh5ovj5dvfjo538p1l6gh,0832E90979957B3C904C8A21F57B1FE4
coh9n15uo3nj5gqol0fg64naop,01533A5215BDE89112EE1AC7A74B85FE
mkeds1svnldstoppnf1seepef2,091EBC507A9A963F91D5BFBA13AB8AEF
iolsvfq1bh6vf5kchj9rl1nhke,019E6B43AD45AEEFA1FA16FAD763F766
vcsa80stn8fb0s5pu5g5tuiulu,0894126FE4748C6F5EEC06508E492B4C
oethj16ciu9vs3l60641a2ghjj,01B081CFEF676761FCC078B4C8FFC2F0
sv6sol3n67bl87vhukfd5tv7a8,09EFBD7D2418BC2283CD98143DD5677E
i8j99boqcja0uadq3blnb62h0b,085E5E3526C2B19CF0F005658DE7CAE6
c0u7be2rrh74ure97qeall0525,09F0BCD41B6C12317531CCB046CDE6DA
e9eejcfcllpjgftveu7unane5a,08B3FAD188354503157DC9A060ED8203
k7ql6ej9p6m87msnk837v87qqk,07C62CB8DA58B0CB6B6A745AC86EDCA3
fj0m8djkhnuj1ilujpkjc4b2cp,0846BFBB1A9119560714202654DB059C
ove5ppoa84l0t22d1en3s0pf9d,0719D7AFAD0A59FDD85CEBEC737E1D3F
vov6f9ul2a6tktdbq9geqe1hio,0995FC5E0FEF12B09162754F4EC85C73
gr00o655968g9e7irannmojkto,0134FCC90745CFE22FF5F308F49C314E
99fdtk0svfql68sgk44sg1o05u,081789B220DA4F9C8D5AA1F946FCC32D
d9oc9fs239od1uoe81hdgth0om,01E44F2DE1EEAC2B5C69E3FDA158EE16
i3p9l3aj79euhhskqv3ti4jkd1,0594C4E329070602EB4B9ACA896FC380
jmrtendgp71lc9d7m9sljc2g74,00E325828ACA0641535CA317C07982BD
5bc4vpll9f0a4us2e94u1j99e3,081F539BDE747D984710E98024E2435C
3l4uns3qr1envogc1j73t3jgb9,051DDE39A542F22AA2CADDEC9507EB1B
po3b6beq8uuqbkuuaachsork1o,06081E1CF689864C94A8545FEA4FDB67
ja934vcse4mptpvbgua05fhhv8,03C71E5F2103E92C8354F3ACB679CDF6
40unsq2b4qlnpg0408dd1imfcf,022AD47DCDB393A7F26B1864E7ECBEB4
fo998m88m0n8mkne5jckolt81u,0A0C05686BE1A6FC0A6305B0EA66662F
agpsbu6mmfuda85q5bpr6i0hmb,043C5B0DADC099B63A8E06B44E1CC4CB
1076eump5jmn8vc9lc94vc402k,04ED4756CE3C88A203E2CB71C17A3B29
eomcev79o9r4u43mueh9sq6ui0,08129C5D1C7D1040763DE7D97AAA9350
osecgiivtvusctsckrekd293uq,02551F53810B37A4A95C8AC235C27C34
36ivj9npng3s51jgg9ab2i00m9,039BB648D79AA0DA2CDF7ABB75DC191B
nv5o0efjidba7e1bvmsrac4jls,01AB94FB0B2BE1A212DB73CB142F4920
beivipaof1224t340m953r27a6,04A39EAC41C8F8D7ED35D9B05154B2B4
8u4ivmrdfevq1cfjqg9enmrns1,00F9E29B515784663E5E55729C948521
if9frsm944hr1l6im8armsrspd,01BD253D69F45182A338858D02623D2E
enjg0e62bet25go07pe9490sbc,091C4DD54963E6FEB372BA4D58F4F503
hreesimindvpal4500bdaj4mmn,06DCC3F8E94DC5A6EEE765B3A39FD05F
mj6vlmef1170kgs1g286kvoc4s,08BE0469EE483B0607D2B44F538E6B2C
dsev1avt2af4sif0d3lpl0l2d0,082D87B4E7CD99F6358355732F644415
n12laim6ecb4udjh45lfihvb84,09AC7DF691E4CAE144B6B7B784BB0449
bbl3a07g6n2i2mntlr1r98brmi,03AE493EC50EAEBA44CD505BF961A032
f4n5oqfnmam8uk18at4crupa74,02AB05EB8CD9B119E90300FB490AFC50
3rsd4stlahve03t8rmj87qpu5l,01FB4E935F1E5427C911E1AADC274F42
241vgecb1ipfrrq7s82c0jsfb3,0890F5645222CA3742724063200DF2E9
s6d8a4lp807ejkpnualvq7jufh,06C7D3B5678969CADC3D893292797454
e1s97fqgplqj5e9cvbclp586if,04AAE8E6DC282595C153B263F7775CEC
qrikk6b3gq7fnd3siuu5bqqo2n,03EB8F34FEF05CA4BA999AF1C78FA845
7abesomph3tel25kvs0nodrs8c,05CAAC8EDB0682B1AD2D592D1E3F3D4F
ffcmvqd2k1uhk6n0erm3m8005a,012B758E1C7D8AFB2D55F5417772967B
6o4he1c5a92vkgv7ob609538oc,0184C339111CD04FE53747349AF97A1C
t89v1k1kbrt2c4l3o2ddlg3quv,034C5F39A3625A48CAC89EE04C901FDD
dh5q065v55rdi0shp36g4lbhad,070B239291E20D7B2714A7412BE1EA71
ki05uvas2ponmr64e6v6as7mcu,0844ABADF95138194B2F6E299F53292D
ufgd6mqn3adp6bu15jl4h0q348,0A3D39A63C94FA6D569B070CDD9BF70C
ggmu3cvh8d8lbi893p4vq4oofg,06F4696D13DE58E4A2118558366CAB88
gfsqs192mkhmlr3qs59dnii46d,036FE1DF94ACC67D8313B3BEE9DC7002
fmm3nu6p5i65kj9sg5grjvoq54,0112D35D8F08D5C4660C1F301075BEC8
87tt7tpcptocn26g8dqag4ved3,04B6425D85BDEC99CE247710F0F06939
k8m5gpi1nk98328qglkrr2dn51,0AB2FCE79E3842E74528D3EEA57CF57C
prveu5ee3po2cvpge0feijafgs,035F31EE82C142A920F37D375CDF43F6
js12idf6avcb415opsbdgmns18,024B8588755264F5FEDCC97021BD8E4E
45arh244md3h2qu415rpqsoppt,0245D107404593B490A0067ED0DA7812
bi8jhvhcq7vk330msjcsi4ndtq,026B8A6256F441C0D82BCCB8C9198ECB
t0utk5lagve2gcp8iifg08av6,073D33A5DEBE6DC6113478C9D1F0D228
bpnbfn0eaoffii9mafpirkesod,0335ED1F2C68512071A35F32AC8523A1
eqijaru7opsctjrdjpfmv0cgh3,02486DE559E6B9A80EDD77CED1932E2B
b9ubfm8sekqt2n93pj4sefa212,00EA0A3F2404B50EECE7F6D603E5FDA0
4hs69k6lnr9hfiuk3ss8e7ocfh,015943BC421AAC1DD16C9D25FC75AEE0
c74m2nmg0jgqj03464i2ndqkq4,0078621D76FF51DFEB5B7A6FBDD64D4A
q33l1mvu26it4iu2vc5pnlmk99,07BEC488736F243E68E8902FF9216AAF
gh22o4q3hgb1hhft5tio7gpulo,0468B922DC242FA2572E03AA81994472
6mhognrg1k3u9nitt574esij8n,0237EF4F18FFACFB407E3FEC2D277C5A
aj8d8pmqraflch13tmlvpqp9oe,02CFCF73FF89BB2D05AAF21F1C5AE165
pta9ageqmdldqo8bps758n8g2m,00D9CCECCBB9A9FC1265B9BD8A7E4BF2
75kaqs8kbt3ac03pfg4pf4ntoc,0426CCC30688466B59BA54AA0496A346
boj9iqe61iit3ekfo0283c0p4v,098B090FDE53840BD72D70D6CCE22BF1
i39gpmp1ouk0c2oavg7f7nd554,00F3E2ACAFEDFFB3EA8DDA0CC9B2557A
pmpd5lhj3srotmlccjbtu4udg8,0449DA83D8EC5FE4B37FC36590D42C09
btsdg2ejt8mcmekl57ohmeq81k,0792F164D63E2A63F444341D49C1BEB6
mfi8gs5t84kgovf7sv396cgpvb,04C475ECC88AF5B2E022EF54A0BCFE49
99ci5pfbelqat0baqomu30vlah,06A00F03221097ECC51A5476BA2B37B8
k7c68v6ajrvk990igb8da21l73,081E1D4BCE64432BE5419B75537D9BA7
4jn7i7g7jc4197dq98d6nui6tb,0A6B27AF4DB68B49F76E5DEF83A81162
q1ha3lm2uh9qfa6m8311hevoep,0570504991B7994E60F6DCF1A65C6C78
3ubbpie3ecsnd84sfd95tdgth4,07A5934E8D31ACD576CB32210156BFA8
19pvbjesubr8sov4eo9917j55l,057B84A826BFD8A452843B463AC745A3
m85cbqamag4o19urkc65ehil96,039EAA30B71549E53FD675902F3FFAAD
vs6029tkhkheb86hvd22dusfp3,04155CC3743697921F1F698F53265435
oqr6vtoqm7boc9aqpuslncduh3,031756CA4C1DDA2675EC3F4CB193F8D9
otce557mvpdv4uu8bf6088gshv,006B9CBA82AFF9E3AFCFD3E067156A77
ln4p11lplai2sttafalrqr4j93,052A811CBC41A3D4F5EC7C49545772DC
73hd000o55cc5amjckli0314qe,025753AD45DEB4AFB4E67DB65D435EA7
6f0mgjeb23j1jps7b13sv69csb,026D89FCC01930EAA2AC999B2B4ADF88
o0kbko2248fpsvo7veeauikrpo,09CD25FCC57360ED2544D97C652D8E48
nn0vhj57k75r47bg0ln54dmvih,05046BFE3FAF08714B5D843D1763A395
6f3batm0cp2ssua80c491h6v86,05AC6ECA80DE861430686B1A630EBBD0
b9h2pdm8soff0j3sk1j7if2gal,055C738398BEC7809A96745DAFD36C72
4jgufhfh6bu745o91lgc7f0nqu,0616B055120CC7EE04CA6C9F4AB33A0F
vh7phhip0si05csnps54bt5rp3,089168CF30C21242DDAD0434DD891CA6
7e03fb260iu7bsbj8b5jo09quu,044A8EECF17A0E2C0BD92C88D8B9D6A9
61bsgo3c5priuq7005krdonvb6,005D1E43786160CEF7E4C120A952473E
4rpsjau96n8ka2ii58u9445219,01A7B032EF6FC523FCF91917D9826730
etvedm50enm7ffk4v9cmqgj28o,01FA1C15B7A4771C927A48618690394A
5dfgmg0eraph4tkq7p7dng4i7k,0A04C1C6CA94DD3CB985B1F5383749E1
67qt70q4c7gnkbh9i32h4e39n7,0540E5D5ECE68791557E75B5C0D38367
nkdh700qkirbtmbflshqj6k8e5,083185C45CB78CB19CBBC4424C52BFE4
numd8vntvk3f5mqarceisltlk3,074A0D1F608720B9F193BC5B47D85D63
uq0nrsvm9qpqhtuo2bh18j7b4q,01590A2BD9E944FD0BA95885E145A127
c66n6bmvcevmfo0d9ml7iio10h,0A675FD900F0FC6C2C1B1F59E60693B6
sh9m5hd46b2ihm16ldfpv3muev,0029EE83935F951ED3E1B37A68ADE229
jkuvc28kaavj3810dvcckmvfi8,03CA5B3CCA3477A16AAC17B88A9A7096
ei211j2rqku71h638fv2l83gk1,036FF2451FFEE1CB4C1BDF18BAE34C58
35o65o7pdm24j9a1vmqj5ijkcr,01E6C24056116645CCACCABAECB11F9D
b2i77n898u0boij4i06nodacp5,0A2AD99BFB04788D03D398D573433AFC
el7p7ffic0uq25ncrp1e1v852c,011885C6AFCB3D1DDEDC0EFA7F522566
ovaksl3vpbopo5s8478aq14rgr,02CDFD5B2EF2F7F37EC30804DFC0E0FC
at1c70qinih7effs524da64ai3,03629219F8AFF87C5D6F2D36A7D8D365
pa6q1o0k01h5cstdvod7e2pnpe,094F516D8EF3B686EEC8DC62182E51E8
ebk42abehtme0bnu8mrgu8j5gf,02433EC7EA4E288391AD82DB005CC1FD
kdjg2uc8khruek1slic3fpfhp,009A4C7809876F9216A887F629134021
qh60a3hqq0pijpd3s6dv6ir731,02A55AA27E335CD97763CA60231A1E34
cskp1m42cj7dmqchn4rnbsqdpb,03158B52107839966DAB3410FC50CA05
oqf6henmnhpim9djo0e2b3ppsl,00D7C9EA9BB49D81099936A23258DFF2
c2tg4uafoudvlig8pkhm9uhpa1,0212F1E9160355439526EB02B669FA60
v9kthqquhso71cnmi78e08md4c,044EA3779DDDE6D4190F8B0B25567B48
jqm190d3a3qmp2ljtekod0n6h9,02B29B75EE0BFC906E259B18451F9C6E
gqfam6likj3j14hadvlhmglqqm,054B6AB8BF6B26F371999131C1D56CAD
229k3rhosmogdvjv0jaru33ovf,048CF3191762E6D9071323488C705FA8
m3vaoar23do4qqemqflkfkfuhi,083117DD52F9F53C9B18ECAD2A74A262
caq8e80hgoh0ol0hgn8qvngu2b,00E04815E088002F13BCB874596BCC36
hcd4fnvad3qpgkmr0ndkheadig,05CF803393E8EEBAF24510EA40BC6932
vjmo5f5tp9fdr4c02c6a4689r2,09FC230F9BADB458BCA413F1744C984B
va3i5jnn8msbi58k2vkspm8nmi,0136FDD3B220DF8D83696580DC228401
m4rc1oak5ge05soe1bnivhcgkm,040A8BCE701AE187626E555ED51135DB
7qirrn79dq93up7g4vu2epkgoq,0A65C9D3DC053E19F607D75EBCE7475C
d2520d5oh2gjf4aegavg85nbtp,0025C5C95366DC5CDC9C69FEF86000BE
j9805fqfp6t8kukee3u9i7re81,065DF7612503277974474BF2E58C6D57
ktlrvvahs179md9ijna48q7gma,07BB2565938F6F652030DDF52CF2A93D
ec1k2fbik870bf1o6786h9v3jg,0945D2416B0EE803BD9E977DB34890DA
cqs1nmq86vrtu8j8a9gt10o2ce,070F842AD67C6335ABEDF29DF85134CC
eb66gdbpgek1uhjkc0m58eimq0,0429EDF4864D1716049166B8AE2BB4B6
p2j5qvm3q8gdi3cob4mdfob2a7,04D7FBB2881FE639CD33C4419EAA2D17
8botnf31s02p9i3ivj5giu2rqv,08250D9AA347ABC48F284A85477525A3
svgesbh3gn51549vgkp0m1c08l,01A809AD2ACCA201C45225DFC1AFFCBD
cuvov3jf030snm49bn3qcadqvn,00F7B9ED76FD147EBD3272F894D86C87
42bplfe7ca0dem6ksmh8d3fl3k,095A0996ACC43D21B539D0428C20554F
10ce20j89p24csmhcq0refhpgn,05906EBCE9A2AEC9ADED8E1CB4194D62
putoc4ahclp2p4jin7ahkldggs,0A635B1F5598984D42FF289883A55269
5pkj9k07ami8itar8b90r3vfh6,060FD19FC2A53750FE61380869B335CD
68vjbkt8up6maeti5spcndtr7m,059927953254E989C838F5CCCDDBDF5A
b2gq2r626204rhtjf9atrs6c1b,00C039AA4739591E530474F968DCBD26
bgkoctcetgl8ivcpdhkkt8v4ef,098CDF8E058B67717E2369D99BF10F4C
blteesp79sjbsicl3jb3t78ik8,07A49EA594B7BDB714DC326C53888F60
4so6rqnoeevrij09p5jluon588,01EB00B930534702EA620038333ECB05
m2o1gff3r9v275pl4skf1ohbl4,0A3E1489B4CC8BF5D2D20B16005C3623
cem5r8vn6jac97fa02urp02g9u,0161711C77595A135CB4EBD4222BFABF
1fiqk0or12sgvo1hh2fj73m9lb,05B12A9E728DDF54A22DDE27595F007C
4iu7ug14somnllngpm1n76r3qb,0A82A55E0BFD7CFE043D2D8627D13697
8okdirs20jh6fbk1uk08340gib,0A5D2524D1DB74EBC5CCF5DE9096C5DD
grb7algoig79hui122qr22c3dm,0584006C264D905821EF6669EF9117DC
ron87vgorca6ivok3eonvebncp,092D692D3293BE0E1CD3AA9BC7C3B9A3
apbs8pqjbjbh8dapq5p8usaaum,042067A02B9F63983455E82AED6C12CF
j1cc1h3f62dlo422uefl06scl4,0681A9BD6B919C648FD34186AF285974
m7noshertegk3nd713rja3otep,0352D5FECF077FB60F78820557BFD7B5
hqa3pmqv7d93br3dmjj9u8rln6,018154A88394149531249FE7A38A9405
dhdahv4c5402gji70mat9a91jo,08100CD0BEFF42CE20AE4DA9800FE29F
doh53c2puge012qsaa6k0tigsu,01864ACDA77F301D4C41D25C0213C24D
alm0utkgurtv6k9ps8st63sg75,02870EEEB7FEE32C32979CB4C4930EDE
601vtd8h72jvde8396nrl8n9gm,06B58264591CD8985B7348AD65D44D2B
g4ldts8h1gn2e2sd5qaq02comp,014830DC78B83B92CF419F410D241E15
e9flipeevvfb1bvmi175bet62u,04264F049C87F58A30A1261599D8DA60
rj72lrgabdots46o1sub4r1qfm,02786483BDF230C39169B51AA17880EF
fk31qeltp7p60usbf1nkec0bso,07B9C19335D64E129B1E7D96ADC40BA3
1qqblnc206c15hjup8l7tt9t8k,09B6734711295CC6B7FDD60BE29B8CDC
e4ufv8rtpi0v345bpeov8sp280,06A5A25D0647877D394C73337529B49C
f94ge2dag4bregsprppm96v3r3,0A0B1F30676BCADED7E9F3F93B428A70
9lnt46f63d4p0prrhlk0v0elbv,09E7B3ED33F18E6AD54C9021279E1278
8jipscf7dtlj941to4elsh6f9s,050A1E85DE7F93BA05FD81C73F90BF1B
vthkfkr5q01gvog4e42a7snt0k,0A4E9B4C1AE806EE91AB48308C74B6D9
cjkj2j66fbok5p93u6oa402hcc,006E082BD087B112D56F8BC2E9B61D95
d1phlmlooaq5uqhq12k3cqhj7i,09EBD8A0DD02E473F559035D07488156
5jhf6vo38ghb5nf001f69plett,008D14E3677E691302348947A3A83FFE
i6ne3iuakk7sn5e90c1n22b9iq,05DB6034D27EEAE996147C0B1D731F73
9h2itk9m7ihobgdclii9onqgiv,0620C7ED5FBB3C16BD1B0EDC703C9B2E
9u9ge1jmtcq9gl00aq0ujm8adv,01E594BA12C11A11DB28A4E3594B4830
tvot725i70i7b36qron3ij09dn,075600A5CF8837B3E77E609A785421CD
42a8ofp6to7udtgvb9hfeoag5l,065F7A85CE52CEBD1DFB4E4AE496F700
227n2a2lfpbt04aafrrjmv01ps,02CD2FC394AE32EB94920AF8C8C8E051
c516mco95r0n7ag75eiigi20qf,0AA365B8AA2697FA0EC9A726346B67E1
o9ni5a92os12u3jollfkqdb2r5,016AD5B9FA51A94F8D87B04669C357C5
358j2hc1obtqiop5itecep8arc,05229DCBA0C6A020D7236EEE27330C2A
6mj6r7hoflgnifovhb15q3qq4m,00EAF784B332D86AD05716DC14141546
laeg43i58i06fudh1rr8p09hvr,02C991CA19FADE7F62CDB7AD01C431B1
m8ren8svs02ppehvb4sjvlt0k4,05AB1AF6CCE7D2B9F9BE87E7B1E25DB3
lbqnvspji8b0lql95038in1ld4,06293D22E8AD768ABCA2C8C58D4C0BF4
tr6pv1a2l4uabji1er2damr8k1,0A3EE5687B1B73A9F10CA9AB014C4887
rdn0ak91dj5i8k8hpe1olkm9mb,00D171458FFC5429A98B818A51335575
8qj0jpll8pu0d47lrotjpm3n4r,00CEF4BE10CBCC326BD22A0D012BEAF8
r73fl11q3l6qf2kqtip72klbp,006451DD7D9EEF310D3FD9724F062A1B
3gcuakkoiqg40d4gd30hapmcfm,0337330FF6251EAE4AF647C407D094FC
il5he9jdatpg762o6t53vdo0pj,0827284BE37E3A8B00BBD686CAD19C72
2va8ipvs9qmmaen22raricsu24,0AB0F95DA65D2F5EDEA104751C102CD2
fppv1811suumss5e3om8km0fks,08CE77A76F7D41F9B2AE983DFA010FA9
lhd562sgbrl8gmpgnuf04atfu0,041D81BDBF31661ACAABE3B31EBBC344
shsc5ikephapo5dsf6jlb8t7sd,086E2E769833FA83A68A1FD3DDFB7AD6
f8roc1agidkcqinbmur953ovfv,090C32F8762B0B23E4EFF4D7BD663E25
ofdiof1hm021k2ui6kok2j5rgj,05D13803FF59E97557BB1B073982D333
84vu77228jp94cussh957jn6n2,0123D73D3ED8B62A75BCBB13B58BF0C3
cva9ogscsm4omumbk3q9ingicm,0A278186AE5992B14FABD9EDD9EF398C
spu1gfq54vsvtddkcorlgqtvpu,01963892F1D1DE5E3873924A103A7FE1
tlqnah55djgn1lornutrh82h9r,09D89FC5E002CDF7D587F357621A1728
c2irvu5r7qq16k8pbivupqneaf,0102352D5B519AC73945113C04116F65
smhe0bagd66isktcp7o90h5r6g,0388213CCF8C74E3CED4A8ED2974153D
prt0iqgqpihla9l0ml88hi13pj,04C16FB12C1DB5BEE6C4AFA2E61A862F
4hf3hhkorgeqrlsutt6e7q9hmp,020AB1DBA8EC489DA624968BC9FF28A0
jcn4m2emc9r8hk8r03fg009pd9,04EF74C07E31E606A74CE05266467DA8
qc74emqfgchrclsh0b7umi97ap,03587788EE9A86AA84387F2584456A34
61d0riavtveuambuhieokje649,08FE48315BCB5434F98C01C4B013DDA7
11k252qmq4d3juft7rkspurk0e,07A9B87C953FFCAF5978A766A3057939
vttbc5k0egidqa0hm9d4093f8a,0184F784B3518D37A06860564AD96A03
61c380g5b1a1gufav613ko306s,09029FED35F6378F606A9D19765575FD
r0ghub78iams0b1f869rlt6a6b,02041EB417EE6E7C3AACAFEB66306F4F
mfgk870lvil6121ca8u334ucpn,08A1B70CDA896CED8E7522AE2E354039
70hn2hbnbgd25jbsbgogaffuso,00EED15710E4D3ACB27B7100B0E7F702
r9fufmmrbc2im54ekjfgrdni6l,04C85DC6B216D263B3642F284E904686
cqdenes0c47rfgbpl3eprbrdhr,052913FCF24D243311C6547D3B7F2F9F
isidsthbdk3tm9qp23p4d12ot4,0265FB006CFD36CF5754D047BF28EF16
s96cr9ndp2e6ujatot1scnsu37,01B0DBB8924D0EAA16A229D156F67F74
7tnpc2mha7pks8msvsj3dr0hue,09ACD2457BF40D49B8AF2D26E4BCA388
juqktorlrrtidjnm95f7sqf62l,0415975789B85242E3E3CCC38CC4FA0E
k9pljesm3i0rmreesiq83jqpk5,0628BDC0A4211F3543D55139747779F1
r2v9l44bhvjvv6aiomminp64bj,09C84119219FFCD8AD9D8CAD2C9AD306
dlhh5848t7plfg5mf1d7f5ltst,080F10C3CDC3CA5FB9053FA198D3300F
prhcelu72kru2etf8tb2lrdd68,0A1A7DABAFD3CB800873331496C7C284
tr471clkgq7v3l20a2od4u8m7n,015B1772B5B279926DD3A291BFE86417
3076fmfo2missgpf5949iv300p,0048142E8BD4A59A1B9082B9E5B609CE
pe6c5l3oq3f06uu9vs7ql8hqtg,03BCA978DA64897371ABF04C8E1CD82F
g84hspu53t2gdcbbglna01njcv,011C57A049900AA549A2FCA6A5789F41
h3c5flcocenl9vfhdpf53s0nkf,07F16DC8D4E7D38B77ED7F66C35A796F
c8jhbrlaorn5ui122dr104td9p,0159F369825EA69191B133B46DC5238E
h2five4k10saa8nnuednohg4pa,020F772B57D1382EA6F717D43AD03A05
121mm38gcirhg50m1ncihh0jh4,02AFB00919BC72DC54634A208954957B
v7f11eu56d3ncdu98212j13091,08D413C46BDB9BC8526A3D73AA89C283
2sjv6rierpdcveko75lcm3u67q,0A59678BE867108B729A4442F15132F7
jsjhldvsltr9p848inl9vv0h5i,005D1E65403839D63ABED1A355B286CC
61vir7k3nbdh1cmqmanpstfjid,08B6D740ECE8E6BC858F53885FEBBD7B
tho3hfsbe7r1j36nblj7sb5un,08709DAFA1B33D14415EB45C66007C2F
c77k8oovfjs1u80jh7kruimk1r,007D5E2DB193560B6F40EF5F9A796486
oq9c2bbjcqq4oor868268n03v2,06FC7AAE598B168A63BE5799454FB97B
p1tfmj2vd8rng8mi2julpa44b9,06B007E9206C71344F952B779F34FE91
pf6gl37c2n6nsc18a3iog4h6ud,05ED99B46DA9BB203B29FDD0A770093A
ov57r568nskd58s90ropsu85l,077A85BDADFA0517EE58E51E9BFBC946
91l6oeh59e48c6q2m7854tpln0,06347F0D99FDCA744E8BCF2D09F2E117
qec8h72k8571mm6bgilogdfc5c,02A0615C9C31FA8282C979B7614BA887
qar106tno48pnrpg2id3dh0rsh,09E5FCFB00E8F97C335203CE017F3115
8kidmhcoee3ghsj3bqk4o8631g,0A9DD3FE94915FFAB019AD786DACE518
ugfonnfabs4vc22mig5io070ul,07DDC80673125F34EA04DC66B70E2243
1os6ikoesqu5vrv0v2nsn6m90m,088EF95B68FA4BB2C24B8271002A0697
pai390jcro7kpfo94g3hlo06js,02925E307DCB69908DF1A3524295F9D3
fucjlj8522pk6run7lcotk189p,0A8FE25C25BBDE1D2FCDEFE36E8DFE33
o4mek3oriqr2ld8gp16hvt98om,011B29E7241BA85BD12E4896E1F71F60
1oogi3kd0eujp17d6r4t03bcrn,06BF7E0CE22342A986F19ACECDD6DCD5
2p4f7drb7smu045grd8hstq7s3,04DD5776AF09465F3DC83D4E87389DB8
i17659v8l26te7r9rk4rft1ggk,05ED0C2439A709DB2891865B7114E516
9foearg77q9uvh5iulk7k9gc6c,04CF4E616C28164CFEC025D3F2A7CCAA
pk1p8u5uguudd7q5t017h9qqss,04EEF56660072B11C99C48321F0C8365
qev68oo870brg9gd08v2pos0nf,09714A2EC00F958B54850D52C389C294
kih0lr89iqnl64ckfp22cputmn,00B9A1D5AC75770F1192B94D3DBBEFC5
skqq5n5ioqq0jednmffk8l2d0a,07CD9F193D405EEF0A9D828BEBFFED17
3201nvd26tjps71t6a1qhdemsr,07AA378217B60DDE1D65024459744A1C
3f16idlhal49jv693n5d8fnof9,041205C0E4CFE1E890FCC91F9C25561B
tbe82hmp4u9lgkc3kod3jr9fl6,05A1F23B9575C887DAD1045E8FBACD2A
2ub8hs9u0rvqjg631out0t7uun,091A549EB3ECDDA9A78FD6D32A551BEC
fm6ptj6mqhfq6kipg4mebnbv9e,09A9B7B340FB4FDCB8405EEE28CAEDA2
fldeu0u8gh3395tndti1i9q15a,0A0DD9D3F9C7320A319D9B1780D4AA43
n8qd2omua8fc9s13j8qeujsh10,002297DCF64D149963E71580B74B2AAE
pn39lfkkhh7250vt982bkohh8i,0157D47FD1ABA471DABE8CB95644ED73
he5491e4jeq4mq0ll7o2t92a4s,04A318015FDE714AA4F1332942CE88A1
jh0jcsbrps9hb610jkm2gedo7j,08D790DBBBC9CF0A401E2083BF67B82E
6mtt1g1i0j5utmavmbnvkj9tbr,03EA0217F78DD1C8F0076EEC2F9DDE32
o2i2jlptfv0dr7hc77oc1aihn9,07127AA03677604AA5E399FE44F05646
8ri737vt27ktldh19ki9h4s4pm,01570D99DFC67DF874941AEA877ADFB4
dfo5j04480mgenkh1un87im8jl,01BF999224D4306698911AE4B756EACB
fchr50ao4mdecq3vu1sde2csbo,0562879718F0AB83F777E1521328B8C2
ho70ct1icfgm2691r97side7i5,03AFA4F42C17798A56CA0768F0079DAC
31vll1237rudmu9bc4iros9f5b,08BB4E096F9CD1BB896741543A01031F
bmq0j1rbi1q6ql9317phckd90,097A2FC8B77C6283D292881248D5ED3F
vsu3126mbih5i4ssgaipfi1ros,095EB9FD8B5DA033BB7A1510B404F973
4iuurabuep5j5t8pcfi098pf37,04D7C2C9698B828D6F435ED55E3ACCAF
qcl117sqre7hro5v5073iv3jad,0768FF41678AE4B57B5000F0330D8A9A
u21u8qsmghljo9d2b1d7kpfaab,0057086A3C2E41E56B1F442976F9D1B8
r2s7kakr9out8jusft9omamn79,00A089A3C7D9DBB80FB7CF62F03BC6C2
ghkle58dl8r67kea0b23l20pnm,09A1507813A8F936AA392ACDBAC88D2C
4nbs45i3amt88qm87vpu4pbjh7,07C8A6E83BBF4454F9F17AE8BD2FCFBB
h14miqaqeuj3v4ndaq3htp288t,094B9EDB41DF48E3EC1975624BBAB82C
9n87bb36os1imbsjr119uv0o30,01681842927754CADA5D84018E471B0A
hnk0lvmesu3qng0rarnbp7c576,07B6B18A06ECDA448A9B5977E9576E74
1jcekatd3spntgfdg3se5jm88h,06B685569FF91C91AAB53E97AD0FCF58
ih5fv12iktmf0gr7ir0jgdr7l2,06A180B213C4C8C3297EE84792F4F915
j23st2oruos51rk33assh55rpd,0355EE1B706C27AAF3B2E5DBFCD673E5
3eb96gd9s6cadpqvbhbfeg7p94,01A9365F3D956B3AA022BA357EF827EE
umqh9n6ju1l7ttl6p1nhupftpn,09681761D25805D0D04CB69024A0F968
etj8i5r8l3gfp3pd0diuot0e8i,02BB16520728E7AB57B6BA890401845F
gbe0ulohoss3v0j3dl71fgu61a,067A24A44C425686A4B8215B8ECF23E5
qh2faj0pjremeqkn4ofob43b1h,09ECA34691EFB380170B7A79B138ECCD
2ljf9g62p666fdob07s7fesh01,0942964003D5A8CBF8CCF8F2F67B7AC0
2dq9ltg9orujibf5nv6snb180r,0A9F0D6FEBA8F6ECFDECA3BBCEAE3F23
tcgbijcersmo0nhtnjjaplqqg8,0996D0230D31ABC00C12B694ED90F572
5kfin7vk3f34673pnd2fi5a0tj,058FCFEA00AC09E1758DDCCD77EDDAEF
fvn3obsj8086oadah42aiu2bq6,0865C39B1AD06E6828969C756A388C0B
ee51o1f6ich9ebhu81n2890jed,01A45EF17C85180FFB19DCA57E0E900F
8mdqvmpbqlash7ifn6o8sheapq,0120778018B324AB7E3423B47A85D3DE
2hk9a10nmk1t99q9i6e8eh6608,00E09F17FCC6A8DED9DB0247074B7B63
810oo2cft5uf5jtdelctnac02u,0999B97E9FCC5A01F2AC0E6A8280ED44
9dhqo5v21a1pq45ch9q03h1ufo,0700422B543AEF7EC595E6944CFC8624
nidumr0cpfdhe16qgppbgr9e0q,02CE4AEFB0F04AD4C68C6D9B7B34B057
cb515bntsq1c8q78gnratgjdel,003FCB1EC177FA29D6FEC88E680217AA
4vue1bvagottd4u61h66mha6mn,0018EF2E102B50A9F20C285AD98C65A8
8n2j180g03lsvh0tf25h6pqmq1,0A045BAD5C6F0F9E5C7412A643400960
fpu8lofjbibt204q9ht405paja,07B8C50FFB6994214BE11CE4DA53628F
5u0kies1cgclcoefteeut1qmr3,07F95B026A4B484476D49370F72983DF
q8ga9h80hifusrh5p5qfhmno84,09AAE4DC00006EB43CF0264BCF1F0F2F
76en8pi9b1tbo1h14rm8uev00l,082F468DF0EE7D93B23302C5DBA1B61B
cdbpdm6hpppfbih1ts46qh0jus,00390B625B707F0CB528F6C8AA55A8B6
44d8fm0eecorq20hk787cf9vkc,0A8B1BCD17AA4E466973F584162A5652
a9pnh8a50auqd712okube3sf79,061ED5A45F7B832F4AF627E8240FB0CC
9dvi3dgvhmabvdcqbkv8fbqhk9,0748A3308D40783A3F8068C796E7CB78
rmeaaq82r121mt3pg1b6rqhket,09B6800A8F9F7F4CA77D4CBFE6DEE32B
pll447tbb5n2ehslfs2impaotk,07BB11DDA23C4D3A8DA5DE41EC81F912
ra6aau6ttqdm8i1b5anap08can,03C092C49C67F46FF5B4BEA6E4BCED62
5fd1pihpc78379mrppu5vsei19,00C1CA21F452EF9C8887AF44AD531BE3
1q91rgji45uasmf8a2isf5d17l,09C548C8F0D83E08C371EB3B51DE19F2
vlb472fha01ivp6k713ke7ia1j,0017E762BD393D68F4363D53CE60EA1D
420sm6kc5culqaiojq8uf8sohg,05EA3D8742A106DA069098E38E60CEA1
ij7hes40obnl0e778h2mk4a3r8,07DE0E00788439214DB922C029359523
vm53pi2m3e9ln393i36mpfec1t,05D37CA43470CC76803DADAF0D0CC3E3
ivr8m91tbotn4v2tn6pas6erqa,09113209ACFF61657155142011C728E1
uf6r80c56tfir826mf8ejet90q,05BC43A3DCAB8656E0A557FD7E82B58F
2r3n76pehbb497jq6i4jbpis3o,02CF8AA86A3E4E86BA6F56CA3D244DA8
6oojmuekqb67jf9hjujho9r08j,010D8DBF46E7BB9C7257DBD54677E0EC
9hic8dnju5mc88amp9go07l354,08F30ACB6184A7C2FCF735E398D8A9E8
fmus6sv54vaktotlbe9jnq98k,091F31A7E5696B3B675609B002D35397
18rd6slg71793tpapkho9f38oh,08F1750B436540EF1F589D41A4E260EE
c661sott8mnose3p6uva4sm7dl,00D3A804152CC6FBBE3FB88E9E7193B7
bv2vpvkqbu53k3mqssfmsvfcvj,03533644F5F5D80794D45AAFCDC90732
45ldr3tused2l0o8q4sdcqpgrv,0A8A9C83F08B50D51BB5EB0399D44E19
6g8a21a5675hk694hmuog3hrh6,0A40EF48CAF311D6CDB0DFB342933DF6
vg2fb1se7r8j0ogr5s8k913p5p,0833415C745FEFB9757E8533157AA415
j8occ46v07il0u58bk93blobnj,04CE671919E3E0AE45DCA6D7285A6B5C
li6d7sj2eijuvmg8lvm91kub5q,095A9FCE1355AD0B98FA423B111FB792
4ohp6t2d536kdd9g1h1ulk435d,0342B19F4531A2BA4267FF76FBA28D1B
4tmbcsql9rf5p5fql2dd8m977m,041A746922BF538654FB93906FC886D0
j8ak0ejej31sea5pkpjnr3b1ov,06F1C3B14EA31423C0E895DCDBC502F2
sg19dbmvc4ubdel9tnvokul8pm,06376F8C56072383ABAF97093A4C696C
hfsfvl4vb48ejp1v7bma91u9d0,0765F4B98735650D54102BF58F1E58F4
t3h8383sb3actq3dfcdo3itbuo,03C95495316A05CCA5F4E7EE02092F3E
lpc8pkk2i63lrs4fp76k0tqdv5,04A10CB29CD88CA5C5140DDBB1568F60
3c3tek6pqrul8odntvmur74kqt,0375B3755B525B272603CC203FC656D8
vj1mb3o8il23nb89nr1bjh59mj,053C5AF050D9D2F37E6883BE43B3EBFE
dpptskf3s07lihtl6kc9inf9uu,021F3A991F6EE00D54D04CE4D919CADA
ibmlsnq4did9vlh742sj8aijfu,03A3F1161AB784142E5DDA15A2860C19
gnaj32ah4ma919k5j5ofl627ll,062883A57C541D9D6C7A95D244F0FB1C
sm080tjhhs03hlbr7rld565c2b,058D38E4F37BB1D2A5E1A127B20B4105
q7ne87g8n2957mkct8reoq7dre,0675A6B55234174321F5AB577893F29E
rpb6pegop1b8l65u7rbsgrl89l,06B3144FA6EF0D94554638E1723A26C2
lb19tq058b7acrvo1es9itrglf,0893D04B2702732A1889289D2B3C3B56
cvm2ph7jvtn3206vqiofg395kp,044DF4BD83E9854402942870A11C0A39
b3k9co3g3fffc3jj815n7agmjv,0233E696A90767A753082AD8B15E8856
gmtm3slu57u139bsc4dfr3okbq,01849F28CD49033543D9CBDF5967648E
khgkgt56bbjaiha69a43tkkcua,0701FB22500AB362F854D751ACB9F8C1
b25kictk311b47f3f5d70ovj20,03032DE81F11EC3FBBDB2F61FABCFF59
7pmr0f8ipkij57vomgeemb4pt2,0A199EFDEFB4B198E13F94215B3C9FC9
e64951kjdbrk1is47rbki0bg8f,066330FD53845E886C0C520A82B05ECC
56gbrmqd9hn9cn0oo4urhsoioq,035A8DDBE06F5550A6F3F2E7ECE7D6DF
1911b9b3i9gfaor23kughj28ed,06014BB7A5FA4EEB98536DC83F909070
gstklhnn47ni1laega5rg2r2tc,08F6A31FC30F442FD0E440948DCA21AD
jkvd68q0mcp3utr8d2h252rtjj,0034E7E33F5F092A62D9D14C58221B4D
nllk671sen4ujdjiedgeqnui4e,0A54BF862ADEFE670043C0316F2CB9BB
a0ovshep9tlifon77i8c28v22u,08244FE85013010FDAF9CB86E84A38A8
6b0qmr14rhn7fibqlsjvgqc2po,08109B1E0A3C38C0039BAE1A9CEA61D3
sml6m70j784vsl1q3g2nqo1jmq,0713C37B33D9F5F30C364738F5F0F1FA
hq446po29rref23v7n70k2rshb,0678E925376D5F5ECB6A65960D931D88
ttk201odn4evi6lc5mri2g079h,005F90516826324052DB1D5863027C3C
49k2ncjvvcm6kf16ba4l30ro23,0622DC8EFD3631539D121CE2B1E5B90E
dfspriejgqqmbbevdnvpsg9pvm,025C76A9B166CB092121984D7FA51D57
8jamdus97o0e77rh2rhmk6i80n,03789A6E2DAFEED7479C8022BF5435A9
1e3vnkg32qng7fbe5l63nlg1i5,0A79F632526FA31927EDB29FCC163551
45frt32p9cmatdqf77q4kve5bu,005AC62235806BF30BB37000CCEA92A0
8mibgtiocju240ep8v5aqv3d61,0726BE68C0028EEF5A6E026D696FF8FF
gods1j5fi18qb755ocper6modv,04630364224BC7676100E36689041DED
2e7jro2dsobb8ebe2pffvdbb46,08ECF1D33A6137B8FBDBF309D2EA0CA4
k20t1015716evfoi7dn7rsfb6c,03D06F2FFD94A00F9289B48D00EEF085
fkaojd8dqa45pa2kvngmoo6etj,04292C3AA39A50ED8029E25A702ED308
6kvjdgu8eshou8743n402q1goa,09F4A8193C2330FFF59550BACAE0AF9E
nkijfuphssagu1s3kihvoedmtd,06650178681B068E1D258E04F61CF58D
u5md4sa67jj2g0j1109d51d3ti,09D5D7604207083781A1B954DAD9520B
54nn9skctvfthceiajm8imlqjb,042FE81E7AA8EAD0028B65E456B12713
tj0j4odh6m1j67d9uodhsq646a,018B770F79A2083B687E274101C786AB
ant7rjgg58vfh4nnnqdd84tssg,060578BB4A123E44236A37FCDA4BB6A4
f1b7572hasutv2a7gntk83v01p,0A3F5D56638BE9B28884700A51D3A8EC
3s71j8kfhf870d9egnvcegprv8,048DA7AB15E1C68A9EC7D931A64207B7
9d2529g5iisiuoe1c6qsn47m6q,07DB5EE3A12A738E673CE16CBDF68D18
9vt3rcieso9tb2kcrhhqt2uh7p,002E17D9416A06853750BAC4015CD5E6
4jsnrc1tpn4c7au5qsii8sf69g,06C8E5D1C35B0844A55D35E7945FF243
905im47eedsp7ojvd0ov1p5kee,0433853388DDCC89ECF75AC113ED4BF3
6hnrm0n3o89ghdbcstf4qv1pa0,00AD3E6B7382F2FC23FAADDC83A22DA5
86nbodksclgcj1t0arv7qtend5,0A6EC66964CD1155281710BAE26BF459
qmpf2t39a8apf6ibhqn4c560he,01C24BE45A935EDEA72B16D1CD9CF0BF
4k5pqegqkhqod6ti9e4ru5bqfm,0801E0B05A8DD9C9C69821170078BA22
st6p57suciblrjtr9edjgc8dv0,099B3C72DF5855BA345F301B1556A3DB
odl48pf6t6ph7coeh3fg8shi9v,012A5115B5BF0D0B78B038E69A2CF51C
v3uq02akpbhbqujfhqp3fk30uo,032100B34DA51A33BEFE8577C05759B3
3tgtbmscussjjaap5g204bnkgt,04A99C84864B6035DF41CD04F5663E95
upn6jtuos1k7dch2pko1jbu9oa,08CFA1C33A8A42398657A3CDDED59A58
7ciejgeso9n0g9d7s9u8eppvqr,051753795063806CEEA0406348D144D2
iauoi2vf4c4e6m01n3vbhapisi,035E33C53364EE3131EA539D3AD51EA7
vv1cr22fb7d0co2s79dav8j8ia,0852A27A055FF97C2402E59EC645C7D0
m8vaepq92ofqtfbsia48a51qvf,059E71AC58119DF10455EE02C093FE46
h2a5omb2sfmahnj78pd29amev3,057F4F9E3349B100E436302708E2C214
2fr8enetqlqo43tdar0b2hjp5v,018B37C5B3DE660F4949271920F58E97
bmjkel59ulud36up704v4o3cq4,004B2D097DFD5DC76850AB49675E13DF
uia6e9q1t3rfljqqvlu2avs5md,0971323CB7AFFA667C0BAC4209D019A4
4h4nlp1nmr5b0d8j0ej325qm09,05D8151DAE09AE88232B39718D8D3063
eri2e21pl71ubcas6v0q2n63pn,017AA697F8766BC6BD3A4257C59711DE
8f1kdpbfnovf6g3qhl7ooj8oqq,0569BB541E9D6DF54D6EF4080070E486
ed1ltfgdn325u6a10q0qa4n6j5,017A708DF2B4DA4A032214841945EF88
erq20prvvb58bs5ui5g9tj5ogc,079BE96CC025C7B8723F61DF312D5D14
hjcb7h7et422e0pic5o79reihf,0490473BAEEC0526E820B0E910EF4972
47jj8tcij8n4q2o8475t3cb65e,05B251D4C770BB9DF9C07439B42A893E
pn31go3nkuebof5km9qidci0ct,0794E05798769DFF456D24AE8C9CF127
efgb2o9tf5c4crna1jrjkbi38u,0055EF6B219D76C52A82C97C543FD9F3
b5sh2rn6i78pf7lnm3tek9cmm2,03AD473D1F3CE63DFBEAE74DD97C90E4
hvvki4vt0re0i8pt03beh4n0oo,033E734014E388CBE1C50B3D56B9F131
40uprhht1khartvo67f4a8q53i,0606218F66AE0BD366ACA5D5299F6080
g6jhv9l94kclac607bbn6m9q5v,040C6E940A1EED23273E41FC3C183AA0
nqej9jkfs3u7vk2en60mqainc8,04FE0BE3366FF9514869DCED8ABF645F
oe1bm4eend5lkfons1mu0vk029,053FDBD36193220E8E1D4A73D2AA83DF
n5o4sfsvcefhntkjlptne151rj,01D852E83E6E383DC32499AAB95C8CA0
n0t6jie3p9i9fpnvs46udn26p,075664EDCBC0BAC69195C41AF7025DEC
2hmopfq4v4tq03eds4so287fku,0799CBC1C63C25F9C66085758B653582
815l41tm9jra3jf05bb18rgtlp,0A13DCE1E32CE342635F45F0A948233E
5acs4k631e0uui1kd2th8on8lq,06553094A0D87801E52349FA46A818E1
8j0oe8ks7nd34abhfchh2034l7,04A0A5CB88C273760C5230C16509453D
prg6mgv8n06ej49uolr6bv2qjs,0105D21DB46A1654E0C821970ECBC6BD
hdejc84veu0b536rfbbporjb0d,06E0FCFE27FB9B1B114D62E0CED1621D
343a9kl02dvb1s47dk97r0c9ev,06E5F5AFB4B29BE0CBDBCF343B711EE9
52edr303d1omkbd962vdeabhb4,02FF70006876C516799C4020228E0EF3
39qjng93fa87k64romejai3tkv,0525319548EC46143D1E4E2ED62D6A75
qjl606uft097krck646u2abs9f,04650FF847CE7746E07B38B584C46649
2t1b9ljmov3soi3raftaep9ua1,086B6B446AAD59EB8C48CF97F29F55DE
3fnosvaftk7dfqdgcpjgjhl5if,014A8FD0163DD78B1AF305FB47A4226D
pdjti9hn2b158do4t6rfn6010e,05E711A9FFFEAF0D44EFD546748932DE
93cdej0lvl8ubano43pccp1adl,067707868B54905CB76A0810466FC59C
msn6mv04dianae4ddtm1bphr2o,089CF882DDDF90AD871094F109D48AD9
9jvi4148qu3idlvk51th3tddmi,0A94BF64CB35B4D2F4C1AD371C88C1FE
h2vl68hs1lh0jj3n98ssma8guc,0344106BD44985AD1A3E1BC0FD8C9AD0
ual0na676bvbt71rjcicgg65ml,00391813E17D56CDEBE9F218EE8D5E3F
mqcahnrs80vg8d8teuq6eehksn,075740EE8762E5911C6AEF67A3A1719A
p47b67bqcf6c2t8bk2psqf3dus,0AA5F6FF8E359E0272AF8902B67F596F
jesf26f3u4nnvhqmfnseos9i5q,065EBCC6FBCEABA2D3497E61872BC3D5
ephdp569c799klmgntovro877,0539321B63805F0B1D4A55EF52625DB7
m0lpr1cebcvr6vqmc3sblo43c4,084A18C116D8AC3F16405FEEAA2C67D6
99kn984e3q0qiqic6hqao4i57t,04B98A4838BF716AD9E187E4B2E193BF
91ceudcvdj0b6fogdl56rfocg9,08F9831862B888FB8C5B1CA3E02EF8CB
dkanhebi1l7r1gr53jvvfn7pod,01B60A1F1753516EE5909CBD914F001B
po3onh9sia8bnn95pq1aqvdoph,00FE42201873A0A12D391640F85754C8
uddl964qva92op96ghojr8ip14,047CBFE4A3F33EC173DB4087BF88C1BD
vjckbkvg35b0u8rp3pjqvg69c7,06C7CA70330E0684A4A0B3DAC8E27FF4
o999f6er7d7rhjg729bogbevhj,01973A3DDD1B4EDA832623294C6B0346
ac5r8uriqqet5jsa5qm9ug62tb,02101B536CF6FEB1A9272A946A6040CF
2h23vgpg5e88irlsfh36urdf0b,0631DDFDFF3E75B9F4920C49A48FD1E2
kn8ns09gd9s4q2u076s1b7vf4g,03F5FEAAEEADA120A060542C10B8476F
nu2980t97fk1ge0o5tlatth5dj,044C44CDB9DAB40FD6153E3A76581C5B
7sh11lh4vsqkamgvvjcjsoopdi,08293A9F93D8C984907B3DA1AB313E01
9qlb166nr03ksfsksm5b2c9t76,0401E703FB88FFB973FDD53A35EDA93B
281ft1ns4hqp0m5gtvh5o7dg5l,0A999A7843669180D666FD2D4065B298
sd5qqi0ftbhrrkqfqsrqc6o2ig,07C42035C11853A7CB3F04F18124CB90
pfgm6lvef4g9v0gllrdh8bnvg5,08314B8E2ABBD7C30828D70250AC1B06
q5tcmojgfvjgaq5m90d9eidjnj,067AAD9E04FDDC40630E58960B9BFE34
ctcti6gr67vrdhqh356kopj59i,02324F926D537365B36136F73F580E52
l28s6p74180oqu99b79h9rr8sr,021A3F9CF929DAED75C787E5D11F17DC
qp7368f6mvfu162vidglttqun0,09E60C12EBD4E41E1F8657876C7011DE
gf3etl9kvks8n7b61g5u43cndr,052587780694DEBF25C535054A487FE3
lu9aeiognfjbfheagf36n3o3pm,09AB3854AE8610AFF22A8B9508B9C159
gqmnvu3q49521bnr6nq3lmvhb6,01C590B80549192071E772F583FBCECD
n06ggkccfenelfb2cqpea1jopt,088DF9A493018D0DB8982945BA99E091
9mhl52fl3mji5pepdib5v9b9ju,0589DC47B2E6D7BF5EF777659FA8E7AC
61sdialdjlq0mo4ugmi0qt2999,09485616902E686B8771C33D2A91A357
aqeilobsvtfla9ece7jd5h6g4p,0A51208D5FC23BE3D8F178B0CD411B4A
eoghhb6glb7s9595ghjh1nm4k8,099EFD439C9D0C72C3577E8165B96D31
cjv2cfns9gm5b5f96efu4hits3,0A666B90136BB179F693EBF56391D920
onmnt1j2urf5ofc1knd1bfjam0,08E7B1A4F3500D177E8971DED646D812
melssqhv8t3cfcr8rluqbutm6a,03D8F74E50FB6F33057BD4056C9608C2
rbkmuif93onei385dj0sdfv9fp,028F717F74244D95960620F0D1A29123
basu4f4dbitdf6hm7ukna7buj1,01035166E869B0F15BD93508E8DD2EED
3em42hptfhjutjp8fo58881mcj,057BC30BBC107DF9696BEA5D02EC58CB
3suceic706e0geh6378hhtcomm,05E0A56B461DAAF1300AD653D97F4486
suo7tifl9at2ip6p3kquphdnqn,06B4CF6533D5B36F5AFF5BDE3C20279E
f6distvg27k5ek7vmsgrm0npq9,01F2F4E96F45BBD85272F0AA2F4E8DC6
1vka8v4ncn6ekemac0mtdejj9n,0373D39820DED5F7C5DE1B1549C1D0D7
nvmlc5gugavgtkk8gqbaqj662i,086582051C10FDC6B00DEF766B480AC1
ihsen18aec1i2uubp9fffe5qb4,01C54E5418BB7B3C6B3FAA56924DA28F
t2lqi66ck18fdhh242f8g5cglj,0A0B5D38043D678C9D79F185DE700CB2
a42ic5oo2luo8otct4ki4i6kht,019BF5382EDE3C0403C76EE60E31CA17
egjgdporfosjhshcbqhq0hc5n1,04EBFB65E36869ADE69409ADA2538C4F
hpttcgs21cd7ac4jbkg9d9ipsg,09F3F101D5B484312D566A99CB247EEA
pp3ak2n9ruio49rl4vs1ofk15n,03BE599001214DD494A7A3ACBA239548
e3o66ha2niam1t45a02uf8hukv,0548721AF4B5A232AD486EBD13C7FB34
idordlucnuma4d3qiok15916gq,0A2F0CF6E4F3DF9B1516E637718EA96B
6esd466isjn574mcodo46jskk7,0608C532554AC7D23D7B63FC79E975F8
8uil2vmed8q5nbsrjd86r61mt1,01A98015E69FFD86919775D20BA23FFC
bhj1g494osoj70fma2rbn17iot,03D626C3458D0D253C7E9BA4181CED0A
1kcuc5716rjld34iq7n8vqu619,093B10D042FFF20093211E07D5A9661B
bcvc2in3ntdm4vhpjrjricv1mk,0A09869BB5578F3D58AADC04902EA4DE
55i2fuh2or54d2mkmsdfnmav4p,08B5B18A822679290EDB13822CC29E3F
sqrd291lboa37pkpvmjoe43l9b,0AA476F44A3456456B4FC3589B0FB69B
itd9eojlj6q98cm5b24563qmu8,073523539A64208B0078EF50715E6656
q1gufedossgkqlutmovk27ohso,0A684EE611947CA1A70C05EC7423B0C8
lvbaovt8u3df1ea9vcm3s0a6lu,03EA66A8B96B49820A16F08C7ADFE462
qce1t46tup3304h3c0k7l5ugfk,00CE21DA16FF3A95D32B66EAFD055A45
8ssudfu8tit44csnr1hlpbb30k,00B4E8F1B9AB44B8F89ABC2E16E85A0E
f9kc4ffjvhe30kcur7kqltdd19,06D6CC67D09A459DA15DAE26D87A6A15
ihh611ssl02sib805l79s1i0dc,013B3D4C65BE0C9A8D960652B4E68F3E
t8srhtmtpgu4dmrgj6ttk90ij8,0579D785AE0850F39D89F10025CEB427
esol7a8s4c7b6sfv6s1ic5ao08,0902016F5B8F8192B30027A95092A853
hghr5k50krnuu63isj050msgct,00861F78DD0F6633EA5062CC0C81A443
k2ksvgjtooehsv6asl3i1abu5n,056A752DFAABB48FA691FB381463EB53
lpghm9f2f4d4frbm35sv9agut,08CDE316A387A684898A5C761AF220DE
eld3qu7tbcfltdrs7sohk6v42u,08F3DA207323E33BBD6922F530BEE927
1qr6uf4am24vqoo8ed89lj21uf,06E3ADE03904F2E992BC1EB34464A908
sub41ugvlj7tl378j8j5nmbd6m,07745B108D21A1142D576AD79CDAD1E5
k7ea34e81tl6fjibdijtp2n0hl,088FEFA0FE1F72E76B062D69FCBF74F5
n4vohuj75vvg86d04hfc02nq84,0528549EAD7460D61ABCBBBFC908F890
6s7kcm6lm4h9smp4reebi9ifpc,001A785A6A3F1EA3EA964483202BB5E2
ar9p3vr3sceljpj59ijemrvce4,02609ECB80C5C65B7B77A55D1E14579C
qnp8t2mi2e5ivl91pj0faad8ob,07A6B984D25B049158D33219A8CE3EE1
4ajk4vdfgdqacsovq7l7v7i0jk,033275BBDE19B6B31AE157377885F862
hr1mb9cui23mgl968a7h885usp,053303BC3355C9D0137605198E84AB36
cs7b0fteung2da5mb78pc5klv0,067EDC65E1890381F8FFEB3171E7FBF7
m6gq85sqil51750t14iu125rar,0A22A877891AAF74F0504B35AECED09B
i7pm4dg4t9js4hc7nacmqvmobg,00E109C759FBBEEFFB2E1980AD65AF13
fm89hp5hmr6lfmcp6mtcp0c3h1,00E95B6E781DCBB9603D671C5FDE3590
q1h80f3hgl92h2dupujefa9d48,08F2D1E48B01FA98E6024F5DC58B7D49
93k5142m5m0vl5rlnd1k0r2gr2,028DB93C70547FA6652097C07EF50F25
6drg6neg75l7s6c83rehht915f,02F05843E2FDB765C3F9DFFB3FAE26C6
30stdglalmqb0488u7sqhts2tj,0681C8146E0986CA6E9C0FE9C025F4E9
1h7dqu0ovpir7fs6l1ke9ap8p9,006BCC487339E8BCD79D8AC7C4F9BA33
953kmu8149lp2v4e2nb5f9rsld,07028B3B1D1AB71DBF650DCD04CEEF84
mrn2t8tpiqk2bp4hsgkol7dtlu,0A4D2360A2FDB9EEF076C22DA896369A
tdps7n1ka8es26bn3kt78n3v5p,073A6682FD90BF21DAF02FE7E7BE460D
s58icpf76tpbd1itojdpp1rqp8,0339013AFFF99D91E67AAE63A8A94B46
603dgn20rpl651msh22nhbdu2i,048355A4BE51E50D889E748A7FA20B83
9jade059fob0v2imsejedt72jl,029DB7E8F253CA698FC16E5505EC45C8
ccdpvqvsivvbi5567623jf7gbe,000CF9AC82BCFD9A7D2CC52F37EEE1C7
39gd9q069sno6ecsa98os4nmal,05D8FA3E6907FC898972897AC0582F2B
8a51mbve5pj2bt0aqb883g4mnp,018F13BC3FF12771E217E29660822291
eqbnt33uhcd2spej0hevj052f8,01B4112AB35F5E40C660443BADB48070
gq2rpg9rlcgj42tfdmk1updsbv,038C0E481C7043F6AA39ED520DAA9603
gspn1hc6hdd3rj7sdkvrdh4r9f,00383BCC5462B300D08893135D66DD51
eo2diarib3b05vf7kpt3ta6flf,02D67B0592DE117BDEC15BBA737BE3C7
sje9ttn4olrv9c19ah9kqp7eq,04B95E752856B815D15017E2B7519417
4nccvuotvvtnoac9qf75blf7dm,079F382AB755148AEC577F0D3F58999F
qksel9ng35qfinlk59eo97qiku,064823404C5D2B62DA077DD810602768
uetup6mohick8oq78rphh3di7m,07A78D802A312A657548911B1DDD9C3F
vqpgdube3n5op91f204dmagn9l,0776B60DA7F8704ACDE023AF98182066
d11bohcompj5nbdsu813704pkn,03BD4E8E1A133E2CE5E3217501792E8D
3h3bkb7j3216nb5c07bh2o32pd,085C8C8A1E41FBE7F9B0A6F98C027CED
2v0pi4sj20nolso1jafitu7dk3,0A93AE1903389B979804E45FF0009D9A
5q3kdljqmg69756van0rac1fik,030CEE34922D4956E04377F2878A3BA4
t0flaf8s25oeqfacjlvi0gg6r7,00113B92995118F22D7C89D496A7FE0D
pq0jsv3ognedlmn7hm151ve6js,05A35DBF72339B0871063E970F6D957E
k1u9v36m6m32hn2m2li2lsv01m,02718B90387972F62F4A08ECD5DA0FFC
c83u2f65mfg1bj9mgklebgjndo,07037C6DBA94CAECD175292D90479208
l35epnkci7fjsgf477jojcn312,03323D7858F287AD95A038EFCB9C98BF
kdbhpgdr5i053pi0mov33re8rc,09A02DE3245DD6F0C5C9703E62ADFF8A
rfp1gbv44oigqkrfetkmo4ej02,0073196CF787A83ADC46971877717884
l3377npe9nock7qeknjtumbmhs,03D6E8EA215DE856DDA420824D9F6499
t1n550nhr5jnp8pmn04uf93l9u,09DF658E21526B200157A4BC1A895F5E
shvfvq4o9stbsh8kt08cb77lhl,00D8E776398AD0DE130629AF0C4FDEA1
d0ciev08urcfhjp2dta3m9dkv8,005E8940CBEA832D1E78F6EC775BAE21
fhbifccgsntg09t8l831h3tesd,01045014908ABBDD6165BB0ADCF8CC8B
sptguqfk1s5sn8338pl633id3u,02931123F93DFAE042BB6E6523727BB1
8609qh3pmoal8kbrabsjapvhpa,09FB079F1698A15D15D7581D3CA1E1FC
gkfh954l3541u1c0846r2osuvb,08A0E71841A28A84693E0F40B68DDFF5
fik3vs6alponqc8k1vsnu81eav,01F31234F233B035D50C7870504C25B1
tht3tl57t185ern6ul1m90225n,0A77A5D1C1B10D5C7AEFE5EC04B496B6
j143f26q9r1dho2l5tv8aqssk,069CB7E99115B9139E6A9DF840B5DC65
s0jtomjka4omjsltc4se1q6dgl,032E6FDEE73C5B9A0D82EDD91BFF1258
a8r4n0d31ot5dn1ve052mud0is,05DB61CCFEE0B62717251C16784132AB
u1tfluud4hb0ctcrhcsc1a4tbt,01FC701E9902E4C1E520957A75B46646
p3rdrtm7gnhc0q15r9jf8m3sn8,0109906355975EC066E7397CC2C80DDC
c1jtv4sgr944sbch31dk99u7u0,04B75E1390BB29BA3AF69D42D8567F6A
vifurvoomds8tmpks2je0lrbcd,05277FB7471DD0DDD397D2E06A845F25
le21ruuqmg84f3f5d3skagmodn,023F52712127C054606AE16A05B2C7DD
vlibm65rhbr2am65ovgv7t9giu,06B0C8E631404D475F3BB430FB27FDC6
34nknrqhpk4bolcbocfvh3attb,04D376143DA3A0DE9AF937C347243E25
olnshrf8qfrik93hh561op6g0p,0691381B0B11E0ABD7E03E59F0E6B195
gn8sijrtag27ggeu4nj10v5cuo,0653DE04FA86E49FEBCF04A7CCB278C9
s579m7i690d2j28834tr9cvv3h,0283F276FA1A23FD50B5E51039A29559
alma15gast70h4ac5mvr0u7p9s,059AC3B799C319084A37D4591FA04CF0
bb6b64u7nvt9rbbr7dtr9tills,02D94A494ADB49E95DE6CC1868FA8469
fr9akc4p5iiejgg2icdjsedsmo,008307C6AB1092E431C283BB50CF1949
6n324cs3apcbr7b0121q1mbbde,06CB305904684583F396482433FCB6F7
hrc1oks7pflhosl0fmd5s47auq,048F6E072F8A70A057C5D2BAB7CF559D
dn5op4h5u4rdpm5ia8apv3k6fu,073EEB0BA5E8DD895AC380287185A6EB
coam2jp1nd7coodo3rbf2fcdod,056EC632D4CBE9A78BCC13C4F49D8A3D
j5s5pb5176mh0jvh07er2ljm2j,054795447E609DA46B6EAF87B0A11A46
74io92j32rtti6r28b2dbtm805,002EE50AAE64428A91FB9C78EB227503
ts86tubaer1rk81n38ctp08iht,070A4BBADEFD7B55A6D9CC6CC93D6D43
4jg16lbg27hnk7b5qct5ls21ti,0650E5D34C73A3CF5233D62337179C2D
a0cf5d4sc2bm0i5pf1h3lt241j,0235B9500EE4CD421F9C1AA3486666B9
gqjnkqoc2flelmhteqrhkpl203,0360C4A73BA3909698C25D7FB30AEA38
o6no6djf5oeqcmf3pq9v4ht4t6,05F1C396C8BEA078E68ED6074263A738
famk5iouhdatcvbk1r9r2naeb6,07FAACF2DCC8B4D3B5BFBBFC35EFD871
fgt6g5m1vqnn14j0jgkmlk1vr0,033584B1E47526544F023883DACADE76
qbihrb9j7ahvcvci9q3urrc16t,06445A645D709B9082D07BB00A810D84
hkug1itokv52setdkalgpk6h7r,08140621ED4BA77A396C457327FEB471
gbtb7klbocvv0alh3rjll8gnqc,0131E1E36CAEC3DFF2DD328537CC772C
g8snb8sccu6b6lh9deag0jiugj,0145810CD758E87F9F9BDD15CC42D2EC
4jmk4qcc0g97qrbd5p7ovdaf2u,0101E5FBB5797F4F2A6BCA957A777ECF
capk5iut6od4lc9to6e380gnpf,08237725CF03E2A580FBB03D10B7AFEF
v11gr6hfk375s524lik0a7tji8,05F11A07B9A2639FA10A168B2D11962F
6e2005b47fbs024bdhtbe1du6r,0317E2A304D426ACAC9DE399F61161E9
o06ee2r0i5797c7rmhjv8vkns3,0764C3B667C82D38631C67F33E6ECDA8
7okjl1fbcor6tanm4grt3pu40q,006CCA86D52ACEE140AAC1DDCFA096A2
pe9qehtu6r9lc6pedceriqvu48,04C9CC627FA6F18E7754EBDE7F931A7E
8ce8kmc66or19bgdjue0eflbo6,066E220163B0C7FA5E3588720BAE8590
b33013l1c7243e7d7620714c9r,05005989207AC9629C077E5023265A9E
pbdee3ho8vmijd7e5lufdurp44,013F05A2C03CE70848CA30CF609263A2
4eu84usrmv6l7ci1t0k9tq2is4,009FDCCF6A9C66ACD655E958FFC2FC43
ishtlr8bagn3e9dlt6r0qrtpbs,013256AC2B92EE84ED1703307A0207C7
1oigc964g8qbhea2houkof1pn0,0A33201D29D83C15B514025A304E17FC
5i697egdoena1pu7pmll16gll3,096E6ACCD14A9A1E3A61976F38CD15C3
jskv98h8qnv7q6353kv4e7m3du,080EF39B0F97EEB3D55EB4801D96178D
thv2uh0r1tadj87sgifaiu9rpn,03CC7979FD766E6532B7C078A18A7FDD
4ue0fkl24tas3k1jsddm15s34l,066DB6CF5A520580E160AB707AC3B412
frd2nl88m5rrtcp276male9b7i,01CCDFF82B81635BD5E0F9D065A45724
u2n91di2rg9v7ocvmds09bddl4,0154377BF0B77EB00A513FC29342381F
a4co9eb3o0eiqhqfbcrfv8tsob,085B9CD4153744C8D8744CED23F5FAA1
8prum61kjtq0k3896jg1gsgsqa,038A77D9B47E44EC82900E412E761CD1
v3jb3pgv6hjgljij04e1u6srnt,00728D3DF94C79DF1D8DA94E8F18AF7E
sok1e5h7slegkoh3k7rb5hc8e9,075D5DCBCBB227B8AD06494F718D4EDA
si7b597no15ihmvmtu9s49tstm,06F2A5A2C52CA61AC8D80A3C1BD80EAF
acmu0jbjm0vfscekb9dikjjije,07691ECEDD0D86836E88C54D9674F1C6
pr9rk6i23ppcfjubcf0tm8ctvp,0A2728BF03B54AC1246C059275C1505C
fpbepkovsr6sf4192q0iu11ua5,00694C0DB2FB95F6EFAD6120206B1E2D
750vthb9f4f4shn7b6ljbi22s2,03D944F1CC9A0CABDD50604ED48330BE
qdoeeqvb2rphung8ecvhl7uufp,0305DA786A755B1C0A891E7A7BAB1566
85mguvpgg772l969osqhd2pdjb,0A39E2B14F57C745FB6C7867E91274A1
mipghdq05q5sdt8mvaekt8hb7j,029C38C81BC0C191FD0EAD50E372BA08
707v5ep9acvl4crn5i36kgmtnb,02D9A6C9AD5CC9ABB455C59A3BB0919B
l4bvatgid34dgpfav0o5k06l7n,067AA31B7E8C3F0C5D918EE5FCC2E0E6
t0dpvrss0el6eu9cpn6d1gamhm,04EA7E25F330648CFBA937B595471320
1spuj1ntu7v8cq0ma27j8ueota,02290867F56D615325E6BCD11D479898
hmemhsecf25mp7933mcau06cpt,0387F6129A0C4C37562BF178F4938091
6spna46nsbtt1b8iun495l8f06,03E06761378C88BED3DA43142516FA2A
ag7rmh2319u2jpbqr2c9tk34f9,02B05E2A82333D426193BEEB8B2FE263
7vi3k9e4ieag3l0aolmt540ov4,01DDBFF2EDB8835F3B79E5F18FB8FD20
6tii29o0eejo90vaqd9g6mr5nn,06D943CC4CD825C6D55A3337DE946240
9fagd09aiu3qs312r2sm13a9r6,0AA8F44DE17C4649247C8F6684535CCC
nqsr4rb02lic0nhfhap8sn4k53,0443496024537B8FF902770900FE9B1A
ecjr28s1po5rq6b3errv6305or,030726690FC0238445A95932C3AD9558
mhmvm42im1embv0enasgbf07m5,058556C8CB3558C80C4AC2D6C10E126F
e6dbldvocgs6i64rj0c22ouh42,08C7BF6B37FD52543FE49AEB21ED18A2
v4s6odrftn8vm4k3u1r0dbj5er,0771713E4D2CCFFED934A9E86E00211F
lpe8in4dv0vp5dafg85h46n430,0724EA1C653A6E8D6EA87DBBB4F3CC2D
q6m4i9jc49l7gignjqnhl1qvv0,01F4BBBF8309B703885E8E3166DF367B
bmjjvlaehqlh5hfl5rnidarhiu,0137DFD5D98628CCB01E97BFDF95C9B6
ft8s4k1ndgdelt9s90p8ua4itc,08D841C5F73E900CF6DFFB23455B7889
3dc6j523eejtjildmt2rj5fir3,060E56C6BD5F70A657D5B5635CEF056D
glqltkb0ith7a8ga7jb5vqii01,019DAEEE206EA9BF7FE20921FD7DBF6C
sbd1ngivisvrk9uf7rtu701knl,05E52CDF373BFB4F71293BD7E8B8B7FB
ktjtaf9rauq039atfff81kjoqa,07DA5EEC5545D7B91B85103DFDA5C81A
lvoi3pp1nr6mtk2pouced4ac72,06F1F2A8433D6996D5FE6AB37FE201EB
pgqimsds07bd69bsd66fqlnhaq,038E17615755C856EE1A54285A1BC5D0
42fh9hfgo7a12mf1al6chon1ri,059B1B4996840B76CEB75D99DA1DC7E7
rb8trjfm3b342fqbmfa2q6mfqa,068D0C3E9A7358CA7EFBCD362A3C68A6
137mm53vit56jpejfug1sm9fd5,0A80955B5240995356C78E2E4F48B95D
em4ec9372rkvj5obav2b11q5c5,023278DE2EF88042C88B6E56173736D1
gko8cd1turmt4qnrk9unbr0f2a,05A0093B6A7F18BBC1775E98D40974A5
bjuhd6pfuomor7jb54hl7dtj72,03E63DBB5D575685456B331C2F0CC0D7
5g1t31d7mfn8rrul87ai1dllg9,04F50482BC4CD67FCE9FA1D6DC9767F0
9q3rbjrbhjqnb0s7q5gjnrmr98,04E1AE414CBF935A89D2B1EB7370AF30
p9bh5n9587un92mdv4n5rg7bfj,0947B47404ACEFDBA2E1C9C40AC93705
d142vfkh8mmmo06osa9ftqh0vg,00CF35DA0F496EF39DD3631999668193
55nkva8caoj5rh0f52vhqtqr3j,05495597BB44214EFE4ED0FCE24C39AB
p2abeauvqf9a5adtmm9jj2guhh,051A2169B5B5ACD0894DE47F4A88BFF0
lth85net6oh52jhkdroq03bti0,003BA16A6F4CBD77EF9FF290466A4D1C
328mnr3860rb338a9dijrjh8uh,052255DFB1FBA864ACEDE3B4D3B82B62
q9v62k8h4k6j5ejdbukbg1igq4,02499073BD33C5DEA50DF5C3968DA5B3
211lj8dt8en72ol9dbj1u3obcb,00428CE5170AAC99A0FDCBA978048847
2jiov2mmk1vc5e6oqabhoqdg0u,04B57D688C0389E54B0D966114BFDB1D
5573r6e0as31bl80c5j6hm2cqb,07C89FEBDE1CA17372ABAFAD3BFC5CBD
d9h2v3k1fgu0a337sckr3hgcms,00A46C065F3357893584982A69F46CB5
lugs0gmtjc39rj4b8s0t7e059l,02D8A9AFE570D9F2F3BEB03E316034B3
lmcm52b20va1dk3np2ku9c39ir,00ED482126989436126B44376C6DD57C
saq82o5rdrcpejtmpbsgf3o9im,07108B8DA2B7039DF08C4413159E8D81
n341qog7pagsa4fhln5c1diveo,02A0DF8BCEBD702AD3BCCFD21508717E
qdlpktvdj0td27roho1grfaqom,010A0365701399700344476B3E91C078
sba32mb9aadsrdlku1isg427o4,03910DF381926FC823350E00ABE15DBA
c37besi22uvs4jv7nnp4rbfrs1,09A9A0DF304C610502392021E4C955A7
75oig816m3fu42277h54crdr4s,085C77F2CC1BFFC6FC1B339CA7098FAA
p7h2bi7v5ab3j2orcboba8m6ku,088563E5C993EFE8766C57A354EE9C2C
ft7ji7td848i9jukk7smfhq1oq,08B56402AF0E711DBC4C1A6F45A66458
f9rnn1p28fqqcj06fk5bc9rtr3,02D0EDFF32DE26E0BF016513324B22E6
6975lf4adfjc3ppft2k09t0se8,09776B796B9E616407B0F5A25F60866A
ul3hnclpkdall8big2keg6g9bt,050EA1D40F2F3352A23CF2350CB0E01F
vfi0pk80qvci2otcpcfc2orsat,02250A7317AE26570E42951819358FAE
j7tep0m2ceq8du8d8gen0dod57,0878E9EF9A7871B600BF144C2373520C
1v0cn3ve98ivm6r62qm3q9npk1,0605ED9155E5EFED4D1A1E71EEBC4A24
hfqmni3h3chcfkqru8kl0eh3sv,040C56388760527CF8B089B2A27FE3B5
2grfpibbujoudeodkflhlanegq,0043B60773A7B1AC60C9D8503D8AF796
i60fh7dq2hricb76qhmr40v62c,02F0E12FE2621133EF5C0F7B237EC4AD
89t6vq5rh416lsfa4vgvf7ucss,05EF63D61BE06AA34C32BBBFF5A2DB05
82idgoqo4u9p40gqpvflp64vg2,07AE02F610ADC8EB38223499675576BC
doiscinuha5v1784cvl1sdlpsi,04B287545E822564CE7A90AB74D68AC6
867icqho7jhgsfb12cel9hpibn,082D7AFC9DD3A922FB6D2F5C32A14CB2
24qci008t901iia4mlmfj14viq,0423433F35596423ABA73EAFF09B3C64
rkahhtin48ptj0uhc0090nrguf,069F7B95580ADBC6614143B4E18D8D4B
uf1l4l4g6n1qtel3vkl0g4fd0,0A4F878987627A1FCE5CBE8ADF08DF21
99ktn2q9ui1r0lb1a42al3avsj,094F6E32621B8064FC1178E4591A378B
m9qk65d91h4c05rjphaa049k8f,077A5041BD1EC1C464398E43E38D6579
bqhoqqc4vdn4puth14dqmgso24,06EEED77605C3836A027CA4AE92F2227
j2uet9gleoi637qn2cs6esqsu6,05BFD2C1B5D3B153A2C0448325CB11BC
naucphrcqao4rtad7dgbnklbv5,084354E24827CC0F94ED87425729F51D
ub2nki806ev2ptpeqofh8ag9kj,07454F88444EA7AE60D4605274D68B88
8vpemk61al6kkuulb5ud40ie1p,0475EF05C4E4C35C376AF3CD32246A8E
ov2uq0cgu6eb9r0tg47o6u4nn5,0767141FC5963AD949BAE82FD7A5D929
ahf630f4l06holhqc2a6thmgso,081E9F2B6A0C69806DA5545CE63B1058
u0nqce4nr7rhdib30odfa9imac,03521CA15E1D7B2DFE25A5009414A4B2
v18rcln7ib6iiets4gu0uat4nm,0659E5358A1AC3DD4B8061A0A4D3BADA
4ktfmv97i8mgmb9l8pd9kvbcuu,025016BAF2AFE91323D2BD56FE567FD6
t1pn1d7pstrhqqrsp4vpapl8bp,0A1F6AA678DB91D0079399E1209D3F9F
fvrt0jdjc16q8lb3p2uhseivpr,064119104D3706BB71516652F9CFF666
mtlph1ccr587fshsl3ue046hk,00D9BB3CCA0A73AF36097AA3E7C43F3C
3aqi3ohbqbcjqvj9g9bach6930,0353164183DF663B0473AD051273B477
sim4090ep5pchbj3e332e0vslo,06226A647EF3C07E5EE56371E85409A3
l615qknu4bbg80gkgmb8u62m5o,06A01DAF50229F6CB045B5BCF12367FB
sh9ov9qe5jjrojnhgk1ubcho6p,031FE1F20646B42D0C4CEF6A378751F2
h4eec2ug6h4ql12g6irf4s5420,0860A094F069F86B780D8492BF3732B3
5iqtl316pudoo2setk7feob2rp,081ECB0177875F4975D5C5B384413C10
mu9mnvi5l26ke0v6bi49uiilk3,059B3C73DA2E801040AC373F1A034A97
fq6k94sbm35ka2c6u886v2bejv,0A8F48FA30B3E3C11A2EA0489AD5E9CF
dfsvctb0esngp2tm22h568tv8u,052C0C20106E61A8AA786C81E2F123B4
m6d9qh7tdl0b7ea3ru50hroe93,07D3C70D826DFB5BEB40AA4C306B5529
uca5p88ejvqgl6rfteo1ch1lqo,05E9B87A3A387BEF3E128403C13A3A2B
sa2gjj2ocj01tudl007du3sti0,0A11F9D3691EECE4CF866C0A5E69C44A
j9879tjssf45n1cnjvphbk97gh,03A86956B38AACAF597978335A5A7178
5nuhfva8s63rucmp1rg88kcu58,0609C33A3A0E5E861743CA5CECD5C8BD
rroo3i02cv90okldhk3bol3j2u,0972BD6FB968EFC8599C62E2AF931B03
dif5rove4nqd1l3sf0ktahmu5v,01EC0E440AF2BBB4FCBE3A59278E041B
n6rf7940somesv1jige2or5s4d,0257906B8FC9E24CB285F40244EC5B47
f49p65ncmlg7kj8kbobshh2pe9,03F2FBFC925C7ECA79AC8E1C3A3B929D
sotr2av5adeobtql0rgs6ancte,0258F4E1C5BF55DB9131F9762E9BC2CB
p2t35j1nhajfbbe57jqgo3rpcv,089215D3DDAE6DD177B3515B5932649D
f0rn88o0dh5kc0o8hq1u7ovdjt,0021B043A35B73CB8C6B8DA4B8ED14BE
hbj060b7a93afu1dl68bonpep2,07E16C163633DC0740EEC4C87D8CDCF6
5foignc5nt37qd42uevl03cifs,04616982ED0B4CE8341E836B72CC935D
rt701m3me0i2uopfue5etf42ui,014F3C5B91A6C344F9C08EA8EB2AC04B
iotr3mao46l72nq8qgevna76u6,070E4605CE757215340820FF42312516
i0sm90dcrk0q0fkcq9ste37r7u,069F3F5714F0D1F94A609DA426483218
e0kbelfosp1ho01pdefpbdsl6s,008FD9917A8B1184AC351A61EAF50F2E
ub4vpngr9730a8q26o5lmggt03,006BDFAE3524DE442BD7D1A6CB54A380
tc6ovr64njeknh7hkkianu56ep,07B4D94AC4A7116CA9F36C6FA1C215FF
onhshnc078oraa1koljcibi5vm,07BE87EDD23776375B2454DD3D50F8BE
tncjebqua917ckqfekoo4lit7n,09B3E81C41F55CAEF1FBC85E48FB24B5
m06lo18pvfvqt57merm7nmv4o6,097C139EE2A01F0AE3EE211C8DDDA92A
ljn5uoour1pg0rvrj32qrlosb7,051FC5759D280060BFFD187006A08861
12m7l6narbrol62tkecteclkoo,04C5138E0BE3500E0C9ED8634F84E299
6uaapmhqaonnnh916h51ai1930,08DC05277044FCF7D160A17EBE6DB2A6
rgpcb3oh7oqgq7qkfjq7rfki9d,04AAF6F46FCE368182522DCD4883848F
nnlmc9hk9398sqd7fb2udpq5iu,02A8B4B220BD6DB87C7D496A3F4173B0
luhjea8lc201cuq60ch5jslvs1,068BAD9DB31A6588623E585E0F4BE6E1
4h2bugj898jmh8ff0ohus8ctbm,0312D84C90373696490D3F819FE8EDF7
nnqeco5l29qlfnalreq11blfpu,06FB65E0904FC155D12E7AFA31472AA7
d2p84t41usqk2g3s2gtbf4fedq,09A29990327D35C8ACAD9B1AF36E2915
pg0633ubop3vernv2mgcccem8k,01C926D4044F93E314DA3D5EA15A3268
s2n2k98rrrlcpnrqdnn3mue4b0,0110A2A9629F7B849D73B57665ECB33F
6b9ige4ej01rogvh3l0f4a1uhi,08F6BAA23D474BE2C07F20AE1B0C2369
145cgn59j7ensfrsbj361i506j,03764F5A9A63EE9C525F2F8F81F2F61F
75esglcki88gj9k5iv6vvmig8r,0A3A53937C589FC4749918F83E1BF1C4
6hgairkq6ersrn35kvivl0jg30,08387CC84155AA1AF6390289BDA92FA0
4jho888fimo76sdpfad6966ira,058D980A975CA7686AF3BCC23FECB87C
qmdq5sci8arqrmjtd9ks0k5ift,015B790ED4C87D42752E5A429FC9E691
ldkk0tfp0m6rc8edesvr9d3jpj,01EB1D95760B6A1E1E316F78D4679CDB
hbkump2jte3sjc57caspoevsqo,075C07A6A1010CC4C47E72CC94CB6812
tg50tleoem55basl491drl14rs,0A260A884529B679E171CE8AEC1DF6A8
432dbpguqcc0gk2019co4h7ojt,0A2301C4A1B35CF05D4D8157A2A6D1FE
haofrfkfq4b2bo0cnq9jmb9am5,024E928C620EB1C374F1E456634993D8
r7o1ik0fdijfsn0h2kl056ci22,06FA5167DA08A85AB106B7717BF32C95
506lti6lt7fn8cg1mga34mq8nc,0130C2D18A77CC2F2B52D49C8940DF99
fvcmo60asjhaivnhefnpifq5aa,030A16AC694983EC97A36DEC7841C526
26gj8pb7s8mnt3oucef265vh7s,08DDB5A54E7C6412766787D122EA5A5A
1qqr5l86rc1rkaebdr5udnas8a,087D8DEB7E8D633D3C453EB5A9965BF1
80pkfuh7qarpa9fl3qi1tuh28d,02833AEC118E59D2CDE89C3FD9DAB43F
mncnck60gl7btot7pncsu2ad1j,09FFBB57CD8AA7D8F2B235939F7F64CD
b10qpp1ovt2cfjvmb2ppsd5eaa,08CAB99CBD9878A245C484A0220E4C45
8celu059u84bsi53l9qp437rht,00A42CCB356D8F91A68A8B0105BDE0BD
d06ie12rbpfj8cjrnf6lp3itc4,0A92970CE190CEA4D0F23D5F062D99A8
vodqi53301fq2b724f6kj6hbek,02A0485AFC515D199331B72C1340037F
qsgc8egee060sq42v5a2s7d47f,0116719274594C870BC390B971009A73
fbaq6pva68aob1tiopcl8kvibt,095A10CC40E63DE46C53F653B0664E77
ikrggp7q98qvmej5lt76g0cgjs,02C2EDD321DBD3F63CD5586DA28716A2
k539l482cdpdfha3tjl81u8qr,003B2BD1EA7974DE5D5C63AEC43DD3AC
hnj6cqg8ksh9mjm4d647p6cgqu,05441ED02D1B1B0CD377106ACD62FEED
ica68q4uvvohqdr41ehblk7p9r,02A0FA500FBF71EFA5A4EE883B7A2578
jladtg19kq5utkre5g36tkvme0,00FA5A5641089CE3D5A49FF535C193BC
6l6aepn8n8pc4dhvnqs9vioq79,03D5D345C4B359060AFBABC64155CEF6
toms2ufbthebr04b0ha55di4l3,03146CD5D81D1AE340A3B26F997BEF91
a2mntncbdpjv99pubg53uvmsbu,066F30F383E513C94B89134E65CCB9DB
ndee1f1i78n5rsaahtih3kq6mf,09D2C5E03E289084A1BDAB9E4A256274
c2malee784rrmv5tf8068vepeh,070B5B38072C8D144450054B0108CEE7
83eantr783qtb4t44qjeldm5g0,0664112B4CF6A868FBE65DF76C3BB2C2
6l1adrv6bdrmd7qh1tpqr0c8ct,08CC1AE103CF3DD50E19858619131576
q6aej2j9n7grr7act33uo9lt2k,0A7A7882E56F4F6331DF120D8BF86ECB
i4uif9mjhmrbs0ksrofafeijqi,00B1630036E1AC0AA042DAD32E7A4177
5c6e66431uljtu2rvhtrn4j1o4,07917E41727160DCBD49659E2B4661FC
a1htod3g10vh3dv09l4jd06d90,0675FD7A0BEA43FD771A643B0EB3B1D7
odrhk75l6cetjnf9o501kd1h5j,0536144BCD58C9AC35793E335608F6F6
pghvhshl298jc790trb0mm2b8q,01A1BA5B3F6F327561211F4283F98F37
aeie59qs5pvcpnn3j06l7thiss,07A89CCAAF754154AB97441181056077
f17ovb8v6qobjmi6q1jnchipd9,0A6EE3B859F6E783357F76D1AB5C5182
dj7joslpv7l66e45vs0qedugsp,0571F19525C06010CCD1A96EC0979462
v51l2iapuc0i0bqgop8lctr6o0,0105972C00127606231748CD5A0B0B8A
6fcubtl9sf4kelb2ltfbubmhtk,02665241E0C53D3B05F4F6E40B62E854
qo1oms280llovjuhvua6p3sma7,07C2F7BE4A9E3227E7A1693EDE900A3B
35im21k3afb3cb6cjb65m28f96,05F9EDB3482BCAC24B15F6F602629FDB
meuij19ha01b93rf1p0kjke3bn,0557780DD80BF62F58D03E6273B35E70
2iv40mle43thtchdojagge021c,005B85FF43D75B5C4F81A69BF66BA2FA
i7sls8428el7idnqn0i7hi9r0a,0AA6DC3051B0D5FFA46F9B4913FD7F8D
2nsdodut55qnshp456b4ihpptu,005925A92C53ECC2E3F11FCF3F8D5899
e6kjuqrs53v51053aj441l12c4,0992854548F7DD7CF0D6AA958C34D1CE
kp28mlnral657tvoqaup1q1eb2,02974999C3AD5D25C22A19EA19484AE8
b854i43chk6vsrujh46vpbc49n,06D71FF4F2099AE0DD07993DAB2927CA
29jjgar7d6ade77ejiet4tpm4t,056075F392630AE23296BDA90F3419D6
4samjt4kvivsr329r0q2kn0vb6,00CBDF04112AE9B4A5249BF295BC2B07
6ubu3336q867sskpsaij4gc0nh,0AACAFA6375CE1FA9FC4E69488231B8B
rcmq7qlnp2p0ao70kdsqkdp7uv,091AF322B79B93C38ECF8E85C94676AE
noat3l1hb8eqck9d48p2se00hp,06EA924CD686038F8C6CA94A444D5C98
n7345bfrr2q411qot3bh9mrt20,014C46D5D526609C97F055EF4484D812
r27ujb3gnmfqmcieml7f7sm56m,09EB52C4969E45ADB6E2FF271A2EC091
uh35f2ef0r65hpbt78c29pn4ja,0333F0DD6F72749FC0CB37622C8D0139
h9euh3aee2o6h7f3nqeu4av6oj,0AA4FC213B9337EDFC9FFCDDA10FD5D1
72r9ur6n2qto4fh64jnd420e76,01A433A365744CB39E90D83B2A6B7989
6v4to135nse57bpck2ko6sb3o9,0A0C6A4B0E790ACF151851988A3E6AF3
