Key,Hash
rk96k7b0271gk4fohs5u54h7b5,4D9D9CE08A5F6DEAF3AD3B70DFF9116F
pegrc0pp2t9nd5luqd48eb8dp5,4CE7454A1CD8B282AD27A9ED3B051693
jqrkiqrum1scjjveqsa52hek3h,536EB34B01B2B68DA63407D0D8EC2180
2hip0p9n7b2d0h24puhhc4e1oc,4FC7BE88C38C4B57709EAA62B4C61114
2p42q5hbq793c5n6jt3q1a0t50,4E43E15FD785B1659F3AA6F9D9FF6794
o5r8ek7o3e3rrob2fst4he8g3d,4BA5E702651C136A2CC7963AC57CC7B6
fgocpjdqla0umprhklqlh7heiu,51D96C16F58F75A2BFD3561F984B0F36
ge74hbbppmbbke4s9r1taib5gd,519EF6BBB63693669E551578E1497B79
r8ajs24cj0o6bv4vebvjqdn9om,53AFD2C83B2975E5D6EDE2E17FF6FA7F
4tdc93v5oif1686jved6otbtdb,5348CE22190E55B87D9DA798F5383EAC
1h20643gddaog9rjinvi5vhfeu,4FF485CC7175696D1EDB8C32D297E838
2mgv23orf87pklfq98rjg7n3d2,4DCF75E3C5563E8AF9F3C518C4EF5564
903hsfk1ee8dtu7nnk6atu3giq,4C4186DD0F1ED55EC2B1FAFEB8691135
c8nkm3sr8krhmkoab57d09cg0c,4E474E9DD30C6FF74E46A55A70B3D089
jqfq9qmm1saq4jfilivctk04rp,523E3409EF23C047A953716010BAA7A3
v1u3coobd4gulafu1hh1oha3t6,4EDA78659892F6C79AA2A7F4C32DE314
h81lmvgiapp0lfov4iv96vuk6m,4DE282507E21C7297E936AE98F78D6F4
f6pascq8nf51rip4autq8p979m,52B54B965259B849B5131CE6C02EB980
cqm4dci2kftkl9ik0t47idmbh3,4E05CF2EB42CD269CE052DFC40C6B504
arl6tu4b2baafne52em561ufsa,54AE460CAB2F72EB966A40E840E3990A
e455081n7rebquafi6nuq58msc,50BA7F593DCC156299F9F4EA1B99EC64
jmkpjmcldm1ti3k0anr0g912nt,51F922D3DB43CB44A97CDB031B6723D1
fh7c3vs7daf242cfm9slsb72s1,51FAC0084C94EFBC2B99293AF34377B8
h3u3kh5pt8tcqak7oplu0pq6bu,5486AF0A3C4A544B0A29DA1AD5817563
f3s6dghbs1fvplp0u647li8qu1,4D0C4954AEE7EAA03EDE06BDF7AC41D4
p461qqrq5503qu1qm6i2is34p9,55323BCDE21A6FEBAF8BAEDDD4683CC9
i99nuf9sco9tov5cend8llvi04,4F11B2352308A774688C313D068D0CA9
lajn65lhrld0j9lcpb5ngbagjp,4E6FB3AC824E0E91666580D8E5D59CE4
pioqjj6qen1muijprrk1a6vjp7,51D94D4A64AC64BE72F029C1145CAC66
kc5mka2am9of4nva26qjrbjj8t,4DEFDBF9FA37404EC8B3E9516DE8D0EC
n3t007uiqedhudtvugqercf3d6,4B3A657DE0BD44C102051D9EE64A5ABD
otsmq27i3mc41ja7ou3g6ehots,549FF504E6835555AC09BE5E3EF8077B
ht1j0510nv046kgn7kth8ut2sc,4DAB7D8641350DC72D1FFC515123C691
f4jmd4fp54r0ms8rdnpn12fg1b,526C47035903B818C77E6D1EC9A1A2D1
tnk227fr5314a1tvflqrtl492m,4FCEDAAB6085E6A2BD77524CB2224002
8f1dfhc848vlc120v2ul2guqv0,542A7A586CB1DAAB4F26B2B07F86F753
1nb81ne3ukmf80oncsrdrst0ju,4C1E1231B07C62FDC1E309B258457A81
vhtmghkolh9f8pai08ogadgk6h,548D21C8257F4AC99534561A5E703FF5
fvomc5n8h28c8m3mt3dhvnemrv,528F9EFBB4E5688222B48A1553868934
5h52qtlgad8eu53q5va5qt143g,5123645989F96FF074FD96E660152AAE
hk8bmhqfb2ktoob2drekuic5b8,4C107401131115AA0C54739E8D249AC8
9iomn4q0hn36qeqcqqk9ra4v5s,5208D700C45BFAC43C03F9255B9D3DEF
bf09lo7g47dnd0kfp38n2sqn0,4D127FF4F5117B3B490276B4F545C221
v7va8rg6srp6pp04nhnvc2sor,5053B96E0E17B8C0201E61933328AF86
37bfdbhrjh1samdioopmecrq4r,53628690CF1264893E09CED3A2AEE14B
ruho9go4qi6dnjtsml36hkeek8,4F624E951488FEB3466DE7AD5A2D97D9
s8ihm6d84tv6mckdgtft9vubnj,4E2A508699DE22E7E705226FF0BCF442
skeetgv64gnb4cjfvhs9mnp74c,524FDA831E3BE331819028241C70D259
kb1lku7ip0oo67fs7h7fnuupht,52AD041BE5A72024CE2A36354D75D2CA
ft766p59hqedi8dcpm5duec1r6,54EEC64F82DE37683149D44E01CF0EA5
urls0ojpd4ogpc401l77cdllec,4F2C5815D665FCE559EFA4F2BE764B31
ctnc49hcrmaj5a0i7mdk7l097g,4CF615C8F2670A814AB793ADA8D2B5DF
ohfhdlugrlf9t1jf0sq2p17713,4BA26D6099F3F080FE3FBE3E9601AEF3
m963o6shoojlm46h84gks7h7ui,4C8CBF6905875CAC651D0CF33BF0B89E
87605pnidada3vi19k1q9f0lj4,4F7B68F40D8C90A913A0C8F1C35B19F8
gdvekfq1sagqp6ddvpmaap64av,4B2D68EE79E5A1C858AA179F4943AF5C
fn052inaijc2ovabt68tr4fpfp,51EAF6BB49A4E9AB190B797D5225F888
p57d2qqgivjlf0q4ie7somtrd5,52B90BECEB438480C1979728CA5B3969
lmqud250paivt6gr50k7vikrdj,4AEC4B23037F9312172CA292772DC58A
84miqcie3b6lbn8inj08p9bulq,4D0D310A492C8576226D2AE730A44DDE
7miltuqn2daq0gra9cg5rb3e7e,54C932ABF9FAB952E30326388288C67A
ju8m2dl17idt9j3574d4ufprbb,50C43D66BAF83BCFE876D76285C2D4F4
nknr4ptb8ndsd7ctdq794o1kh2,5022705D31F01113C010AB04B30789CC
n6jj6qe64308tnd2dv95s5oq4h,52A2BDE2DC4C3E2F92496D90B8F708EF
pa3uoenl0ai5mv4a1igdf57aja,4CB4F88F0C9821FE41637B8D379372AC
55tifd9fgrvksrucejhkb8gu20,505017EED4E77F88139A7CE52EEE385F
mom817jlpd9iu25iktvi1g8bh9,54D75F0C99ED4663C903894F1B80A8EA
6seipf0i3kffm36nbfljhc756c,4B20FF295C4011547E84A7B6D372F4FB
3dg5jk8eh5mnf7rt80fgji00oq,4B047885C9AB4694D0C9555D56456693
nfhdnml96pgfl2rv73vcvt8qju,50AC43A9C601F61D887E6DE390CC2CEC
6ool3j26jnknvn3ognas7ton5a,4FEB2AC7060FAF1C899F878CEA83F571
vqudlps1g6jlfol803rr9jd5v6,4C09E2861B4D374540090C7E45B129D8
190ld8n6fdcihv92tabc4q72bg,4CF171E0F327FCBA0F9F52D9A1703542
2kejhi98u4e3tfkud621n33nro,507644007BBD6B3731F72739ACA88566
e4skj7i0n6pupn064s58ujrmbr,4B613ED2B32BC744F6D8ECF004834A6F
enss1mt0sku8ln3clmnfo978di,52E66B15D8E3D41ECD5F76D1FC240051
gqll1vpijmn4sep2tsul275qch,51DE64A943C85BA055622A918B25D3FB
v6hclkocqo91f55o2oje79qnkh,4DC45BC9CB253EC8212D827D24B02929
3a8mt0silnmsesaj5kabkhc0d6,50D8F0E69243D03669E3A51F846365CB
ddb1um3rb3j48ad9hl4e2rhgk3,5309F358540B7C1DFF1B785448163631
q7fnsd8vmcne5s89h4k4bg72ms,508BA9C52FA3F8850C015B0783497D43
tohb49v3r9m9lr7u6037d3b4ms,4B0BAE38ED632068256849F30BC07607
onqvavoitipjuffljtsejv19ii,4D77C913AA5F9271E01CBDEFD4DDC6CA
p5ho8b1iuekirbn5uu6i19eokl,51819E3CB6511E47F8FD67B89AD9F02C
4b885us18jov55jpsd7juo71cm,4D460A46A76C43B52EA0656202117685
gd85pirfbj1ii8ddhp2goupoks,4EF78D802B51BAAF8F8D0290F6F528E7
o9o7evi82kgtj90vjf445nl1ps,530BAD53DF328876FA1D34063CE069F2
u7sv2e9tb5d49bm08j97cdqaa8,4E40E0B490481E6B6084EF100B4A3E8F
o05k5egqtbnl4b252rov2rrfv,5442A6D8FE166A858E55ED5C3793A1B8
9a7f0qngo3fb8m5h8egp3pb7hl,4BD5040B74FECFEE02C6701F86F9AB03
tn0chos2vi5n7mju9qcsqqgk3j,53ADF263EEDB5B751426177075DFCCC0
9k540as5e3sj404atl59vdcdiq,4B5D027542B6463F733527E55AD11020
aqsf84oq4nf0uoqg12u2tiqcjs,5337DAC07EA7C000E7EA95F8BA9A4589
oppvqi60v0pc8hfn459veo3jj3,510D4D26715962BCE24524E401947DF6
i3gugr0jd9lfateuhluuu0iqti,4D5FE75DED298A9520C9C1A71C2F4ABC
2ffb59jr0c97be3t2mlovf1b3g,551A245E4EB511AB1F86D4BCA61FA611
bc43rbmfp8okdat7q2rpa9itec,502665DF069C8643E87380E272A1118A
u570tjva86su48ssmupdhmsji0,5362BA9318C37AD5733016FBCBE33846
frn84b7hprcggl3i3sb5ib3o5f,4D424FE430D86CB2B8E13AD72B490D4E
r0fq3bdeqtamoetnkhd0l1434j,5380F519054B97E4DAD145B2F102EE6B
lh9s49ggg4gn8oi87hga1ombmj,4F33A226BD047737B094F1DA9D6DFC8D
rmigui8u4i4tnpg1kng29prmri,4BCEC450C49E6E9BAFD5249345A426BF
nmuo27cq57r8gvsmqu2qqmanmr,51E979F1AD90AA577D24222DF9EC81D3
8aq2e90mu80hpauoa49n0mls01,516C610739468B3398E4DEF3ECC51EF2
83r06j3giok58k90higpvrq1rv,4C52F2A6F26124217A03E2BF0FFD8450
lh2npjo48t6lssiels5q3brenv,4BF391742182F4B151EE3924020E6251
93ut9lqhgqb573il4ca1n0rd5f,511ED661A30AA4BC9A8589CF65FD0C1D
qeclir2qrfoihlr6pmmr2leon7,4B103207EE982A819C5A2A8662C6E842
td63h8rcm2tdpm55pl6msqt97f,4D80A82C4E89563BC6904022B4B38894
i1ilolj36glaq0tj7055g3uenh,4E7FFA41E0E01C6059FA7BA958720FF7
7dsocp2rvjdfgp32bnk57d712l,52F72AB1B17521AE6C0F4ED188AD504D
f94i7c5tq3p5vqo7ng84uagtgk,4E6E2E6125F83D611622BBF3F4CFF559
le6qt58uvkb9vrq1bfvstl3re2,5457433DED0248BC85818B93304A5A2F
qegvbmktotttmbf1l040qr5rvj,50BA0353C9060AB61EC4C87246C9E048
3if9rts6c9erg83d1l6jssiirb,50C068BC02CC23B35F23961E130F66D0
t9cm6q0khfj5j9d8d1nr4069fh,4C68CC4EEF3B1198DB5B08A61D2F0844
9cur6af2rokt9kda6l7aoklrg8,4C6B8898AD16F9F99D3B67EC90CF8843
ir0gccp7n98072vveqm7mcjc0s,4FF47053E77F5277F9E4630DB7CCF967
g4cfph17bu6lcaoi4i2fn9k6nf,536646FF24B1B47B4444B6BE25758B4A
6kaa8oo4mcj0upiqvhenjmsk4g,4C68574EDC73DE4BED03A137BFF17E76
4ffequ7fc2ll4vspf39mgt811j,54CCE41B4E1CE714A6084A5D410E3786
5fl3q2ohuh84a34s566kboglsu,5095B366747E449D6B3D820DB3D2FA2B
qq31brb4a5ctqpdgbkshn82qi1,4FB1067741F2E0888314E36F0B923323
ftfhft116p0pt2183a2ac0u1nk,52AF83F0B15771A51EF579F9C57555A8
degqvthfmpl180j30hroahe3ch,520084339835EBF7D73A10325D312139
a8430djunbcq3h01ui09f6nilf,5275BBF1FB417FF60C7BC0F816C00D28
57thf8sj269vh3clb57a47mrpm,4D6BF5BF32FDCE2A7B5393F66E144603
ltami7m70hsjknkjvam1o38589,5304F1A473EC48F4A6D497D3C14871C2
k3ot0pqhsf7ge78uu9ikcqf4a2,544D9CD9F581C980A57C39D86FD40460
7ia8qtn2iafrvc3m40o8c9lbt,4DD1CC38E1DF7E21E4CB25BDA7927E39
8qbh4c3lujhqeeh341g6j04ck2,4E1819934CA454FF483B4982AAF0DEDC
9td7pulufrm4d2qo3gksfd39uc,4B7931EA4B172F45D0D855CA84DD7F32
2ojqufstg7c405652uvgf1ua6u,4E119DF284453F4ACE0573A4E7C55296
4iih8tgnsnso8rtn5lbogutdcg,54CB678F6039ED78E484BEA880FFB422
69rv06h8as8dc1n9gegb8dvcib,50F320DD3214F423D156B30EC32D2C62
58hg7ngurtq13uq6hhfcjtq1de,4C1A6B2A7206A21CEB23E6B9275C1D78
e7hrdksjfie6loi976uln98lft,50451531FF56D41B5FC543B4D2047DA1
1c7aoe7q3on86074qqpg289r5s,4CCCED7728E90A5FD78FA11FC480E820
j0g40g38d2h28uanh1k4fejt41,4BA626D61B3D4D1ABBA9D3481631EB5B
oimvsa6gqtig6mnsuha6l3n6c,53F06D786D3E2337347C3EF87F0E0D70
nddltd0urklhht554j9h16jibg,533870B678EB9088B1ECD9588F928085
rhsrv0fhqhice3m50ikquq0lob,52B20E9EAB935AA03131AAADE21DEC6C
mijjdt1gi8p1bn8iaqi9hgso5s,51B37E1840E91390AB4288CDDEB17CE2
56idj5ufra1g7kchj6k2paqnkb,4D7AAFC1ED6558540AFE7E235D0E0718
6i6h2ooc2uan3cpv9eisiveagk,4FF7401651BE4707301C44B9C4C53DD0
jd77m89ste0k2ip82rpgee6pn2,50412ED937D24083CB7B31E4DA5A452A
qmd54tct5vi2bpbf2uviludo6h,526EBFA94513BF3F043FC091E0A35819
to3tn6lpkctge7vk32lsq911p,512C6CEF692273EF34F8B8F352C793B1
u6n9jitvtcomip9m8g3nat9v67,4E5620238DDFCF6F2B1C9009B29078AA
7mal5c0ujum81qvbtechipg6pn,4B9CD1824977C59101A42105E4784589
sq3c6e6rndvmjs879kprf0ocuj,4DECCFB6E88E585F17E0391CA5CB09B0
jp2qdci9v8ps4ilq54jq9qu4ck,4D20D25D13B407FC8F81D59155AF69EB
hha8e1f76p5ju712o76tc1dcr1,4C0BD30F3C0586662D4E4B8D2DC0CD87
h84ef78kkcjohn9dcb5jt6epiu,51DB9EC13C96B28EF4E47114D0CCF2B7
r0jjceg20jhvu23pj967iub019,53AC938AD418FA9AF54F40A1507276FA
gtfct8pb4ffi06erl5ed0lv5a9,514908A3A8405CA66117B23B67843342
qoak21nf3o2tta0mh8jhep2db2,534FB175EF1AAEF63D8E776916B2A99D
qs6a5qi09lum95gutmc7ookei3,543A497BEEF4705DA76DDDA2D853BBB5
h7dgdc1g90io430agooc9lscn1,4B3386EF2A0ACE55B667607ECDB43B87
nd2bk3uku4f53k3fhkf81addcg,4D9D537983279E63C1DE364E9B1E1A95
hov8mv7mdsecap47qvp5jgalu4,4CB8A8CC6CD64614D8DE7BF0E999C10A
oih1ubqncu0oku82nm56agv5ml,54ECA5CFD26BDE1593AA14F33E8F8087
js1sfiqb4cl4jvaaji4qv6fj3t,4B332DEA90D8B9C70BA77D0E99D98BA5
gt5su62c7qf51pgjgfoqirrvtg,54C18333EA664E90D11109051FF6672F
uljid27es2rrqi6v3igdut23lm,4F7B88D307FFEE2C89F3ACE673F96F04
8itdgf7d5l0m4di28b8llbbedk,54DB760F3E14778F9622BF99DF25AFE7
oc7llpkhk3m617g8p9mtbd7d4c,4C4BE1F882A9AE95A000966D6D3486CD
jsh12hmonjcrpupg13gcickl0e,4D3949FC771AEF653EBBAD5F08D937C5
eh75cl3go932ej7ho6v51hjrgf,527F74DCFA4112525555619186B395BE
ajs7tm4dmn4toq3dfk1ce9ghig,502457E10C31E0E529723039C6C27C1E
5igu9n2onh2h8tvttq8bvckled,534DCF2E82897CF9E37C1CCFD50CC589
tncons7gqo9m3354a7adaqg0gf,54A26E42593FEFF21293EB3F3B5FB047
ijeniuqjclf78mp9r83s52rvnl,4B8D7A758B220EC18CE1B0723199EEBB
329h4icr6ok111sk7clflbuht6,4DFC8139385BB23B97BE8B0BA3E9400D
si3fmqjuv4vnnov693pnp1bn3d,4B33729912DD8100453ABE112879BE16
8dm3rm0bhvhhagrb5pk8stedsj,5070E85A8602B06824AD06349491358D
g8lpama4g9cdqkv6mmvimet786,525E4E580DA7AE30A69B3455D4C8843F
vcbeuktkr6s6q7tqdlj7im1iii,4E71B9EA52D32ED0C33A11FB97FB67D2
o3o9trge15d2gd96nvjj7hc7ns,52DAC0AF6EA113E526A74425BD03E420
glgdve71dmf84flupb3us8l633,5019D5759705912F5A64A974EC27D632
38r18sf3e2e93flbdkdnodg609,4ECB9B38A63218E0380B7ADFE83EED4D
joruodu0s3qgdoeooromemrg2j,4AD63D011AD84C5E6A362C45255F2311
h0ouce6s5tln3k2qf5o3ggn08f,4B740DBF826D4DA507BBBF95FDE35944
et01ah712iiu7uc317ut2m95ft,54D0AA8C03E05B857D90E7FEEF181562
q07rg28p58lpdqfsmljivo8713,4C8B39A74591BB0D6F84D588C21D5BEE
tf6ci791d8p11dpiockh4k508l,4BBE5A43BCA497C8CC74F235903E0415
ne5j2384geo8sqq32536jki3fr,54B661067D73EAF2CC77D4F96F22C266
9g2g5aqjrvqt0n46isqigpip2a,52A7E6733EC30A81FC27E54A092C2801
o1ka23v37ie9qcgogssvfbr1nh,4CD2D80AAF0783BCE6F510E8E5610B00
sjpb91j0t3nbilth7d20ldirvr,551EA4F57A3B040E3610F68827D0F203
n32m6ejpltpf6qbmkv1ot9jakg,52112C61673EE82C07D437FAEB574CB5
m4669p2s3l8on5m89qud86ds55,50F4120923FD4CB709ED4EC1F224DD39
sb5ap18s3sqm75fqdoka2gt351,50F7BEBF6F152C8050556115BBDAA91D
j4av6g2p508boharvvm9fvqs2u,5392F1D9EE9A0F263B0F28D74D7AB58A
tp17ivg9hf4kvo6eh41eg20d5b,503A3573F1BC2927E34BD0997D84EA61
kr8bh1cgvq3aftug6bkofthi0e,54233924CECF48221F51DF81223866DF
dp2b083s2163hk14v0d32qt7pb,52EEEEFDB0515D677D03633D187CB0C4
p5esn4p16rp9hefd234k1bibl3,50E5F64FDC8F93C6353DE02D60773A00
quj23ma2pmi7mmh1tlgf179v75,4E95DBE27E7F7706471E121AB08A40A4
eqn7tk0juf54eovlduvb58rprg,54617E3E3130E97DA153422BB6066956
q5fcpi4d1p9ld9h79vsd9bc0i0,4E3CE7F0D5D48E2FE56EEAEB1B931714
6nnpc6ia0ccrcaquhu19kb4e99,4D807A6B1BD5541F64907047ED34F477
abccc4jgcfucblfas03gbqft53,4B49C2F18CCF49A5386E4653DBBB6553
q320p3i2de5jr4cb5bjbb4b6pv,52C7F1677FDFCBB84AF8EEEA65950ADB
uv1t6jdgjbhi8ebbsbrjvjkbn2,5314E9C6358F22E9BA088DCA17490D13
ht9lks5vm7m8tf5tp8frlm07nb,4ED8CC4C974F004F78A21FB157AF8FE3
tr2bs0gekkf7e3uoc1fm4p1780,4FEBECC3E3212D80965B090E7A3C7342
2e4ub7pcdink3llfug4vn45p5b,5425D97637E5B8347457C2D41BFC6075
82evjrer2oh594743evd3u1lql,54A6B29407F8BC0A0826D5D13F0DA742
nh0uptlvfp5m80msj8tp670ms9,4FCB121F5A810A23A1A3F5FF1BC6C1A2
79lcuuavbrptigt0tufdf8qu8g,50D4350049F5BA2CC80EF2DC0B6168C9
m1qlij4o6121fkmd7pv05lor65,4BA64419006D2ECD2A8B1A008643F70C
uvaihohgvsj3c08lme82k2fera,4CF99D68102F9DC67AFB87C6468DC025
lqdq0upgti576m0nfkt8pqeu7k,544AD70A28FF621580AC0C3875A939BA
qpllkp75ult8j80vo1ncv37pvb,4DBE18F6A3AAD8A71060591A28AAF13B
k9ql0tgk1seblf6bvvhhffuhij,4E7581A4E48652733E3156378E0979ED
18patmdrj2344cet7ocs7ak64q,51065CC571FFEE6115C816BB5DF0A77C
siluvtenu9ilfl4v259ohv9mvq,54302ED22E90B045851C153A4121D596
rfvl4qn8s3jb23dcqlvqpntdjq,4E724420BF475CBD4339DE5F467B5882
vdt7rvvg0klm0tln93bpu282k5,51C107E3B6DF3850B21D492CC289985B
q7s62cbkghd0aaurrct4q35s7,53ACE44B09D26F3C93EB2B447E826CB8
7uv6dd67vtmih7t0612hh662b8,52DE1EFD575623165843AD38E14C132D
b1m7abuc4lab4r3c3h2qfsc2b0,4B101F7C9DD3755536F33C40F132FCB8
95eet35jbj5k5nna3te8269kfc,547DB520EDF929669C2B2CE25AEC22A8
dg65c478fa68e99jno99iujecg,51A9F73471A07CA13D7A80C5EF1E2090
3fg2boobeoubo18sutv6lejln6,4B29A3D6A2F2BED6610C8B090F0F4162
3v5dbjs9vk2ud753ndnhf8bs0f,4CF5D0A4BCFA168BB0FE1BC4AC35C114
9lljrbb2p5it17tn8pv2hdo641,4BF72F3E184B28FB582CE74AA475006E
27crdg83iovhhe1akiqktt6heg,5235708FAF11B8EE766AB8A7A594FA26
baq9bp1lk64dmn8rlquds2pi4g,4BB90ADD3375D396BCA65A49F94B53C6
c5ni6mlpbsig165fbe24b4jlf3,550AE14968776754FF1BF994EAF97030
41u8a9lpsatv48iq7ggaherdcr,4B3F5EAEBDBE7F104226FD39872B241C
b6dm9ipov6dpqiafkelvh2rugd,5258E8316E9A0D2356C9F1D336C29597
1itnp51e0aqi4ms1q7bmiu6me0,4FD2C948AB9CD69758F43D699A5E71E7
pjf6bao60ro8ufnb7jncvcfndu,5091065B8DE9D5D59CE6115846152B6C
9tdjtbr6ljf366dadevhp5edca,4AC5E5C21DA2EBE4C189A286BB9541DC
7mdl22bf8qrt6cg4mp0vjleb6,4BC35E9A0A0F52D5F3011B58C7908971
hi079m0bncmnl0ves82g3mc7q,4D2E7139A834AE33521D4D9B184A69A7
1anvigs908lh6ett86lda4vvha,4F7CF1FEE4A2ACF3278389DCEA54A3A2
h6pgq3stds4vk19c4fg34vc5vl,52E822064395C269DA24C23E8E240F79
mmcghp55civ0lmaqc1930rppqq,52FE23162907AA22692D4527F0A8B7F4
vdpgbg0cos5p7k5kugedlp5t0u,52C5FC247BFAA86C2E06B7E2471BA016
et23kjp9etcdlo7u1k0b2rga92,5473F775F29C8557F31BDE24D42DB028
1s6j57feher7vbm041tt97fhkq,4C80F7F9CF92472CBE5C60B31C8A7638
gl9hikthcnugmo2h2mo9cd62k4,5189C6CDEDE7CA3FBE580892FC5F467E
as77umhm5n8avstc8fd6isv5s4,4B7277D6EC6D1B4BDA229E521C96444C
bmtog0tr699cklub3m93lnbjq9,5458048F8C4E14068CD5104525AB3DAB
v91ogisoiqp4pebmi7rr3kbruk,4DF4E3F9818CEBBEBB75D6CF3A1AF940
j6h6mckeoa7l5n23fain7clmc4,4D2C14DE9EF25F4E8EA53784832AA7E8
61i4g8fgs8tjfvkloiesjoc0e6,51A4145821B37C939EB7BA4E016FFF92
inrq8f7hovptcsdr591lqagmfj,515573B5FC271AE1074D48194E7481BA
q47jbd22vm1b56i1njcvr6g63n,4CA63C056826D191ECB81FCDDB38FF3A
3j1i2k3ue59th134qvbb44jqh4,4B18D6FE87ABC2E622D76F19F1580C19
rirrp33dmobjoemlakgdr5kopo,50BF0F98C2733B179724BC994C863A8E
g4umgte6e7r5pg56j30mcqv2fv,4C58E5B49165EDC3BF3C0905B8753180
lupucv7tqs1j3nooetkabujnsr,53C0F2097F492110B3FC907606BDFA9D
8n022o1phjtts10svao70jek5r,4BEA094BC75BF4361A2175889DD8656A
g09uq6na7ti6as9cp99fhi6c81,4C8DC5CF70692E533A83BD9467D54FC5
93akf9s8pr0cvbtbsnkc719ocr,4D31DE20858ABB6D5A022F33FDC0145E
uqe7v0g1jo3gq8c4asevtiqnb0,4FA58EABFA81F34677245ADB147684D4
kjl0qr98f2l7cu6duauea1ed51,4E4D05D493A0A87DC9F4F76046A4C1B0
3q1husoiflhg1d76200sdfrpp9,4C7A7A72056E973B6102D477AA1EED10
trf027lj2npb0rrrpogacgv6mu,507D9FFD3745357BC60463989CAF160F
8an8hlqfep3bqdeeuidq9do36d,4CACDA467A8F2420B431B27D87A22DFA
hdofshejh0kspjdfl84j4rom46,5280A99C901FFA4613882D81BB2CFD1D
k3eotfs8m7chfgj2t48b6cunsm,51AFF52E8D9EACAED486C4BB809646A3
lavpoe3m1pbvai7tjpm898r0o8,4BA4E447902359898B733475D52ACE60
rtbg4qqsstvoj13aprj23g2iko,4FE079D4FC85C02F5984527C5E7C00E5
q5blaldnu56h8n5hsl4qi12kub,4F8922759304B19823AB3FB1D1804D57
jvg9av5a50a9spaiccgl8vp2vb,5353F6B651107C9A95991068CA176B67
gaqm5r68hltrtjjud7gbai6rk2,55015C1781088985C9AC424C3ECC729E
19ktn0qsea42n5h3l8pkd4j5t2,509AB7EFE3C304E4F56578B8F307D9C4
86jqpc5npnqcu5diqi78tsgabc,50D6E90B14531BD4F136C3EECD4F3401
t6ve8ng1haqc46gavjc0i9st3p,4FD638CCD390BFE11FFEF9B0A67B16BB
qi3p62nhk35v03fcts3iemottj,4BB370053D2A1319CB2D36EDB5A673EA
5uu792doq1cq3httaj6loim09u,54C7662B9E7B4728C2626ECB246B84DE
i08rqo42bef2omoh8alqju84rk,554E42C93ABDC6A2C621CB4CDE48C404
rie3e4ctf4qvnjrbs6063ntdaj,4C31053FD0054DB84AA809667D3E14E3
93asia4e7895iq1d8ikfkuhu7b,4D716BF0D8EDF6071230029B0BC27F5E
7bm6d30mo538jeo3ofpdsm9ps,4DEC3F56FBFFEFCE42389B955B8B3CB7
qn0m31233uglft64dau6ibgqio,4BBB9E47241389F8F7F46E02B255F6BB
unj744sokv1cvm1o850u9k27sr,4C240117ECD66FAB71AEFB7C17447694
6v3ffo1tng5l5lgtarq372e8bh,50ECD3EEDA2C316C33DFC45CD88BBC61
h737s06mg2lte72fn9b7vra3kd,4B419C3E93EF204BB23F9BCA0BEE02E9
2j0ahasma2cea3h4pp13b4emf4,4C89D4E808FAB71CC39F1BBBA50FCD71
os9ss63agpp459pi8469juvac0,4DF51B1CE4BAECA28C1393CB18168763
53rns01fu2hnstkb6u81s98pvh,513C705D592781C25D159EA6A1F0BEF3
s05bkiagkucni1ivt8k58nongu,5081A99D5036E56673858709A8888984
g276jvuiu1vgho8el4vk61gqi,532E518488255A0F05038AC46E8BF50B
581akasfes0pq1go01uj9cck4s,4C18466EAD210D8B2731981FEE5B0B3A
hvk1042e0ohr2hk92vk29j55do,4DBB7F22C97EADAF8DE5F66AF09EA8EE
t25pv3jla5ho57hju5us5iep1p,53E6CDC94508D2EAC73515E4BA77CD8F
hehdgqc7gse5e2rbaqtj597ji1,52BDEAD28C6621E4A9183CC80972E911
nek1ric0kmaullrvo58rddu75r,51E6FD9E2C2470D3EB80757948B5C3B0
7a8l26bpvu3pb8rs6gf5ohvkm8,54FCDB29702C458E751371A82B5BFD8B
oj6n580jukgdfsprhhvadglhuo,50DB0F778DEAA9CC7836328ECA1AB3E6
jb30brf5tq2t7nnit82qr92d3p,502DFCDC3BAEA644B53519A261737EA4
okv1v2as6qfjqbq0744ji195ng,51296057B20CD90D1FC339F689C4C8BE
qpm7h4jo1j2631uiuud659mser,51710FB8886A6508D9CF4D948A6304B8
l2i4alus523l585cfd15msvvr7,4ABCC6CFD6D98B4FEA10510050BABA60
2g6sbp0cj648tcq3uu1vhh2bth,4F7D76B8E8DCE4BDC362DAFC248293C3
o9tc4m1vpbfojjubso55iesen6,51C31FB75554FF422A684AC51FD64282
ls13bim9qhjlem1hebeqfvhf08,54E4456F273496E5A521253CAAB18003
aopjg8080nvqiihmc0ifv5spf8,54307E840AF07536A5660164D138ACA0
rjbv8kc1gn1rrsknhv2ak7ef41,5248D85EA8F55BE0D65874C1AD56A8B7
rc1sc4a8sqmlmmujp0n60849pv,4FFF32AEF9501BBDEF885C26F34D9882
jem8aarhfad1fgmkqbt4b9tikh,4EDD0BC0B8F92E07BAA7E78481840A5A
a1kl6vdiu7gcmrojdubt7cf9na,4FFDC4F2E5FDBC83A18D9429777F4241
jj6s3n4qi22p97bpg0es30f75o,4C45775073585D45023D80D6B8DFFDA7
sdpktsbqqhn9n4s2j8pt1vbvc2,4F5BD12A874AA4A9A086529E66C19501
r6qb34kruevo7ed2hv2bcefjhj,4B71F32B5E5AB08BF9DD8D6782B7CD91
59mkingcqieok6c4m3ht8vkm5i,52E64A4B170407BCD1A5F4A7B9FB9F00
sc00eob8su1t8m74ob1j25c2gk,51B521FB516E9C7E625253CC683B0841
o24oiks3obqqlo8s6eg8h4jhog,4FCFA5EEE5C523550DB4611EA5CB31AA
4tjkkel84hf9qmdhcor0lki021,51828357A5FC0845704AFC7F3D24A05E
gvraqe9o39msd0mnhrmt1orq3i,4BD57D02E3F2AB3DAE1C5812896AAB82
splog6apmu8macm5h0lsbjdslc,51A7C72A28599121F9BF289AEF46E9B3
cbpcgouhbdauh0iftivkp1uift,54E7E938A23CD1DD75521414F7D3682B
u37tptcq77qrn1q7719582uone,501C3B1D01D85BB56A77F8F5CFBE3BD0
6ocvfrgdnu3thl0695s92tocvl,5414F699EE3C76D7BE3429CD0E29D386
gkr50cimu5kha19farh0hrf975,506D2EF7275100FD813A98EF96F2EC11
c8nvekbk3ltakvh1t9jvndg47o,5502E5E0A76456018665AD6C33112E84
uqlimgj24qiqlkg4dr0tuse0l3,52BB29646FED498C4224B06D157F9503
el5rhuh68ljba462cvp8g2d7f3,4BD3242AF5E5CBBF0DCF98E5C234ACDC
8ss8sd8siifvlv0pkhbe6r52kv,5267057607A364C9ADE95BE12B9B3811
7rpg4ois8ddrcfni6crn6llil,52D003FA601D8A71CE5A51DDBAED7F24
6u72u2c72oeqrpine3jj8fnlhc,4C029135180D55A501367B756A5B916C
9vpvsjokqpul3k52pbc0ouvkh1,4FE6CC799AADDBC537DEAF5DE86EC458
f7fj5gd2i048tcegqpd09gkjmv,53B94576A4919CAEA3CA340580E183E4
dkr89bhtl61qkcm8r32kj5ft6p,543F8DD69E4EB2E5E262F659B7213FDA
nvglm5b41iv2tgml3a429ohg7e,4D72E3CFA4DAC923FEAE85312F0D543A
8096tj41ncc1i2c0q8unkr3ei9,4F7205B74C989F711D84F86E3C8559F5
u3tskakci2d9ik65ui1q82mlci,5391B3A49CD764D0D6FC476F5DB310D9
iqq855maf1ct9bi7lr6fhi1lbk,4E446E6B605EAD9FA597E6DE32451C18
oarsrnl1r4o57b0r3r366e6o3k,51A68744C46AA1422103483351FEC4BA
5mmnr7vakf3sdfl9h8ekd3aps0,4FEC89A119AD212C2BAF4A49A7077F19
3dec1791lc6quoc27iqqihch5j,5046F9A79D19BF82686EFB28180631B6
tr6vagtrl92j2sui2fj8qba9hi,5128FB566D2BE446056ED92DC3F07D2F
nvpb4nljg8am4ul2dpq3dqinge,4D7EBB046DB9876C59FF007847F3B9F3
336am51aueb7qhnlp9462qqabv,4BA753135D53E88E649B351D1AB0D54E
1lgsb84e22fpc2aolgf4f299h4,546F615226DACA22060421150666E4D0
q6bshr8q4aekbc5ur178ed51e2,4D012F345AE1431F991A02681C15DE59
q3psjgiucl5f0pmckhnhaic08m,53DA6B628DDB7C1AC0D3DB0ECE182839
pj3j13tr2nfrkn13bmu47vgl8u,51615E71A4B99A8D83248243373EE26E
oht138fj49mfjode7pvoe7k2ei,4E73C4B39EE02EDD82A5B4B9D37164E3
5ukvhmdsputkefhn9sih33dchd,4EEC50790FA3B47BED81145EB6686F8F
ka4ksk92cvipl902umdu8hojar,53630E61699FEDE1399FA1B118B77CB4
c0fsq6doh6npikl5natnli10ng,506CFD6F7F463DEE38294B2147FA4935
448kigipj3bdr3ogcbc4stcrtq,4F958FEC8DE36ABB4A825027D28EB870
660dp6rlsa6ur8eacrlif5o58h,50791A4D0E10EC6B260E5A3D880C4948
i4t2omvgvkn241ko8r8jk2l44,507F68C3C1E56A65116359ED19CFC944
7b8iuf9ijtqj9glsbpma9doflj,543776C309A4474DCF57B0C63CD3902E
omce45i6r6ba1engjumm28uncj,552F9CFE3DC11C08EA8526D38CA9F8C2
rp1vck3g6kc09897r64i7fi807,4EDF3A72E83B148858006E0FA52C47A3
oa1pqn8t6ku7kksu85gubp7r2o,504B27C65AD896A09791D841BE84F97F
puli8nqi0ovjha0ksvmdqhm4pu,4DB2CE54EB05F4E74504FE3D9AAE386D
9u1c44n4avk4bhgnfntirrhb60,4C2092336F6FA80E1AD76EB753849D32
ogc3h41t869s9gr5hsgs05ssvo,530D1D1177CDCBAE156FFD4230718E3D
mdn5901ni03f33pmu50cocebgm,4F8ADB99F3F29C5B797FCCC912508D37
n9m3o6pbsg5rja7306crs2drrn,530627E170C617544CFC0907C5F7CA00
osjdrb8jgoot7ju75ndvprhd1i,519964C8F4789D8D026FCDCA98944A6F
fg35htvg0c15e62jse5ebo9d55,4E66BBCFF87EBA82346C63E3EB4EC6DE
74e144vr9kao8n9p0fsa03enpf,4B7F3E7FBFD16BE0DCF207A49E3B0067
cn65v6v86789f278ffiuouddnr,4E3032B8530E916DE7B80F8781877340
kqkdag6cbepr4d9js0hcuqb6tv,5124EBF617E63CC939BE2637C481AFC0
3jotadtires6nuata7btiddqk0,4EBE95CD7DA803799DD206ABD2F6C6FA
jak9h1g44ftifcgb6o0b9pqqbb,4EC0167FF7C4C647CB879DCE45BF3DA8
pm9550v5mb5s96o3arl375qp9o,4C87378F43FCCBBC9A6E16812C321816
ncer79scclepd0isg1fub6obu0,4CD4DAD31B9F7C79A48C7975783E600A
ton7jlcmjprl3j5vogbia8u8de,506FFA3709696D86CE40EE30F7E39A81
grmkedhffv276enrq2h0orbios,5221690C04B5445BDC81C8CD0991FDC2
oahar0ft5j14tiqimfkimpkp8n,4D69EBD3A1BEE88851C9DF6530AAE373
4a63sb2h6oot2ja696ur3csojm,4CDA41AF763561905E61E539036F94E0
9p9hvbo6lb3ofcnven4ejgj960,53FF5DF79DAB2C36B6C7A613DBCD26D8
p3pl4s4j17jeunf24ial9c1jfc,4C1B33534CCC75CDD6A6A44AD1A524B1
8f08ksqf19973ud53c6ron61v8,515B991ADC7C7789D49F0F0308C294AC
77q2tci9ovan44uvg1lqd76ph,4C046F81B8A2AD08B6F8AF28814D00B5
5ph09pcb317sg1g3it1qmjk1e0,4F14D8D05EF0A7DF499F26415E74D830
pb46lemfdg5ora7ksi5ca2guo3,528B8F55D2A5E09B7EB7DEDCB3411A5B
5n0ddr4boc3vfudkcr6i8vk4jm,50902FD4874D0D657092B422B385CBC6
paj5923qt857qlhr9b3jhs4imh,4BC78A8EFD0778692DE32489A6693EAF
j8p1oji28hd0juoukimvh1pip5,4AB32679A7FE7A0D340E3D433BDFBE77
t17rd2q7o7h4lo4tifi1c7npur,4B3A6D1697917C85C25BDC9FD5B35C04
ttcped36s1v65nind23latuqjk,4F5D95D8C473AB0737843217854C6200
faiqqb98q7p8qtvn4ue56p07qg,4CAF1E758D8FDC80BD5687F440352A77
86uohg8kkfi85katb146slsjp1,52CE40891003CAC3044B7E2569FE58EB
qcia0033fek6ridenj0mme7aib,52F3DFDE8BE379BE4B99F8064FD22F5B
i1hjsv8irt3cid8vrmb01iongn,4F052F1AF86D51F413C19D4348444B24
ufgq5j3lrbub5d4l3bjkk1aov,4F71F2D398DC348776DACD0F23E78002
4p6hllhg41bqtru5hnpbepbo8p,4F5C1841C75DB3DCAD04D49B865D69B1
bk12g0j9r6gdecr126ethvto1,514CD91C546FBEC9C22BE8CAB3589F32
smd7jeo568t4ej58l5a21u2bpu,4DE9597844E16A66C5465506C81E65C9
vn5m0655dkqlcv41c8jg0qj0jb,54283CFF3AD3FF7DD10CC560D7A9D054
mnvb3sr0j35e1jjb0732f9b4hh,54568A0260ACD44713211B92F0CD462E
t522qklma74q2f3nb41ojd12vm,53BE6A8ECB7AB4B2B1ECDF0A7768F2EC
m972vdcusv7teo3r6h4nhnal2m,55458538DD58378D85112D66D1212B51
24ca2jgta6o63a0pmcd8a4n706,4DC8EEA6851DB7595BFC97E6B36B88CF
6gi49hknkv6ut55rpge5i6cqlg,53588651413D865B8E8A7C83B8E44002
dok3h9n464gb62noj7rqaaf18k,51CE394CFE04708D2C9AD5D6D9E4445B
oe8cdle77o80op54blmtd18799,4EB4E5D1C8E3DDD9A796A2883FC5103F
9vmed7phljbvenbjfu38jtoffk,54B0B1FBEED913A40A9BF005C2DED643
ebkaq69dpmmpjtl4p7tkr9ei5r,4F84F4B351D8916F5618CC760E6F468C
nrmo6sa5msacjon5lmfjfbe0so,4DE18E454C20B61DBDDE064319B89113
tl05b222i641t553t87566ed1q,4DFDDE69CE721B2A78115FB485EF7C74
ng5erlj1re7pvfthpndggl5kvo,549AC0F187612C9F6049853FA2C8E6BD
m52bl1n6jjd5km0s078g8uidrs,4E152AE5E6F5F57444B145F72572F1AD
3taklvc6oebv7akanj5to6djhj,4B8FD864907ACEC944D423C6A1BF1D04
4jjsrkoid7atk926bal244vmpe,54D47B3912567434A31B3DE6A00FA6D4
933ofg7b166stho3jqd23e8t4r,50DE1801F3388A0BB7AEDE0B4449A70D
5gp0tqr98v87nag3i6p8p0224e,4FF103034B16D22C26B4AC4BA3434D2D
d7hnqjan4l539joqjd1k4pqbf3,51797C14FC8165D3CF3F748128817A86
d11kjch4770dpp8dbm1if7jlrj,52F4D3657B6F71E779693771F03CCF1C
1t3qjcsm25kmrqorjc5ih4q8u1,521E717F28384DE543482FE6A1B9982B
2js04pphutlt1je0v13b5hha8g,4DC79D8CC7DD0DE9B231E5EB5EAEF5A2
ak3n68sfsdikmobik72247e1kq,4E53B442117B2B0D080A9F6C3BFEC7A8
rp88p6b65rgv3auamln9j2842c,4E379F1C79062F05A24A2609DA917332
mofk6upbu95q7v25fr9u7rfqsc,5020302C90680A126AF151C6D43BDF55
auo1ndr2teouc2or9229sfpdld,507E451923D15059DFD7B2C808BB160F
vfam8jco7po8tqba566o63hjuu,4DDF81B162CF1F80709CE3FBB8254511
pl0jafnoahd7jbuatgil5b8bnr,53E4311BC0025F95434020184188821C
57kqj3d5eio36jogkbt7r46i2t,4BE5DFD3591C5E117474826CA58210B9
qtqbc0gog31qefclki1tc2ofki,4DBC420BCA1ECAE93E5344D53DE71BD9
lft68rm4419khha1hikqsdcvo0,4B5D2069C142FC9A7911FB6F29285391
a9j33h0e85h0qquett4cjmj15r,515E9384BED773F9B518947A533E3B04
ea9scsg0utsf4jc3dqnm3ob8rq,4AB96BB13F5EC2C25C3E8A1936234710
binc7ud1qms95rvekv0juoecbt,4B5FE2BE291E2275232092DD63B4E5C1
p64a2n9e9vbahqm89kghicelqg,52DCC53CF6D0C277FFDEEA8EE31DA9B7
rpucchp9r2uufrtdnvq8nca9os,544E51FE9E30B5BC3593B10C1C7A68C1
a5ikpte290f3ut74bk3u1qdhg,4CBF5F1AD90F4B34030888A3BB7D3C6A
ng7snnt7t8265jrh6o9esu8ua,54EDB20960B2D2A4A58AC88A19DA744B
qtk1ieqp2stlo748hah50ma8oi,533518782B027D08937A95DE5305EFBD
ure6gsqck2v53mp0dfpel39u0i,516EFA6D134E3B4D23CBBF2CBD07F53E
4f1ef9d4dbg5q08g5dga9shdi0,55037C7A22AE3BC3332AAA2A7A289665
cate7ughdp9sl80st8h4bgvgmp,52CE88103A92D87233BF8CB8F40A7A24
8s8e8vpg4plsr6kglf616c2oqr,4DA94FE537A21567C87E8E2E340F2794
s1kj6hecbc97en2ha1538sfc2p,54E63487139506F597F2E7D3209B4C23
l1mn88elrps355sfc4085lstno,4BBFCF5762C6F0D25F96549C52C66AB2
13ds0oki7brhccauq6ruo5r1g8,53A8255A2BAF7D70E81EFBF021945FFE
7l94ah1n3t0usv95g2tpj3d1jl,549A9A70C0659DB112AD7BF60321DD08
c7uhdcmsegk4f9aos6a6ccpmjn,4CCF199023F290AA95697AEF21CA8FAB
kmkfru73nim9bpf0bu5ka28n95,50EF1E3BFAEC1279DD324B6E936B016C
obpg92ck1kra4288aih2svbu3n,4C14A2E42718A66B8BFA995C20898244
89i63p4n7g54keo43r7732aod1,51AA45263FCED3B41727DA97236D589C
41lutrjpuqupbbd1jgkj5c3kih,4D783951E4B1D40FEFE9928E0244535A
fst10adqa4la7r6d6q1i0a4eqp,50E8FEC39E0399295F3CAC41632E3762
3s25ndp6cb6js2en87bkcnhq3a,50BCD79BEBBF1EF6F9C683E84A8294E5
fqgbjnkvh0of7fin25amfc0rvh,4B25749F895FAB19D390CA1427B26BA9
bbm41ea3mu8jh9ilio45us8i3f,5112776DF762A354C996359DBEE49E02
mff8bm5hpgnsce4hv8eagon507,52A7BA2EC64992E08B8521590C02779B
86sgjmj1gchfqiqpg0f32a5od1,50574EBFB3292886154ECB1B9E405DD6
rqs8hsitbkj7hpjoqg8q938q4r,523A2A11F9053B608DE951AC36E55B28
j9h0hb54s2djnlb4494ock24m9,4C8D6B4E853F258344CD536B382E5DCF
k4qejdk20bvdvm2t3cudk76qkg,4C241908F5D99A8B48BA7EF14E7F33C0
1qtnio0ti5csvukkf4tobmj3jh,4D05E3B55B553EC60DBF79DB599820A5
qblgm5l29rf3dpnrccn0figubd,51221156C107792594572E57FEE2FF9E
l3foj1oq7c41q3cc352bom2265,4DE1980594A3CB4318ABCDD673D746E3
dungb3ncvgk8d1f69voje0a0t8,4DCA2721748D771FB3BFE3F09411C183
39fc0k7pr6oamrpk13ftue32h4,503F66C0BC9ADF6E0286EDD073D25596
lqr43i1op8bom3tmc7sjl727g8,4F1957562C90E142AD55E6CF7FB17E6E
uhco695n8p41rul0i0oleo51ei,4F04BECD5AD947C1B57641F4AE59F4A1
o3dgo8acfrh9mlvs8vb2ohct03,4BCA381F81CCE58B0D3BCAFEC6A2DA38
o11io7trnl3atqcsao00rhi8d1,546CA2197A428D0687E71EBA78AF3354
ehevl4q1qu4en9utjnt58qav07,506306D9CB8EDEFF62EA47D775221814
12l8bpkftmq7evkoovpra6q00g,4D17B329A42D577910CD9D32BF0F2800
csdmmebjqt5jce90ki41qdl2l3,4C28E7F918F4BB78023B071591FF4340
epjbp2hodjjgsun0n09hu9gcb5,4F52D30BA0E3B213DD007CEF368884BE
pcp72f7o1l9r4d8ibphjdakana,543F6A824B287D0F4B034771CA596889
euanj2j5r6mp9i2mun1825oqfc,4DE2CA8D5169459F6DA7F3DB36A5A39E
g91stl0ff92hb0rj2uqvkolcgm,4C76D42B97D38B11E8C33F71A473958B
12o8uii8jee3gsdhvbche8vc6k,521666F81E5C31C5C2B8FA4A9168B457
rqimr3r2a1tn38i79s9ipqp3no,52E640828081789B50BFABE3C3B1D49B
bpb4tolrcr5o5vsmm6stdhr7uh,505B061AE67EFB6D20771542C45CF15A
jmuk276su5chl5ksc2ks3ai8g8,52C415718A2750EEA4411B2900E458AF
536vvjhgu44s1fda6oj3nkljnl,4C212E2910038A854BFBFA01EB5F2625
vkqbgvlkds4vm1ch837gfk9e91,508358B69FA17EF9F72CA2AA63759CE4
g5isolbh45tauptp71qrq77n76,52F44A10E1605D257AFA388FDC70E90D
r2th1ri0bgo1bm4fi0gc9l26qk,509563FD9B74A1CC74B4F968D7FF3C5B
lgjom00pntv35snp08s6coolpl,527327D2423A18E024EE0703A17DE850
9p015hd4lvc53ecle7ivams6dc,4D1EB841B875016C45453CD1B480A5FC
9cbs9l7n50cdrvapsebu9lttuq,54E12E24EEBF773DA759F0471DA4AC12
l4nk862rqb65efsu2nibn4nmsh,4ABBA6F0EADACE6E22EC39773C6DEC76
e0jma8es8k3sk7qebgnrah1fpt,4AEC902F73C4831CF3D186891262990F
ehkmaacgo3f2l89e5userjq183,53BC3ED5F1FF7BED22E67D0DC6D937CB
ltstv3a83m3d57r5ib2ulttsh0,4BDB2328474E47EC4C412A62E6AA56B4
ojkl8cjg4eaf9a4dt0f0urhkst,4FF839CD0796DD6131213C177309280D
7k9j27hlv8ugocg9s0ngrpjltj,4DF9BA4C509734490AC45AAF63D0D7A8
hcojlql6rnitq9qp5c4ee4g7hc,4BDACC26617A158838E4903CB3EA8723
gj3smrmco8jgdp4g5mmv6ao8mg,54290E6092121464836CDA0B7431C8B6
f6dpjjn5nsobps7tueqtb3ild6,5502BF650D3AB9341796555FDCA91075
kao1uabcdopf9en83eamn36dpe,4E541E4038B2CB308524A9063E68E523
rpuoettbn7irno2884bcv27dgl,53FD90EC9E8F44527666A6DAAD2CA8F2
8b50oa1rdpll02unn8n5gh04f6,4DC9086440D7FCD3C0CC6BAFC636DDE7
euecpqfid5982que6qahe1ls8m,52252C9B5555ADB83F7D4F7BA3D66950
q52ajoqln5hnbkpb0gmntmitbi,4C5BAC252100F2B798FED3FA32C32CEA
untvahi2n4f0t6992aap60kgdr,50048911C4BEEF8871777A0726172B68
ifb148j25l8m2aippg8r286q2r,502C0F175387036EC3CD89AA2A78A971
b972ngvok1tgg6kbi820p7mhq4,4DB3478EEB4884A697BAA62E6901981A
4f5uk2qiue5verfim3vl322fv,52CFC4E2136CC9DBCC643B9B48037CAF
egrhs8u8bojvbtj50i3b0e2fjk,4C70CC6791A8A54F89470A51E1A5309B
255h401cnjrk8vo8ngos4mvpnl,54456B9A48B326403A907CFBDB1DED80
8scep2f5f7ku8aa6vahc9qe6ap,4B1A2D54E6F9F9DB73884818A674D3FA
tcgafgbar9gujhrj19j2g812dp,54DB1E3ACDDEA0C567B11BE92A8B9B9A
2cf2tvq4bl4v8a7ns8jhasnvlj,5197CC37E6DF5F0373C818B35E30F618
2au5tcg1fjoserkpdpvho8hggo,5090E9F87AD2D8FA44286E065E030AF1
70q3qqshb9dkb5vdrtjn84f9v9,52250C6EE28D0232A0D73A62D0906117
kdis91f19hl5gait4ocmig7016,5318C5296C087C14682A3A571F8A5892
63sqn6ijra4qa84dhiqgb5uvcu,4F8D083BBD68EAAB01D1B1E44B1591CB
oc866t7cdhc2h1t5g7mi3h45cp,509DB1DA27D82E243C168C072FAA1A5F
ju1300knf25jvojmd3dcogelba,4CA6966805E29E6E83EF4EC97C3DC457
4tnhtcfapli88853pb98g9oe9l,4D0708F970F5FD7BF14B009810158A3B
cb79qvbql62l24rt90nci64hfh,4BF8C738F0EBBC0EDF67702788A6A7BF
u544h1f5s5ginal7g32l97tt7d,4FC6C98DB36D42203CFE8A75A09BC6A7
t46njateejp47755ps27ipgvev,4C415868E9494C1BD64DA78EECAB5C66
vft39hqp2h60732th7g3oo6j7h,4ECBA5FB3DD5B2097D4427D6202C713E
cm76mjh8b2dj94rouq8t1duim7,4E4FCE3E56AD4141E96E78F04CF3E485
l9k4js8g0dre66mgfa0u35ufml,53AF9E8CE7C9518F6619AE6717ABC8D5
2qcqbmke0ejf5feucevu1jjh69,4C05A43D6D5415D806EDF6A45ADD9143
p9ga6367mgdedq5nk8c4q90iet,4DACC8A9501072D4809A855722C86795
b96n0a5epi5rj9i467jvgdsoo6,50BF45925E58C66ED8219199F97DDADC
1g4v7329gd27prfp4igfhc7rqe,4EA4D590765011DEA4995521EEE39D13
2lrdbongfufieoui3cnv21cfc,4B22A013616C3CF543B24513DD0FB163
vppls590b2epcouvodassob3ne,533113E4430AB61F10102EC5621F501E
nrle78idc84v40anq4ajrim14,4F93AC74FED445C361EDE5708D5211CA
mhknjq2ga42uhdt8ildm57j9nl,4F6208C9BC40D9A7B1EDA8F173291C0A
7tuscv0p0kctaetbcq5f1nqk8s,536734780CD4B28C63F4716F29FBF58F
fdnd6ke8rj1eesvmakmgunqiqr,519CF5F966137B7EEA6ABEE4C436079E
hfv5g3pv46mn5qh1endq414i4r,4F6262FD4067BE3496737B90657D59F9
j83hib4m2l966te9ppc2ppvu9e,4DC412958530E76567E29AD093DA6E70
hi2jd03k1qicmklfvq89gji4pn,54C18735B76810F7D8613200742797F1
8edku565rdpu9i3i1m6v9bhige,4B40406A0144E11096D0A8596EB43ED7
okvi6iejt6de3ijgh8svurrvq0,4EBA74CC3281568A50AF269C718520AC
dkl6rjp1qpkdkoeblbqe8pmttj,4CB46EF42F9D79C62AD47FEBD635B8C4
bvs76snlrjjqb6lfjk0vmrsvn9,50539E0DDF0DFF586C2E48940B384DD7
jkclgepdop8iuhae96eq83jmsc,55244E944D4F6CBF08A6447C21E77FC8
4qhbp3ber8opp1akm4f2uvupof,533B0B4A1AADEE95FDE2F9390E572FE1
fpk7aifr821dvg2mirn3n1det6,548757C680955DE08811B470BD3F8954
99e6ansoh5d3l51h0ibui3nc3j,5466E811AEC5DAD2E517066BDBF51196
p794iiu6lv3sh9gjdlqt9v46mo,5195B4105D5FD944DD7488DA1D310428
rnl1nacnsq5lhig5oahg3bapr4,53CE65AA5BEE956C6FE2482DE6067170
qeb5ndhdjo0jgvspdjgshv9f2s,4D31EF645AEE4510EB1A55DA8CC4C408
qs16ojti1v19c454bhiiuduq9f,539B636207458200C5A6D229BF1472B5
1vk36qml50h4beq55tq43d76dj,4FA1DDB607DFA2F0C75B6E46B8BF2640
fqchja45ucmhqrfllmhjgeqm2u,552586949F3DC49ACE476E1F86BF7E67
3ka5qv2ji1jfqpgsctmtkodmsf,508CBB5E3706A27FA008771763700604
4fstkckau5ibiarndnbksl0i76,4BFFA6495971FEB766C6584D549E7FFF
ib136iua0vpi27nar0omf3r5fp,4C1EA150A2DC541D26A4850A94554976
u33d13ajd8ekb3oueeu2voe8bh,4ACB2F79D95580F68710F48C0DCF272F
o18getnfkr9okld8mqstjjf77k,4DBE9767B1479A8D716F1F93E0861DC7
cabj5m80ikgvambvfbvl7svghg,529AE01BD7893227B215C8E0BAA52484
50bncnra4hdo4l0l6qoseir1pd,530B4913A667C50BA1EAD9EF4E723621
3vmqteg5m5tohvsc6101g8cqhr,4D5B808CB506A0891C741CB61D01F25B
14a8ajmmsp20dc50bbqo9c5dvj,5344247F6F2786B1CD9E389EEEC5C006
r0h9fsrhkog3jsj4grasthl8u6,4E925524D9F41CC5C34226D1DF00A5F4
2ieipk71qql2renbj156bcklo1,4FE5D1682A816981943BCD73D6EC3A4F
e9cqlc3bqotvimuqgqrfe64qi4,544417E0AD95249323EF96C31D1E8800
36vd6hpm6ai292c6os5jiv9c40,50645D8CEAEF88C28D006110C7DA8030
slbg4q16ug5qa6gp1d70e2o2bi,4B8E04E5F384E6C511907684403076CE
55u5purqv52ncar5dgl9mqh172,4AEAF04E772A79990570CDAC82F827B7
8bsrtacuai9030gqagcbd7osvr,4B4F197A174081337DB0C225EF5B9B93
2v1a99ona867rb69i76dsd50ml,4F4423EDA1487997183461816696BD22
4n3q0aiitiegvjev74se00d4om,512C92261C172628402632B8EB1F6152
imgl6vmb0te9rdhdq8g4ijdcm1,501E76584272B5FB67C39D4FAC954CD5
bilpq95kct5qhudej2lgutjbt2,4FB45FF39E6997E1EDCCD5377B22DBE5
k4qvkust20r5kmlqlee3qq90u3,50D538665F8CA9E4F066EF294BF4E0DE
4ta8n6hb8d635j2r0ivuvvhn8f,4E906A7BC52FEB153DCBA2F836253370
p5vi4bh30t7nhq0e107mgnha04,4C61A814724E3F1A6727B3D9E801D227
jtqikrj43rvptg2mc1ab7hp094,52953ED3F376BBA86F76DCD35EBF0DAD
661ptq4bcrp61jmudqphe1fhov,4C2D1DD49A71D828AB487609E03350F8
dsdhkkdpgohvljrv1jbhf0tq07,501F48782FD2786772F67274E409CCCE
65np5jjticskb1m4rhmub3a9r8,54E9A5B5D07B2D0BFA98971F197BBB93
7rin6a60mn7qtkeo7apc28gfup,4F70D8892BC2D46BA685646B2BCE8F9A
do6g526bqguudqa6qi2vqir337,50F30BF997D2D82C439AC63A397EDDE2
40occaa49rai3o4dbvko9porag,53C3574E73530A2A90AA4232B224C9D8
kq8r40okfndrv96n1rntmsrc1g,55025AECE14E82C46F942417B8978A8A
u2u472mmqanglcraad4o0r0i1,4E0398AF40222C58C1E86E9894D5B031
8e2eettmomh4tick9a3ucka8vk,4CF1C095A58DC5C7336787ED3C2E597B
n72lcrimddglj00ogt7eda7am6,5472CDF34DFEEFD4C20956D8F1001CB3
fieq6lfjdrqc0d7li75k1fc470,4FA8EB71A093F26D0D1E1B54903C051D
1j932vt2luuv9dvdnqar1fumks,4E0EF68964FB8CE892F730D2DB34EEE3
6kqcm6faq67m71022fdedm0n40,5224BE411274AA870E34971EA296140A
hgc9kiv0l0icmgfrjgn99jmbgj,4D485B69E73B322DC4632FC6F73B5061
9kbfgpq8pkik0tqerpl8akjg5q,4B14E872810558275C74E4820A7A8B87
e86qa1714etqbi5t8htadklvsp,4F0EEE7EB2BCE8F1777A41285E0EB684
5n4bke72cpqemshtaqcvjvho6q,4C1123C79664EF313A0BE360EF260C5E
8qpeudhi2b3dp414tabg4gmqv7,4F692BB81141CC37FFB2F9B2DC8EB50C
mag79cdv4ppn7rrme8vcr5l2l8,51CCF69B04143D2FDC3834420DF435DE
svtgrqv739rjeqvugg9puc2pgd,526BC77089CF2738FD4F676F4FF35C74
oekmsgg74k717ue4huooh3p43c,536E5E2B18C044731446BE407EC087A4
umurl3l5i10helu3m761q44hs9,542B9E2B632BBF8C2EB78E077A1B58F2
ajc1o4ms0pq18en215119rri8j,4D66430C22AAADACCD30D1B82FBAAE50
eovul9mmd2jbdp5p6qjd47c2m0,4C10390AFFD20EEBB06FF34D5AE2BC18
lna88h5eommktoqrleqovsc19h,54F5B1B5F0C5DCEFE32BFC3EDA72E64C
8qv070r11sdrsjmr4rjs5848qv,52B347DA859CDD8B0ABFCAF7E42629DA
nl2m4nbubblq59bq0ucpi7rh84,506944A385D2AE812F677670E8932133
gm8qhbdl9bnb953eosv0ecdq3e,4CC6AFBF2C7F9F9B52E4C24081D244CC
n9o18u3kj8vho4lisus66p0sl5,4F00BDCE836C2B03EBF72D53126466C6
i831qqjm5i40inb93a3085n4e7,4CBFEDBD9C4E5FF2487109885448F073
a3a29jiet48qtmrg66fkocqjuo,4CB7C34CDE5C4D74D6544952EEF9CF37
ukklqv93b1iea81i5d150sfggt,5503D5276BBDE0090152925BE1799CA9
ap7nqsdvtsdeiur52ln6lvi78f,51805B0DCF96124D89790693F7912E22
h2pm9j5p10372pj32bi8k5knll,4AC41A47C5F31E095CCF5218D062AACC
hhi0ei1n5kqugb63msf95tu0le,54E07099CCA9773DE6C97039455D145D
33vv8iful7jnbplr9it20m2dhi,51EEEFABF5EC86807847ACF6EF3172FC
d964n5vobi1ls0q7h18jc1a9o9,4C15F246C42EB85924C5EF87BB873D6A
7ld0kjn9ku1ql8eqbh39lhki3k,539C74830C264EF14E62F8E65233A8C6
vqqb53bc7clu1bs4dp8qaa1us2,5208CF4BA2BFE0AA1A723C8FD524C4CE
gl2h8fl4ej5jr6tuj6abbnbacv,523DF7F7D2CD6DF5652372BC6E7BF8CE
2mjtg7uvuad8t85cee9e15j0tt,4F8CC4BA5B92B8768D8A5E31AC67EA8A
gip2nkue3g24jghg61oirmfcnb,50341AB2FF26E25492DFB7736FA963CB
ki5i0k4njjm8gisr766419g925,519D050CA5DB0178D1FE84536416D931
1pbmpl42q438frkjb8qcvgr5r7,4D8B264E045767A0C7C0D7060B60B625
laiqco577cn4p14kptdj9lp2tu,4BFA00EEAB7FC4CA71E1E9B365D463C0
4htmd86nctl06kgpbo0e1kd1qe,4FBE335A5591628A633D519C908D4A29
19squ8r0ls84su8idr0hjo1ita,50E354B5B3D8D1DA729A399CE00AE483
kjv5dt84eqvopjfcu65ai6s1j4,50EE9B6031B51854B4A44719B23EE02A
j0ia8eoj5pjmnq3id04nvt3f69,4F5435C7B9FA0A3B3A7635DE7E894155
5pb7lid538kuco61vi48pb582p,539F7A3C66C9EEB2DAFF496CB991FF16
j0400cvorl34ghcj7nom35goem,4E9B19B03805095D95FB3F1D638367A8
qdattk1j8ccen2nkfd5r24cbtr,4D4E40AFB1B6E4CAD03015919D72171D
4k9q2f5sidvgkj0fm3anm243ki,54D05767A366ADEA4DFD7AE59257919F
lbb27plcnjlo03gf1gldqa0knp,4CB8E5A9055B7963784D3348A4D293ED
5tq27699i7bm39d7dcl64hcfls,4B760D37ED3155C91AC983D7DD1B141F
qaqvsm2kcpsdc0ouuiq4gmojq,54D6978F519E5FA204EAD7C00DED2FAA
8pv9d071mdi7jjq790csvhfjdv,5300C633103E162FCC0191F0AB8CA4A2
dg5tu9gdaof8q6biv17k63dntc,51EB4BC6E35A52684B87F07912438D64
fkvktof0dua1ls4vl5829l2f8,52B9CF90D23EB0C291CC48399F69C1D3
ln5qirt589km8l69vq9shm6ind,55003C6BE2EA2A9C677569B05B7D5CCE
j1lg9th1vom6rsogrr6vs6610u,4D88936DAF886A9C03C704DB630BDEEF
47dsovh9a00k86fdejcp9a747r,4F50EA31FA32857F954532878F4FCA8D
md0p2g5tc9ekrjkcnf7ckoh1hh,542E35231E9A4EC366DCBC7C130F9CF4
631n2sr9hkmefou8rhml4q06q,52B51DE3D2499816EDB5994D1FF46BA8
fj4nlg24emt67ghe9ounsuck3o,4C0FE69FED56520A9C5A017AFE32CB05
rpcugsv41re7dcdpmhp1s21sa1,4F5FBBD9D92274028F7D17A3F4402F04
bia3hcu0btm8ne2educa05lgnp,4F2F3939C401877F1AC569F94726058E
khuap35o69gpqnfhederul3cm3,53441141DAC90E8927BE338DA4757CA8
b14glcalcerh2fb13uhjglda4v,517E5DC1462C666DACD5F6E92E435C50
b7nsqrv8hlq6tp1t88ubg34rit,4E4080B6040C330D44CF7CBC961A6E6B
9o6kj0r95t0jmoirfcnjeq3k0m,504E9A3E7BBD2CE308BF8408BA0A0449
slfmvp65oui31d9n5e04190dqd,54EDD6BD4D801FFAB555D2B22F0305BD
rb2en4b7lvohvo55td9a25rjq0,54245D85CF8043C1C641759D1871D5D6
hnt7hr8j8cbc1rjv5hknu89fa5,4DB87819A7D36BF485ADC8E04378893C
k4lb82so82cqan175mmq72hchu,54C9BFA8C983E857B4CF223AE616DCF7
e37a3sctcsrr4hnof1ug3n08pf,4BC564ABDAA0790A568641C2C2684587
k404uj5kdiiqg5u615ejdeh1r1,53F513A2C98B1CC3029E18A2239A0C80
gddm12ihd6bndh57o2cjrf2c1d,4B761C0F3EEFDD7CA8FF48234FCE06E4
m815q74il0rnkhohtggrklml85,4FF0C4F21B403651787447D2D492BFCA
mdplnvunqgpjvctolcg82301kk,531890C093ED7EBB9256963CA87D2499
fucsi4qpfhrd3ku15phdqvj1fh,53825BBB6CE8D031D45A5EF1CEC8A0C4
k9v88heb5ki66eab9r0sskdmnd,4D519381A801FAA728A7C99070E093F0
ctok2ogrte63h67m6ql4jabef4,51EC01DF67D9EBDAE330EB24DA6A4BE5
rg1qquu68hfq471rp35q3s6pr6,4D45A96DAD5B3D1D650E9FF60B126237
gs0uc50tfp16p28mdgqfbb97p6,4B965921F96DCA0E94EAC5074A4BB90C
3tiic8hvsdp6et6fg1sk8v5pdd,5067D1DA5185F2F61A301FACBFC7B5FA
hdgvpvet2q8tmmkl6qdp8f4oit,4CC149647A1BCE4A3B9FE19041DB5D8F
pp2qqmu4os4m7jde05l3avf1ck,4D9FC0E3FEA7E3CD29B9B412D4459667
rjfv19v4el8k570h69bsvr2i98,52D8864F7EBABA50845C11122111E4A6
ao0jpc54hnrjjvlnsl7k5udvhv,4E98D9320A63BF2EBC7BAA1E96F87E5F
b05vt5tqspt7bf1upvcjvlanu4,4FD0B2EF43B0341944A8EA13172DB1D2
kmh3n0uq08h075uo6iu0kbdvg,4C11B696BDB6857FE2266E828496D250
lpkddm9lrvu7s0ig3cqcpl9443,50B061BE0A5A24DDE78D0A919E512D4A
mutp6nduj48off2f916ievo1ko,4F062E93FD6CB7A142CE770BF8D0692C
s54hnmqma7k41f9o4nahst58rc,507728AF0F2A84C8D9448B3F277172C5
7c4qpqtf6lb4rbrmmhlp3vu3o5,4BC40EF3612CDAB3B236100D1263391B
ccio9e8uf93at8cs2tuu4537vb,53EB839975873B1F29DF2B385020F01F
dr5ql8do8f3rbulmgs3tssmf6o,4F977EDE085B5D221310A88541E2901F
8pa9elp0qgdntsevrhqb4k1g5t,4E762D123DE738E335998510CC1F0C44
o7b2o5fn1rnm67jijbkjom824k,50E64A76002D0DDB2922CFA9770EAF23
94grv4onh3q0fqlkdv95u4245d,4D2DADE8C38D271CF658C40C38AF7804
m04rfci8if0kr4v1qdbajsba7s,4C604D0093E6A5E3405A01CB3054A841
45f6jlugnmfnr08kd1qqliclah,4DB0C68FA399F12264D6571A7197D126
39mg6hckq6fut4q3tfk48u1eif,4B34A4FBAB4EEB5A7DED9E7FF01BDA70
f3snpcqk3u2lsj19naa3a19bdc,4B7CF0E5E8E5AEBF844A422CDED3D316
2ca8et5tpce55772ee10rvq09n,4EF6114C9D11ACE942E19E8EDA4DCAE2
dn66pc9lsin15s1n1qrqkbqmtq,4E45F00502643A7D7682E40EBC5C0AD3
gem64vnk5npm1nalt9643odiu2,523B11317256E57121D290B7D938684A
vvies6ghrhpc2tcj8eb2amt0qv,4C1E16E3E2C08E4D9832649EE789A3FC
a3hgqgkhb519b0c4l473679k5r,4B7A2C988173957D68D230B726FCF2E6
da6relqdrv89qjeeckmfpcrq1h,52E617E74B1A4568EDDA26977C9E6355
rc8mfsq3f6a9ente28v8v5us0o,5382A606F8C52BD08EA85C4386D7FD7A
jobq8e4k3psuhjibf3cn8nlrlm,4D06CA1050B3257ECC30B271BC052558
iuqe1b9le2s1hej4hu1n5dpi2j,50EF30B09E7E66CE7A43856B1879CBFD
pvoahtbjti94q6dj64b9essemr,4FF90BE2B066DCD4BB9E303B910CED3D
fe4hdqtukb64bm518qjvgogldt,53C656A08AD5D2597F80B8DD4135B42B
2hpuvn36iah0082lv0b7n9ofv3,50890D66545C06B4742314077B19D308
koq7d3ereqcbi3m5ncbmavsb5n,4E6419AE26F93808A492F3A44603FA12
eorlrd9hvidtsru2lt2mppcbep,50C4D8CBC42B1FE820DB4E3E69829E74
qll4facd9gr8a3kr64k9m29vts,519DCD69776F8A7120B6B5B504EBA3FD
q5mh5f75l3c74uk8c3of69g9f9,5002210271BB8DE365AE2DA69376C3E6
74597mo24asm88aorj1hvd36if,523E23BFF4653B0F6AE02C528CCEF4DA
tg3tln6foj8njrjtosgtmrvsi8,5141FFE2AA5A7D1A463FB6E01163CBDF
1paqct7kp19pgjg2fgkanfcee9,50CA6A6D82F9EC2595546CF5B51A2895
8vq6maimnchnajjmnf4fnlfa6i,53EF652E8F2F1B10F4A974B561997655
edk411vr20t5b73vcvjmjkikdp,4E61666ADF7DD1359DFE4EC33DD13A52
c769egvrbu1ec301c01efc4lap,4AFBD546C78F9DE68EE27E9247138C99
g2n396ecimnhkslgrjl0t9bsji,4E4B0627EF91D9187DC45642969A9128
7p6t4ca62a4qnfau3hbq94m3ti,53202C2249A11613DF05E8D44F95998C
k972i217v4rm5ci9v7phr11qq9,4E1E1898622DB631D4937ADDC77CF574
j75cj725v10sa9hicmob7ik49a,4EFD685D9D9B6C84D912B0ADD27CCC8B
ebjp2ui2t4jnhs2r1gkkqou1tc,4B0ADFEEB74DEA0FF0637F40B1300533
4rh3jbpg1b3ld0fe4c5pavbgr7,4AB63FDE8AAFE048BED57E28FAE0EA90
o519m2lffimvdd8ssne19qa5de,4FE13CB1F9AA94A1C55A0525A2FAFBBB
2pdiu1u505poqbhd0drhpkn9b8,4C197766DFF61A08B53C631A8C5D88BF
a2nsu0uc4nlgv54e18rculh1rt,4B68DC3B9C586DDB204AB3B15FCF3D37
u7ako14h4iadd8d7se8fjnq1nb,4D589EF8ACA5E5BC9D479A162FEF23E6
kl1vme7oil8246bqpb3163jp47,4B4AC2FB319DA2A6FD841216DA76CF28
iod5bpg4p80bf28lv1lbeun7jm,520D8FB90B81F47790964AE5DB1DA03A
f0rgjqpgskpm4k0rmp7hicp1r6,4E16E69AAA1DB209F986FB8F9E1B2B4E
7kcb22tc7b1lk05utv6dcc8jao,4CCA31CD4785FC473BEC1887A4993A93
gk04rjd3i61qm4ack3l2iep5ma,504240EF3BBA68C848A9E991C1B08855
4baqfgf1s0s5ruu21vh4lqlm27,505955ECEA4CD57FD617DF7B49DC059D
i41fsu4p0fje9g4n05e139v2ma,508AA0C75EBDEA014397788CEED9CB69
291qqdod8sh61limbfuebeihbk,4B52FB15A57D9A7FFEC4C59ABC84C609
d9mijlh0po61nag3kouc9eqm4g,4C1B855819CA95A1BE7280F45759C4E4
2qnvv299sqrg8t2rl2kuvu20qp,4F2F627B376E403813A644F07C139B38
39lbbpscqdv4ve0cmbfpvunklc,53B75BB08BE377F95C5E29FF9E0EC69F
r9rh8vhq98i5rnr9mrs7342roh,5489896AC56231A9848D544604F1C311
r95jscjnmpoovsb4v7j9j0dsf2,517B24507EC224DBFD1C64EA8722D4EC
tqojdpkknfhg1t53vvmqn9flid,4DF2AC43D4510C370E17426771DDE14C
tpvvghip8qb5f2bp53njba4lf,4E769DDBC88D177FEBEACB87CCC4FBB1
sh4ung0s9ph6cuhqv4cm5lfoo5,50A97B35F7126FC2910F5B1CCE599CCF
jrvv7aeqtu1cbjnj95k2p5m3fv,4F12E87CDDF53233D11584A1FE0CC380
dh4llh774kfh4pfctrq1ph4p0l,50553D2C6183A8935B2870EB2B7CDDF7
tur6452q0doaf8om09b5lm4a38,52B4F7F694E0FCB30E7F600192124F1C
d4ve2st57dq600rodv4a9ll62j,4C7857AA6B4FA4CF77EED857F15CE7E0
4cfl46gb830mrlptr056vafh35,4CA863B9F834B28219C0B51D9E099493
vd9kf5nfkurptdm54j56ijckim,4E07696E053817293E529ED9DC506568
lesq73el3nj9t3hn3o8jndm8jn,53FB0AB2C15AAF1D2C79850B4F028D4C
d9p916rdnlptkdernt8bh3o2p,538C85032C2045F8670BC5E7D1640D26
6j021bom4gcp7tct1u80grgit5,4F6112A3135CBCF5154E42DA3643EC9E
vvrhphobkqmqbe57phgn0t8ht1,4B6F2335F01449EC86E7E3EA56FEE3FF
9tk40qc0q6rokvph2kv5k7f77o,5314B85CA5D3974DE335308607C00157
3hmc0t0vpv259djhtspt5grmj2,55565552C38C04DCECFF593E5407C64E
vgitufb5kod2i7pf3p9rcjlab8,5141BA2866855A488A5F6A3678FE0B12
ic94uu0co9ugf6c7u1aivskbqf,4E3706D8B56CD57E96506DD95CA779EE
6b9qtrmvq9hmfe8i29n0bvqcpa,4EEFF52F325838A55CC87319CC81D94D
gl02sgu5iduio59iddqoscm74i,51C187527057A1277EF20E83A28597C3
l6rj46e3ri8bfrp1a5bmg540ip,4DCA7F7CE08469A1E7DE42577BDC1F67
asagtvd891avrjqafpl78bof49,512C5FC1F3714307BFDC357E68C04624
5ecipqg0gurjhd3lso7ilju8ac,53DE72E525AB14D5CB788E019F479FDC
tvnuu3l4k2uj9umebsbedt9cnf,4BC764AD046C951E72717F4268F6A316
bk2bejfrfntohq7eq5i19np6lq,5198D7893D118146EC24675097D784B4
dr1um73erc83kfrg2dr5eofs9t,4F2785C8AFBCC5FB0C146D1958BD3EA5
bl1vot1c9rmp48oc5i1pvtrrr7,4DD35D6C124B37BA72C23E15E1AFDC80
ds0gul8gg54n69bne24h8c7qs,529AFCDAFDC33FBC87D6385B7CC9CB25
s84qpltv1ddf1mumsq99un58sq,52B187F06D1B4C9BEB21D50125B3A747
hlcdrpnc0dtutmaqg3nv9do1e0,4FB309B23C8CC2EAD565F4BF19BBF98C
2lhfkoqo5jv1qgk26rqrba809m,5286C9076A2B1C7382891F99C13C5A72
i73jvisov15a2asgovljjasesi,4E66255BD787FC2773CED29A00A170B7
cuktfmnbtagf0kpb7irq9ohomk,53BDE49AC77C15661932DB93BFCB1A27
18vj38lbfu78ui3hhl44h3dgs9,4B4223E8BEEF27A70063F24FA5BDC064
rdvnfj7n13tl15i8dbptbvtup,50F49F1549C746840B03EB7AB253B7BE
96f007v8iojg8f246o0jut6mr0,521BCB6C5A3B6677B2E04B70F1897B72
f0pqnq7fac3drlh958391uskob,4E7A36AEC99FF4FC681E83899F71034B
a45ucrc6aed14bek271il4msag,5417C96FD377F4A5BEBC8BAE4A4D0613
i7l9qq70p1dbkovopbeeacsh34,4DDBA6AA2C5FB4F8E9F944D6CE33EB05
ovehmlh409vmojb99r8gg4khsg,4DFC73B1E45F0F9822387F78B3B3C28D
bgu1bs54nci405700fhaikgguu,4D40212C7775D731D3FBCA3F223BB987
ot3i24k4aas44k56eqi22v32tn,4FEC1B7B0FF8124C6368C139DC734EA6
76rr1kr816nkgh41coimg8122u,4D12F6FC490519834E53E9CB9F7857C0
rng50fvrev93c2rd0a8j5b2rg,526DE2A05183EA77436E50DBE2432A4C
ud51vq3ltc3hsrgnr1j0cs213n,51A798BECB02E5E8AE594E33726A30E1
8fdh3hsh0nu6gnbv6u9ivci1db,4EF9588C61EC81A4B019A7CFAC1EE043
96utitgo1m0l1n7vf9hpra2g8u,505CEFAD12DF4EC0AF786C4AB9CEC9C4
e4djfpkulh0ujt2tqteddpgoe8,4FC8F1107CE3FE8F67BBDF1F99A7A2B2
l026lq52juqsjhgvik3h9tev7b,54C7199E29075DC83C47E556EE44AF8A
hb9q7smt6babpoqce5rrd8d053,4DB5F321F4EA897166831EF36CF2DD1A
ll5gem86kovh0et1i32ph26824,50C3E5D4137B56BF6632AAB17693BFA0
en0eimric69q7ol1c4hmqr6b8l,4B98DC9B86512B46D8F772EA3DD19114
ra1tej2avf38851b9r4cem1jq,4E051E91387633E490B3989E78708A09
7s0mpo8151maha925or2vuf6rp,511E4457350DAE4141E55E92446A7962
ekb8j0enurn0uf4d9g14gkp0p0,5456E775DFACBC2D7B1D97D733AE14D0
kmeu3jkiaiucd5dlrmdc8ujl8o,4E19FBE9CEFFC644AA7FB0292DAA7E90
lqt8co2c4g7eprl65kb7rfgudf,4CD79DE90321FFA1F6F6FA7A1FB5CEE9
v7k4b8cre65hg69ggge8k6ppui,5051D9970AC6BEBEBC9B1DF62BED69C2
31ch48ld5fvkd6q44g4snq3j8t,4D46387BC85335EDA457B91752AB3A08
bqovs90fcvsoor3cqt86gukndp,514A73CC3D39CEF60ABDCB2C6A4613E2
t3a7rsnc6ipo18olttc90q7stu,5007F3AA92F51C82096B160AFBC50753
29u2vkdg80efk79fm98b5ac34a,52DC4A5DBA560DB224FAAA9DA8169545
ns6eir1s5968qhs4j2sja8i7va,4F0CFA81612BA148F7D5FFCAA0F482F1
gvuv3emagmsik9p9aanqtuiktj,520968502A5938E5D42690F6322AC426
u59q469umhrtsssdg6425d2t02,551F9EE49BE534DC966C90DF77ED27CB
b2ih8gr7uqfmmmch1mmkhu0r43,53339E982AF56F1F4425E5CF1B935DAE
63lgcs1uml9rdu6v1jts6enct5,4C38BB1F95312CB5F6B51CE8A3568DC2
snp5q68tr489u0crboap8h364c,4DA02578D687E7E75562C6AAA7F742E8
r3gltngaitlordjb1vtgj0hpcg,54242DBC5A0312ED4F275BBB3C6EF635
pnbcs285br28av10aikbur189m,4E7934277463AAAD84907ACB2015705E
clhs4sg9muuqd827gm6m1kb8sf,4F0157D921F335255C31549ABD144C0E
pvghn1s4k0d376kihr8n1g9fel,4C20DBB7861592C2B426C4F5563C9844
cuvi4lru63ounaptafj3pskds5,4D093133A914F4406339140634CCE61D
92q972mgj0cqk9od20fk4rh8r7,550E014AAB353E4C23DB2289C7FD9D53
gl9f22hcokhne30na3g5fia33s,4CAC9F6B1601AD650E1FDE2E46B66329
uo5p3he9hl79oopp2gcgcti0cq,4F03752FBCEDC715B9CF39CA33F6F915
oe3h9kjucmdu6pgpm5k5u9vg0k,54315B6F6A1E62A76A2DADCA1D2E24A9
ojjpjak6apt2khauitrmpf8eq2,4FC7640A8665852F5D3E0A3D5D9F9E3B
barg7t0k2nvoqb1ko0ddou4lqe,511D2492E24C41C1C6C74CED314D1266
62nepfa1h1eq809glh2a02hl9h,4DC2B7EFFDB1E97BBEB93F7F65BE10B5
vlu0j0b5bbm8frtqpob1cbhil3,51805FF939EF12F0620A72B6D9C3AD8D
pv11l0bpd8vp1f8fqtj11jaq3o,52CEDE13CE1B63FF7EA8F1B22A333A8F
edmn5osljrp52ad6vkod6u3smj,53BD4F7FAF7CC4CA76CBEFF59DA72664
mqvpfljorjrbd0rffifnvm313u,4F42C67AB8D37EA3AECA889BA49163C3
67ndde73br6brr59thlar48pss,4EAA218AECAA2EBFB15818C997FCBC3F
c9r0pknpt7c4anob69gghocjb,54E53B3B98CF4451F8009D1889DE1AC3
hnpnpabiepoobvgkboc9jenffa,4D8081B8583637E2932FB5E2B2C5A32C
oaov4ushvp1hp219o8vmuta5qo,538C1656E51C0E354F6F5B9DAA7B5DD3
1rhilsrldf5hm3i854e0ad2km9,4E1012D44ACFDD3ACA3AF36924A39224
mam7jdn18dph4ao8hnj0qe8eln,4BFA0A8C5760E904D4BD3C95E51B40CB
b6aodd6405q7kak0ttp8g6l9u0,4C2C68F82F19C90B59FE3C333D12AFA8
30oagbnbuirogsvp8r119d0p4,522EEF64F10C073B936D1700DCB8481F
58l5fkm74t1dec60djm34rkl5f,4B585C38F7C05EFA6CFF178603991C02
pejqq53ke31sh6djaa11aejnqv,5519CBC1AFAAA42E3CBEE0D5D54CBE06
neve52pm4evg3jegi8rq2j7952,4E224A0E99E22FD4F4437A8CC4FC3D1A
gf2lt8tv39fgkq0o2qrcnann52,518D918C0B7BD6A909E255562F1D9324
d00mp7lm3v8vpsjgnfi0uder4s,4C730AEB5E4F6AA86479CC2F7D48017F
lh1fd936ksmgreqq67crcm4flu,4E97E35FA3A75155C3A6154FD58C2562
leqadgg5qmm753i4rfqq8n8e63,540628B63D83535EE412FB79ACD19FAD
l0mavgnd2ehma6var5aedrev35,52679DB473CADC0579DEEF8F40656B0F
qiilotp93faraf9iqk4794hqbm,51DBF7AD470AA7B2C61706C4DD077E07
nmf3q8p3pk40d8brdebginfpto,51B5A6FA844BCC6803CB8342D08FD148
k6l8tbts8mcg559fuf7equgbaf,4BEF3D7D74C94C91CAB9A56CA09533BD
q9vli47dq7s918p95tqj9p1ga8,4E47EEF7B350E5EDFFAF2238F8DC4017
37f0prl4d8tagf4b6hbh47fbmt,517E61BC8A87DBBCED69C38FA6131B10
6n3ktkda71vgeonkj9p624uved,4BB86C8FE53F32D73FA16A3A57D2D871
9ene2vq7213dq93s30l732u32a,54C763CCF84EC37F75D54021483F23F3
htofko74nk59ddirn5sjva3265,53AC24CED6418999A37F7E79FCB9DABC
q86l02ebdo19d4fgk0uh6i152u,5535C9D7CF80DB2C4F044C5B1F8D8562
q9kbusl3cf4lsipb3bap9q5bnh,5147513F2798CF74EB02E3B3D85AE877
9d9mbua0gf2aa6k3ps9rttddcd,4FEACA1E17B96893C6E007C3E2776192
bud8npmem65glh1vor2cbqfucf,4AAEABD18F9A58B5130B8F2785A6B210
criknipmthgj9amg69jl8cdipt,52D008DF5687C5BC6E52BE43FAD3450C
7ra9g07pcbf4v4060kk6i4qs5t,52DB4E1634986F7A6E3B8B57A1F0DA1C
47n2q20p08d1j36qvvkq2tphkh,4E3D88F1A4E4E54732FE183D1CC77DC6
ueom4bjngu7fb14nkqvd7rm49l,4B354042C2180FAD4042E552960AB6CE
k2735one6cpr7cso4vs6eo9cn,520F8D822A3A22D2128D54CD92C59E2F
fht9upkffne6ak1ev5rsek1t8v,5221BCE8A73FFD2C8131366EF7FFA08F
sm3adb0om5jis0jn4q6ncpdps,53ADC7F84728CA2B74644F4CAA52037C
dru5439bo7n9tnhjmducpfrn8f,509E85C04814F51BAB0553E29747615D
v2bok5d65a3uugvne2b2a6jjft,50221FC16BCFDA5EE6FDDB3F5CF8D000
tgcbi8eme7ipuphilqbab1pagi,50643A26BA645A7B582C192E0203117D
nsjm9rumq9h7diijkvpn8dlkok,5463E1BA9347EADC8AE8C3A1D07A29ED
5lq6lpfvfo23l4od7vtfr4gbbh,5486C32EE5940E29430029BAAE50513A
9n3q8fge9npi1pugrqm3617k1d,53A36C4D85A51FC20C3A30E84F61E38C
olghgbpb06na5raf1j3vffslah,4FFD5DCE7008F102475166D22AAEDD31
c3v179l359d6utqgrbpgig73h1,53584A8060910CC140D9606E64C06D72
lqk65mjht2f3uuakosg7ilkrm3,4AD3B07465CD2AC20C214456028FE733
2r6v22ca432dnvk9gvovhjsd6t,4BF1E87457014D65B528F65C0CCCF69C
k7pk4lahg8tqmejjvmgvocp4v2,52B314B9CF513A2F14C60CED565902A2
uln6tlre2efl77ic7d0m5j5aoe,4CEC4C2623DC001F05C76A6A35DDA9E2
5ee14vnpfp84ll1p87685fhtp7,4E1C10C344A198F704BB8A7EAA6B3674
g4d69u2eag4cgnc4if6nkv8l89,4C4C5E42911E027E29D9390272778D8E
pv6i2a7g7lieu1njf40gkg9jfl,54025D5EF73C6E641EDB491C13AB4004
q5qj8g43p9gafp6tg6ppnmbn79,4C4A4788C069A3A57E1A46C8BA179F17
s9g1gknm1quc9d93o02gn497ha,4BDEEDCEC3D45078478C482BD867190E
ddb16a78ihut2eiqt56cakvqi9,4FABA094FDEA532043945C854F7BA879
hs7s7lib40hceh8psurj8lrv8j,554CF25EF1DCAC2F200EECD3A1142079
l6a5dqnsumj3m2r8kjv56l1joi,51BD22161A9638EF26265694D94D7977
7g5qg0kut7ke9tijbi52bjakm,4EFABFB9B1DC598090A6F2DDBA8A9E88
16ucvntg99c76p0qcep5urk336,51FD79CCD3A186E36FFFF92C9C28399D
m8tp79ehjtah5btvq8hhf193ud,5284E6A77A32C5410E45E5AF9C2DD2D8
ag83qb69qkb1356j1k4af3a5k1,51B3637078865985B6CB4472CE8A4294
i6s895mg1ci56ukcejr6badvg4,53AE4590392307B8AAD724ECFBEB7381
vtjeg5fvjk56u602d4gqqdmi5,521CE367C359440491F6DA60D0553FC3
568u6nomt3ueg8nas24ri3htor,4ED7BF0F432F6ECF2F074CC1D4058B4A
l1ef2la6mh3v4umm3lj8j8k8t,52271F787E6C1C820DF3165B2642C177
p2a1f7iqatufgl883mivbcdgt2,4C9F453554617C3592C2B64657251DC7
i632ejadsgv80q3r1255b19p3a,504009B09498734DBD7756A2CEA1F7C8
jn7rpg4sl7evvq1k4oap2o4f32,4E6FE7DBF003B33CDEE614A267D44C7A
eklnhdmcahnf4lem2v6gfj7e69,5362DEC123D548D2E3028D7D9A3218CF
ti4v7p1dck3qqtevf455tdbfds,4B72A633873E7AF7582B25418CFD9921
vqog0tj8af9852uthfgvh5a9to,51C6454F755B579B7600FD70C5A78BBB
dnv0mf3a37fqme66m12oftatcn,4FDB1F42F32AEB266A989019BCEE06D5
r52jg1q616c1frc1e286a8ltke,529776F7D358EF406ADE975CBD621135
vaduj3t3jd4th8tmoj8h2be3qr,54AC4799F8BB85D8F649469154B38735
kolgl8b6089ii1oe8b18q8ke7u,4C2466587421D6B066E09E016CD8E3BE
amamut0looo1k907fdcv43m9u7,4FBD209DD6D70204F760777A900D36DE
o1bue3h7sgban9cks1gtc1shr1,4F2E5A1D266160E8F975D7C95086EBCE
miks4tds15eba43l7689m9ccet,5396301AE19115E13EFF86B114C070BB
kevatpoqljrelpcib28tb9a1vc,507266D720912ABA479AD5C10EEC628B
vs4k0l2j1oi68taerd2071sm82,4D8F23352A3B2552F583DDC84E0692DA
if26560k7nr18u0mtn2rj9ni19,5225EFC476A8CA3E492AFEA82435E699
ilcrcm5qmncaftr35taesi8smi,52590F6D5B6C76F0E602B2550A0489CF
mb7pked5g10ni1mo2g72pgup68,4E7EB9D03585B0602E68D6C96E2870FB
f2d9b2m7n5alaph5kmfea0qtsb,50168A3B1F67408B7C5864E8D3A9A7DC
gp6t35gjjuhp8c4gq77skeslr7,4CD68B4F57CFA0744F27DB99B72FA1D2
gv2j3e2m7hakphg7ls235ruvaj,4B0056A03FCD5A987B4FA4463EDD4647
f5bom05kjij29djdlaihtrv1vr,4C5C7FB875C834CDAC5C7750FD09AFC5
5us3d9jdtd4864homhg7rfj098,4C88697DA64AB3A6137EED93419DF6FB
vggcfja4httln5j49melkms0kc,4CEF5935373D342861D96DBC63229ED6
dte687e8jaubfnspqq5ig0f3u6,506C4D8B2C5C0A103F503DBD9DDC9940
mrbh41ghc875o3vdt3oakk9p4f,520A3B89A550CA1630BF925AA6B173A8
s2e2eknf1qbl3elo8oedfa1dmo,5117E5B33C15C235984BA66439E2E433
tslj1f3vc3d4cmk22mvl2e9afd,538449BF4A57961923174CC2A778DFF5
31mm1002a6fl14qk0gvvqmtrmb,4BD19F1D5D89244BDA84D11E96A664B5
65v7pt9m224auearphddctcuie,4F86A12F74AEC1298B295AB0A7C3D9D9
r3b0bfbdi03b8fh8t3o6ngmgu7,4FA4C2AE19EB01BA3A3A42E133283669
ra8o18em8khh36acek7akc8rn4,50E28F78CCC7C306367708B704E4EC02
oqp5urrqbbq2gq7orlff1m3agi,5196D909479AB917D37119B36917D224
7le2sr21c68pbec793u95ldd3u,545E482D6914C7FFC13BC8118C09F468
lcjqrl7rj9i3gla28p46c43jpq,533B6B66E90D8AD1EC8C992CBA6BEC40
vd7b45k5dao1b34bstc9pi94d8,4E475B939F609DB8C4BF1E24367E5A2F
ussguia0asfbq68fnjnm8ig52f,4F6AACA29077C776F0320D2CE19C7C58
fsqemgjjt9dshlh3hf38798u01,4D3695E4D938204E578844993BECA61D
cdnucqvbjje595bvlre3jms808,5000241493DB0D55855A14F2445F1D31
5hn2te25r98mq3pqov0p24coda,4AC6FAFC811CE0BE59F4093D5EA7A1E5
65pdf1j5v7bqfflbokdagns4su,515E630CC0878D8B0AE30E6911F7850A
hg9kcphnft78m2uva9f8eld0th,53077D1B3404B49EA7F5CA7590AC1151
pmem7m570opvnnc5372not3ahk,514BF5643723FB3AEE2FE084560752E1
ohcfsbqf3q1o36njq1rrgsbqe8,5033AADD2EA7F293F1638B6C5A2A136F
l1j2c1ksh6nna9v9sh3e9gu9ia,52B4747632AA8949F7F1DEA32C79F2BE
l5fc70lrtfjsbtm2l3arbhhems,4D4A6851A362F6018D45E5389AFDBE1F
l738kjtqpcva6kv3k3q6pi9tar,525F04E7F1AFD1FC7F05E07B7BA1E74B
6s824p147n6vr4gk8v4mdald4r,4D909DEA26B66137C5E2E912F09F2DB9
7b03r4opjs98gfhvfmuev8oi2p,523A3DE1E49E92E3D5794F2337C49142
iufhfq6fjug5igfhoda1tt6dpn,52E219F428E704B6A8052D406F44F68D
acchlsbi4i47f01s02nijcs9rm,5368A6AC9441321AB54B703B809BCE77
sl0ifckvgrngnvjhipnhkk4gbr,522556A0F197D6478E9CB94CC4007FE1
p061bhbc0q3occdmn0mg7snrk2,4FA4143BACC7224CDF4F95D12D71E237
7hmmmai7t9ban4dbt33f4vaet5,4E6AE017DE795B098B828BC1AEA7B0CA
7ag1kabebf2sc7d0n89pusmsa7,4FF558849D53C9F8A555119972432F6E
fs2k466reh5ikirev17kpn03ct,4B50C91A2570E29FF3FCF00E3A5012C1
mdfpud52gf7p70deib8c49hj1s,4AFFE770C148E783AF75C67E415F728A
buqmvap7lfb8kavq88p5lq9nup,537A33993571F2AE535B072DBBCE0625
qqufa6n6e5fpgknsj80rtpcj5q,542530D8827731F930253A29ADA67245
1jke3567n5ue3qpckoblemmqlk,4E9B067F5D15989F5D7AF9387025F3C7
psu2fiom54pb7lek23jsi9cjrv,4F67D7C1CE53432FCE3B840470991D6D
k3r9iv6n5k7q9ltfc7f5ffadb2,53048853D8921820F73A36D16978098C
lkg5khvhdhktr0gjul1beg4jnt,5404084F380DE94E857E5C098CF3A872
l9eglr811cos67lrmnqplqvmpn,546864A27526BDE4BE63CD3CF0318B3E
hv64ugk5ou4240hp784dock957,549955EF81C741F32745C2AC0467A97D
qplmr3i23lf3nkt6sln8ht6ejp,53F78DE67CBFED8FC6BDCFE19B77B7E9
fko0jelr52qvcc1lgrj5oclfgn,4ECC93728C6CBE516DC090012B6E2A50
s870nohfkpanmangcasc03p4tt,531C2D2C8A7D2B4DB36B53EDC68EC6BB
506rv970fgo2k023cnh7l12bji,4CE855FDAB534C2D97AB43F940EF9A67
npuhol46uvhhh07fcnv0kilnj6,5507ECD57B6EBBC7B53CC149452D0B23
8q10tqoqqdqqvr4kbh0n9qhb91,5153E3093EDF0BCA9178A677F4160DC0
lg1chqaud6rem5f2fk6h2gcad9,4F31CED4D90CD8A14D48B2E9B2652B10
ipkn5em8lmg52bf456a1p5ejo0,51FDFFE5776B337FA5DC44C69334D386
r9jq9pn2jhdfak06ubfp714ok7,5281E644E1167BFEE7C6060C4BB89DDD
2ggn10no3vke3c4h74ce4v8da5,506B3709321EFB09863BC68D5B5AD71C
tppesl4qh2nrrknifd8teo5ssb,538227BC0DB445B97DE7A200F6BBA43E
ff45j4sdngkt5fhc5rnb1aefv4,4C7720474D73C281743749B64A88C524
rmsp4nsiood8fosmb0kr5e534d,53269A1536714DF5CE66B630A13E90DE
rkjibrks6mna77bi0jam3gbs8d,527909F2959419B1516F240A436E1285
f38osq03t357i80qd3vvddft28,51277D63BFAF0C4350EC586A2690AB23
hvp3hqj1hn4qa4im768na679qp,4D47EC1EE2F35AF921BD1F9C6CAE8B1B
q8vlkdf9d7bjefh18arnaej4em,530A50E3060D52DB349E19CA8C143401
318ncrou0128av78kmcaci52au,4ED52852F39003A5830BF650BACA1AA0
gks1dk7gfv3nh92o7m9b4mdmlh,514E7C52854B7A97462F2F3B0450A223
k6jqn25umg8lgc4501q48m9lf6,4C8CD8E3FE7332500B09FD6602B2780B
7odq69u33bjmsco8bugcg3vghr,4F2F0EE1069C1D65C1C3F165BC2362A5
u8tmmm8l7tuq3b3gjtjm95t1fr,4BE06B3DB9D0F3E52D24AB2CFDB2E5E0
8ads68oaiiq5nbh4ak9oqmvg56,5396EF872B231A8A7B78F3BAB1391E44
cind3uhq9nbpblnio9vk35bb27,520BADC832A49351EE7D869B2591193E
f07jeu8tsi9tpkaipkulmhrab7,4CDF494C2BCAF4DE7B42C54BF0FC6ED9
u9ht3icdi0u59rues654pv3hc8,53B9E5B98144D7DC2F7BCF9B60511DAE
6nouhdq4jl7ehh1fjrr0q9i50l,507A8FFBE25E0072E64AB4715063FECB
1ari9ar1flft2fnqo2mbmsn7aj,54E00450D65073A3FF4AE58265F48BA8
53runfnhmn4319scdbum5l4r44,50AA066A84377EBDCF43D1677830B4FA
5eirsuk7ph73ljs846uoj7s3s7,54C068001A782B4920406CF2BFD9BDEC
r9gjohblppna7lo1s151qfogpi,4E72E786E0C3C64EAEE85F30F1FD658C
qe7tgi0mo6i2vmkndvsrcf8dr8,4E8140AB1BB18718366876A4A9A567E3
534usgsvhgui6679ibkfne87ai,549480158FC30D3363828179705E75DD
u8i91p0vrgt42c4sf4qhccgncj,4C04B35F18CA46E7E6A5152054505EF0
qhi00dr5hikigmqao9g0ptm9on,4AB8A30C8C3C733F61E8D08B09848D5A
n7n76g6vmboh7u84ja447nmbho,517EFC533F37935B6ABBD833EF0E81C6
90gv4n814saqt4snlbd8sbe263,4C65E7211CF15D2505810BD2AECE3852
bdse7pd43lpvp9m02gcn2c0ulc,5409937C42602E1DC4A9B2D95C733EB6
n17v60iug297go7k9ukvr8hvu9,51C3F27E7279CFF15DD26C3A0A2B9BEB
pfajjphf4f2dqk6t1h98p0kdg2,546233DEEABAE9B6CBBD95BD06284B74
ceoskku3l7t0c2pjhlr6ivrrtr,4B80A15FFA17E14542066372FE1B8F8B
oa3s59k8kj53r3f0a31pb60ih7,4DCF26BBE7C691E8E8B1DC120B5AC5B7
p9l9uc7fkkuuu716jts5ghsq1b,55138543C3D1A039BCBBC8DE185200EC
qnt106gcerik8v5uhk87ah131i,53C42DC52084A9B4DC595C94713F9F79
ic6ju68epqh4u67tc67jj0226r,4CEE65750FEA11055A7DB2D3C2C7F37F
u7dkl4ai1uqcjbsrq7mgq2918k,4FB3E27392B1BD2F794D398956C6D77F
d3u9o16jgsbo9iovu7i0ud9l1j,4E4884FB4E6AFDF3C244497BEA722338
gimek1fg98d3ol2hi9knbb16i2,4CCFA933D57F3C8D11B9F3F265D655D6
7vf78lpfob73g67pcheodrohgs,50941E0A9D39918EF9BC680C284C01C8
kevkuj5qfs80nic35mmm4ud67i,51B535A7F7519CEA437BC9C5D72523EC
92k2ku1cl74ecmq54shv6tveue,4CB4D6B2A7AE88FAA54FCDCA81751B5F
sqvpbssl8fmlea2a7q7lcv80mi,52CFF8F2611CEDEB3D85DB04CEC37B4C
fiia8i8r2psoa0r046p3gigfbe,52CE31FCB0201309DAF6B402C66603E2
81sli0musgge8nh3lejck60u2p,5148E6F35A562CA3138E677C33836457
gcufshkjtr82bq2s400i6shrqn,553FF71EB79CDA7D3E6484D6568790C9
9vembiu92n92082751orbeu2t2,5082A502CE86AB14F7B4C0004BD94BE3
9jh5g71a58sanh213n44557p74,505231D454FE8A215A9DB864AC0D931C
v48mfg2roo8f1pq1c29q0mbk97,54C2C474272D72F4F725CAC740D47183
shabn1lg3m2qhidcig9rve8k20,5445E1FE82A995AC3FCB53E194B051C6
ovlnlupcp8p81tojjeiakfnr3m,52C277E0EB30F95265601B62C6D3D404
tnsfojprinfntkb94dtik3i0co,4E6FEB749AFF697A636BB2ED10B44324
ln85tp6t2e85o2badkf7otbajr,4C803054CDDE2D4504CF78ABD22EF013
6ptlqdnn7voetlkbt38pduov9c,4C45A64C4DA7C965A8D341ECF1425E70
o9ehmkaf4ad2lhf1vnc98d3jib,52B59B44594FBD2496BECF3A2DA10645
gu1bg64grgqr84lo0bstqmuvk6,4CC4557AAFD06F6448EAD150904F8041
1pblj195fu1mbrv49fgds7083t,51BE835C98ACAE6C6896CE381FCFE1B9
30tslnmt5dl0ejoqghgpt0m0ue,529D06D65B7185FBE23CA3CC595A3AB9
39pnvqrm7rpmc6ro628an55a8r,54FAFEC42741FBB16EE59C61164F3A75
up8vou5mefr5fjkeleg18a9mil,4E5C83F04ECDD688D3A22841B7DDFB9A
gpkka92j7t5ct6bc385qpkirgn,4CE5D03993A175E097CB623E743FF9AF
v6h83v5k4q927um70pe42g2pas,4CEF09C4DD83AFECA87C471D5B109CA6
krd97ni74om7hvmfrk37orva6c,50A5E63EA8DEE64BB21A91E4D29A8237
o3lacqpk5vmvruhhvgup0c2c8b,55448F20C88B519DFF113FDAE1F4425B
ktfpj1vlqncv8srbabovcatdhs,4C664A10ADA842C72B1179E5E53771C1
vmlfjnu7se7acpmksttn7p554s,4C7B3913FA26213072F562A633A269D4
civqvid885u90vpt5au948gemd,4E29ADD8F2744376E25644D3D26FAD51
ejlg2ealcjbmtui04c6uc904p3,54FB610C23A35B37903FF7EEF0A71C21
7thvets5kqm29btlegddjn7q02,51AEB7FA686BA9D2BA220091EBD26D28
reis62gtphd9jt092u245f0a48,4CEB6F21DF752C9084066214EFFCCDB3
aaiobggdkidncsrp3r1u7qpnbo,4FD3C9F37817D50862AC944ED8BDEF97
itbtd6t097s1iqsh1jl44gb8vd,51A4C97A7BAE157FAD90D82EFE150DB5
ke7jq42g3e87vs77nm7898v9jv,51E88E36029D2ACDD75A745E37D4388E
8nuv30133ldgr54gl7e4cbpgir,516BC1A3B320A2DD5C75397389BA7526
qm5p7vvrt8bpalfpcrcrni72vj,53EF8CEB8C59358B56761BC0EE216CCB
5befa7bchp3alv7l5a43k272ec,4DEA2146C0C779916F2C6089E4A252B4
935n1df3jc6oqe91nl88ebqs4c,5546B425B521220A8A19A74E8CE5660A
fe51rgn8g0s9uon09lqk4k36ms,4CDF55E0D040A84CAC83DB98BE413610
f3653o7j3alkl1m6j3r2hrei36,54D3FE906DE2CE2651C9A812FD80D570
4tpjq083r3p5103tvf743j2m9j,5287153B9569135813C2AC27738DD4AF
25vgksiin3q2aee4em0ru2v3ql,5077E58113C9534452DB6EACB32B8621
svk218m4ias6ei5up36uf0lf5f,51795D54DA97A7973149131C4485B2A5
ocbudqthpafslgcljrshkbv9h3,4F0AA29C84D86826493922713005016C
i78fi0j8v9du0koinec0unkra,4F15BA44808DB18E6C63DC87FE99998B
4f9uo8dmtar7h6l1joooni0bv9,4EF322434950B9AD0AF2F183D8479E56
6r6hro232dshgbp9ni4reqkqf3,533607238B25331F42314333F091D8CF
e4fa7t7erojsp7amlqhibli3a0,4D03A859C44C0D72B70A70A3DB8E5EEF
462s2020khn3fac4sdfeblfl16,50E67E7960E5FEE750B63F5950FE11F3
7hld1ascjovbtgls1i4ar28e0t,50EE09644687797506728A48423496D1
2tfj380nl2ro8b0koo8hvu4d48,4DB0DA653692A55735C93FDAEBA2CE66
beplep9c4mr8ht1skqp7os5j1p,55021FEAC488B0182CA788F7916403FC
b3fom07i3lq9cp6givj96lo01a,52D9D146782B8A5E81F48132D9FA0F5D
uqhpfsc0k4fimo527hq9ou55f3,542DE72F49AABB1B26A3671F071201D7
aup2b5qbs5fchq6cosh4s2q7oa,5349029D8067045CEB6E080918256E99
1tgmer3qa8oldn333qrf8gcqig,540B6FC4261410AEF6F4F4557F2BBB95
h7lac69bhf2b27qfik7bs1evlq,52DD43F62F05044BBA508CA817F03ED7
vd6gv4su0l90j469m1q16bfbdd,4FC544A52131A293E4251ECC572727DC
h7nl729esah3k0i7bvbaru0au4,4ADA033E6D73D24EEEA804888E336D35
vdi4uuojbcdsmpsq7b6lgai81m,52A0E02907D872DF0E375E83DCAC7E01
99ssd2nhtg1hsjer7llf66n2bj,4E0A28DC15420F4ECECBA832FCF8E36A
3o37n4u7kg3do0phili1tuuecl,511829988CA86F15D3E936E56EF814AB
r2r9eb0985gdffuvct4lsjr9lu,4D0E69F6ED608EF67CE7387ED273AA36
ad83n34oaon3i59a88s39ib42i,54B9AD37138A1B8D74B9A01F5B0888AA
9urjvm6m7hdbsergmn172irpne,4F67A7E97EA7B33A990946B9657F2F48
181l4b9vfroljbu6c49j3i28e4,4BB40F33C36DE35DD1FB9966B5CF1216
8bdrju79iq2nh5ju9mpaet6q9t,546E7533FFA1699D669FA0CD190EECDC
brt8410rhprm2r7ko6vd30e8kj,4B5D4644A5F412CD7D18C2BB1E9E12D3
2obuaoe5cbs77ihc555tgr69ip,4F9A1BEEDF148709E4FE5E684929F6E7
efbfetf7j3avs14f2f8gug4h3q,4DBD3C2BBBBA199BF01A6A26258697AB
9or5lb9j6aduaeoqea1mp5qljc,4CD24EE2C9A898810E5A839949746D5B
bc34mud63g4oipbenu1ev96ia4,4EDD42D864326735A006042B764424B0
fcr45qpir82cpgas283ckivmuf,4AE1D5FA0E53259C1298D99FDD3E51B7
mhb9ft0nmfea1lsvgsvbrvoc6t,507B4E3D05C4FBFBFEA7214DB790F309
db0decu2r83senq79pl2cjbj98,5523D909A8E655883AF852505B2BC8AB
askr7jvdtpcb10561ehm15ucae,506269E1833B98B6DBBE6A5A7D4B9C82
73bagpk57c347j0t3pe8plkoof,4C254D8F6F883E8415ABD4A1680616A5
d43ffknkdark81vfrp8vt32oqv,4F8D0612B7589DD3E7F45AE8C2BC2F47
9ka3k124na081a8us3tl15fjt3,4E30A2893F687F49F17461682A5FC63B
ue64ob7kafuuri3s3eossi3tdm,53633193973D8D1B3EBB10E0BD0BACBD
ihrl8crvfnkrg74vvanp32aujl,5130F56BBC6F4A89A1E953DA665E193B
65kkm23a0f0qs8v3f2hf7q790u,4D351A975F0191034EC5DDBB8DF17288
l2cc2ls7qren7cp27dice35dtg,4B63A0A51E156CF4311AD7C16E35C9A6
11gnlt893jgklbk3212ni1m4nm,4E0B06E4B963BAB3FE53C7A7E45ECFB0
k2a6q8u20bnsuur6uuv945u66c,50776B5BB85618EE706F5F1DB72AAA4E
to0lbt6hbn72pqhlilq3h8kgil,4C01D99A2C1A4BD02FDE41B567FBB35F
cu1s40poevungc53irtsklkm87,4BE1851CAEFBA466737610693A9F836E
ktvc3gsgjtvrnhju7kn0c9gglv,4AE0CBA9F5F8D7BAB976E32E72297FDA
ke61cjke7a9sqeqg5vu6j6r1it,53001224F40C0CD8DB5749DFD6FA32D5
2j71ceod5f170r35614pjbu8og,550257B177FDF7104B4FCCCA9DAAE3B6
es092od76vuagv1j26rnec7s5d,4D09C0B86840FC109C4CD3C5D0964A36
oemc2etabor0dcoerjkp5vubs,5515DF969C6143A0638B87F3DCB30861
o995l9pe5dl8ulsjb84rg6f7bc,5341EA02085F363D4A5FC50B680CEE97
68pfjom1avj7ddqpl9e0q5dar5,535DB9932F15B08DDD2F38D501AAA2D3
i18f02rlq9a8et8ika9kfkicc2,5551A8ED808F200B9413F08FDAFB116B
3ahhi9up0tdafrtqflo6qah7io,5141130CBB4EC9120DE6E9F7AD9350AC
t942lvb9ce8i5ddaf3hvnfur50,4F4C6FF11098752A42A76E3BBD75358E
r1p5af2ru9t24l1741l46jhmpu,52F8E5D64129AA473BAF720354582F2C
4jgmssigg3h0unaeb7iv104hpq,4E15E8292A36CCE1FAE1AA5963668CCB
r0gm3l54d2aof1k81h6kf83pe8,50D8DE434A3F7D99C42DAC58A78B5A7F
3v16c6iv14nfrf87bjljlu8cq9,533D16B2285A006284BC4B0DE24B65CC
2o4cmoqm6ba23vrg4dp6i2uuf7,4DF2D5956416E18A437E284D529EC8D6
gqqc33qdvng6e7mb0i01eoik31,534E2F330D12831FB462DE9706287434
sujhrsibo9apjm680k7a8533nb,522D29F7D808DC78F2552CB64562404A
73q1j5qjcedb395r2t9a1mbd1b,52347F75A8E70A202C77BD4F673DE814
9r4aq580tt4elfp2n0ajgvsos9,4D947B7539185F00020C099C68E5A500
4lhd54j8liqqu0499bu3at9qt9,4B65CDA2242B05921A3FCB6905B64A26
8n48gq88rurt6kahtrepdtnd0b,4C3DE27184E65CB1CBF1E077A21327DB
abj2h6v2o18l3tv5d1mseg9sab,50E7071FB6CF7D87467CA4F5A1F7A740
q4jovm9q2un3rie433m0c4n6fc,521AA5C23E340B8D89FDB0ECC26226C7
drbggmrv2o1io3tl68o58vvr6n,4C5CA4A060DAA9241AA027A6B05F2C5F
miaftrendg6kfod55v5c3qtleu,510FE1E94FD0E7DB41EB91A1F992A720
89t9edsspnsovr2qknf76hsisv,50CB0DF05A032538EE8C01A1C4844676
7pktj5s4nm4pbb0nq7lt2i2f,4B579E41CFD409261DB1477A682F8EB5
68a7eprnrn62rp8mr6e7vk1g76,4ED602461EE61767499B0DB50E67629F
21qs07ug5u9k40161kkmq0cmde,4F28D4ED536EE220CD072DB85E1CC6B2
50nicfd9jd7994quvt8krrig84,4EBCBFF085865A1D5146C9FCEDC22F8E
e9afg91andj48ik384i25jbjt6,54E1A4B16E838BA300D4F52120B24F55
7p75ndt4fcte22rhbui3q11929,502B25A32E16E1D52F641DF3825D494F
i84hhgsvog03mhgbpuqqom3pe6,50050A0A82A353B76CC1ADF2A7423D91
9r1obdjkfri5jna0o5omaoclso,53512872508C091A3703810C9F5F2E44
qodjunjnu2s7rfs9st4spocvbf,54E553110B84F629A812BC7D000D5C9B
icvlb11nuj00u9p3b070lpndmo,4C0254930297C89074E62112E322B6F2
pbmgvmgt1vvo0f7tumjqgo79p6,4D5FF2B31917E8317461DB266A064C02
b1bapruclurjp9crmn53t5k66c,4F4779DD352C7CA26E357D1742F6790A
7t82kpoet0fqe8okc6r18ah2gc,4F59C251D774B13D8EC228E44A455179
t6pio9dn9k7thpduebh5hqh2ku,515576B369AF9509C9B841A01A1D4A93
4i80qtcs4c657p9hp9qv5ota7g,54078E412639D8A52DE7B6B820A07992
qi7nqfs4s4onhiutqunsq2gm08,4F416D3C804A5842357FC5E17426BEDC
bspdbel0hkr9tmjjs4bebjormb,54BB30777676F5B4CC748B4118BE65EA
hubojml3lkakcgumds8oeg2cat,51C000BEBEFB1E00D8574238AC6C6BE0
c5s2bco247rash6euj0egk5u9o,524081B30FB7BB2CAAA38041952352CF
i69n9drquuqenmc2cp5pgpl1qb,5240323BBC14960FFEB621080B2125C2
lri5nqehsrf8nqd305t6dbgmrc,4E8447DF55EA532276C5FDA10A08F1CE
tttls2c7pe2hbdj8c5q5oll3j7,4AC33F5953DB6734684579628CD38B0D
