Key,Hash
cn3lqadmsd32j37brivk3d6hqj,425A7D8B751824932CE04CD519F5B82F
os91ot55g52uu8cjerplnfmtnl,410A6BCC26D30FEF4CBDD40E33F102CC
qn7kfh1ofd4ud8kmr0sj2bp1v1,43B511EE9FFF278DD0AC7B9917DCCCBF
93i9ptl1gk1r2tc7sa8kdoc4j5,414E2C8B9753F0CB1C47587D69837B78
o6mkhmckflrqq7jntoc0aol3bv,457D6D0BB157B73314D073BDFEF53A5E
b7ddmc3p99263fa9nrrj42vupt,4276C4783ADDDF617D1D447FAACD859B
vhkj7bft7lbq0rc9opm7hslt4a,447F31A84C2155F371C018525420C2AB
6u0nqjte40om0s2bh9g9l546s1,45C8AFD65576CFAADBBF39588D532D90
9jnbi50bdm57ub8pg86r2qj3ct,458F8883AEC702EEE68622E7EE0268A9
sfpf12dhbd7eph0qgud9v25mud,448907F29359347F11DF7CB908BE51DC
44tqha9ho3u11v3eo33413duqi,49C06A3419B0DE44EA8EE8E08338A1BC
v8s38jl73qhq62ttfgve1m5cjg,49DD31143080C4404CC35EBB86642A02
4cj1n30p9r83r9b18e5ahfqp2u,434FFDF374DDB947A3F06F743AA14E8C
3lrttdpveeb8s1krn0tsoj0ghj,45D3D29A21C54317CF5FADEE3F685ADA
h8rlqh2djg5mkkp3ju2a42atv2,40C56FEC57B2F35BFD7501B5C35720CC
fh5becu7f3qcbacndff0s4eqs6,4876B724C8E90E36B2A47B0204D812FC
aqt5t66et225hmhicgpp5p721g,42A470C7CC499E8BE65C127925AA0B11
adjntnk6vb8sb605s07jt7dnia,47F12ECA3226F911249E60CFA45326C8
3ei4ngvhhk81ov235lj7g4as95,42A6F593A69A3729CA09FD709592208F
ta4ev7kscjqr6bbfdmbfjj3kkv,45F91DFA684304AEAC9FEB488D3564DC
17pn3p577i7d2h8jqjmve9qgeq,46FA34321E2EA36752D6499D39D6AC34
r17qib4ri7p6nb17rajl6nct4m,459546EF0E42EBF2C90CC57FD38B3535
sfqff53hq9mecjbr9os9l1djlf,4A42ECF8CBE2014D2022D8F8E9F97EC9
pojn1avb7bvp6dio4l4uph72mk,444BC4E9308DE0CA04612F7E62682AD4
pnuccmj67koml4eptj34bui2ql,45A4F7F95A9E8A8790D67947467ED5A1
2qm2spnooa1v3ftumg2969me20,477425F121B86D08AE3B25A44FEDAA23
3i9172gt1ftks817r7acc6h6dd,431534CFD47924BBF3CD9BD6CA500DBB
vh2phk0n1b40dnalcsssvpnuu7,40193CE655AC6E2A3DA8AC4BEC7BDE97
74ka0udp5lp7u476lhhe3ehgr5,4903138744AF4C33E019D18A453E6ED5
4bd4ke2um946ielgi5dkffndks,4A39EF186DF611B4B14B53C405722B21
qugudp07cs4lmv50f0fehqb8fk,48D8E96C16A12C9142347022CB852D00
i06pv3qcgclh1h1src5flqgnr4,41ED6BA5032EA45933D1B1AD51E32615
3i4vkolv3ob1vv3qvbuhvq59cg,463E59D613042E638B6A21F0C17BAEE0
eunplcvcb4pbtm7vr7k2vose8n,433486F5E1F2542B0E51F24057550D17
lri5v428l67lnccqgn2uogkk1m,4888618969BED5EB7E391BB36F1A57AA
mf6hlh7nhnjfq881neul5ng5f6,466EAD36D229D2E32FFE314114D3271D
2b52v4532rd3s7jeli6t6id6ph,42DBEFFFAD291D408D11C83A269852E9
8i445a8ik74n7lmtu48br26na9,48EC61C7A40419939050FACDCF571C3B
84ukpfjgb97udf7bl2a6v5hsil,45DB01F5D6FC8DD94B7687902D6B112F
2sr4thk8oub0a62vuffie22f92,451CC751D55B8C07401E69DB41971E76
b8l4e49h8nqc2i1nt3kmfo9nc0,41740F0510B9F5E944B7429297EAB44A
fu4q7g94i4t2qrb23klfbjfk7q,4593283D17E005C2D94AC3DA97230A6A
dpht176b2h8374oaqtg7nnt5iq,45BECD1C3B198A038C1E6312DA682CFE
o9iufqqpf5kdnfjvtkrtdih9k5,49A5EB3C574E28132D909AE739D4AA36
677aima0mreoqr906j4qh79e5f,49E1804AA61C10ED7B2194997DD64967
6rpqpt1p7dqb8nh3mk1bl6s3s1,41C382D2EA785A52EF31D7F009B7A64A
4ugjr1s5pv8e4r57cr8h2m7ber,42C3E7FBB7D99FE5C6AB174408183452
j61g2trr5u8sufp9oi4e0daf15,42B473CD567C70662F4CCB8127308366
92e6f2iu71n0u7epv6cnppq1gt,4440530CFC0DD9EE4354569A98883DB4
vl7kqmroovruau5r5bcnjkvbrh,4A1F97DCAAEACDF9F243159E5EA59D53
lrfaqhe5pe5g0a7bj6i6jhb28c,4512101974E7813E13319F951590E5A9
qqp74org80s10c64sch3tpili9,4040EF9A65307626CF8E064AB08DC660
qrhbf2n279ci1bcli0ci19c703,437778D37B373158ECBCD6E4D4BB4DA2
29nl58d8esqo89lc8c0olol4sa,4A079C0E57C102D4E4CDE564E0855C73
p82ss3ndmmvjn3c8v7mc94anh6,466F70B19F619A54C8F119B6D78EC120
95t7nb12tieumdckcdvf787ots,47AE00381666D8A5E80F4CAD58394E4B
sspnope5p8i9gmg8i16qb4102h,4503DF03C1397066C6B8A4500F848781
tbdif8qluf0oaqfirne4geln4e,4A89E9B7093499C1197E75C6460D027B
n7etijvst9dk3h1tfq1g4oi7h3,45F0C418D22EAE47188091B57E1F81C7
t7kdloqfid8mglbfcfhoj8a9ri,46C633A44ABB84FCFE19844E21581050
lqrb43h8i195a0vvpnc7rj7avu,49B0FBF2A8F045E814F8222072D35D93
urnqm4amsem9e677egiapjnrq5,486527486ED3602EB219D01EC641D82C
u0rtslevgrlr0pdusedg5m01ka,417D6E95F1083EEB16308A648DE3F750
osqvqrcic4c6no02pbcr08hhvb,46728F02E8E9FF8C5CBB7BB87EE55B94
gfd6qb57jfjqvdafsil79pfi8l,428D3C936281B8B8D30B5D281CAC0CBB
6pdljfbafcjjaijftqn5noc8ic,45F21F83797579CA897F37B006985307
nn5dihchum165f6eesq63kph7d,4096C99F0E12EA171967642DA652AE79
67fj1qm3hvf0pbi2j90gaugs9r,4A26B6D9BBBDDC8815A27DE2A764D1B5
cdm6vfg9gt4qskugmmcst39gks,4123996C7C363FA3D868163E0CD48211
bsomja0fqg8iln2nvpobib6hlt,4102F8F7FFC3007BC2B09EE573FD27A4
1r9hqp2ka2lmq4ilqo3tndccu7,472FBE573778898C6F823FD1600F199C
genicmjf1adbdcif95dab5q5k3,435D6A4033B59F1BE787F3F83124CD77
f56pujqrrgv6gcs0ujitjs2mce,42076DAA1A6ED285C399F3BB61EA07E3
ae4pc13ksqsu9qmfbvq41cs2n1,47DF092EEDFBB746626E1369E50D380F
6lvjt0ob4315leg1o3n47e7a2k,439AF9A8A46FD438A0F71A8446DCBA35
hqlalvci1bceg86n0lebghq4vh,470F905AB0CA4698EECB00BF49A573BD
376265fnbvv3k2qhekmq94e4j3,43B91523884E5333BB4BA4DE737DC10F
1pp4n1rh9ks09q5cdto4snd0bv,445D2135D4DE465488945DD9A5D9FA9A
2d8amk0rj4obop0hj3mbn2g8bq,441C43241E8D3013A87D2A8981B74213
upgvvcoscrc84djgt7minpm4ko,49459D063F1D2C821578479A54842FA0
m85aajj95u0qppoifss3d4nsq7,471F0F4A2A5636D35C31B7B1CFF7001D
al2rg3vo3rgbq0hp62mkthev7s,41DA4B7ACD9CD1908412F30C50F94ABE
3lghklvnj92agum2qjgi7iqv6f,4981357B9005817E67CBB3CD418314CE
jfgkiqgq9nkl7qv5kp3gpvamj,49089D425E65ADB887524D77D9FC275E
c6ekbccr7t19qqiet21kcmuf5p,484E06417824765180479FFF38EB5018
1at97uv9aharjg0ojgmlcilfgc,4A79BDCECB0187ACF7F61AB6AF4732FF
2asla0fh65flirppkgbqmjmiqs,4744CB8F6DB30F805E426D9AAA164C33
lqtr741ev12oaij0j7jc5lo0tg,45E49E1D9AF67CB1BE5E75D9B6E3B609
c00dntd522h0o4qq534ph6vf9d,40FAEF595B7372CB4A9B7035AB68561A
dnveqegjn44qnms50i9nuvvn47,438708872363E77C05DB0BF9E64C8776
pha18f8m3mj8bru1rm62rktdjk,42E4D45C819D5755388BF54D0910FB42
4ra4g44qkra39gm9easdl4dnd4,459EBC4CD1C90681EE52444F92D649D1
lbib3kie4nqmjc8iuf86bhrapk,45F2A61E30B32E85D5082FFE58B4173E
497p4ajldblbumavv5tv1fnm0h,4744AF8C90E7B12569A499E22330F0E5
fb3n36vs653313gc64di8antm4,458F0E07A959B09853EDF1FEA29FCA34
468qqpg00snh00ipthuorfb9gn,48918E9D599E9841629180155642643C
gq9j8tmaumvbla3ob46v0qnnkb,42CCFBA38D604FC9E88BF03DA60B2361
hkdtm9ju5mohoau6jmmtfgnime,44F85A6B137FB6A5F88B003399F1F4DC
t3m465n7b43e2m8de622t3pe41,4393478BC13F1CE3C5B32659EDFF9016
ia5o95ffhtj3jn3r04lb4adu8m,442F3D8E01581C3DAF417121D834B450
4uf7taq510itr0cfkasmtqk7bq,47FD03CB35622FF4D5CBC00F5B871DD3
maeueat02d8a4rchl4ltjjclmj,45E805FD6FD80D0863C40EFC16F778FF
7iffapmkoc3hf09k4pb0tbhhgh,477D2FC406B2F45F20EE9D060F548F6A
1kihuunplq0iahc60mj67kua66,481396E3EAE6D1183BD0DB5131BBD7E1
vamekl7msu2cbuf2uu0t7a8am8,4287330860BB4A5D8BAA8FD9B5D71020
kfhfb1q4g321seovl1utmn7hva,46E54FBF8CE0ACB29FDBFC0B3DB4AA73
m2d79iks35917kni0gstqa8qa0,44CD279844D821DA5EEF9B661A8CD3CB
h1kpllmc143op284cj6hk4upd2,41FE43B36E19AD2008F44B2E6956EF05
jna579v7p1lcigp4d0e6h4bk18,44750D12D827DCD70EA711194FC6AB7B
86nc6cjeiqelcd0o57g8t2ea62,4AA4E7C4C4A565446451A87E7937A5A6
nq2s1isv6n6vs5ngt702tlj046,49D3E54B2FAAFF56BC346082353D6A9A
i9g87g93fgl4slf53ok1prjc2o,4A7F95250E43D6FC7C90D5BEBC90D97A
s58kpes6o9andju82if7qu4l07,45E29FE48AED76EAA92AF0264D673089
q3lvt5j95l477l071smjlge7nb,4A6D86494944D9043AD151C05EA320F4
gqgconhqt13jola6c98ljlhnl1,45473EB504D47E79D6EB9528281F3345
euihqiv68tt71svjbu5j2aamga,4727E05AE5A24DDF101293C0B1CF7845
eklk38glrcg30l1bvr6d1bja7b,450B09F7D8A0E7FB9D3A453BFB1765B5
fcte1ick6nigfb6aqlulqa873u,42F687EA80DC1402F0BE47DF40871F4D
o23jto95terkanvvjpqg8ufilc,49A1CB43390EF4286471309ADA6912C6
nlen5tqh5kkbb20073h5vduvnq,44352BD2CC7A0CD170935E6D1193D1F4
e0q0k5cvrtsf0b5sehllmp3d52,45F405CDFBD503AD6BD9EC57B0A1F7A5
uibttet0v2t5jahjo65l813dj8,47E02D593B8E363901B45836BDF27B92
l7o5jrf9jhucb5sqvt1iagmelr,45FA645D5BA739F4ABCE16220467DCF8
urnbs6r94fkbcng67lsjlv8fq0,45BEA89D1ECDED449A646129581DCB8A
51leted0ludba5e7hsu4tnqqda,47F39EAFCEBE4DF85295A8432199D102
3quford10f090a91aqj1l96lj3,47BFC7456FF4EB24AB481AE3B1660F58
ktm9osb4bkeffr2n44pc44njd,4A07EA6928C47B605E64FDB1CCFF8C9A
oe0524k0qjil92v4dupc23ion2,4957A15CF401A50F44D98388C9142113
3i02nfmvta3n0jrgo1ir398g7u,40CA97F512776474D8ED6475922C08AE
dknm3hntl9a3ps8kg85ot5nc3u,41A8ED5F82E165BB180F3E371E3D5F88
mo14g8kc5ufnp8j1bjr6s7is1u,40257123EDEB3724FB9F8E89F3222C23
hj41garoh3bguju25hqrmmthq2,42DB748882CBE60872FB956370E688CF
9uda21c204e81ouenpjcin2cah,457B0EAF31CCCE4139FA6A44F204A3CD
qgvi0bqqvaad8nh5mrkkcqdlvu,4621DB91E373FDE43455D2D8753F2322
cq9gudvh6tb77rtpfco6dgu4c6,45A6CF17A370455BDC7056DE82BF91F6
f0ue4gkpdourb55pmsoeiss4lr,47713521AAD516ED0C183DAD1F3C3069
tik2pu6q04vrje4sdjvb3lqci4,47A48873228E02119CA4FA65B1F63119
57b5dtemne2sfmj0rgeebl3q98,40F0C2C0B39F6DC81DBB9EDB36E452B3
f5lebsr6ifbb22dv9vr20q4mcs,49F740F8D8341DA84617463C18110F57
i4qqb8v2l0708lf6qkk37r0k6k,49EA9FCCCAF92A58881B1F6461664E7B
d90pa75u0e5t12ci6gte5m9lo6,421547B3D15D39F53324C5A342BFD684
1omrh0t6tpv16bk4rhjgjd3om0,4887C259A63D1713D8CB6D95D441DEE5
qem2e4kq1i2ot5jn4mjd1q0nec,412F77E262E90DF2ECD3457A4FF9D618
ksjpshf69qar20celk4i4nmre,4A626186661AC4A24204350371C5DCB6
fiu0v9c08t58ku59g7otqp5t0m,433625D641F0DF5BE64AB9D57A7CAE84
snqkd3qvupmmgg2nddnlebmno6,4A3D78494BC2379901C99A94A0C42C5E
9dcjs6v6sbtsnl11fsl1skcu3f,4A6D97456FE00141068CEC4813C2801A
r02m4l75obtjljilp1ko0vj9tk,45F75BB1943B307E79DB7F162A735A6B
1g886hi14gkdgefl4s9ki0bfmn,47051A71A226B9E22CFAEC5DF6EBE0FF
5ssorl8pb2bvbtqqf2n1qelce0,47032F5D758413BAC1B9BE20A6BB84D0
2m07c0a8fhsrt7i0qb9da0dto2,45CA05362FBD5ACC3AEBA57DB14BF648
ht6bdjbe7g5hqiq6erh08sq46n,484FDE5E870C828506923B29F682170F
oeues51g1o66e6aueklraoqf13,437E83550FB55BDB182C37056C401D88
7b2c1368i238g9ujh29o5p0m54,4A2E95822B3631BC2B582A107F629001
s3n1d78fn4vvv7ou47riqe95fs,42CA657567FAD0D612CDA428B46567F2
ef2vm9dfvdodcjj96850p12mnm,4368539E87D57E9D20C2595D3E24D735
de0udsmcjrn9s1asuhnb9cua3f,48771FB510EF9F8E8B1B0FFC8CD648E3
ie2rgaojr6prknvj0f7fvqb8js,4079CD22C31311573714C0A066371FEF
e6esqu6im8042vja91ef9ia6oa,463C808E3C5C56A9BB81FE20331413D7
5u0iaokdbdh8osu16rompmrfkl,47AE293C7B55C99D5F6A15EB42ACAD79
f2veqo65vf3ke65gekk39i7qab,413A70B8301B39B4AC3D359208A46F1C
m8qtvlt85ehk7nag7oo80t60eo,412ECB725DE149FF9987782B73B81ACE
qksvua5bbr6tle76lpps6dp9mn,493F04618CDC83C2394AE345A0855CCB
l0b5l2a7srifts9fepp5hca4m8,421C53D4893978BEB959BFB19F327A9F
4ma6q8843nt5ipt632nr87ur6v,40DE03DB796F92AF5E76FAC3B704EF48
7vn2trkqifusae120502jvcrh8,40867FDAD3F11D94EF212CCCE71CAD91
i93vgovp25hj5flknfouvnlhn4,497B48616CE56C58AC5DA0F3A1CC04A9
hqdnng53ed9fts0q33ulm00sf5,43AC12D9E105A838B404A55CD962E14A
ek551d0uossa4m5f5ljse60p5k,4A6A7E8582A6CD8F5145C1B486BB2918
g42ckdpp3r5scupbrt0m6n152k,432F0670A5DAADB60F9F8D96B5BD6059
t495bs5jngipi545nfdtca3dr8,4670E9359CAA958B4989A64CFAEEC548
j3r33v1so2q4tfjt5srkup1fgv,49CC2C03C4DE33DDF4077AB62E710B61
t4ipvfe3fac70uptcpn8o5fvam,49E7AAC3D4F73CC6DC54BA45798727F2
8p3d4j4hrap6icdpi1q43f2999,49CEEEF90F768E63A81A3227ABBF4D35
bq6sjh0s8ljhvbko35iblaa27k,43BA8D3BA6C449690A2538466108CBE1
i5kqv4d06ujhdklkhovuajk6j8,478C249A8BC4884E8C22E98ED421D76C
1736k3v5bi1rkr5126701arni5,4098BD1233D750C7DA03D8BABFA1C5C1
v805ts0r9r68egedfsum60ptrp,4331245AAA06D38952479BCF942DC0A3
799u4rm0l2c5s1vkls5ibdha4v,406C53CE43FCCDE5E41D481068967085
jtk2i54gobeli0888kgpa0lbmt,44354A0D6A78509FBA72A1D5B509E88C
d72614r1hncdki8fo8c28esrhk,498D8550F2246FAB85C8107A2631F663
9lu8dtf576h0ie5pn9tted192s,4A3817E8077FFC0E40AE53ABD72D92D2
mvps6qulgeafl85412t9dt37v6,41047438D1C0BF7B6B8CA1099B4C022C
3h11c9biipjumij1os7qmjb2q0,441C4BC85024E0AA5BAF76545FFF5C91
gn8h8okotln5b53coem7he81le,462C01FE525FFDF30B20AC1349D0FF29
48tajokn7q4rlab9nm1jqjaq2k,448DF88060CD5539153404D8331FF71D
udp3eqrmkfqki64lhigt1fth61,40C35D5101B6CE170D96288F6A9B33D4
ss9atq5ltqnqmjf3dqb6hs47ck,43550639A375FDBBB715E4FB17621336
nl2kv9q2iho89cbpl4h4aqj75j,458B05D325D170AA2FFBE4DE2722B3FF
hr09446rd5v31smnks9iss0n3a,49BE7EC9092F4E63BD90D3C9B41F7C33
6b1fknt2jgodgv1d1ub5hng6p9,418DC92D668F2AD372D931E9E17C6DC0
jhqfogq3nct11fe5em86msho9b,49A8710517389BD8CE1DCF1EB976B276
q9dl560tcf7k79koq157554f7n,49B740370A638D1E1C7EF4CA21C480A2
3mnh5objq1c866gq5751all91m,43D8A09B177F5C67114B8DB88861489E
pne9g2r4obhn9vd63ha6ot45v6,4AA497BB30D1F83C2D9BE2AC9BD3157B
hcnb52vvfhe408gfq5otcpfa5c,406E067496239E54FCCCD19200C69FE1
bo1fbb528tcm62g8nog1ckv22o,49FB4C916D51DC9CAE15C86B0373FE58
6e2332jjgr4uau8u9u0kdq5ivt,49926BD51BECE5E4E8F5571CEC974AF9
rr2bdo4mod5br2h3o42jbh959c,447D5C61402C1A1EA050AF120FCE55D6
eaeba9vlphj3buih7kgr9km4ts,46F339E7D3AD959BD5C90AFA05D06091
v3b9cdf1f9518h42hn8dab4kd0,4031948C520559B29F8C0140D9BF3392
8amehbhr1op568b93k2bjnj3tt,40296A5AFE8F2B0E4911D62B25F07F20
ndagtpnor6qerfa012lbf81mt8,41B314882C877DB3049B8B285A76198D
77sjhvtjrpmede8vfohchcholf,42A679EB8AFD8AA0E89C828B86E0B56B
r4fqho2vcsu8bge3k56puvac8u,4AA80B01861CC6171EE02E6F1340A4E8
beo1tugfh9ovn87ogbr1c7j2s6,49B6C8BCC3BF35378D6C2CA98900E314
rq6115mq4fg74j9d9rf2almakh,48305843739F2F7757D694AAC780B37D
p5kh30s7ns2p6bblnkb4fvs4u5,48F5EAE9A180FDE92F9C89C71C486766
o48vvoq8mj792etcdapl1u8q9t,493E707BC4B015DCB56940ACAE66F60A
i54q28jog0oh4rl89vq89not4f,4A3B91FC35862D7E20A712174AE75586
gvtv9gjm54cf1g2sqoccjf4090,45AC925C4DA2F3E3FF3078113A00CA14
b34nr1sr0qbokln76cos2jt450,481FB5805775995A3A00B0995E287539
8jacbd7ha8i0tb06j2ptfh7frt,450B18CBC1FB3B917F3A85131CC40471
ilbfvvmos94m5q8kel1ptp2d77,47DDFFD181D726882C6E5C81E5587E9A
24kc87hfi600bcei20ptdcs12p,41590F318813834D398C9219E0ED43AC
2eofmv6oh2fp0l2vppteodepnp,4A44EFE1526CE1B8F7BC49888399294B
gkaqjf3a8kktihbgu6sfatjd2k,4A7ECB04F538BE6BCF4166D9D1511BB1
gljj4uv9su3rcv0jrb94rdu4of,42E8DC455F464FBF5104002DAE8D35A1
c14cbd0vgm3g6krjrj998b4lbv,4631D4C7E0522922BD0055F44C39A335
ur79s1ap3op2q9kefv1ib3u9ra,4216A28658D5374B57A6A2DF8687D344
ve42j36pnvl03eh00ijbthc98r,4838888E2CFE08B83C699C443B4FCA60
rst70nnm27ubq9kr7l4sam9cp8,49338712F3EA31BA88BD351F1D66CA7F
is1uop0lmkl0ndqan95a39q1ck,49DF7FAB0D7B3127603661149CF07F42
7ld5eim9g3skerudvl681fgc3p,4243EEFEB5D204387A53379ECE6D3BA3
851264kc4e2lr4t855tpcduaje,436EB72DEFDED22ADE7E2E9641DA40ED
l4ion94279h19r67kqeg4h35j8,4940C4DA487E10E0CEEAE6E04B6CE12C
9r5v5ctl9g341toaejgitqvl8f,458DBBDD3D38C93F6214F9ECC65F9AF2
65abekn5dmju0lqrt3ulere4ei,47F1ED4B97CC03624208256069555788
boeq0gk3df58tbcrqgoeq0ei7s,48F142C5270DD85DD44CE3523EBC37EF
v2jh0t6oqtj9molhnkdc5eahr1,45EF91051624AC78AC0FB3ABB36140F5
3q6qhch1k47rstmkjpr9nv5jcq,4483FBF760BB449AD8C8CCF2E3116975
klj9a2k9kr6bb7ugee6qpdd4bt,4063DCA93C4EB169A2947CE1D35F7D4A
flls2m3t8ljqq46sjjvhso2cbj,484C86F2B556CD10CF6B6E462ABD5F92
arqm40t0ugdfmv58lcng1lbmsr,495B87B71EA34B81967DFC0DEDA64840
c3aq2h7r0a0rhmpmq1j7osc0gg,430AB276DFF64B01C4B1245A207A07B5
i8vp8ghhakd2boqc0ptj2sqs4m,44C0FCA4CACF9EA177747A336BA1085A
8nv7to4pp5idh5t0vl6md6f1as,41F214639FA846A79AD362182CDEB7CD
kq4fbe8579ajgli426vs7beago,45D724229751723FBE59471EC05AA0B5
7itnn80h5jddbqc04dstb7j3qd,42DF931BFD9A980418C15B3C591CB5EC
em4etc3q76r03n1opn5jku9rup,45A1155DEE1BA2BEA3C5505E2842B2F0
bt768v2dheu5hlb5ave4i3m3p5,490721979C27565686C4AC3FE0624EB0
cb63ce94ho4t0vr23685m2i6lk,402E3D0C866041BE77A78FE7A29D10CE
lfirmhdtnlnq09mcac6d5smqgc,44EB5422CA80A86070A05B16D2B0E95B
bu79fmrs3g653kcmi5u9s4kf57,40D85633340EE53B4A8F1D869288C6B0
g6heqjiarle6lrkij1vjg14jgl,44D5EB3FDD3FB2AA5C30E231AEA3A294
t9bbj7cc2snli5i9n0b2i9eb4u,4595E1B518A04CC26DF921897A6AAB17
sdug6244v4hdt16322abk1jkl1,496B8B546A53D649B53658F9E22750DD
h0fjtji9d94qkd1394gtm0jerv,45CECA814CF733136B46590B79330232
l9f9gu7oh17votfudajr78alde,457CD2D94E95E72231E7C6244EBF20DC
mobvo45evs4o3tr1s1nj2l9k8g,407D497C6540F4115D939600418B8AFD
aljfqj4kbv5kab66emi5laliuj,41E5127CD5BAEBB6765E08478C941DB1
jisf4fi2j8hfac6h4kpmvgfqln,430A04B7920B92F9E8637CFC4A51A55A
f0gg1p2sqvu6s2jm0l8jiid642,4944ADDE57F60BB9D451B8A7F342C34E
mg9e6f1uqacrnvi5ccr0c8thut,4610FBAA9FA195C9644BE05A6E129307
1thv2d91aolq40e7mhfbq8v20j,42783172AF48E897BF653CF2BB026153
79n1d2jcm6hcg45jkkedfqgv5t,411403D1E7FE65069F98B702B4E4F212
6pno16u99g10s8qanqn9140moa,43DC979C563E5546CE7BB99FE0695277
eh3825b0dstp9g0s6l1qujqmm3,4785C92F44C4E244D7E24867645A4321
p57u3r5bnaval4p18dgku8ooj3,42B2CFB02CEFD7CF75A8F06B68476344
2afe884brmj2o4read3586b34,47EEA241B9BC8760735196837F828AF1
q4ceb8dr8ufvqdm2aj4det4n2o,4707D25E001DE4EB27FC7A734EF53281
ug75pot4s34bc5v7ub8jak1iou,40501FC52A0DCA141E37D482CC05C548
lsmf4ath1993dsq5csfngde8qm,45DA35BE532891D57BF1FC31A746430E
q3027fr56gbs1cuispkesasvsv,4847DE97B0F20D6A09D27646EA2873C7
pu38gsgg4c5gpu9iotbvi91hp6,4389AA1EEC5FAB6412F87462DA630AE0
3c03f4d579o81b6lb3ie6bu4uv,467A055902B0261A202A131DC7A57DB3
s4n3k9f8og943boqajask03r2g,40D1F8B303F4703836BEBD55B3BF2D7E
nv604f6m72sr0qqlscesi28cuc,4A9CB299C424004C18FEF0A628DC6DA9
sascu59p7pdlp2495stbn6qubp,479BBD6F5C572AABBB5F5CC77D6328C7
4sgiqokpj1636l6e5fe3boa5k4,450F1AB4F08CCEDBD5624521CCD2BC4D
p1nfn42qf338vmujbfjph1p5m3,4205999A90B1BDF3DA42CFAB2A81B541
aammj1c5p0cau98ac4q68qeai1,4534F55B2957D0EE0D461E2140C43E24
l8lafimh9hes6d0d87u25t27ga,47D83339155795624327D221B2BD601B
1tiflcd3h1525d0um7ckmnnsk9,4916A5AD4F6EAAE7C60061665DB641D5
1rn7ksufdm27lt3rjffseh5u9h,44E5928C4D52FAFE360C12216346ECA8
5nv8shicpgm1k8b7d7gntp9j6m,4553DA258AE5E4AB8152A16AF27687BC
jgu6pbsgvi0rl3fp04jisp02ic,45937A29D4C0DF0CA2B37D817EE2A2B0
3i8cquh1k7lcige5k8p250kc23,4A7C2DE6EC71ECDBABAD48EAE558770F
qq7pn9b4idr5saukdh360r76p3,490C0658E7A8B77E361B17D2C020D8AA
on7dfjouhv1kpop88hpd2b7emv,42B955B93CE5FA03FE334CE1D4EFD4E5
q9hl52h85he1st0aic48mrj3c2,4259C3FE92B7520582116ED7EF7B5877
ohe1j113ialhmqgvh4v0tepbgi,489E7FDE359D3790EDADED9FADFA9CA7
2gv1tu846hfnr09lhgdfj9kjsb,499433AECC8067156ED6B1E21ACA44A1
1322jred99sismro91kac48k36,42757A2F41EF8AD99F0CF0F1F63BF57D
lai0hnq3mjl8sclavag6jeotce,45E830BEA44CEB6EE0CC0FFDCAFBCC2C
pa1bbiap1r9gt0d6ljr7k6k0hq,48EE8117B9AB0C6A627739D9B26960BA
pnck5fbptfooiago9mg0f8gb3b,4940259AC44DCC226EEB2C21E52848D6
l4kdve6hr2p72pbju2mpte10ug,4954F78E8442CBA990E90606D6DBED82
kjgcpqken831dciiuu6h10k6e3,46142D91B657BE79FD3ADB3435A6D098
q497naq373pmsiedr0552j1aiq,49F45C0649F6C2D46DF8666B918E2BC5
mgn9i76lj00a8m77jpqpn256ds,4025B8DE805A440D134EF7507084D9A8
b60hv1ht86jppdr9lg75alhg1i,40B7E03261FC7C2D879E8862DBC3A6BB
6e2j6uf2hdh5g960v98k41frs8,480FCB4A55FACEC09DBC8E39FB94C625
9slm19d5g6lq3l9mv0g21p0c5k,421FDF298AE50D1ADA98E81B702EC406
evmpk1q3q9s7a5qaghrv1qs9j6,40C8DBA880F764BA1232FDA4ECF878DD
l0c64haiglpg11afitpgen2jtn,4558AB529611BD9F498CDD9496799CE8
g8bc3eeo5je8464t7npod26ag2,46A74323BD7E685502079E1F2E249089
v22kk8h3b8qoq4aqvqt36snonn,456D15E6D7460CB4685F9B826E25F629
c0oeku0fh9ma2gerdn76f1njbb,4385E3702433FFD5FD9756096FC263A1
2rv5ntktu9ifl53r8mqamtb5vu,408E0D24E498049B26618218EA07C534
bd35eprc2ge75p1p1nadfg268i,491DE18B142870AA5C538877A8C2FD60
8kdeprqr1t10vh54qcu3etpsb6,43C71BEB6444B280824645FD81149C66
irbma9lrlam6msqcqf4pc0o7pl,43A7FC287CA4D3724798620F8CBE381C
fddl2o3hsh9c434ds3im5fsk1h,47A19E06EF8B0EE166BB4A4599C255E6
f81lj0l3shkuvvm1oseauk05to,4829897CE97344345B194DCCD870D56A
h82fi7k7lf99bmtpb7jhn7qcsu,4A6E46EAA6003C731D6899B888E2B56E
54sl0me7dl581a7esmo3oe3hbk,4929E3E8F4429E8E348EFC0FFEBD3421
c7ee7olr41817l1mhps6oana3e,49AE85A072F566DB638A51E7936FDA6E
b5blrnu9g809rmqp16hftg9ji6,48ED8B61BF73B9C95E4D7292DB96CD9E
71ce4bku5n213fnvccnubktlop,43588A940EE2DCEF47214BFFBA1FC252
e34s9aifd1ace815mrq356pr8g,442D4AF9F751308F5AC8582C5C92D823
67ds26j1m673cinotekfk5f3ok,467DF549AA8F218EF82003F04BFD9DBA
6mb1u4aedcr30ssves3b9k0rle,40DE36DCAB122D96145A4B96CB53AD71
aonpekv5gpi44jfj9ajs13mrtn,49261423084E7CAA400C9AF56283EC64
bo8bd7tq2dr5ubhv2381992145,45302DBB6F2D1CFD0AA6011C85132E98
e2rgb4eks27mpidj94m8rb29ks,4AA8E8608175E83195741F759F238AC6
o85it4p46ogpvjkk0a1eohumdo,461950647D17DAAD99A346181C6F0EE3
tf02n9gepgtr2nvjatlplda91t,4082FDEB07C3CA8764B75843F9A83C72
eeuu91rk0i1m4q8guurpf0srif,456FB39651CF5195B8DC2BA0323E3E7D
ddfc29k77cf1ug5hvh8h56t5c8,48CF0571AC06E0A8B6367ACFF11CDC72
g1usjurq3fb4ji68degug9dejo,43A0308D5E0CC48C16E04E6D57AFF6C3
4rh7opr0plh0c41kmbkqk06vti,4310444058925607368F0E1FF7186ECD
ma29i2ekag8h37ie2452spcjf2,4192FABE825AD4917653A00A8FA3089A
plp4q3vsdsc9ms5lutuv6r17ht,400CB74BCF65AC3608C89B05A0674DBF
mvn92hgo5f006ncjvdmvv1i9gn,44DBD28C2B80CF2D5EAD6405D9538C72
2b4ou9ot8menesogvrbv7ttgp2,4891231CDB819680C1D1EBEE0A01C722
gn6723s4k5t2ccjdca1us5epfo,44BE6568A5D3A4417D1E3120EBA14796
vsb1tsmo6av4dqdl6078h3j1go,4A8C93CFA767A6D005BF1293F76A147B
ehjg76hefdmjq4ks1176ikcnac,48B430EE6ECBC5321719ABE9F9DEEAD8
s708n9fgrlh33tchiirkscjjv6,45AFEBC7178FAA18A1C51A74B7CF9B84
o9il89r6ouo2aongdfankegmrs,40F7CA204FB6DC07C7811F122D5934B0
nqeig5bkv1uptpuqfj8md1prge,41FC9A0CDA6C3E8D84E33877FD7D06E4
4elci89ruq1bu3rn9a485bgqnn,40FE28CC21D0C4857F9131BA159258E0
8njhhntu1h0nm8bmk80sdbglm7,47A96F332B42239BC154D755F5592C40
okrkospaqal01hukecaqnjp6lr,460AE4F57E6AD291B6F7D04E18D2A151
gi5v9j44qckep2jfec2t1jhhde,403C7B7F8C2BF87FDDB1572EFFD96A9E
hdips7ovkj6hu72rgbk326tmck,4459579E3111371216AD9A82131C1502
d829rg4jmrqhqiad80rsq980m3,459E46386A6C2CD70D2CE465B71AC668
li4sh228usaku2u198ltl651ot,42DA67EF93462E372BA607ED7FD4D83A
d3pes08chidm3rjgeo9d35v9r9,425317621E66A97040DC7DCF7EB621BC
qcqbvg5rj1lccivruioi4hp4od,47956729D25D448DE0A19336051BBCFE
bin60p2ungmjvsev7ria31qcjr,40573B4F4FCCBC5915C6265A76B1BD7F
e560nd4lnur5c4emctd083puf8,41E5CF302B3C63FE657E2E7FE2EE18D7
1ojrnigce532tcbvci5lse1ue9,44E1C341278BA8CBCBEA61F1493934C3
g29jj8o322uipg1lnu03n0t4ej,49FA69EC58AA12FC4E88334DC480E609
i64nf92tbub01fu5pmcpr1f12l,421CDEC7CF06AD2F1CFD0CA39008B9BF
5p4d505a8q7umuc61ls3mbcker,498835F0B43F3145A892172139BE388A
flmt5vjb9lldt5r09tveju6lum,4AAAA928144AA6241C23C3CB1D76E313
2er20905s6k2hb09o44lvr5fa3,49BF31B23A7A2775D46F4B704FABA010
f4h843536al9c233usg6i8l5vm,494DDDDBC9ED1752C90F595B6C0AE770
up7ab1gkv4jrfcoo7f7pv3asop,4476D3BEE089D94A17D0C2B67FA02E25
8r1pru8si4elvd9o4hdb9q18pt,467CF153291D093787BF06034EDBC84B
rsvo8b6qoks91sn00qisova6p5,4A81CAD2B5AF631822C08C3C5790DD9F
i7hamb9hgikj48cskq333immcn,47DD14207BEF24ABA27BA106E32D4EF8
toiij1ivs3i23okhgp1nir1sua,45473983F9B99C87CCE5E00544DFC9EB
hipd7vr7p97dphduvfjitski34,476EB73FD012551906513D452E5D4522
9db8krckc6ummoqmq8uptbggev,4303C80242827FCE59EAC6B21E70A872
cioikr96p1tpjh45g0q1tr1l3i,49E58F0B5C2CA8904EA8EBE76417C538
a9m5a1md3b72otqt8g6p8f1g8k,4A41406E6BBA444D3578D9D2664B93ED
olg6ppf2cf089a1ganp7o6qem0,43FA96E7897536C9FE56A97EB93AD7CA
44q8dq3dbdsou0n3vjlb0cap16,48CB584652E09F4982F3DFC9DBB44272
k4ou0glrh5sinv9i3agl55f8p8,47AA2F0098E4EF428C97E31F883B3E2B
d8v6p0nct4v6ke9tom1dq0hftj,4A155850BF4D1EECF193045417821439
l2h7aphrmc8jpg2lctqucne34k,44398A57592B703EDC6A754A06C84B50
2jbvqk1u5ndha35njs53os04lu,45E354166A33E767CC3153298BBC6AE6
5osk4a46ip9glsua8edjqpt5pc,439270A0F8F10A7BE8D5DE27A6872104
d9qtm0c5ir5f9dm6nco35olofq,40F8167B451DB089359FC6E22E477B50
shddh572rc5cbmk978q4j61m6o,46AE61EB813FFFB46F134236026DF53D
phm1f6sin0o04nnqb4fbbbl0kl,4333725E917C79DA9174010A92F7045B
ekjq93do55487iq2n0eggjd83i,473719F4A40A2FFC547E3F46BFA3EC03
m86kplc9q2dfukarrkdkjkd03e,418D0CD79207CFE4157C3C2D75D9A94F
ugnfd438pd9kf0tl3n0eo00or0,442B517BA7E432581F3AC240E843939B
k15olvptls8cbe0vm2j6rmcgvu,42D9C3B70BBD87D7171EAEE17E7EBDE6
890s26j057936d2s5e0rkdbo1c,489333FE32C5C001693A0F2DAC5AE1FF
mum6qjqnhvodm3t0jtma572b2g,476F49B9D09632C163A69C5083BF90CA
ojrotkgv4hibdv4tlp7m83h4nt,428C482693A7E02DD1842CF228E41D1D
ujacdn3bs766ociap9ictb1he,4923DE8F4B7C9ED73DE9A0B65051A990
2dk2ndcqgc5miau767tv86hkci,45EA8A8948801855C73903D4EA13E392
s93iki2tu088135s86onereg00,426BEF8B5EB5A6766D27AA50303E0CED
bd318rke6one0aac1nhc13kgsh,440DFCF1D444E9DC5E93394DE4D10BDC
db8ep7one1j36bhbe15nn9di6q,4729573EED5443FD2E1B752D5C1C810C
o2u7fkjdek7k05hak2spvtpc8q,4492469FE32B725F6781EE820D3CE92D
pm05d5ck17r66pl3lu1lljs3si,4410CBBFB56F1EF6A4E30E10B68C0D32
o69lcpt9b1qabhh9u95kg6n3vn,47E5420B63752DD6C24FE0B030AAFB6F
m6u5s495kvikp0mtvtmsu3n6u7,49460EA3BCCB8374182071A6A199B133
au9ppagbpfk8pb8f9ruvqtc7r1,457BAB196B6A67F219CBDCD29B14B524
5o9ksleaq5dov6t8754m13lubu,442E771B222430FA63154B9F248F3279
98i28qkmo5182ear4sk2crrkjv,47DA9816E16E23D81391CC6D7AD23400
mvfg51duafn9dnvb17rd7r81sf,46805709C4B24EDB9BEA7CA1F3FAA4C9
m62m2lqqk740l92qbs8ll2sbtm,49FE2155AAA2FB18E6C789F0D34706AC
nkopub1nl3vlbqdeok09nqu4hm,48E43B5FDD8BA980447AB1C56C1D5472
t1h50ol3fv1dv142sp3ilnokul,415AB426BB4B1683D4C4EF877A08B05B
v8aqi79csqvm857jj3j015tuk,4016EC3051D73CA986A0189D71626098
ir8task4vctj7kgfnt2jgeq3oj,453DD4AF8905AB281840B5351C9FD5FD
vtph645sgqfc4vkt3mvdmpn8bc,4A88CBE0A82B1051DCC290B5DC12E99D
ogeepvlt13f00qns8qimedasvh,4198158531328294D4978CE6147727BE
cpq75h5hkkqfd6af35ug31r0f8,4749AD16627A30563AB59903119BF3F5
jt31j9aqjoj0k6tnag1pshdhlo,41426E250FC0CFD091FD6116C5236F93
ekv5luvkdh0khgnmpo4jfhh6hn,48C0377850A8BB6745807A7739E834D7
3gjltrnc7unf9ln63c9kkokqen,48E212D6BFA40E37F6428107B676AD66
2ckjkb99hd6bb3mom5jak7k7mg,49214B7932C6E555032F92B6D0A8300E
cmtj907dn768n1ckn2njguq5m5,426EAFC05E8234BDCD5821021271C837
o804j2jeig1ho78a2ek6ei5m1k,4A270E13657A119FE9716FCF0ECF9324
mg3linp12e7ugb5a127870chdt,4138DCAC0DE4F8BB1D3A51F0E66095C1
pi2b00127t3ubl42mc1q24j84c,498EFCE56A5BB868C17DF4588BEC1E25
tsksmtj383cshj5fbovh3a7obg,473AA7DA9D4752B42AF23D92F919FA80
h3052a06l1g2820a6pjviv7g5d,414E99476608E951045E90CB7B3AA542
udq66d0ondqvk02ovsn4thpttr,4A67D96BF787B5FFAFC7C7119754D428
aeg66qcv866qecd7fib1jab5t0,4931E4B1D7FB719BE66B0263A3F4A496
7c15338dg2ruddctfmktutagm3,4843A9B18D754968DB299DCB75EEEA1A
457mqhr0tnm8h3cueln43m6p0b,40A555D3AD45669963719345DBD132A8
tlsrfp5kd1g3k6vsol3b7heg9q,4532F87CAF4212C886042AC57877806C
likk12bhu3ibotmci8tmknfpd1,44A3A8546D2ED5288436326CB70A912E
rtqeutr8k4hqfr84pm62s3skjh,48BC44322C8E9887322CA99D17CF85DA
563kbm86gt45hqep8140j6c899,43409910D0910C0AE9699953B5F4DC4D
b09g102fv1pgcnhcdfv5qmu1ba,4983E3FB73CA2F30EEF6435C89CE489E
qd252964rnv2m0p406850e8eks,440EAE1076144F84DFF0FEC7CF834752
goj01q92rnbitvcplhukk2ua82,4A9B1C26397BCA08002FE5437A614D9D
8ib5krdkrqb87tnr64rd8i6pgb,4485EC2227070AE4106E9D9169956E79
orj8fj4cgdj5rdg53lnfke4a9c,4329A69FA202874C352D713A7A034290
8servi6vup5bp5ke01n3vcavg6,49B35CF1D92E00728759C6EBEA449941
v62ird26suqj18of0nd4m6b44k,440E284C7FDD6EE0236F983276316F52
7l8fl27cv93q17dfo0trlc79ou,4843E79A67FB8E174438C3B8CC192C60
fi4m7gshb2rarlim9j4enmg5ts,49C8FECD95BC32CE0A3579EDF1075F77
t3ts4lio1pjgvv1212n7e9glri,4397A46C9CD11D6E9FE09A2AD6B629EA
di16rs9im1e3cbqmb1rojsjtui,41EE5E1C1AA9FE202D3ECCC72E1C9529
4964lcjds2m6atu364s4foc9tg,4300FBCB3BE01E1FA54B3C5981C7D3CF
m9gcgtorklngatkgccaugvlf17,428DD3DE534DACFC713555F2BD6E53C5
kuq3fk8f9ttvttm9stchg9tou7,44AA6B86F119EAC3D29F9689D8997A33
hubublmip38l3teicl37tev8ln,48C120195C5B5BAE5BCE1DCF38B70E5C
29gbqbn8q5imvbtihc0qnnknun,466902CFEDE587FE69BB73CB089CC43C
t2fdtmujt3it05176i2qkibe4v,46C33453C82689AC23261D8604926584
bq6pg28qu2njeqpbrodd2nj3dp,47E8C47D46B18CF0474019F1C57D0038
jhc112jd9b988pesui7ud3r3vo,4158972CD27D470A5AECCC9D0F436B35
lkldncnr6k3iv8574s2plim1te,498B9536E3EAA34DF6A97BDEAC7B3493
9ki2mfsdvlkj0697diij9qa6p6,46F1CDC11338EB721DA811A71552AAC8
d8dehfqat1u97t9si901fl9ohd,48862BB129949B8B2615CC7200D5E38A
43ai943r5cih3jd9l6khirne9t,42AB1FABF42698CFB5252CF1F1BEACDB
mn41ukgh34gk2sp5gqgmcglqck,468501B8E1CE9487498F5E048892429F
ki4ou81bg7ml3prgnj7aron24t,408EB3051AF92D83CB5E732044418C65
c948hupt498l754cfju20m9nnu,41095B02DA42C6A31B06DB73DF15DAE1
ero3eo3s1vgkucjsg467r7nil1,436716C54E0B2919D65490029AF63DD3
b5sji48nd061qjqnej6nhq8vu2,41B67F17A865D47CB624BDD8E13EA8DD
svatg3lr7v10kdn44mnetolu8m,4A35E2A86794A8064A753631151FDADD
h0bnurq85aufugbcptee4skf1g,448F18BF6D79F418A03E5FF3F7489791
6vh3dscofod207qu23c346ci6d,44413D1ECC1819EC35B9296C2EC0A517
62gcm2dhnc64nnknho1lv0squ0,449FF431CC5D321CD37F20E5D6AB0DC3
bubiog52cfu5u7rpqcsn80cvjo,40BF112191D41601BF4B7C1AD5143383
rjpndb1iqou80riodcu229udmd,407C2123E213A8046EA6547092593712
ov9pptcmfbb2tuqduiqn3vefmb,425C8FF11DA8250B85FE1B5A83386FA5
j8pcue67p9cvpr9f32f7fnadiq,42F8BCD0122447A3DAE09D356F6F1845
a65bcepe5m2gprh49h7kkr90vo,41DBCD5264BF6A25BE8ED2E02D6AEEB7
7atjgc9th44e48ctm1audu2tag,46A19C1ED31356B7F2AB0AD5D34191D3
db5set1qb4chl2irvk2kvk7rq,495D34611AC9072507672EFB8CE35217
3c2oisq02khk5rktrp3orgg3ng,4A32313498BC0BC0DE431D8004E8AD8B
7b9q1kl6r6obl0o9peukfc1mja,434EB735E70B0387FEDD5939A4C4E9D5
ctc6m8b8pbfouqk1316km7k990,44AEB729E6C23EE3842A7CFC11AAFD6C
e9qg2pqf4jdb7n3qudgl6ro7hn,4905A5C8D35DF5D17E31357E5A0DED92
igh6hj6scm4ov2qo1on4qlgu65,4188021DEC07F64C6928886B32943BFC
p02lghelg80e5iktt87jjvj603,43A8BD0D9350C9448A743F4F2A632C34
4k6bt83hif6n98ihgmsnrvfg4k,412A2EA2185938BA278342072E60C901
l9nannpk3hfp10n3d4l0lnmea,43C333A188E81F045DE71B3D26203A76
8a5okjl9c5sb2hdc918sf4urvf,48EEF8F5C763CC5482D2F3FD5F495BBD
63416ojl8a21v233bb18rato85,47C52EF83EFD65652BE38579E7AD86EB
cj1d6qaninev3is0m5h90nn0ic,41248EA34F4ECC26EB2554DADD006DE3
fopfrc0l72emk7tdlos5gfno13,40BD336BCB4C4F4ED5763BA88A17D045
h1flu2das2c8a8lqii6d4o9mq2,4640485B409884F124C991B440F9FC8E
7152vku0c0ss3u5alcojct9c8b,43F93D9A07B5A53A21A01C396CCEA19B
pd9henoimsbf0cmtov69n7i7c2,4475A62BB4B20DD55A60C10F209865B0
vj0v5cn690bnbr7inlb2d6a94p,47D9D83EA0B968E993BF1C0F44D51A57
dkmr08farbgmtrpmeo6nsgqkap,40BE7E0877A2C0D5E6A8234F7DBAF854
fv88oir80f5a55u85eqo8prg8n,439A7FFF9C8B6224C05BDB95DA627F63
kuqcrbd225pc9jn4pn8iftukl4,49BFCB135331060E4EC0032048024785
q82820aao1sip9jt4tk0fmh1f1,436939C1EC2D7F99EB968B9035F4571D
nibulou305it9e5g4ht5cppq6u,4170B2F9A6B5AD2D669B249784C04D16
6ku1iu6nkapfirq689lcd26lbi,4A160EF5CEFC3885A7AA8D38DA37DE7F
t27e4phio9e5o6069s98qp9hda,435BD89783946C377F3A6D6AAC54C0AE
cdgvfrsfb3j2b36v8vtpe13ohd,4310FC4834688060E7443967876415AE
lhjubspshiltdgt4tq2kpao43e,474A6D095F2A591D59703ABD12826133
p9jim402h08l95gn7sbshmv2d7,406EE01D20DE842720A07AD8F1AD2EA7
e67191v56661cduejfj3j2ss0p,406F9FA0E1EB3B491392225464401ACB
bc40va3mvdbsh4tcuus95solrg,44897A7D2E9DCCBDBCFFB932230FA800
ct5rpehsdeso87clnj59nk17gr,46FA0B55DB89FB0DC441F1FB56E6B907
714umh5b3jbkdljs30dvvaqnlg,44B80B3F8F7CE9E52A85415BF61D81B7
6udn9ed74ggip3m5lrvfp2jbb9,470E61D72B5D6D869FCB001781A33C8D
14r3srajnskb1nvqbgdvv94luv,441210DB4453469C547D9DAB9C933AFE
96kq7ruu5huplisspd1tb9sl48,48E5C08FA6CAC2E0D1609CBE88F94259
oii91eto3l3l7tg4hrsqp9f00o,49D1E70602E2066CEB322651DFDD5D97
6rq0820qq7spvq1nqug79qv8mr,4963C50BA91B85E8445AA240578F9871
s3tegf0u0pho6f97oeirard7bh,48BD33D62EB8F45DD47B789EBA30C19A
19045r20cuf8mdd8tbv5tvmm1e,4805B2C0DAB240CE279C5A64124DCEE2
pcpk4pijhr6j9kmphqu2r7m3al,489CAE3E8321069E9F7B4928E220FD75
ol4r6qp40lnrgko24elgej2noq,471FD223BC00187BD3052E324D746838
jkj5nsu034mird3qvmhgmd4bso,48A38A5A1FC6E3361DFA6333832454E4
hvrmd3ebent4t6rtpap1c2o650,4714047FF8B5F700CF13F8D1EB37A8BB
7u1dnoi1b9etp0vo82i5i2ad63,45A4E43E462D8D95297E2487E58E9A3C
g98tv9ucl197v9pv795hpl04vu,4A774699CAE01C0DDF2337006D3E6442
oo6uuhpua6c1ef7tf23png4qn,4A0F9C0B75A2D6CB5FF5B959671EF73F
ansoc7nknrpftatlftt7st61od,48F69E0025274989714675210B6CBF20
b5itp8k0h4igvutfhpe92jbt7l,40569569FD6823290B79E784F502294A
cjatsgovc3ucqj6fdmoljbkfld,4A0A5C6058C150D1EF11C409DF0D28E0
abb5hnl5r827oeuh78skjn8suc,44AA8EEFF9011FB4216F89A72D9F86EA
4rm1delkrnr7hidt4sphjmr67i,4449C546DE3D7D58D072B7B1F65F1AF9
vkethhm93sifj0gnd1e9jpaa9h,447BE65459B2C95932038273A3321CA1
pi2eubf9p7fentl3co93muko2k,47B5E28F0352599A08B90FF9E6887DBA
a0lvvt3ne46ac7moani2mm0jdo,49777177FB51F5598A9BAD8307899B01
ihfrdb16b6n0ck2vpr0nl3g7t9,405552FF4C9D030EA312E349702401F2
6vfeeb6hojdqo3i13r7calibtq,47180F285A5FAC9591B00DFB9CBAAE70
61oshcpn5hc2r0o2qn7a3c8qis,48423259E711242334F88EAC2351E351
1qhvn5vrhjk2qvluh2fbepjs18,43A5E0BE1BAEB68D18248668344D7619
vrucj8dt450neicqlm0n4r2vst,479D9AB4E7B9FEAFDE9C3CD9C782F202
5dfefc31o4na5hfllsslbp89k3,479828CA04D69CE9B81A33C4A91C30DA
ddfui3q1qm2qkq23e8j091b5ck,440AC2C1FE73B7AD098EDF8FCB68AB18
h7it2ifj9n4lvtqs3c83ttqrq5,4343CA0E0E48D7D4B1C5779F7524F78C
l61eia0l2sd1k3aignu254s15m,48EF3429902F8C51818CAAA654325D32
be2f56ccr3tsiul0chf1udc6dg,40BC06C595C3FE041E3E14C920CAE625
t5h5itbg0gntr70bc7u3ji4jaq,40E38C3B25E39C6E694610EB91CAABDA
7313h411h1j1ka0rloo0qc9e2t,413C37362443B01BDC7BD39D78C2BFCC
5eavo6h5dm38o64ub6qevpgcal,4A0556E674F99FD88E0573BA3FE7BDBC
41stfgb5vlsq6ncntv4fl83ua9,494E631611D0051F1E694664FB89B93F
sb5ib4jvrlov0qo6a07qhng6mc,4A833AE7823F4B267DC8490F37CF47F3
c34ib0c2i5jl0csupt5vhltu9o,4421E97446B02EAA1CFD0CB44B36BA93
qp4g24vneh97egnh1vki7rfiv,43799E0A6F40056F9D1B1130C9FE014E
dt458m5f71g6dbirqop7ogk89r,439FFD93B9CC0632FE771F6D5C829FD8
vlaf1hm5n5b709qso4k7ggfnm7,49A6EA3C4ABCC78DD53235CE122C75D0
hvpsa9vsnhomvpn7trcql3gu0u,47A79700BC2ED61C71438963AC5D78A4
kr4pc7bod8me75357dm9libna6,498000404353C294348D426C4B7E7ACB
12sjg1tdsd5f7d92bnoqn1ta6s,442C38CDCC238FCB219A95352A121461
jg6sgt9mhs76llhtlueacfv519,48F1B18CB8ADF007AC400FFE05C548D3
no57ntk597ciaam17pn7u7ita7,4A2E83FE9CD58A09ED3DF92042DA64B1
9849vjn53dpad8eqojdnt468tl,435B19B09B06299BEBBA928AB6A2C5B0
rl5r525sjbjj25o8ff6bi47qjo,44AB44A0B9B7955B89ABF578C41089D0
tor450off48vi47l1gp3j53pas,4A8EC1CB613C19E4763B0DABFD9DC774
gv6jmmhdfj0g66jgmitpu24e6k,424598C09D56D93CB499AD1EACC822F2
aqfhhrgvk760sug5a57g2qi0kt,44EBF783F241DFAFFF4A46D7B393215C
hkvoleig2hp2ni4pr66747ifgc,49B3D409F3009AFCDBD16694EAE9398D
dl55e4vtg72a3mqi37qn7lfsm,40E66538DEF304830DACF75E38C641C7
hk6h5hsi1jce2vo1uivqc2r0qu,45B3B32302F3738EF513242CA22A2D5B
ipom12r32u4p9oo5ka0v8cmosa,489FD74E9485294B9BC8FB424E8E7EF5
51kr4k0finh7pq91lsfdn9aksh,465B9E67AE4EC9E1CD21801F458755D2
pmcefhi03ufqca3s4smud6s6dd,4952B79F417D2576A6364693D28DD232
8pioh7lciosj4pnq2915avbp95,46AD3941DFD99F8048552620706D8690
h3h7tv36ounidqqrm2o75u62k5,40BB16173EC3DC3F929E994BC60F6AA9
ocmkehhihioihvpvm7vrnh6a70,45BB00700343E878159DEEEC378B187D
k50k5v2ce81jnlahripb7vg8lu,4794077485E96CB36A795EBB426CF398
k0nb2m49ukf5js0bcegj8v313v,405641F1EB73341EC662B674C98374CC
r90qur0o12s5pfa5f8aar4cpgm,454B8957C6B50F5FEAC249BA9A860738
ogtret0nj9c5h6g06u07ck8nga,44E9E888344F1D6711B8386CF346A485
8o5tika7kdedsd4o6f07ie9c41,497A8DA9065346E1B9B524F4B9358FB1
vpev8qjabu7ai0te32lijn80v2,47AAAE7225E80B680F782CC206C683B7
7um3ag89rbqopn66ri6fgkam83,498B1D1347D7CA34DE0B4F041127B466
iprl4sveeh3c52805linutamk6,45C6C79A61BAE97AA09611FAA6458638
en4foi9i51j7bek7tr41aqb2vb,40529C197B99A2F18D90091DB2C619AD
j6tmp3oipnsiqb57ev1fol6003,44123A9672DAFC7EC75CD7E732BD814B
101c0lldcofkpuujuabcsj0gv0,422B37E60FA1444F443C6B1E7921F313
ffafgeoqqltli2ehb0jl0u0f4u,459E51B43F3D78CFC9AB67FC418FC132
igrivbqs5vo59jl8muj2tnugvj,4AA4ED07E56F907497B64E047A413C2D
67qi91aa9bjd86g55fnsnoabm4,41F71F5E291E097501860D1C7B412033
3nqm49lni3kue2mo2mjooc2r13,42A042E6B7878938EC3ECBE50198B8DF
h484d97pke4904ej0gvj4gjksc,465252E08DDD54A3578735ADAC74BA60
f6qm8vsn3is31d2vact8obpcol,43750998F9ECB948B5B2A774F0FD01BC
o0io344vgpsvdreufjhtq439ak,4743CBFCCCA9D01B4B30559571D91D9A
2tn0ufqv5av12odluhs5r4isc0,468F5D77AFF6025F01F4777E18D2A895
715177r9vtua2llok9voshp0sg,41487B76167BAF6370460D040FBA633F
smjc17i4luqs3m340hqn4n7h3u,415328C0F7FD9834526B363E559F9816
31nvmujj5r6fipmbdrp0o4pjud,453465055F2322CF92A70DC23865164A
sq86fgi7a7lq2m8qccqklpvqie,41038322BF56DFC3D1B919F8E59A55CD
47pkhgfmdoor1dhubqtghffvs3,45D43581AD19D73074DD173A65DCD8B2
e7tu0228ua5p1plfe3u9dbt3ef,45C5E76843D415429E95BCE790D1BE2E
ru8gtvk9a1bds0ombejcqoqhht,47081CF82810F22B420FBCDD9CC138B4
o6fo54irg13spmt70nkm2kbh0,43264FC96E8C00DF6FB06D3F445B394B
vcu1u55rtt6fe8ltce7abbgpjd,4A9D1F1DA609F58F61FA8B9BB62091E4
10rlghllss5hs01gdj37ougd3o,47C65C98751AF8D04F931DB796B3621C
t611duoo803i9n6mdk4tdq6hit,48028ED60F7493AF581F4F22B8656297
kfe2o2m8sq7gr7k98krjh9urid,464C1650BC8F10CDF59C3D743360A5CC
joa50auns4ba9fa2olg215ngnm,40EF84D486B6448BC03B076E4636713E
eqtcnca5qmcp8flb99qa3g84gf,4074DC3E8B481E512999C94E5B372417
27idle3herflbrqq52mpj1lh69,42EEEDC6C5EF59C948A4AB1CE370CFDC
42li22o21lbfkv2a52f2bi7l1n,42B4F1660BF263B317F0DDB52E3C3BD1
uud8d7ar470lcuuk3ar2vfsn4f,446EA3AE034F919A63ADEC3801250424
1e1jdsmj7qqevuqrfnkaacrn02,402EB5FFC3A11B572DED7B4C89D695BE
cvbenubt1meo4f6274nc6bb5j4,47832FF5961FFC9829B1CD522C8DB549
b85do63g0ve4m6kl4msn4q4pvi,44C3F819B7F374AFE6B433CBFFCAF81A
vm69trh7aq9vhket2avvufjulu,48FF9E9A62C7F1ABBEEA2FC92A5E4A88
gsqu0lj7e3pin0k79tdkc1c9ef,486EDABD5AEEC67B91568EA60C460A6B
pvn8tk6eqjjdtn070oehq9e8fv,498D52CAFE440D4D6117D0B0E74ED8A5
k4jnkhahkfbu09frbvcq9lmkuh,40A30E1BFF9C1BB5C55AEC4AC9C02F8B
62hq1cih88kfp6hfg0c4cc77pj,439A66DB8C9446AF7E288C3294E4B6B7
hsc898nr2ui616l789vgf1038b,41ACD6C3CD9EA235B9E848998972DB37
vr1c1eifqpuvt38mvjnnh3pad3,47868CE0005460291EEE0F4E0CC17FFA
an2m0f3nb9g3ro1tukvkbs7sk2,45F7F4A24BE25CAAFCCC0F905ED89FC8
se0ja61tpqku5hd3jq5dcuv7rf,491C47890D03D82BE937C9CE759B32E3
8cd7a65kpsg4pbd8gqq41vnvpq,45B5ECB2F4575676DCBC97CEAF5C3761
fdv64isr3e19cdtedrd89s7f3e,4504BB176DDA628F0462EEBA2E6A59C3
uvjbuskvdehhmi2k0cmjpc64op,43A83D5943AFCEE8D365F392CFDDAEB4
phep2d0snn4vamcbcrprd2mf14,4907204639D9AB372E6CD2E7E705BF40
b3rkrtm7cedl8530qm4jrc70jo,4775B7F1E724C9DE758456274908010D
u56jeh68i0vd83qut2bgrf8nk6,49F84B16D9354A7B285BD37FC462F86E
dblo39crt8rrnfh2t74htb5jt8,48FAE8FED6F03BD60DA4228541F3F5A1
r3dd3g197ea50jo97i5p54i172,41C144F2E931AB2CC318EEC304D71DE8
s9l7c64kb65kql8kgpdcram9s3,41571F62255289A2D60FBE4E3A48ACEB
8mj07du5i5s4qni1apdoavv67,421B835FE94838F9B1433975A1A4FCB4
fi0dc6fthc47fq33misirmab93,40F0552162287C32A8C178F06C2622EA
9sg5quio5399rqamp3lpocsggp,481613A79AE959681D8A71C303F3005D
7osqiqvgscatpa5elthc20i26p,472C4FBE0E096BE0050D57D05F07E99C
g2bb0ogft6cbbcmotjehqtmo98,428B04CA7A64D4F69C966E34E47AEA43
a27eml7ricdb7gk9g14leg2crd,4387F231810E53B3CDDB6C56FF7B3B03
ii43mcdftit7p2rmd7e7u4791c,46FC1B5CE820222FA00022B6139D4C1A
vqhibuvl0ugqccm6loeqhar3mj,445E85A8EB14E971FBC15169D6DB5907
e2hfh8v51hs6hlpocg8c2dg250,46A4135CDAA8355A57CEA84EA38EBE58
rbehsus9baia5qrpu4ocnep7b7,467E676B260484CBB88105EEFD4B19D2
32ikotqsbh5see5h044ev5ikq5,46FF9211C2433448A601DBD7358B2BB4
odj5bruf5hj6p1ddduni2u4jlm,4584D51D1FC761E494171E36F4CDF561
ojnskj976ogvl9qdk256olksq7,42595A05287081DBA1356EA66B009479
63j0i2b7fo9hl4eosstlup7sbb,4A88ED9D11FC74CD004C88346DF9E61D
pussjbnoefokdtb80ar1l9rs4j,419C6EBDBFFE7191A1206FDD9F080F04
3m33f3h5i9ekte77iqs1fmjd7p,407E73A0CD38F91C35A888F332604022
jtbthqb1jt1g7suml69oq8uk2g,415F18DA5F8FBD654D087C46B17C5E15
n8i4ck9fmfg3d9tbd7gp8ccenj,4996CEFDBE00EFC96F4ED7148B5BC036
t7hjjjpv4nfffja0m4a3mveoai,42413762F22A3D151A2D4664F399BD47
s723ude7u021bk4am67othfv6c,4A6F7454343D1D764DC9BE81359C41F1
v3unkae6hjiopenngsjnj45rcn,4887798880B4CA5AAB7991AA4DE6930C
8s596rfjmum7apu4mdf9ig5akq,4865492BCC22818068BF4D457B969F36
hb0qio9bkk0e6ghba0b65u923d,4080C8B9856F9D9CA0105F7816BB6777
am135q6k4hngh2ttfhffu8nlgk,45E5F793AB3AE221B62518A0B0990702
u0rua4lbpq2i6b9t1vuk1bfgop,434753D3343613BBC871427C7EBA8396
vnov46vrinoc3dkaahhb3vj9bs,49A0F65C88475ABA908319182C58369F
jdvoeqm2labq8bi6ller0d7ftj,4052C57B5D1E72C4E7BEF8E248D221FE
3gkm9grtahgln49egb8e540r96,45568CEC7218CF14E0D0B786AE4FFF32
mr4auch3ebn19343eig8vrm7qd,42371FB9007243CA63AB217648E33126
1bltkko48adf6fl34lp8cbtpbc,45A3DF8ACCB9F5393B4DA84366626C11
joa8n23r0tvah0llmmjppfkgcu,46B22432A5B88DDB28BF673363F03383
qdo62f2upr55lvbevbqutlthfo,47F305DD673830B1BDEE5ABB5233E940
f65l1ieiufeh0apcvk2dann565,49C8E5BF49F620478E2FECCC0E0DE81F
frbdpsabl12mjfuvr8bki4i7bi,42DD24C7054511C41B64767DCF1F7AFF
m82mdr6t748i0ad55q7hmtfudn,44085092BBDD2C95181C3D7EDDD015E3
n6gvb805sij2jkqcaqqoicaq1l,4A3A457A0DA00EA9DCB8063D731A6568
veraasjq1pcmu6dei47jg8mtih,4543CDCA4211D33818ACBF071AD89BE3
9una4dufihebjn0qcu6pftg8jp,49D0AE329EFF08BE75D34B048DE04924
pj2sbvh0p33v0sv327gfc97at1,411563FC2962361F822C58ED3F581634
7o1553bgs0k43slebdr3t1qnpg,401D55C7D3BDC131B414D4626C829C03
n3mh3i4fai8cc6m2bphbtdbufp,4169FE1460E3F1338D4E70B2BA77C6E3
20jsv7t8tth7f4vcf130qrgcff,49C54B18863F33E5F005201BE16C8C97
u2i5frakcv9v3r5gni5feip55g,457790F89931DF09C2EDE11DCD55C2AD
lkitma1r67sevo9iicn66chvh5,48AC84D7D6028335CC2BCB308B1C8F7D
rneqrtpae7if9b3i9iuo42io3k,49555268935EF44613892C6481833170
4pc0t0ofqo9sm4urf32osn7870,467A70516D3C568B298846A3BAB27B88
jtt7gqsd461hrite7ngis4jh77,48804CD1BB10C779EC94BC95B5E1B364
bgirgb4mfehasajitlhm4kdj95,452B63AC86B1CEADD7E851D1241DFD95
q9tg7s1rlgcq2fv8ugt5j0hi4,431A4AC073DF1FC1EAB7C821F29C5B34
m09oipq6s984h0eqtj57fai2cj,4A131BDE9BE9E76C44BD375818F84B0C
iu5tm4jvqq0m62b4kcejisg0se,454C9F4B14EFB12972D4D5226C70EFD9
chugoumnhmpl5dlj6lgsosm5ff,42DD4C213C5389AA6D80BC42C8CC07FC
etmv5t5f13e1urcvvc718ov2v,46E1C9D52DD65570241E5AB15123E4E5
ce4jg4o4c52fdgocvq7g3hqqfi,40EDC208DF80D1B53CBD555BCAAD292D
112bnkqdvpf3lrjgulkesl5d8e,436F38EA98EF1A17B6328EADB32307BE
fhc1isrlmlf74eocv45s69rfom,40E634D3088B1A18C6B41B05D2012AA8
ead3nlvtrqkv2s9hudjdthvqek,45E04D43A4ECE95DAC42925E61C652D8
8anf9ula9j5hidujhvu649tub1,45BD351F583D2F89743F50889614E008
nepul96j28is154gi3k6gai51v,43DE4FDAE2DFAF6CB8064A0318DC71FD
dkbkngh24rjivq14klf67jgik0,47F30C1FCC4368EC1D5A35FC6A1CE211
chdh8pc0uqqmen748c6ks94nh7,42668ECFC65D3E060276081BB63F4DA8
vgh3h8h1794vq3cpfoh6ghfmpe,412473FC425698EAD3908200F65D746D
ndfe434h1go5ctkdokr69d88jf,48FBE341409587364F5CC96529612F08
j6mu0vuo0piqv4ffijr9bpkhk1,46636866BB402243729EC3E96BF8D6DA
t1sana01hphois2voseajd76vm,4689A126B401CC50DFD9435E3129F1FA
7hubtc4gtrvgbbnbf8tlvdkanb,45F6903A57696BD76D906ADDAFEA2564
qhfklv9smcdd82bke9in01jfab,44842DE84E8BF43530F626ECEA4B191D
g8ehrfpf3l4ch1gm3erch29ha2,425A630A57FD57FED78D19CC55F765B3
pljhoh0tcu97149395dpehd3df,44760FBDB8FE99E03E631CC3682BEC72
f14sracu1nui23kr7pu55h0oks,4161CEF93D136E41A87553B401A4F1B6
qahlr000jglfbckebsagvhh5p9,42D37FAF4C5AE26CE8BE9A8353B70269
9hr9dkjn52bkga9iq26p3uokel,4880739FB688E5BB1DC9E19B92115A22
qg3emlmk4tgqgojk62g5qg997,48950E883A55DF901E1441158CA25DDD
gbv3daikcgm5g0slq5d85i3lug,47E9A54035C3849BC671AF36A1A449A2
3t9g8j1h2k580qmkqup1th6b85,48ACD252A7F49BAB2C5569D2004743CE
eukverf34jol5n130k54uaau9i,46440778705F6E1A015B7D6EF25A8333
e2pmkietqm1b82u2upkmqrgnq5,45C070BF501E3000909C8433317B4B9B
2fjb0l6nt701lrp61karhe1tl2,49DDBAD7A5B6148F3688B2B5012C7B8C
r3hsf0tgqv8jrj9k9s6cpmlerv,42BEC2CF6C8FDBF87CE3E9E6E3BBC6A9
h5n18d9cuiodvspm14cmsrq32s,4284780B4D6F956F61AC1F6B1DFC818A
hkq977uec6hs0gp50imi1t0u16,400AC920D6A9D0DB2ADAEE5827D06856
m6abod8t1qemb1rdkc0d77orsk,41785215DDB70ED85FDE624819FB6184
pmn5en83to6lsfs0vfgmjdoudi,486673508B82F8EAED11656DF5EF5B22
45upek39idn7682qfkd3idn4nb,4252816F893FA7BE1F6B6D0F7AFE878D
ji38jjsgga2s2t1fp6bpog5fvt,426579E1CE9BE69F033460AA89E0E5C9
mtcebnqp0quhdhn13j3f03015n,454AC13A28A04838E4F8EDC1DCE3E3C0
rmoprvhoq990god4e92eccs79m,48D6AE22DE7092128597766982AF51AB
kcsekqptcf36mopnfc2o53eijf,4691A9864C05B7E2DDBD78E61640C34B
72888r6bb0sgr7fs1hmm638np5,46C22FA657A7076B7A836D0F71A77A2A
e98jgiiut40ntrqobs0radcuse,4787B86FA64CDEA46A5B5D4642AE1806
f5mq6lmgin2v7ilv2libh6qgh3,493F7D9BB12623EA5396D60150D43E6C
nhq8fhhdbhn34u01l0g65qi2sc,494797A1F5E90290697FB560E327136C
tr3o88r53vfmuu2coikf7v3p33,476059BA669B216757573CA1AD9BCFA7
6rjrkc6f59b4u0k1053jf3vdcq,46FC302EB228BBFB53B0BFA32BB87447
cg253b4o41ku95893s9uigsmof,412433A9EE3D7116627A1E00169099E7
1r219th9h0v7oc1cp5l6rkn2sb,4936FAB68AE753F4E91C6D75C6810022
pcjkqmdvp5205j6sebb9de5h8q,4799508014A754FC6BAE0CF998322CD5
tjnk2kdo1e95hccrdsa9gbpjkh,4916B7E6FB95DB4839FA87E33DA7A134
3init12t22610o3g8j1n0jv168,48F87BA2E78777F0536E98C2D81C6609
ibh3fmlschp1o754mtk8a3rfo,436B4317BC202AB26D5C78B9B54978CD
b2s956mf5r0c8vgrnifpfcdmrj,42A9D7E049D3ADC0298FB9046B6F8CE5
ktjiil3hk8h04kiegmujvgtjec,40FB4A74D9ECB9D9A7742DE22A1BC881
k5qb57s9mkge5lc191v33lcq9j,45A77A644352E3731E29FA311749BA8B
idoq9ne7culfshtrulsvj4v9kt,425BD545183E7579DFF4FDF988FF4FF5
bte3qid78ihl0diu0g7ibv1n6l,463E0B7319EC3FD2D3189B1C8CC6059F
s42ktb8nl0ca930bgjtagdfggg,47E0086AE0DD13CE3712B12EB10C448E
v9gjhefr2t2s22eqn6lg68ancu,469BFB47D2E3F8E438B1A6238468381D
lt12j7pr32rj7sso3mt22nnfgi,435C59FA49DCE711C254B9F96A024681
r69tsak78g5b5rl9lsn8nchsms,44B8D149BB7B718D7C6C1825FC272365
fr5kv89qolo8lt0ennl3dj9864,45ABAFA3D4FFACA4C3A745B18AAFA70E
q2l2bgg5vu0b18d22b2vlqq63g,47822D52619BBFE914C9A8411F9433CD
jqpoa2prss1kfchphnccpk8nvu,417AF4A623BFC79C5C8E3850B1E1DD1F
f500tcaghp7ckctntis6l63pv1,4607D477B777F8CD7A1B841A97B3EB15
irve0a7dltu74vj3s5vgo42e7m,41119D538334D08DC406B56293B465C5
9o1m5krvvm96ij2d074dqhpeor,43EE121D842F9F7C7C1827335457CD49
tjgbham5hlaums7q39chpmup58,481D9C7536037473279E50F8E963FC04
24k654fegvkq95jtplpicr9812,45B95445A932570607C3C5146380115D
ihjm88r956j9s5p9a2iag6u4rs,48332428373E102977F9CC9DC11807BA
2dpt2nfh52ft87keltnbjh1au0,4298D42E082C1FE31E5A069A00D02607
mnsa7s6r8jpqpkdidcdbbfms4n,404C77C7FE8A63B879A48A818D386770
5990a5r5jkdbep795emlg20n2r,41BCB85E25AD99485654C7A844BC69D3
9mu945gdsc3pj355kpnsqjdsdt,45BD78A7D5D7F45C6DA87E00903ED6E7
gvdsg6cj4r7m5ivnie63ebbc06,451FBE0E6EFAA5E4D7FAADFA722996EF
7hlb63v673s1jbd34730crime0,4186BCB9280056D458E39739734C2CD6
s9a2sg18tstuchkfv9avnsslb1,405415A4B5B24BEABBC535B5C3E72293
8tugacgmle0lshrpik9n0btl3t,49E0982B71368B245D2CFD4DF2F58FC8
tlmd83bl8l5uo4c9bauuoqh9bn,40710874A433676D6280570AC8830BE0
kfv5dtffb333gjkno7tufq1nl,42B992EF34E9A12F7BF558DF92A3AEAC
hosriurpeh5fdnguhvcoet3ke,47F775C72CC4D27E1790D9D5DD9C7C90
sc79sndbsu59u73icsvn90a5fo,4703AC0B5647501CF394172FC83A4616
40mavpv05pav8i7nrbrftfd0b2,41BCA049AF4880C519664C10265AAC6C
vo9tk1db8caft8gfc1dlumpndn,47B066E6E5D73F58F8C4F460D3A171BB
3geg2phlukblbqnjbgh7hjgdqh,49773BBC8A99692476355A26D0D55EEC
u9nhquo2agd2oobbevhjmaet5q,4792F69C3127951F946468BB09204275
8d54hucc6k1oaldu3k8bbc46kl,413C25661346F7FB06020478A939642A
l2111diibgflrjkg3089kc8at6,470AF4FAA0F5067FBCBA00C34B082730
ogi5ftfnhfsgge0i3nqkl055cg,4AA96D0F7CDAD7B5687412CAF69DF5B1
fsdgnrocr6933obmuca9811ptq,42A9C6806A81C62831C2FB9AC7491943
b8h07qd7416gi20ilo59i536g8,42D3BFCBDDDB91C306001BFA6F63CFE2
2fvq7353anpi7sjfouga9m1e29,44946818DA767437C291C4986D2A3FEE
3nt43kediiqf8ams2bj4nfou8e,4915361EDB25B66F80918909CE30C3E5
98m42319hbq26en4bj9lrs6s0d,46303C6C71E03EA24DF1BE0270377891
37j9u60vol8e00fg4frrugu01e,42234976A22C53D65A5B00990ADB6DCE
rim8gu38rbtarp42gblhk365rq,40E529BBB6BAC0DEB5FBFD777F6B15B2
3col0uu7q3c2qkpdflu98uggng,40A69324F6C55B20ABE24AC18F15EE31
vtp8ruq72gugl3h097ss69qk,41507F01582DD41C3F49399778AC2821
i3p040vhrlttp1c36rppd6ipsb,4491669D1E413E9A54733761F0C36F1F
ej4tpausft2v2uvps731odehnp,49EC2A2CAD48B4390DA7269CC6A2F824
ujje56etnr9s1jpgl58pp2va40,40EABB2441587650DE1C758C9B0C6707
qnok0nss5t9vdpssq5bltfglni,40CAF5D83208DA2099665E438A7374F8
l8c90i8gaq3n1g90up6g2lgcql,4671B35797251352F11C32C449AA0020
6qri717u1td6h0cdf4d413dnh3,43D76C73BE8C78E42910D2E966F0A45A
2712n01kmmnlu99l7a3qd15kka,41FC7C3F3EC863677C74F4BD964BC505
bdfn46bcig26om7ich553del5b,4963E3ED759941F1E79B8CE299939C69
biv55belcfd4hluti9iqhklcaa,42013B05F2C85641C0B29A4BAC868FFA
20e849197kbcn84nf410nfpb48,46AB2A5EE296CB34C4919336D4253097
78o0esg4qcqibr8nr7aqer40jn,465FA4A4C39D99A2B4CC14F51668DEBD
jdq2jc9eurdkm9cqludhtib1o2,4234A91281F311DF46CF990D9211D00C
ck9c97vobopaj68ptc6tcu6cab,47C04975935701FCBF76862DA0D43327
o81slohdk8djqt87gabmps7lno,45E9D987D62F794E19E6334F31980B7A
kqso9shjmj10tauib2mgvtbdn8,44934542A0AEF449C2E423FFD3E42B3E
7r2j3rs8ujsliq9unpbqjl37p0,4543B7C2996F1FC57FB9D6369654D4F4
j704bjh1ia6tpnhldfcs2lnb6s,4109B73CD48817D2036C542AA0D95C88
863dnvev4eljm3he5eghcp1e8i,41513D44B891E53C0BF58D4EE817F928
nqllb1q4jshaalthadqk03akvi,428A307F88BC202F0491F7A9DD48A82C
2qc64fcj9360rs9i7drdhnn388,41C3A01020E2748FCBF28228D162EA79
1trr2neltu1380an3ft8v60kat,48E1D29A00DA667E7B900414A1B18AA4
jhp5n0cboesnuiujqt74fqfasi,48DC734A3CAB2507B49E1F42128C73DC
ikf09ms97g854kncios3lg41rb,43F308F00E1707B97230E57B168C8762
rdggjpf4tu90imeq018b85no03,403FDDFDFA6759BC657CF443B1A332DE
lh37belebugnh6pji4ert71s0i,4674B87B7924AE7E1CAEBCD3E7AF66F7
r6r43fscp2c8r3mafg16gdauhd,48F672EFCC58A70C311D0ECBD90BBFDA
2tqs1a9f6er8d3imsl02ivb6ku,486FA6B6603DC29FA03E383793902524
3irn93lgk1k4spq1gpponodmv3,44AC43C58D2572D0CDC0997941F120D5
3ce5kk07umj6hlj536c4ddools,4993FF23B260A3C1ABFC82803F15EAD3
mufjd5idutai318cj0v3dife7k,4A24D58FE323D149FC05C100F4B85978
lug8up6oakn2uj73udja6jvlsg,43ED44204E4407E786E73C3210D804AD
i2t8109agq72pduf5ll9fnql0g,47422FB242E8AD77DB82C4A32FA013F3
nlpfrjii12qbupo755tetn7n4m,44F92EA8623C6D7D9B3AB0C47254784E
ovhcodhp6led3gnj4p1f6qsnum,4921BAF853904D485D5B13F682A72F71
5c070va7u7d9k2r86irij48n90,44F1A68E8B53D1D1C0BB424F2378B4FB
1g1kdtdm63jeeb7m10bq81rmat,45745E7D8326B7C6C7DFB0203EF81A6E
i11899qk3lgk6dbl7ru2qa1hbi,47C429100C64C1D680CC63666C182765
r7s0fgelrf8h5aav2qbqm5t3co,469A9C50B080C31F14F6C0B04ECA54F3
dqqm9lasilpq2onk2sejtb6i3s,4771053BEB162A06C7F77D11DB4399ED
7bn2vntnbho9nm8j42rmdihevk,4A97F43B187181AFEBB76F79EA3BE279
722q1k04c21l5ketudffcuug5l,405BA8BF246388228C213441648D1594
v73qsdqd83sjhm2n2l43kjusip,436CF78A558D71C4311AD9BCDE516C10
17ceg9qrs4b7divpqa8cno010e,432BDB946EFC341F39C296717A1D90FB
8tgbhrjks4jksg4eg915qg656a,438398E149F1A34FCE98FF99EC2E98E3
gka7ldppe08efrr3e0k145e6js,43EBB6EDF2DE4EFCF3D1E2735C9FBA61
getl4raqb33j7m7m4r8kqgchci,49821450DEE336D62552445CFC65213D
kkte2jc039hulc1cah5f8ut4r3,454D5DEECDDFE437E4D0F5F59892C328
pdeq97rnjvmclr2eqlakirbgq4,4A8FBE006E3ABED88DB7A5CEA96C793C
l1u13dhatmlffgv03144mq07rq,49CE6F246250411EDC7F5E23C539F727
ra489emeclc09kcolmmv2q08v,4119472A04B18C19CF59E0B222B46EDB
b06vfaois68t34rjp68gbd1pjh,4161221AE3F056A22A7B171B434FEE46
7v7gbvm6ud44s0uv5vpe58slj8,483C5C679BE516BB0B5F818442B494F2
9n07e12n4b7osiucvb72hnfoi8,4421FF2249281616A78FE6F78F8C5B7E
6v7lj8jshlugphq6mq2mge0vhs,44223789B03891CAE183D859D26D3535
h09cg9vc3inh45h7dvfl4oe01a,49B27FFB1BDAD6B2124E47D66B94EC95
hgj23s6aik668ro1b22np662gh,44A80C2CD91B8A758E07FDF41964D398
h9r1kj7ivcr3152dtv5mlrubim,47463E774FA960C15CF5E1595797AF4B
h3ddidmdul77g2honbimkhgfq4,431D618CA237F8389B581CF061E62DE8
6bmdcaob0k9ogh3l5fap2nekrm,46422EFCA355A39015EBC05BF2D52E18
gpb8d6sbrgnthp43c1idu6ljfc,48E9541C8EE0511704976D2F87B58D2E
nkqgmg8a6ug0347utrr5rihp,474C821A58ABFBCF698C58EC4DDFEF97
4tlg9dnfff792quanft1csqjtu,47A198232E5405A59865CA23B29AF6E1
162gikeq3ns97vp7rv2q7a6d6v,4017686CB707ECB7FC51CFD5E2D266E4
7sb8r9g1jjpucs16o1c4bbtimc,417B8F1B563A0580FE5051D7BC314874
gd7rhqri86s8jkmbbviuru4dqf,41EE96330B5358F28D44C61161508E10
vhn2l1ni2epab0efk0d0gn4aof,494066940F7BF01A75B91481B805C30C
tgo5kscbu6v596u0k94d5dpu8e,49425FA30AE1906E2C958760311DD721
ou1gjn0uop39rres9vq2asn4dm,459E28441F76E4FFEA2ADD9E2677A8D2
9tk9ti7ltnmn63lhjnqo05ouai,4076BB4ED00BCD985713BC3E1954EB4D
huo09vef9s612egevp0lfjr7m8,4948EDA54A56B1FB8CB1057E920D0E3D
ppgdka6nsr4f56q2v0b072ee8u,490156EFB894EDFC447B3F3D57DF644D
b8kk5jnhakb424qadgdgujqf0j,47E9D799FBB81121AD7D8E02EA7219F0
2g6be5qbon9de158fmo3q2gdgi,41CA05DF158DC7714E9341D37752F18D
1c0gm9lnc2cj8nilqijqtkqk8n,48211C9E611AF6D37C9DB132B4EF17C3
ma3irs3kc9ihiiopro0i8mgreu,49174DD69E6A199B4992DB7D7E64397B
fsk9mpcaqmlm7rildjpuhh03dj,4944019F467B9A97CF36DAACB1E5B7E9
jeq9ajium7i8moe40u2ifmq9pt,402E78704140A2FB854C1C95BD08C2FC
a7r65trpln38nf7us1iivdalgs,45A86BC49A8970D7975201063C262611
aohhj78v4rop76gn87aaptemtt,44F251115088964FD0ADFFD448BBC226
6m97kpknkp3a46t0tv9t2ngdud,457D3EC577450BC07CE597801A68903D
9ld2dvvatiid4pvdf868g9mnk0,484B1B4482B3D8E1307C2C5999E6EFB1
e665g552e1qfh99rsqlotdqboo,41F136A8988717AD1A3B51F354DAF6C4
rmde3bgd58hf8ksht0op531ape,49DDF0F7B6D143015F758626ADAD7CDD
mn5qrd6p6lk7c1ggkq3i324rg2,46D6F17B8B27623B5F90DFA48671B7F2
dcvtna43u7272fs22gnu1rojq9,404E5F09559232D1C0D8B10646B24C7F
f6u7vodm9cchs0pamg8512pac5,46C7854968E423A1E0C880D6FDAD25E6
9svr89ei574vhi72oelurjq2qm,4A91F841974425A86C7325C06FD761A0
ji6021qeeivjch0sd5367j5uis,477DF0DCB440727EB00C842B2D4E93E3
43v9pkqn7m67i93khf65rv49dr,46A91A6E35C4C5C9E2A3C89627465D3F
733i76adm6gc3t9mp6bjl5b0gi,475A1CE07BC70A6709E7C048A5E4E7DD
mr3vo6ki1kmd01f8glummbkuke,4391D0DFA4CE82C2B7792D371328AC4D
a9q7rdtmvh97hkbmoo1ibplelh,42F3DEE318F7A1E51F80552ABB2EB047
n3dajua7c88nq0tamn3mv1ek81,404107D085B015E3E230C3C62FBB16CA
41dmvffupc3u3napes324qr5ts,430E1F1CA14A7251A971DE06336B590D
j31v66supeis7q6v8cdmvclp9a,440E802E2F6576D119B72A7A7E17E187
27du9mk2hf8motpitc172dnvoo,4706241286746B19A6E633FC1F29D635
238a76ol519q5o0ooi584ebm6a,4504515DCCF6909B7A2D58987E8F4C90
u45kich3pmd7smqfo9pc6rbk77,43EEF33AEC033F613C21C95FD6A50093
qljbkg0k50jo8vq6b3itstrksd,4040E12E8D27A30D40631B44915F2DB1
ila65q1qdb2esb295qglf5riet,43E6FBB3673B758F26771175B80EC4CC
a9p6a3nopseheo8lqhf93rihj6,485B38BCE559A76BB35571810A3F4C40
ivjlk4ls2e0cmjdt3b2prkr4ht,46CE6BA482F15E6C0DDCD4B2520B4DA4
107jls3j9ogdbqv3tq0bpntap8,49A5A834A9F9DF88FD2DFCF7246434C9
u94qi9vueebph27sfmllb0p5oa,4AA63654107B78B627020953F00E3201
sekca4in6rc81vpv5dkjcsjgrf,4985282ADCA14E0DB55837B1C26DBF8B
76vu3jggrc7qh7msbea6u6p9mv,49CFEA30CA6975029CDD609A8E928293
1qeo28pa584c19utauuu9vei2c,42F06BB5D7398FC680545965F756DF25
r26jt5p9benuo6q657e1dk51sf,41932A2A24B7FF5756E20FD83E3630F7
funhmnaidl2fga9h93e65a3415,4545694ABEA284DBA7F1DDBAE931EEAE
v3405atqraji96m9mf2csraf6i,4050CB0D5D8AFE4FFC54F614EFAF9FC5
oulkelidqukek2hvmuo1iln0es,4057DD3174FC90CB0ECAE263BAB2EFF5
p384gfubkv7draftu0qaq7t3le,442122055B464DAC2D9706A78ECCFF7E
er3odr0rfjk8j8n03jukpfebqd,44341E8F08303EAE96EB86127295C4D8
3dctc5fip58kghogv28u7nmirm,45534BA3EECE864F18757054CAEA72F6
btakgs7tcm4p1tdptg1guvqtad,40681F49B80CB11777A9516C1C32B9F6
t0iqmgj9dp0e5ca1fboipqebjo,485BA6B784911286101E67EEBB001762
dassrh8a6351k7mi0hjqqp1fq,422D3BBED77F61002A9A096E5B6251AD
mndp9pcm0g6iibebcipr4bevlp,42B907BD2446E7787B926D1929B6EADB
kdmnl0te3stf3t515731s96kjd,4118289FB3F6050339CF96BC4AEF8965
h8oer98dovsdt93s39gmtsd5e8,44E261582469F35313158DF13EAE4809
rbb069qc9ffl1js6a7v2ev7o48,487EFEE3F9F9711098E98D536AAD61C1
i9evbblndjq9dq0hgsbjf3a2fi,438A93DD26875C53DC97534981AF0616
cktj7t9psfunvsrvpjes3pibt,41AEE61DD2F389B06D947D7B93C8C387
e78l9lan7jenffleskui56le58,44D4D6C963F0677FB71F09E992D109FE
djtth8ecl3il46080e5876nk9j,4185F399C10AE04C261600746D3267F2
ej1hi168avt48c3joulaeuil29,4803500AE30D80C9CA9864A06091D35B
as4uos7nb7nqn2vhhptr594n33,4436F5966F2713B4CF4512775998969C
7642hq1vdrgce239cikgo3cpfu,44FAC08B3F17E5BA648C63FEBC74727A
2a3beqv21lmcq8if12ogjtvvdv,4880B9DB664B7E403D3EA6E82979C267
tbcelrr1vc9im5i1qdfi0momr8,405915BD515B8F8E0D411FCD35DA6DAA
sb1164ctpqrp9b59qg91hjup9g,4474C1ECF9B8BCE8CD870D81F49E5632
na2lc9hnb2b4c747rkrfjp4n85,40567FE2B2F5E90F51038F80F85BA00F
s7uef11s2ubutc9mss6fnrs6ef,47259F41876570BA77E7AA8A7BE889DA
uhvuapjo52mr931r1t911c921t,49DE86299697373B89A87C81514028A5
d3q1oj8o1fa05ofiek3paog97f,40336663549E808F44E01E99E0D3E018
rm9e44h72ji5q3ltoj6vproqn3,4744A6EBF1473B2A7D4AE9A87A7231AA
vho665e4ov20ac7qpce84hs0oc,4A84D23DF6C68EE5CF8B1E7C45C1C07F
3o09vbsohqcdbmoc3h50h6jtk8,4313C1235630913E9C033A7B78B26D76
ob8ubf7mon5c7rpmgu5t7taj5f,427B17AF4176DE89952B6B77E182F0F5
q0es54en5s7doip6e6cc3g8rs4,49EBD0BA1C6722D5D8500EDBC9697EE5
un2v7v6pn294vgtuj1unatc577,43FBADB8332A9778E9D5A05BA1E41318
6q713sg8f7jtc8kgq2645lqg6o,47CA0DDDBBD85FE069F374DA47FDD510
ki8pd9nagkbipuqlsk43g5qvn6,42B9EF4B6ABBED3CA4AA8AF264365972
mtv6msjt5j5jg25p06bj0gvlm0,43B4059AC6B89BB869AFAAD487488E62
isbvu7eqgn68ctcdhsevtkccns,43B2DA4FF4660627FE4A4F522EBBB8B0
1so6vvtrldspvqs86l39bhagd6,4524EA94C025E185ED5C598E3753A8AE
ge7ha1e0u7nqegq5vtcm5j89gq,4A70C1811EAE2C09AC18EF2BF4D57105
2p9jthst27asgv30v7nnrdc15q,42CD3C9AC06B8047D3B94A01E1F5A234
2dt4j7pjmulefogi2dnmdng36i,4322F6E11CA8A21A76CEBCD20DFAAE21
t0fpu7aqpg7btsnjan3oftc6j7,43C551A94C0F46C6D161A90AF6E9A328
4dcaoq8ut16aa5avr9c6dfe1ob,45ED623319623A529DD28C50123ED586
3sjre8a1cault9c0mbpodvtr7e,4865787AF841B81504A62FACE68673E5
63p1nfe899m1oj4n743e2rnl00,462A2B74646249DC6AB2CCDEE4CC781A
s5l90piebp3n90do0j3m5a4p4b,45D8C8D8E019E442D60D8D515C553D40
6vlb55q5k1pb54pi3jrse8501r,45F67F91AD19A5AD9157B94DBB7A74F4
1rb3qraaupomokgj75rskcrvp7,47C18D29040A619210654986BFAF8DCA
24fj6u9va1dktq48itaid7b972,41B644E88BC17FD38CB12F9AB2B1710E
m6ghj1bg2ntiigak9rg03e76u7,40DE13ABA9DE4F713ED93524036A034E
e8035g6ulbt28rg6iij6dek8f4,4830F4640F564A3AD254E3ADFF5DA75F
227i470va9rcolje0pe0aq0v7s,47848BFB7A66CC0BEEEEFE29BD4BBE93
dfg2988uv4fjqm5vl4h2me1n8s,4676D53CD3E0A00927AD113082BD8116
vrcdfukioa6gge02sukdp926o7,41820C82E96BD5F252D3120D136F736A
l9t5tq3qmjike9pka8fb854kev,44EF03BA620CB1EC71829D192302FC13
je8vm69tdir5kqqlo1vhfikmtf,4843F99F011CB03D2BF0ECBFD37302F0
6fn5835lgmh1en65tv8153s23f,494C668B0F20A6E1453C4CE378FCCF45
q3c41ul599sucd9chpbhtuv68v,4644F9048211AF0F294A8D0D8E46A1EE
u3at96fahtrr0re8nemt200ioe,4285C620562490B49B16CC7D7F2691C0
l5c37ph68j6118l9rtn4n3mmd4,45F6BA6234433C1EEDC78946625D4919
av7jfpsu209d9rl6c1iaktu3p8,45BBA6C942FFECA3B58EE28E8EEB5377
l4mrsu7firgjlv0nin0vko8j3r,4786134B5BEBC323176261EF08098D78
sm2dh7lrv19vo9q03697802rel,479CF56456CB0CEE6AF58AA0565E33D3
186a8b24bgufqd55eeo4svm9et,4720978F2C588BE866EA08C6DFA3505D
64br9siugdeg10jgpo6sptsis7,46F20B73633AADD99EB4D6877A8D9A48
7ktal6p1e9ljoegb2de2pef7le,4851E83918EBEF04BCE65D114313E956
6k44nhutnr0sop661pft5pjl8,470FBBCE691B77F5EE44AF2A82C06F96
jmdhu1re5v13etruadj31amvpg,41B7484F2C9ACD3C861CB4DBAED75C61
bm96ida5tltgnsieiqqo38kv02,4605E83B4478AC1D24C111AAE08FAFC6
fnfjt5k4g8i9fgqdf3eu0r12t0,4508C22A7E6D101E4B305406313D598D
o298veutbb8vjb82ff3agqh3mo,44569456D0EB21B4470DF9C7D97E4DE6
oa492k1ev71qfbhilarc5smuih,4959427AA223F555510EFDBA1B91A403
8qt4ojfqkrpvsre8auueclfeud,444D2C929A9A296B3FE42E34E1EDFAAE
j9e40id43banacd1p9961maoc3,420AF508591B2680A2E4FEAB0CD7A0A8
umefv08asgbr1h7o3n0m1ebj91,47FA7B136B297E5CBCB5192679265AB7
4fpercl4bglf0go1fum369aopn,46BACFF4C5E0468D3E67DA21450BA31E
ihj4o58u1v33rv8efhdvq6it2m,429176E1A7CB10535DD39E508AA47253
757f9psrtq1lqdgms12shrhoe5,424E6B411AE6221826118BFE886ACAFC
eg0qov21mv7elv6c9a9ktgah0b,43479A6214C5B73EC49AC42CC8495416
ible2nfjtto1dvc2q2q8t3nh15,46FD88EE205C1DEBFAEA816AE5DF9D1C
71nu04hojpn9usrmhp6o9c5f6c,44B9F2D15F8A79F292B75D81B8FE4E0F
i3iq4c30sd60ulcgvfg4725lqu,45BB216FEE123F88539F1CBE9192A3D5
h0dlu7htp3ceaidir2i8cg93om,49EC46B764944D8F73BE6A58B0B4D4E7
b2q58coonbrufetgp5ndsegh7u,487621CF09705813F6DBD65EB34DB7F7
pmkhgadfv31ger2s9fgbscfvm4,4270A6BADA345BE7F7E4B7626495BC93
cbag5b57n5161agpl3khaqeoph,43A9819D70F02F6FF0167DBA7A10E2B2
d03tu1htsij2usru1lmpeb0d74,426EE529C48BED05DE20EE1224D6D56A
tfmon6nitu2sie9sf520pmb864,475906B99A14D0486DE392D55A45ACA1
u9iaj4ep2u3snori4deo3af02i,47A870B3DC49965307ADE89EF8CB3D32
a24ogorgutsuchshlb2pmbsumg,43E871BC5656E198568A87208984E560
shlgdblpue4mgn7phl68kvj7vv,40CFD821C1F4C476164F844CD75DDD98
kl7nkl58kv0ed6574mkdtv7dgq,4689759B39C2EC048BE3A1E17E87E796
acia3gb2urdv8u44icti4i16db,4351028B4D1554A2CFA6FD1C113A27FA
pejqhthm0kk6gmnud2uoo8h2mk,40470CEDE1A5F1E15A77AD8FE20E5898
jjf2tf4un4nhtqgj4ns2jvf8al,49E629C342E235406F14F67315D1648A
73j11j7crqroqei7k0q1uga1g8,45DC971A18688E4750CBDE3A1C8010AE
ik172iicv6hoeog7k3bvtu8f04,43D94D21FF4CE65A4B601DA86B6C5ACA
cmjf73gn2q3h0oo8gskihna2jn,43059A2CA0C1E8D422D313C1A48AE784
kksblo5kaf6oncu9ul6s1ih3q2,4525C5518056A67AF0246DB7DA2F9D4A
c1fees2p0c4b1be90mr5tcje3r,48B6483B6DACCDFD80CDC51B114EF130
7hk5rgh995ruc7ginou5ji6j4r,43318462B04991F0B588D4AEB540061B
jdjh3q03gc6ssosrabot907uml,40E9CE3EB1F2B198ACFD952545138C50
6jf7235pq3cr0fd6r6kin1bkn3,484AC9E04CD1A638979ADC6685604396
qckvp3ilchkfg556dr0ti0o0ma,47B635E6627222C6BF8529E69E34FBB1
tgsrb0ftbg5tt19prp3br6g1ur,4146158C909FA78246DFD80712F0C944
moorca5okt7csa3a1ltdrqccno,45D0B4A92F4F2F2A8582C28F3C6B619F
6e25c7146bmn1gr6op5l6v9dnk,4923CC29D057B798B95FBD5223E8BF35
3j8i7hl56r8ngfscug85ppveqk,45A509FBC55ECF33F8FC46FF6E6DCDF5
fjuvrikheud5ael9ro4gm6f18p,473C001C6144AE0215DA28FB8761A9E0
j876j2sghcu323fviocla7f3g,44A1C1B835F5B1E3C07686ACF753D1E3
vctjelkrl7j17fs4q7vbi9hv07,4886B379504B91630BB355C710434ECF
sf0egpq9ucc8lo2ri874o7e2ic,4451AEE5ACD2DF9328CFBA93B5CA2634
86jf324bglam62n2ak93g3c3u,46274ED5C1848C0A17B9E35F93FCCF87
q1mkqauadbnfhsleu68bvtm737,445E6BE5B12B3EDDDF3D6BA086BB86A9
al22vte79btefeh10b8871c4p4,422FBA8DAF85C6E0DC262851A8286F0C
snk0tahuvrt3ece34fng90bi98,4135A262C303DAEC2A06324EED2E9F7E
kp2hdrnigjkn0djkdl110cbl1m,40A84BB8DEA02DA468949C38C01EFEF8
jcb3ita4hs92bq560l4fqi16si,46E13706E4C155FD40715DA3FECBFE68
ser6ese6bj27pt51rhr0vkibgm,46FE3D924802B28DC5DD8C7F5F6775FC
kmp80hip001pigsqi7f2qn225k,49844A4433EB27469B6FB180DBFBD110
5u9kd5lkkd5d6vd7rsvfvassig,4A8C862659EEEC01158A8E8FA340A4F6
lpvq20oq3vbmc4q4g8174q35pi,45604984BA5D36E6CCD143E0CF323BD4
tqfj46i3nuvbjckgdgko8mbbse,493F2212AD2286C3D1CEBBE97EAAE328
htseup06hgsgnif0leak112aoc,43147BCD0FBA72711FEE78A88E8DFCFD
u28f0tkrbbibdrag6t6l5gv5cb,418BB97148F6F07BCCAE1AF20C1EA1DC
fo0i75hi5ju404qegnnukfl3tn,458D22E9FC6C664CBA17E6EFB5E79ED3
p1c0jon0th0be6gs4a7sm25la0,45ACA31112055D2C997B8492444BA791
f55cvkjekosff8mumfb1dfodc8,48BEB61459428C3E8E7D7B62447062CE
o22kvpr3g843aamdnoig2ml1o6,4098CA1358839A83C5F75F270D63CABC
gvpa8f70dh3o13oe5m74bqp4s1,479D23CBB08EB4BC0996E35E96F7D7E6
puerdeomkbcmvon97nu80ccdfj,4568A4FCE6E74B0D51D44D0D643163A8
bqkk5gkd3gu8d0bcfek47f6ggf,4952522582CC849C2E555F28DE0A32D9
ri8dk5l21lubipt8nm82n6j28i,4201B72B107C075A7A96195746E09F59
djauq0k8surgftaqjj4sg85lrr,46450C68030891BB44362EC18A9251FD
p849593477kdml2887kjmpf7a8,4304407DC266931AC614EDBE3107A0B0
aur2conlvmpqh29qtjfnn28kln,48085905261E41ABD4FCEBA68EC4D09B
6jb0ljm1gqm72eer8n8r143f50,48F32B0E9A6BA333991AC36D453A0C58
168jdqfpjl2rkd7c3pd9tcqcc7,4A8EA5CC644BDCAEAC1C8EF2B8B4398A
mg8b2qi8ig8829fchk177isup,41028A681865F4CF9CBEFD4FE135CB7D
3khdoqpft4qbohsl4ddqlm8oi1,47EFAEE278FE0A5201C0FFE94B4B1283
8lc3m0vjd0vho8lavktqfr0q1a,48C07BDF6B54812C445A56B63A1FC5D1
134tht9d3jlkljllselckem9vg,4A4B2EB80A3AB24635CE9DF58A2E7775
72rmvcmlkq89csumtbgmndi5h9,44E0F0CBF17E9B90DD836E5FDD1C6F50
kckukcvk5pm3em5luorl5j60c4,487DB1AE5A4A6C51834672431A208287
c8893i49mjs8800it6ioftdjgj,44310F9EE4E55210632BB2DA75830A20
4ojum5lis50h3es6k89davu5hb,4344989DFF1D96A1394A5E1AD0CB2AD0
19ibp0psv67csunopk10raj5qo,4137FADBF9462919B4A23C816E9BD8B4
g85kj7bs5tau5kuqm76c9ilku2,48A1E4BC7E5A04BA32977C778591BABE
32qpsdghu0879tu89fucrc3gcf,443259C757E3D3B73BB07C0376E577B2
l8qu2tqnk3sk5vl9kjd3ur9a36,44B92E3B9840FB389B0ECF12F22A9290
oqd1a66spegk52k5teaqomven5,49D44B6CD8FE3E5D998244EE8E400F73
kl4onp84g7gfvq5p4ge894508b,4A7124D6D9B49ABF6D6B6EFD699B179A
e6vqcmn9r2k304fffem9ae6v4n,48B8EAD7A294BCBEFB89574C17DFD671
kagi4iid5ld6d3pub8ueike26f,44BE3849CFD7770B078782C5C54B859E
r7dbfqmrq2f9fmafnpjav90hjq,4A8B882F97F0F63309C0E1456CC4F15E
qn40848ktlnshdrhr3g9tnv33p,474DA1021B20C9F9D204BBA273A3D53C
kfarjfqqmot154464uavr834fg,46986FB0C344918F55C03285CDDCCF1A
hqq7g4botbp4cq63euki7fabjv,420746BE1186E3FBC6A9B78D4942A05D
9idvqmd1rqcqt0t4sj3tj70blt,45162D1CEA256F1944CA5A036F5A0B1E
4sshb9v7m9she0knlvhvtr2563,4A5D00AA7209B01B6E88DCFBF131CF1B
bfdunuk04dhd7uq0cicm3obls3,4659B9FCC58E9EF214C1525397FE026E
a0kdp91nftk8vekn964lmr44e8,418F0FE8CB28B569D8146923595BA041
no40n34cs1elp3qp7t57p1ch7u,4172E1B34464811DF15A15E1516871CA
se27d09qi135slv4v9hh0a5lh5,47C5B3FC62D96207F2710ABB698184E7
cqdgdqhpk3saoq3eha5ce8913,4312AE9BB87F269E3E5DEF83EED3E300
otfmdismcs4lr7i2q7bnp3t953,465DC68DDADC059BB37E778A4AE9EA19
2efbhq5a065dfenvt8l0usepvp,44C98E1E1F477BFBC4A298327B394E7B
ed4csnt15a8m1v5rrv62lkih7v,49C74FF826C0C1A6F4DFE5DD9604610E
qedj4v4aho5ob7hvgqm192425d,41FFB6BD1C413BCA5EB11F8E00FE015E
oi0k8svpeob44k8ccriofisief,46CDE17AFA39B9BE8A30843A3E37B0D8
cg9jv51vhgqq2ns8722qgrirpk,426836BB68159326A81A0F29C51D1716
m56kn3m6pjke6ar4a6tdbgbt3t,42A099A4705F208D09DAA9E2AD8FC47A
s52oo9e90o1v7ivfue78ho6ok9,42A292D1B3448066769B080BC4B14ECB
t381uhrnkm3m0afqhh1dft5rme,45E054EFBC7C4328AB461CC0DC4BB85C
j30969vs9jhr7lbejpoiqstmm7,44F963A274A3C51C9E1A665091C4A4FE
6kojqt12v8kr5phupsq8np2qa9,470C3B9C37BA787926156484E2550250
rvgi8nv57egouev40s4mk5mf0g,40D504053678CA7443ADC6F124E5DB52
fv54k06h9g1kq0ilh7hvlgt1jb,482EE982A0DBA777C2B7D7D445F14CB8
stbqqcea6ra9n3c4ml8edtd8m2,46B0EEFCC6BF062F0ACCD07C92CE93F2
md991h5gnn4nell0ugp27u0u02,42B74E7DE637D7A3FA0E175076039623
urr694i06kkg7ug8u6bcu6pdfn,44614E2749E3710EDB555A1D4F20FE1D
bf8o81craueqkp3oras70tubfl,43E60FFBEF6A2E2758540E9506609ED0
uv7jl4628edd29b0hf97j5jukj,49F0A1E8A9DCE3D051F59ABAE7A59905
8blfke9im5ah1sfbv3sud4ucd,41EDB549D472259C681FF79343F4708D
tj80d9ov9dh2khfr3arv1n6snc,4A5A52F2AA15F16437476CA724E739DB
8a65dh6siof2430e6ojb1cheaq,4844F7CBD5A18D3331FE58E08F5F284D
2957677ka231qfmd0tl5siv73d,48E434DAE1AB00A9BD28E365A41F51AF
rqi3putk1gc1v4m2urq43h5btk,451652DC9DFDDC625411BE660A092DB6
i0rqm1kmm19l28ie848vl6plip,4A811D875D1C3CDDD16B62CE440ECC28
h7ij4v1aauv6ve76pi5s72d6lj,498E181285C088ACC13684837612C73A
vdb0cpecri8m5h3r2oll87hbgl,46C595A5B3A17046EB8C463282C396A3
bu7b2p0639ev7hpjbur1kqmtg,416D019E9E5BFABFD37AC78A4A18DF6E
20d8pt8q5d42h5li9vjcst2prs,408B5A77AF10C2621FE4DC47CE7A00EC
s2f2dn8rha2il6b4l3sbso0ljm,4054F353D852D9DA4CBF22E82360B856
f8ttj61esas3ftl7tcufqttt5q,431224D41C867534F4AA371999A40914
jojsv90psprak19gdaqhj4g4uf,4145627D6A991BDACCAFB990743185BB
o6nerri45ad4jutpu8045qd23m,48A06A4801C85D37BE81B6105EBDEEEC
e2dg4ep38gdflgmrrpv79a0o1n,4859159112FDB1FCA6B6102BAAA06854
vnci1pku184rslbonmc653vbpq,4937F9B91D8805E1CE539EC4EC6D1361
9i8115lv2lb3arp5rn76pdqes3,4736C9B17374F1D2F1251DA5669E5C68
grlrb51dhmk7bt44mfldb13br1,49F5E45EA4D5F15D715E10C4C3643D1E
udk5s0ehvn8feg6avotuj0lvd4,45972C3D6E580EA9A6F07909C30F3893
lh1m9mg7dohru4ako65nqcpfnn,45B538CE607014D3F393321D159A2A3D
urn2gku2ctpi0laqkgna6qrclc,44A40267AC172A24D1E5E4CC18B72E1B
soqsdf4pp318qq047aq0pp03ln,42875EA730F928E839A91E1F01D32287
f11ovg17tc94j1dfd4nv86h5p2,444B860234323BCAF786EC1DE0AB3C5C
7nlvq3mde9cv19otssgbv402pu,422F298E9E73FD2E7D162A5C3610FA6E
jcr10qbjsnrpobq1nkkjar006g,4591E257A6821ECC5BDCDC00DB0300DD
d5dh6t5n66reik4morarn3cavl,4128EBBB4EED3E890AAB164C2631B10E
r1rmbmcnsfdqd0ku60ht92n29i,49C136DFCC682A4DBA706DFB88140EC7
rgnuo7c6cip43373hg6kka95rt,4928CA2A3CBA87402DC02E96B8A5640D
stlbrklefng8o9ct0g10ijvabk,49B0706946FD539BEB87BE741831AE3A
nbdtcf6drej12mddahs0s1hfr1,4AA3FFFF3E9B3E93AAD83126A83EC8BA
gnsf7c5rmjd2tou18rv9n8scq8,454CF3BAB4FE0274D3747F87CB38B2E4
tm8fbn8lmk2v3oiar8qbgg5mke,461DC4F07D07D874320D956D0EB50933
sqdkoob15463b9ial0t91b17rh,42F0BFFF14F9439EDDBBE3AE64A52270
nahba4vghk8jsoqs2p9n736b4m,43093B0262D0A438A7CAEC0F66BD540F
qinqfs4n979gq9f7jmcvkk1v3l,4A78DACDA14DB061C72793595A0EBFE6
4m55oi7mskab09kru8eagt5vo1,45E77E789BBBDEEF1747FAD5B83A5007
lugr03j34cqr12j8nji9bj877m,44D312B42DFBA27D25F78C5A684D41CA
gfu3e8rijrv1ar9159s1anjmp,4515D5DCA0F4C764548E55B6B530D384
nqflbavm91b8k9ule7prourkan,42A16D2F0BBE2FC7DDF46EB3EA9EA4D6
dgb1lkibtu3tg4fm0sm10f7l85,427D2E6803AE909CB96D517E91EE16F1
ba05u3ft76urtpcptmiuhqh6dq,434EE64B6579D75BFD0CD44784A62C3C
31ca9gei2ra7jjgijco7cbi58n,423B39AD4E80B26C2F46C4D1EC577327
levckmul7dgh255aa3pskq0569,49A4940E6F6614CA8CCF9D0DFD72E1AD
si2gpl70cv09c3iphlfjljesud,41AD944E6B2EF9EFC5D2D7FCC4329775
au2bn3ioi3dn1cmqu41bojcran,4545556B615537237707A51562DFF861
n52h3ltd7hr0u8t6tobotpt16c,45CCDB6BF1D692CE2CBC63E041F8E571
ar4da47ma277kffcjfehrb0f5s,41D2294655D6C6724BCCF16D64BEAD6D
n4r1ohf27gfj3o4ag1iv5qn5g1,478207369A54C1CDCFF177EBDAF297A9
vrmjp8uckk3itn8c0av16gdip8,4226CC66F00D1056FC0FA2FBB9014858
s40blthu4b7ovhh1b6j39jl8vn,416BD1214333A0DDDA1CA00BDDBCF804
302rugd4ccumvfbmp4sabkoopk,46CC404F9A135A4798302567078FC144
90ltu4o5552ml32qg38dg001vc,44CB3790F11BFDDB7F12703F635A99E3
jgk1537ioodhrf827gbv67os49,40FDF83A0507BB1F9B0B9119E1FE0132
f718ltsq6oel6ak4esr1ssjolm,4638144B1252274D80FC5357B6C0EB17
msmbd9q5nblboiiplnr1bopm6r,40899DB9D228F99EC987D9C056348E36
3nchkqjh286lkg63ej84ien2nn,42681AD95FBB76D0C8E884B742EC03A3
fnire8g5u2iqp1rjas1f2fjovo,432BEF16E5B08303220C838E5EAEB6E3
use8aprvjk76u1779i7srci4qd,4A38F97B5032FC385B8024CAB8D02994
dkih34b3645rjr7ec23oe05s1,4096BF3202C5733979F343A5D599B1DA
1s2qsdcde09mf37o4olmqorr1v,416AF844F30A426AFB9625EA666F68F3
q46pj2s6vm32tq4np0mfvaj3l8,42EB0FA310FFB076C150626762ECEDD7
568soe1fho8hdgi8pt15atm552,4846FC61E1A9496C718EE4C55882E5A7
afgu4gldpqk4lonnm2nm8ibj86,41F5AEDD127116B04246442D0727AD71
ue4ug28mk365pog7ebbtg2jdka,48221CFC6B64422973E813DCE5987681
sjotsfok1totgnbop9bupv9gbf,43E413A435E69C454085E68B3050757B
khno5o96n4f8td6gu70fulkdgg,4806D731DF72674A0183FCC1BD100B2E
4jq3qcfat4cicbu33vqrdpph60,447E93FA0E388CA6D454F1BC54EC3718
htfaf2lalqr4s45cl5oqdo3iuu,490D4702F6AFBD38C7F71366DC7800E6
i5hu41gjbrjhprsnto0u9df3dt,42BE3FFFDBD68D49C6A82D8F3EDC639A
1864lg3pd8pus6a2610mhm6m8h,460ADFFC388ACE6166248F5B501A1F00
qehrqf11pig39743en791afrll,487624266202F63500D37C7EBAD5A55A
2kgjr3bajvr10n3t6pqq5nnqni,4315BF9FF7A79F4F6CCF20C81CBD1635
c5dpj89sfefb35aqsqgrlbeim1,48E4450C2B613A8AF29F70D45FC9DFC2
