Key,Hash
muimoft5dlriobakge1q9hdcnm,18FE51348DE1296C2FB50491ABEFE095
bom770ehabovs6q7p2kqr25v2v,1BDA87AC7654D75EB303A33328373BE6
pf2bnoprg6mge447faq60g8n0i,1566260ECE5B49B86A629179B2EE0794
q07mmpird699m8jv8be20tq3g7,1C9A4584B5DC8D1A0BC1CC57B10D6923
8hejrtd2jl97q3ludfbt375d2l,15D3C058C2D9C3B2F497204FBF7EADAB
719rjbm8a6igegqfd1jb5qp7eo,183CA38225BF335ECA0E4E387E7A4456
aho809fsb60f3cibmu8cnqebfd,1B5DBC29414A689A393AE92EAC429C42
q8jeljn313fbs48oithedbon11,15A485F13A0366E58A7AF83D6443EA34
lfidb4f1n49as256s3bme4jvrh,172E83DDC077B2DD1EEEE9128BE935DE
k45c65b5src2f0pr59cfcuso90,1E9D579EACAD10DC16934DDC56A0B40E
s1fepiec4j1qhgfftustdsmn3v,1A903C23C861EDA3B2E5FC89B5C84FA4
pevieatlp8icorkp1pcauk45hp,15AAAEF22571B203D6B5C536E7DE11AD
qavvjtkntmo9ec7u3itsulrrpe,1F16AEDFD2061870AE77949E6F7CB0A2
3dti400ujrf3qklqs2qjfrtlm1,1D6F9CF2A2BDC6BB9C1DD841E248B296
h68b23ah6igpj1q1jjm3kd6k00,1AF9948CE822A175B152BB48482344C7
o51ia351qkpa22chuu7vplrp7n,1BC32E0FE16F2BD919968ECC3EC681D1
u6iipl00niqkjbfpakkgb3h77m,190B5629D8427CB6A74C62DD458C4285
t7sn434i3ab7uhnmt0qcccnn9g,1B8095A61F3056DB683C73DB8B00A6BE
ava5fen5rn1u1flsapqqjiu400,1AD10A88961CD59A8B35868ED4B1D7FB
5vr69sr484r28vq2cef2ju6tn1,15A10ACEC3EA91D92D73F8416ADDB5FA
5seifelojqvbuf0mqdkj6k8d4l,19718406C0F4A576706118FB46006F71
9ef23ugg028s3ojamtrjk2d3j5,1BB0300300A70F99AEA31730C1CBDE50
jeqpah7nu78il27gehfcul1o15,1C2712B17AD60FE49ACB9420D0EC6C51
9dhdcrqub8h4d8vpc7hoifqghl,19A1C5D511377A8B5C5FED04F7087538
sgbh09mbgmj0fplugnk2hedomm,19304D6B8A189EFB7EFEBC16B3753FB0
tm9vvg9toofrt0u8eber1vaof,1FA6C209A1D553635A18BEEC0B06696B
v6tssof3iere9sm72nk4r8shks,198B34148021C8D4C9E88588D2EADFE5
3emkao5jtf6p95an0lk9t825mn,1B7FED631D1594E3EAC6455DF5615563
td0cukp4hc8jcklqooeb5t9k6d,1D9280D11BEBDEF9C67EA55EA54BE01C
hick8uic99u1pqhumcifndieu9,1F3EB9A6F46CE605EE7B4EF84099FADE
g3kvcjk9d4l0us0gjo158mq278,1850B51B95C20366F0F408F9EA4B0D94
jmv56r0q1o1lf2pe52bdmc3rn8,1E0105182498F359B4517C73DBC9AA64
kqkai723hiqbt515efdqrvc8hf,1FA5D696380CCDA245159406A822E1F1
gp337i8so510lnbioavqu5hq3i,1DABB371547B30E8CFED75403F44A95B
bbvca5adpe6e5dg0a4b6cn9rd8,15AD1D14A909C7D76328687511BE48B4
co06qu9j1a90gfhponi260696r,1D47FFB882361C677AFD8E3433097B54
78tgbue6mlq9pqlqnb3fe2url8,1B3685959F5A082E49D784DE7A122502
j5aj7eti15k2rddhse5rpv3lj9,16CEFB9D8D930C6A3C8956FD9C89BB8B
5r9rrd866sftoifineqnilc9q4,1C95FBB1E149F44F82DBF72EBC21ACAF
snd9mjt9froehhabfr818m175l,1A68DA66EA66D5A0BEAB6D360E8FC6B3
q1bpe759v6gm86emb2t45h412g,1D1783372931D1600BD679F337F8C649
mv2enc4fvk6544pehfl79cq5a4,185FDF2E24D8C247290E5D429AEFF348
b40l9ljqko6apj91aotrhr5j81,1769804E78B0A7170D350D97DF8BCDCB
v9eegarcdfpq3kqgbatfrrk53,19F9EFD5093F34BB7DBF2D8AE253135E
34p8g8k8t15oh4a3s5mu3evb88,1F95EB2A605FD4D308F2DA2BA8FE6ADB
5q6op5fu9ith2jlt63n6nr9ukl,1691442336C8A76AF21BF6A5655E2592
qtc530dmvql51chlg81k2758dn,1B5EBC9FBC4849F33B8904F9F642D4BF
tau37o36asfk25pfenflor4k27,200491B6C24B404C5D883AD750C62ADF
7ucie1uo3813l5r000t8v66pns,1F4974127E4D7815063EBA4D01C216E0
uia31b84do07f1ct4jib5qmcvf,15BB69FB29BA79699497C311652570DB
9ajrlpm7qtc4aodlldm31pnak2,1726A4D9CF83D115A7938CD0A3B9CF0A
gfml5q93u1vrgcica4e9713r4p,194336CA6643896E9102244AD50431BB
ueg6rs37av9c62r7rjlkb8cdc2,1C13F6E8190E33CC5587D69EA74C7F4A
kbvmqgncaj9tk8hl0f5ghst9rr,1D8212FC725203ED1D236E3D6D69D4E2
k71806lvt46s66qqll5j972q94,1E17312B4D615658066389C1E86D24B8
knv06i2s8us3r4cm1efpvujnds,174A4B5843C1443C396EA997C2832D0E
rlqefkfqllbdjkdc31l3aplmgq,187BFCA8F36540DB46BBEA32E1A11345
k2rt8boorvm9b97h7qsmmc907p,15809C1D6C0E1B1FDDB5828D245D2C9E
bfmglgfrb8o72unaf3i4d10hi4,18E434CC50926C0B8B2D53C338090798
2b9fsc29l97tjjpietcj3otlns,1D84A5403A3FC441D46C1822F27EE50A
qmg7asp10io72f1hum0k8vv5p1,1575DD9FB3FD5D0F4246AFD9661D752C
v7uucr1ojjt93shak60u5m58g3,1CA764E5519A5525AD73B8F64C438980
7lmg3a67qjp98im8sce43uf5h8,1CC07614479F2BFBA159BB1E5527E4E0
if08mouqtnh62k8u0uff14bv8t,1C2D5466FAD4579B1D1388D6690616CF
ifo4j4ku8ufvpqgd5nr8scf0hm,156BB67631B2F9F0187624222A3BCB9C
ab348hcbsptfsk8dj2ou93vl7s,1F7D53B577284A88C8B8E67D1B1A2083
3dt9062248ntlu740n5aujqeo6,1EA4FFC41008205DB831E906EE7CCE9A
e32n1f7danilq1vm8tbkpp4q7v,1C1D0282EA0666C05E8DE8A0FD6BA99A
hbcblr4vplcnia2o5nc6k50qss,1AF6E7591764977B41F66725C1F8B2F5
gk2d3f6gmuquhs4qth7oasgf76,1E3DCF03C91A8933B020877BFBDD0664
9bc32pr50d02glq40ud4n4se9,1A111D773D4FC410289F545D930F3D94
qh7tqfih72mp6211u4i8dvov6s,1E881AC2F39701CAF000B7D8AD707F69
g7fg0nomlbsf2agp10s2ibhe7a,1FF60F717DC2F075E92C4AA04E6063D0
k1913oeqck5s5v878b9qihmlr8,1785898CF5554B5097E8EE3277318443
624rqhku21juml4mjaa1u0epuv,18140FC2A683C84EBCC34386C8BA1731
e8d48ugm29r5p2o5h2f06rgsij,1DE37546902F66DEA484B15864A46795
28tm6kqkb4kie348tubt5n98oj,17E4D322C53BF3806168DA8B7E59F713
4ij5np7b6pcuq1emb865mvfdor,16FE7C065260789D0DA7357EE066C0E7
79i3l8so3iqvmfp4l79n515gkm,191E9A11C711FBC9C4E7F2DF2439FD13
j3jh9oor4n8i3r587tad5h9i8f,1FC20BAA88C49EF0DA95EF6F5DBF55EA
ia7njgniblhicens3fi34nuou2,171EAE314ED7AC6427A1B9E2CE0123BA
2lc3e9idlp2iirackd6ini17n7,1D32260AEF2535DB6C4AB341E6DCE253
r7la8e66cvnmqk3jndorgnk4qv,1EDA136EA04349FF7B9F410F65EFA79F
qqjj8j22hj3f9mmall390paj3m,15CD019374586B43654543423EBB5AB0
41p60086r39vst7pgbrhaejs8b,18F3E0FD2C1DA1C05F294B85E7FC1BCE
lkvaqc6ka55f85bqhkfee1dk77,1886BC3B0CED0F4DE997D0115BCF7287
gq2op6np1cmmec8iake1a5u855,1BA627E83BA343CF6C00936532AD498B
nq15mfr9gcspuvdga2t8i6ugja,1905310BD1C5FFE4E8BEB1A1C63238C6
o3c7fvumn1pu50h5mgcfc3t2dm,16198024B6A91B907CEF7066C7164039
vbki2ku4pcv5bk5nqgggaooisq,162AA527847705D0ED3F1E650E8C209C
evlrffcmdsdcok0519750coumn,18150DA33E3851E2C519D3CEBE11387F
26q2uv1m9hr7gq1s42932lj3sb,1A31D3D6E632E3C5ECAD2A2C056B73A7
ggg89q970v6m72ab9bdi0fcil1,1CB14B8CD4B9DEFF22D89CCB32A87BC1
l8t2ulc16hm9lejpcr0m8tklvn,18788554FC0CEA980C7BED027EA70AC3
mhthdcc83sg63hlmp0r6ke3bv4,1D5B9B393B53649D547EA062EDB15798
neq0q0jmlmh0kqvvcslh3pl5vl,1E3A407272BE886DC7322D7972FEAA69
8b9gnh1jbpghuu5rj7uai3ha9n,1F65F059362C777455B274007B4387D4
ba01u7k78qr8uif1n9kq36gjsu,18CE0343A59E7A7C19C54A5926B5918D
jejl3pkr96gujs4op9rfjnfuti,1FB7C859637C8110FFD69A0E819C9FD3
hdg9emlt60b2a0uijm4ojh4e4m,1B2C02FB2691AE8F0233376716A3E979
r4ib4f0uk81957bcb4mn7762q6,1CD04444E2C23FC42AB914E1E80E1E15
43ajrdaqeuckfhmevldgodluoi,164A4597BB024A863F5D5334AD2D6881
rksecp4ok6rkkecvnipa6pcv2q,15FDCAB47E6E1B77F8BECEC7C9BF5676
37j3uh49disv5tlcq7d4i6pvnr,15EB564FDE4AF3F0F357E8359D60E154
amqv4md4di7sj0mqjbqe0c4ckf,16127E75A88D4DCC44B005870C2ABF80
h393v4dcffd2pe1kmqgvut0nd0,1BEE32782301681989326211006CDB0E
kco2aea06k0n41b9s0uudjtj0n,1A352DBA5655E209D4D0FB2A7B168622
inv866ususdudd81npin6brlq7,1EF40AD5E1D59B83E08425C4D3A0DBDD
a2hgtq4olfj3t1sdjsio9c4kje,1E241A98946DD31A80A2D354EBD001CC
u00uhnrlfag8vd18tnqhvtmijm,162638FA3894BABD7C5818AB700F8925
e7224oovimsfrl57b3rp9etaj2,1ACD7B4DB996C97DA0F0498EE166DF64
ttviqmphmfof1lv71kn8iekhu9,1B6E3CE05326AA6C91E7FE667720D223
1qmbi24cnnup49rihg3ecm0l2f,1E8A9E57EB801A4C9B0DEB600A0F1B3F
roh21usg4mtld199cc03n46qel,1D7589921C5C98674A3C0042327ECE21
u97ska45dgtnmsm56m5paqqnj7,1AD44CAA4612FF128B6E192EE242EEF0
rvg2ue3kj41416e3ugurglfog,18E5625277B31DEF79E742D51E5450B1
2qvmvmf7ngs0jrr3jehnhsm1fd,1CAD977720B1B265444D358C3C0317E6
m273iji5sdbriv87tceasvrjfs,1F51CD96477731DD6FCEA321C15A2931
c14haj5puf57tbb12t8v4dqoih,1B8188DD1B74445DF27D8E37A47DBF3C
5mj7d4rbve7m8lsoje2lvl72tj,1E49FCB06C8CE36606BF3CB6DCC16C86
28nua38qnuptnm19eg8bgp6m2a,1BC48ED0EB4F8404ADAD8ECCEA3CBE77
j19ai0dsbjfn3uhibfac7itsua,1FB6815ABB07D583764B9A0822D31750
4fsjnitpcb1vilt47tmsh050hm,176256E9202246CF02366EC464EF15EC
lscl37ef0qq9imb20qj625prog,1FA1EE204CFFF725189BDE7A023CCB20
o8r0dat557tb2k7m5deqvcshn5,189E4C87FA359B86C567E414DD9CBC8D
5cct3ljedtn9so9uu8cme0pfnr,17818696C268E064D1EFB0479C6A03C2
csnvfvig5k17unkdpp5cl9anoe,15B8CF3FBF310F156249975A59B16EE1
c52pirbgonouv0v5mm0gbuuebi,1DD0C17D80E25E55B278FE4F22F7EE28
vbvcmmi63tals2ss21rdlsi1f7,1BA5F111C398BEC8D76F343BDF89869A
a3egsv5m780n5tjhtltikg1r4j,1B66A2F7FAFB52638A34CB862928808B
4hfuqm1cqb1gum8ghkb7octr2,1B8FA8D08FF51625B4DDD682E01EDC86
d45uujeem21l18eu9nd523k76n,175A54F542CEF5BD7113661CF370CA0F
k1i75f5a5p2cvdsbs1e5ptstfe,1C6DCE569B215A01E5D8C0DC171E53A1
jn67h8gi7kp4b0ktsgu3egsfpq,1B2D488C696EB8EE95F1964C39A57C19
dvvl7cboeepdd0u4udinarlsap,1EE980C71BB192743174B6494442ADF6
pk4qsl1c71567ut9v8kevuo54e,1CC2050E96F5CDFAD9E5FF0AB16343A5
rqtgomlgqfbg45tfv00rkddcc6,1FBDA9B6D7BF3E5668229FF7D742BD79
hfjj9pjqskrlqljeusjitlinlv,1F572222C5A998462C0EF01F626C2F81
6oj2d0qp0m60snrg5argo4ujin,1A649E48C4FFC18EA5471EB02312F4B7
p8qh14ekuhh3lcld7kq0cgbqbi,1C301546629D4678FEBBB8B02205BB7E
ngo86rt6vafrlmnp56j20cnrbb,19464FE4B76A738B05754544A9997692
1k0dnucvq6uqq45olcvrd3k9r0,1F3EB71F066312D82715C12862B87130
ac7ov77pu2g4kbog179q8qc6e1,1F45DD5DE4934E2944396D0100145A7D
csaqrip2i0qvo7cad3kr16ka5s,1E47095C315A67FED92613D1F56F5FEC
uhv96tpbad5q3nar9nnq8cunna,1B4FFC4C85DDF62D0B1A0C9E9EB874EC
vbe7ts0renvcqlktv9qm1tlkh9,1F038C99D62F23D08396A730A7284BFE
l6auo9h1ipklfb77ojg85hc8tb,15AAB106532AFF3450D738CA7A7E1847
9frs8epv3pcv2flb143aajk0b4,1C71B21D1D677447831A8648E2EB4C9D
ddrsdqtv39lfirkdtidqjdnv7j,1A748A2B85047DDE2F7A1174F9E047B0
599vmndg53sme07c1rfh7bj647,1B826033A9FDA313BD73AB29B4268D30
iqma7f703jti47ggcfflbqi761,1FB2889002DFF5EAED5C363933EB74CC
3eaouhptndnd5p5e8dlr80o75a,1DEF947435E8C28C3056DD496F3F22F5
dihsnvkhjeftkkp87tv71a69mb,1C248CDFAB41C72EF70FAE74803E6ED6
c1ortemhntu0p70u4241ml9815,1ADA2F93EF8992E017C49F40B17D47E0
67vcake8jlnv4let9rh59fafn0,1BBF1F844DC231A1833D1D08F01C9CE8
9kh8nvtk3fue1ojc5fnpihh553,1E01AE59FA24BCDEF8A156172488C817
be3s242ebjo9t54vh8r0b3gc3j,17D048B568C49CAD9128F68B400447D9
vhobq6mkrvg3jd3gvq998pg0la,1D96B3D80355677F4B9337FF1E64836A
dgq1rsb1n6huajcqlte7pgr6ot,1CF66F3F32F3F3F801821F5CF3361D88
e40r38s656a8mgqibsg917da1o,17BE7E3236446809A48647F8261D290D
g7aq6qb0p8hem549e4bina8l1u,193E5E8415BD7DAB557384F9EFFC1D1B
n49id7tqs2tl7ebn44c0920ovt,1DD6901A7B901CE3E993B828ACA6C399
al16k2t4s63nn8lb8j4ea38pah,16A04225C701A2E2175109AB935A2A58
s7f5v7lvrmj1ta31fm2u30oscs,1B7BE4600AEF79CB615A8693ED2D4C0F
cjm82h6fp9lovg42sf854fuhkt,19D7CDE43DA8C8F30D42847E3644C297
2bempj4lukceqh5emvrp5nj6rd,1BDCF4BB85991D0277C8B5CC29376A73
4jhcg05gh491jvf55gio4de3sn,1650058E3C30BBB102516D092E43217A
pcto13g3sdru8e2rjpmeho1pqm,1720A84EFCBCC4CCA50D298671FC3B12
dv9u1qaak0tlf5ts8ba0qh6ogl,1E1A82423BD4B6F0DFFD1F312F51F532
mr119fuhntjc3c4cdodnts0fio,17979096D0F7F5AF5395FCF71D85A81A
r44cpnij4i4neoa8g1ue4vq8lj,1A9D676D18EF4CFEDF6C3B65083C9EE0
at68kala4b0c5tn77ntt93rjdp,169E48DAB4C57207D3F4EE0F4EE5144F
ab6j4fkm563bg7u583uh7i7j2k,16D435AC8444BC81E82C6D4033639B17
qrd0ou4eokk4pm5h3667amlkcr,1E18C0E201E24F7E186533369E1E3C8A
roi5qo2g5edqbtvd9hrcus6gu0,1AB0F0C176892E9C51019E04F7A8CE44
ndquls8dou1586hb7jlqmtn43f,1C3D74842E2C0BB3870D95D2C61CDFF3
mmur0t30surugtk0dol0bjv4o8,2004AF4B1FD6E27A0B60150884AD6725
j64bg0mu4299cahn5eqpednkl4,1D03DFBCED4CD679D267D69E1BDCBBAE
ka2nhg6jt781thfjndbo38l8rc,17C2615DA4252C3C4E5C823A886637FF
4ksusvs8gopi6h23gsbhuskdpq,1A4919353722A2408E39E85D6EE7E53D
agebdabv089bl9q5en7ofms6in,1F4DA38312DC946A8C23489C333EF98F
d65nffec0q1e3uo21rtbed1gr4,1C9F45F1F7968959921BB6693E05D7BC
as5fripa4bn76rf35pg4jce5mo,1FC4E8C5AE0DB485552F695E40631A99
2bf6k4dge3jm6in84i213s0fg7,1FAABD0451E46520EEE5ECCE2F2EEE4A
bgacupbo5v7kiu1841p3s5m4fv,198B6012410C3760BC014157004DBD98
rpjkbh6doba48gdkcd450fdnh7,1CFDE9E83032B2CDC79AE97034255AAA
d80sk4fgpjsbsd07cakmq1d89c,1DAE4E1E195BDEA64F402A2174AA6D36
2mdoqng6b5kecf6jqj9f0rebll,1B9D3EE3397B9D95B286CAAA4A97EC2C
e12doo8h7l0apl05gbooum74ms,1B698D33DD84E543DD850825D487BD70
rc2pjq6p9etvf9gp75b5g9eatl,159EF3D2D24C40607FE4A7C2D8F679E4
63ul0tfrvdvs03a4a6mea7omfd,171487868DFA8BAED5EBC9CD98B6466C
pol5kh3jui54vteogd4lha986v,1A63B11289DC5670E6DE80BC200B357D
chmsklqgqpp9sl60mm7k5cd21t,1CC8B311580490FC2B59A3840984F2B1
uke3graaqe7317a6r8gnohgecg,17A964BE175BF424FF204306848120E7
isk86qmnb59l0d7luspckhg5cc,1663A21417C19A1352F961CE832DD049
p24mpd28uded4mar2k6g2bn4f8,1FA4DD182BEBF613471F83B7BE91459F
qfa7dqu5vncbqrb85h923uise,17DB33FF2265C03ACD95AE9C28C05F1E
eb2b4o0ado3es5o28b4v3vle2m,1E02FFF0BBC649E9DC1372B18D633995
i1icngoc6rv5qu0aditdoji24,1C4FA31AC9AF9AF9423A7041B4AF3465
1k1bfm7f91vd6usmrj4ebj7hld,1FEC5EEDA1F081BD6F64C76775C9EACD
ebcfca8el3n2ckt1sgeboi23fn,1AF49A7A0C2CDCA4A13170BDE24A6C49
epkh3uo4te2c0qu0rsnj2mth8j,18E05A2B351839E90F5D4A787830F7D5
9bqpfqk73j3s94mje2qc7qtdlb,19365FFC905EED34D94BD7A3D0D213D9
77mbjlg54ukttejeq82dgdntun,1FE61347A7DF76D1E33F4D4501EA49CD
41hgcibqufpc389n65puomg78t,1E0433044F733251B1DCCBC832F860C3
4lakqb1hhuvbp0iqg1iroiiuim,1B95463AEC5D91C2F1F54C1D6AA2C6D2
tgo7mns7nhpj6qp8lvejaab2kl,1E897294C1D6DABF5467B1FB7E326042
5somdjius217nq04v8r1vrtbeg,1CFB8576FE1751F4497C140ED7FB02EA
2665c92399001lg99vb5hkg82a,17A96BA88E82A9D3480F9911DFC92549
bchb0c9mliq9gfaqgc7tdplf75,1B0D425C1C1A79B424276A7D640E67CC
9cg8s13ravkokc7gpnbboo0gcn,1EE7A377D35AA2FF8B49E0579317C08E
vt1kvrbqbr671t9ho4t9pvakdd,160883DCBC9D02AB8795970D422B1C52
c1enfhuc8e611iabc1uqcqefnh,16F4047DC2056AA4020BCF715332735B
mnb34tdf7jqr4nm5c4kgqvvr9n,196D5C032D7592F781F73881D21B1660
qu02tgiukefk187ejebhf4qr4i,1E506F0744FF936F75F3C03A9E5AC357
d01l5e7sq62mo8jbi5hc3qagmf,1C68ADB6703C4322003BA9644F64EEB9
gqj4u8q3nmljuj66bommibm71k,17D86426113E9B6278FFDE55084838A5
iom225jpc6flsln4v7pdn9nuh,1E6F233B91739B3AC9B4A036D7725E32
ou43snahniotqccgo4l004act2,18E810FC706C87870BE19A169A3B2563
3oat27nqd73q97b4ghcnfl9r09,17FD3449C8BAB5065EF3E4165E6D332F
61r8kmk79474inp4gtlrmb8rb3,17611D7065F04223331933D0B1282630
pmdifd72l14t1jv3osee69bg4n,169694280726F693A7108C99FBB85360
spprlocr7phjhphraf4g4lhcf4,1CE153987BCD92D69D00D81121BA8D39
55g8b6p26g6msnf9cuie8su49r,16A694B021C97867AABB63A736D19885
ncdc5rv0p3llgcsp70mmbrabl2,1DFB18FB505795CE977FE8B63660F370
iep46lsppahgsbks1qat9bq6j8,1BAB56400DD84C0204B40074F7EC0E2B
8dvq4me537rmsg1ogutf6hhava,1C9127F7F22A9704F29494CEF98BB19E
9c9khpq4v1tl0tooa58uf0nqu9,181006C783B865B98169E0722E3439A9
tu4ep65c4oof0qc9cpi21q2d1q,1683CDC6713485BAC8E066610D15DFC2
ituesu5b6ot473aul97avlnlq4,1EB9CB24CAACCEC0FCDEF31BCDDD9088
ds8ibneg049tg63dlso5fff8i0,191CBB52E1425B0DB3DE2EC4D68EA610
6jlcpetej0uvj0cc1vtuq6q796,1929858DED17DECC7852B8F59E2A4EBE
hft66f9sdlc6h5ma6cmer1el15,15CD9C5FA1E6102565E6B369405FFBFA
ojqdvjkq8tb1hjt4retkfd3q3g,1EC4636ED12A1914B1A4678C1127928B
91kg84l00aaig61vj0in2k1vkp,1A866145A9BB9D37F2BB8FB531455E2C
ok1gm22n04b6ebt75m260e6pf4,1CCB3BE40B9B5C75823080681200F92B
6l8mce6k9ic7p1gf4uapn5p6vu,16D8F324D2C9AC9D864B4A88BE437982
130u4gk692uk8a7743vb1iomgd,1897821104C68AAC1FC707C54AA9EEE0
7io9kpsuk8h6nuuqg7oibutkn7,1F6AED9F4BA88B3EBADAA18F8BEA4289
t0pe4445mltagbehmnlt69vg95,1EA6C11C5BE6F0FD6F40704F4D5E6C0F
shumor3qlk4tvtsu6jig9tu9d4,1B580B115C450978938F016A64836C99
cjkfedbp1q5b5gpui2046hehpo,1E3C8F8241D081226FF89FC8640BBD95
itdecv78sefjdpi0pr0qu4qpb7,1E13846632DB71616C2417A40F698494
1g36gfsghp9qd1a75qmttq6ojg,1627564A1AC3BD3952A264FE54FD7E8F
maofuue2rf6nrp3fpqa37gti0v,19AD98D98D15C4E710A27BCB48BF8433
tl7sqt0f2pq2ark34j4afsjd5b,1DD677349FF3A16B1FED839FBAEB3027
8d7gm5efhg9ohoqd89r5dmitop,1BC1DB0FD0FD37C999312566D372E78A
d84lm2hpt7hubn9600nm78g5q4,19858C8D1BF537745A34808E46AFDBE1
tc3ubpo2n3vemaj78k2lm7b57i,1D5CD53F3E679F6F053AD3260FC090E0
4glqm9hjfmkdmirbp02lcoh3vk,162C246D7B0EE7959981CAD48F114B79
9gai4lj82l0rk5ftu51qtdtkt4,1712B039F5334B7F5F25412A71048775
lagbmffg694lg8cocer00aku27,1E5E0BCD2AC5D966470709593BBE305D
a57cuu30r8co390kr6n3vfishe,19006033C1E78B375DA833630A3D1689
6lp646gu1e14o4tc3ah90d2c8b,1CE7E757115D0CDF8FA3F10F2C67D5E8
6mc5bktirosaf22akh4coeqvhk,192BA6290430A5617E0D46DA34637D33
rdrf81icu2uhnuvfd02jbhe15j,1CFFA0354C9100E5BD5A1547D2CD6544
49e1909as88a3h8q3njqdggl6t,1E30A01E786949D27E6654AF9303FE3F
4g4h46fddlcv576gm4nbndbpv8,1A1A93EACBE9250B645140822EED5576
ee2jnc2rff0s0iqfbm6msokqgj,1806314B749389E8D7817D6FFC54E62B
fg5s4e3vqt0qnq0i6am3aq1hvf,18D49920085E42DBCF302A2BF2E8F126
7gsv546gsp7meoevc6dq71fhrb,1A538F49938E32200483D53496DA443E
slqamsvtbck0bvm7bshqocf3km,165AC31E3CCACDB43C9A38FAA8A9F0FD
75ctqv6gsls98p9gn6ltd6fi3t,1DFB1C09775FE461BD30DAF7AAE31508
jclae152u9vm6nedk0vnpanqvc,1EEBD777CC0B1669288F4EAA4415F8D8
fc4fa1ct3r36f6i9qgjt57edbn,18AB0E13E6AED397B9D50227A412A7F0
friuefvi7hmv9k4f8slfp79aa,1A71ECC2F826ABC0C5B3E4C13477E5C9
1dingb3tsagtgohc6av5redcat,1766AD93AB15D0E37AE6D0700198F886
1506uimujus5ffob9lfpm0hv3j,1A0F32349AC40A18E11FAC4AC9913E3D
ibn9po87ltcdmcuqlj1ffjo4i4,17AD0F3A90133C9D6D51783DEB5F9376
r9f802cfdnsg8nm07b155aqqae,1C8F6877EE962A0BA24045DFD81228D0
83vum63fu25redgoe6ejl6jcnl,177C8FACC918B53EE9F4C15740950FBE
cedord3kf1snc4chkh7js8hqbc,189636A34B9AEE81D9F73B4D15BFC79D
ba11kh1611gmjcul47q1a8hlic,1AE7ABE1E2FD0337F39CC305CCE3BACE
koot2pojcmt0dcvssnpi7n3i3b,15DF6F07619CCF86C425E380E74E04F6
rqq2lth0i113n9i3o4f7bou9cp,1DF08C941EDBBF6BA613E58CE2E99784
6prcr5fcsv40g7l9euglac1vls,178FE9C9E175F211219652690616B16B
51cmqrje5c0hd8appp6av60gua,1C4462265C1A31C20B66F9A03077717F
bue69k2abvqcp0qg8hvumkvsdu,16C0138804F2097F7C5D4BFFE755E8E4
4lhmma4n5eso1o92bvd5d0pd7f,1E6840306464B4F266A14043134633B1
j9d6u8bkks192v0tcut9hduenq,16FB36B5B60E1A2F349777D006DC13EC
2i5m7jo1471gvuai6srq4guasf,16765F4D5A8EFB43F3C5480796FAC9FA
fgminpgppceqb2a19mv23m32t,19A10F791992C4395DD020505D16F295
a5laepjemt9bpg5ugeu18jhu9m,16E1DC40D776FC2B299C67681DFA19B8
4hv674ahnk96u82fpctjlrkhbp,1E855961D81F4DF03A65509780F07DF4
26loggtugh3l305jlj8ukfnq9v,164491210DFEBD807F3B2A08BBDD76E0
ds6i78va1kkg4d7kpver640jlk,1DCBA30ED0C8634484E067EEB1A551F2
55v57o74ff43ahobl1nf842sgf,1CE9BC2B09166EB1FF4381AEF448C7D4
7m5q0gl09ttcicrklckif4f7tt,180F0D4AE8E7CA085E1741AE2720B6D9
cb2ie5dbc0tacvs3od0kajuvi4,1DA3DC4FB4E31046171A56E0DB2C2C97
v4h5u3rk7u7urofqkef61o7tgg,1B17272414F0F2AE9D6F8721263E11CA
3c55rqa201edve3v8j1ju58h96,1E1669625BB1B05CE2E6032F0B077A72
rdb3j9b3p2m2a6p2ct1pmn61b5,18EC69B2AA97019A55D6D3E683DC0ECE
8hne293pm5otnth31j7cdqt4er,17B31467D45AD901840BC5DD82EE48E6
vkfublbsq3t6b64imj1eck5phi,1F52197218C486338BCC81581BC9AD6F
mhitfcrcpn3ktv3gl5g1ttu3p8,1E46D8EC23C89C775CCDAEDFC51A00D2
t8pd94bqhsmc99kgb86rpr5ml0,1C2DBF11C6987E2E8EFB1F48F6048B37
bh636hl752cf3vtauceov1qdc2,1E9A76FE532680AF6B15E48B74D5E56D
fll3jodq6e9oj8lh9jcugetirr,19388B692D85E7692A041F559A3252F0
5lpopiu1n7vb5r62p8cp2etcl1,18224B30A748D3B34090ABAE92F11012
588tdbutujgopilaljogk2r2io,1DF6E93D564282676A8AF082F8991AFB
g1hmseeilomj8cnb0v861glff5,1E799CF0146C93BAB36FF7B8AF2C153D
cp0vhcale3jc4hqs2s1o44ejar,1B8B93B5FAFD16437F466B20E3243DB4
usii5stsq4uqujaf06s1os0g02,1ED75A7B1FE50D3F2229B64563A49F2D
nbn711gufr2arsmqgd33ocah4l,1FC6AAB4D21D7BBC9D34E7E9E06F1E3C
o95681n14mv421ikf2dla27pgc,1C7280E0604771D44CF1E20F95B5DC78
o2qlk0l1vmn06bri94d7vn6lm,172AED3DA29021BA553D6A43CA60202F
53d64u5mjr66r331pmjvg5tlop,1D2643B5238ADBDA5E0CDAA414D2CC8D
j44pf1vbf68uvcggoe0o4d87ci,159D5A71022548B9EF2876E2EB36ED18
uoq69h42lbfrkd0kj2nec4k8pp,1A56FC2649D88A1EDC3293C48FE22CBD
mbs8ku0ane46i57sntv9ve9h5l,1CE4601C7B9449514CD1DD50188B637C
hpnfvg6ncta2tm1u88tmk7lpse,1F8DE0CC0A4B2A0F11A696294368A9F0
ltmdjtqhl6srv32q1v2sa4ssfj,176544559BD5AD1BD2F54C1A1B520331
5dmjru9ibg8f0t8i4v304n3amq,165F1416B8EF526A6F6891D93983691F
gg70v0t3uvp9fbilr6ugogjavl,1C319CF07FA533804F23E222162555B9
if18lgjhm3jiq4md3jc3313a2m,1AF06AFBB7541F4663AE84E15BF7044A
e5krdnedan4kjq0284d0ofgong,171C09323609F062BB79131153DD3B16
b3834sol0enm5g6en2e06upskq,19FC71B376F66939B42FFB901DEC5A1A
60iim785r114kqbtlk7feri39d,1A4F432C67456A378CE78A3711A4EB0D
i59dk9t3kru9bsavv2ct4uq12i,1DB8E64C8E3F3E691138112733876152
nadedcq0bc5jkme6i10lbni0l3,1C19506888ECA2269709950FDBF6D79D
fe5c2t7i66bi5mv56ta10mihu,15BA9E5668184888858999274D1F2BAB
nvncag1t448gep2geu0g5mqiq9,160145C463B42550181B2668C2EFC068
njhpiot229airq1v3h3j5ego7i,1FAF303783B19D85EB71A80D568A6E05
26kh1hjf9vjose17jobhan44r9,1947BBF8A99F6479385F51BBF25E0370
tkou9o7d3gab34jk08ic78lvin,1E9802DFC8A32B6FC35364E529C90451
4b1tebdt4ov0ue30pd3vs1r3r,1FD552756B9B1630C1E80514D0A58F9D
4cdseg01b67oo7gqh86tl3dquq,1B628FA828B0F7299FAD4C02991D2967
5bbip505l1h8h6eol3duutejbq,1E16230DFB09B1FED34A37082F85D65B
4vf3ghou20as1bje9t7tbp48jh,1CEF2E36E1F417C5D8F02CE6474B365A
sg2ufe6efnvr52r7k382jc0fb7,1CA99F2964E638CCCFC521E35395BBB0
nu5ca8nsott5c9o2ejppt2bmeb,1758B53C035A64024318355AB2DA92BA
jpj7qv8j1c34lmtf0okq86a92g,1C953ADB82361F5A6A8049A18952511D
g7mt7bt8nie3odqd3kg5gjbfht,188B0FECA6C7B6EBA81EF90B06F0D89F
rsfsvvv2pgucdpl5k7rb9675eg,1789EB02EF203ECC6AF53262ABE15303
o0jra2rgsnb4qf20c080ipijca,15A73BFB18E22B32B713BFFC2306ED88
7dim2veiatvglce4pmc9fmvbg0,1D99BDAD9A2BD84BF1126B8CEED0690C
to4okp668qt852ce08b9hn0h89,158979EBAEECFDB8BAF2462EB6EE05C3
9641qsmr9qaq01317sqqdreosq,1CDC955CE45AF6587B48F18150D2D4B4
a20do88rh0bkv590n1pr9nd6m0,1D04DF6601987CC28D4C4E0A61A27CC2
2sgkgf9gkan6ghdshhfo6lmhq3,1B77FACD9F18C46CF09A60829A9DCB8E
gfuf86epm0sd7agcbvq1godpg3,18DB82631DAAE5F69783E9CA0C04A7D7
a2mogf88douc9pqtg54k0c14um,1BDF4D4CB91D877878E6AFEA1E80496B
gsrsrl94v3busr4nvg45rmol98,18A4E6B941BB6D0D56C79E8F7E058351
ks91ffqer9u5589g4c1oak0vt6,1F7C23815D9B999C836F4B37EA6B5E99
uourmahcao32cbir96meb8f4at,1F0939496D7E8AB9B03DC3C4F9358A59
iej1c0oge9cv39sgug9ivlo5jq,1750C11AC26A5AEB4C2CDDC30F0A722F
ijo22shiv1lr9u6fnis2oa6b4d,1ED1E7E3B90E1FC390CECBFA960E6B8C
r0m1q3fe295e41fadkmo0lidho,1615538B5241D10B40E61356413CFEC3
a1p8bfv2m4rqqdtak1siff3n1f,1E8BA1F0E69F5852E2C38580C119D344
ogmvl2ueifis7gf2hln52i3adf,17212559BB923DA875F997F04A8B2734
scea6p7nsdcoo80mmi6mg0s17b,1D0C9EA601B1B3EED801E5B6429F4524
ugo9amdomaagrb1jo41jfu0i88,1C805F3821C0A818CBE92209D734C415
iau3tiaefbbkih5nmje354d81e,18BC6B3053BA4519F66479EA2EFCB1A1
a98172kbrk2l64bncnpoqbdtc2,18E19D3293B648BD1DDBB4B798A52C73
6c91ckstq2e8m2n2mrqei79pdr,1CF6FCF89579B459C646269C12EF9BE1
jfpmfpjmqgbh5v3h8omvolarie,18737BB0947FB23E39E3081E55BC2A17
4udcev8lp6m59i35i7kij2mgma,1A36F27D4C87231D034104700A5C0437
dqdpchtk3n8g7vmd97k8gkrsa7,1B23F8EBD9DE60DEE9DED13BF8577470
ri3sbd5886b8cs1j7jna8t0mms,1806D4CE802A857BF63852B32D899C98
5i6otfbcegu7udltah1l2g3319,180DB5DCD9372FBF1D003E6A14D82D11
fea6jmkjuffjbvu5fnj5pdscap,185181E6D3F0EFDF8B96ACA44CDB0092
scnn72at78dlhh5t7uqjfn2392,16B63B50FBF328A9D300A59EB75E001C
jh6njhn6odcssjj358ebp59vnu,1BEE6322BA9F08737E1589D3C9992307
gqnblisql7un067kd51juf4mu9,18CC9888A2E75DD4E2CFBCAF7C37009E
37t7b4oi97haarcv12tif29s5g,1662E221C00EDB91A7C4F6D3E01B5EB7
6r2o98bqj6sdmlhdj47hm9c404,1EDF525EE2EE91C37AE979D163C0719D
fral4e4gk82m4273i7eea763or,19740C3FE5697F5ECEA17DB0FA1642AF
e9ah2ap7bq2174446p9koceuci,15739AA833264F762965C7B9ABC1EA55
ln0afvc4fue5iu66nrmrucgm51,17B8004D319E9110F2934D21D12CAB10
4ccu8t5rganpd0hl51ek6tjd4j,1C6BB0642EC64ADED7AF6D4652A32A3C
jj6vh8676o89k1g75ricnii8s3,18A0BE27B545958A6A3EEA9FCD980833
qne37aet78302o7991dv36fn2g,19B31E16BD99E618E8372EC1508B25DE
2ied9h27i24j6dfbj9pfter7nc,1F0F3AA585DC2547F6361C20895F637B
c7irlb5ch770uksp1ossh6kkih,15B58AFD4596AA58754CB6AA5336811C
2hqf1d6fmkl5gl6n9nl6gfhakr,1692B2AA02E5A2FC2522F93CEB311574
91g61d1pnt9opnt40k2ioh42gm,196CBC1E8A3E2A51B124C320BA17D23D
f9801sm28vuac4ilu23chh7cb6,1C00FF665BB889CA6E4327A13B488352
522qv0euq9445hrn052naodpeu,1F271E88FEC8BFD1C7F6DC3030969A14
59g6ui276gasoca1fgkbco64nm,179E37A5B2B7D46BDE3875BB0197A835
pr152vo3cllpeeh2752n02bc7i,19E8471ED42B47CD177A2CC7163F491A
9nnoq7m7c9u8oee0tca4goerv,161A957E4DF71C4636BFD013891FF4E0
7q4licsfjom3966j2i4t7r0a8g,197EE94FDF99DF0EDFC7BC2B8783E2EF
fg0oco2cd8kvl30hgrkhiv1c2k,19FE62DA4B5C9BC51E8C7696440924FE
k2orffdvmntqaaqau4dvngo07j,1D661EC4FA8FF33548C29EA2DA784EF8
q2eg0hnse6h0f9f0q8gfq7l1vr,1A2D7DE69DEF6702BA138D18D3065DEC
8g33ork8d96je2brpn7n6ica8s,1CA1DBC641F4CD8AFFA4E90442EA2C8A
v5pchb8cdd1ek8b03puapslmua,162606F4AE5DC2C9445462C93116D80B
t6tejbfact7kqsbbv405pk0boj,1D5B08C3C02D74ECD6360E8235C81A38
qe1vqa0u0duni319lqsii4ul0e,17FA3B63A3EEC35E2F379CE8EA4B5858
pou6211hrql6djf6chpmr869f7,1F57CA65EB1F4F55EC735E01B8F15BC8
jv7h0d0uf8tcqbk943psnctbe4,1D23E7F16D9940891FAC095CD267F47D
9s70coq5t3q0e9k387mnu5u5mi,1A6057F0095EF640049A026B0D9D03F6
8fvn02944lm9ireoq09o3nnlrc,1AD2438F46292385B22DAA344815533D
vqnv273i5916ll318npg068kho,1D5B7FE32A17BF07765B93CB211EB5F5
lbovfs95bun6ct0ach8k2pgle2,1C8A185F81C54DDF215592C13CDE28D6
96100thqibmkurfgpe66msheg6,18EEF44C3BD6F80BE5A12FF7F1912E98
icl41n9mofjoanrit1cppa5ugr,1F49AF498AD00F1FCEBD60D6BAA175DB
dt3nm85eht709da38h85s073vh,1A37787B45F4C007B6624AFAE0E5FC7C
o6ud7t8232jjv0tpr0pgbfed3m,1A4065900FBDD85B6636D4BE6A6E6A18
no54vq0lkn5k3u6slr1erikbig,1645FFDAB65B3480FB457C0B0410AA4A
83un8u6bietfga9hikjtn3ok80,1F6BC02F77B99DC98BE46338A8F50C6A
vl82lki5dcmqp1hp3isc63ri8c,1D8FB102F9D2967C189DAE402AEB01BB
tq63pa590k1hgs95nf5k98f4g6,1ADD2759E19568F6B4C66DF8E0184642
6kvk2cbt1ji1qjfm0j8dcvouf4,19B6F80A084BED8F2C24639497D29C1E
t1gruhikc7sdeer30be6vjjb30,195DF7632E14CE986AF6F3CAEB902A07
je9k10arcfvcb0ckh11kve6346,1C098C8FF50F1AB58A803E395F6F7A38
6m0p6lquku3164uo384vb897ua,1FB1D78C2815A081D7BB5429AE6E52EB
4k36l2e1ffpktltvsqc12imf2u,1E805F2EF6D690F024422D579C4CFE22
ou3dobnp087iso22r4iadrfjdm,1AC781B1B7C534188DAEF75A71CC2DBC
7utcvoeoojffsm57tmfl77r5s8,18524A4CC9D16BD23E9074C8FDEFFF0C
4s3do0qdn0h62n8sml7tj8qfou,1BB8BF2661F407175D044078AA0A229A
pb0ahrudv5pk79v8tkf7821f40,1727AF8347E6302E614071917C5D3D49
qmk9iegj5bvujl57djtfi2u91e,1BDCC6F30B410AC006B75A1D9B6772C9
jt59r31h3lugmrgv8flcbpighe,1F739DA6DB19A4A5BDA6DBC2FD1214B5
ose6auquc9jqj7qs62dqgtpfol,1C63D22328E763E3BDE8D6C1B41F5145
56csa9627q4p7t71tepoaovgr6,1F578112EF2799C46850571249C545A7
lnhup84l0h0s6nlnu8n1e0rv7d,195B184BA6DB33D6B8155E51C7E1D4CC
fovjihjnmctbg22v2eqnr6s9nm,17B7A1219A914421052D24000F25E22D
fbtq85rb4ej1qn6fuja01uvlds,1F01AD840F1C7F82177847C8C41881B7
u8tu3o4s4tl41tnqg3ln7dgu3d,1B3F102379B0C6280F1109E3E197069E
29p4ueg4ocgghllhr6o6kave9f,174CD50EE5E7711F3AE4500382094462
r0jfa30fdubudonp40ptjl47a6,19229A583F842B228FC95FADE6DFF8C1
6feico42m8npjpqko6gfufotq5,1847F815104691CDA8D5924A0BFB9EC4
re534lo7n7q4d9f1lcihou1sg7,17C1A4DD89DC0C1120E0B217551C8ECC
scmvn0omm00g3n7u12ejmm0ruf,1A3D74367899FA628FD43F7A53298D7B
mpdl2g8vhhhgu4v31ut0umo0b8,1610A26CB94C01BB74913C454EC88F7B
p7qbigv8b83rvornk22t4lal1m,19A0B15095C66F2434E8BC5764C207AD
i6t46674ghn863gi7eeklur14r,1B331F0CF11F40E65C3C82D8A9391348
6sgvcormg6uevhmeaibqbp4hem,1EED72EBACF4F595972314A55669D1E2
td0d4mmg8c03il8n9ou8r99vds,1F69A5B4BE7EF5BFE3239078E9E08C23
a0k39qjccgsv62cl3e9rlu4ri3,1F4D2FF643DA6D3F2E9FC44DED78A12F
oek9lpd28jf303lt6rmvl7fsdt,1CBDF2AD09647FB0A2CCBC686E636476
8kga9o5hf6q8t0o5tnmlgjje6d,18DEE36B764C24206F36623DE32CEA75
embeh0co2gfoc9r9u6sc8t6kvi,164D6738FBEA8DB232D598159C98CE69
babrr7i3uk16opslhms6gbobbb,1C980090AF83FC8FD8D7FAA27025CB87
c4kljammq0scmv779f1b006b0,1780E8DDB09F63D7152BE7FD56876DE2
ou8mjieapb4rtup0hhcs31mef6,1C9EAE7F48BF22C4EFFB7FB8761297C1
u42j22npboj38j9b36jerjhi54,1BF94CD36BB4015920ACFB3B8FB1E12D
jhj0vmfnb3t6v58hm0jmq6sm4,19F8780AEBFC00C7EEABC33B9B3A75AA
jarhmdp9b3n86jgpgn5lmjkpih,1786F87EBBF797B8E597B94E89B6E06A
5lqj52107a92pt8mk8dtsk0s9k,170DABDCA1E34FAAA34C7BB20D6ECD2F
ucq208mkdr2cgnboj5kg929259,16E616DA48CF5B039C7EEF9C1BA3CD5A
71cne4juvindmf3d8tuj4r1g7g,1EC55904589ADCBB288C876D7286E0BA
orcv8qek36j182r3fdfundbugb,16050ACA3BF5A376C57FB5C6DB980A7B
beqot0uafgop5resdn1sqc0i57,1F867E6ADAFFBB5FC1A63F1865E286D5
ff4c8viuuhbbqavgfu2fk69rk4,1B10C2105CBFA99DBED7414DC95888E6
injedv540eca7c09jd6a5u0vm6,179A12F205C40E21B07F55AA5F94F464
a5ues9puuu703cqatdiq79eeln,1F4D5CFEB373021B2C4DAB9EA0192C3A
ehdri2luuqn7rfu4qf3lprchnm,158533137303B203E6F02FC1961B0F2F
vnrloj3ee8mdj4s6u1ilo1e6vt,18D5F56293D0F610499B88522AA1122D
1urssvdceas2hbiq8bosmpihmh,1D2C0A3EE1D039A04B78686E5362A9E5
6rcitg288ssqduh4r2iliu2hi1,1BAF6F3D2905710F56940DEE729D4EDA
73skk20afpdm883k7vt81cpuq7,162A736F947420EFB42F60D6A26A69DA
s81h7v87jqqesrtnbs65dgqmle,1C9AF59148A73AF4D7CE054CCEB0BA87
17n614qqrscp0k4mqr0ghpb7vq,1724D154973C0B74A0E819475FF01383
4i1fri3mdegro1gf5225ln7cr8,1D31DA1CCEB1232057154FA1BEB42C90
5l4td8mej851bk5efvi94ukbqi,16A8EF43916789DEDA235E0F6DB23A83
cip0023mpdsmist6tbindrlcsa,163E8B37DD8AAEC25F5F86E266968347
6h3ivc1mgafl876vttur7kjrt1,16430C3022E73892B6BE80D8855846C9
fvg8hm68p15rm3dq6nf9crjupl,17125A37D30471645F4D9109966B9E0E
mbkcp385m6qv0vmnjnggbuf19u,1A3DED833B1774B3B1B6ED63482C48F1
dmd4c71fn3qptjj1557rqigks9,178094D2897EC4A95B86B2D665065F1E
1qp7995a5fnjcb3le0eves2mbp,1B8E7C74E3BB2206E6BE54A3CD07BC4D
8lta37ns7ge81avvisnh9ecn7l,15EDB291AD365AD7989BEADD0453DB33
skgip7u8ttck5kjnb67pl8qemq,1FB15D31263031E09910813692A3743E
5rghenhsnpbrehcva4u7bbh7mh,1F581D277F2C9E88357C4AD086D1A2B0
ajedk79t6udfhu45g136me3n3v,1AF18F18438C6B6E7BF2C05125990247
qei4mhlaui1o46tfv10nuncrht,19885E801B57041D3CDE204B449E35FD
78btb3l53s2bjpn5rber32aps,1F1A740B4CC986B1DFC8D871C6985747
ghkk9gkjvh27g5i5jho5frbpba,1CA2658C0878391987D8466A6D0F6CD8
qebl69hbi2l0n6jjokdhal7n2t,1B142D26C9618D24FC25606906070780
ik9akqv941kjg2t6bm6fsioq78,1ABE71E2C009AC1BA1BC2F04B9669B90
o5u7bhkj15l9thdl35ec6bkiko,15BC8AE6386BB228CC589606D38FF825
1gu2ug34r42fmob744djgg4b70,175E40AD1D00788549824DDEEADBCE8D
q0khuuniauv8oqra36t03qprai,1C042FB559B3F13E512272C9D7BA2F9A
9jbniqtcs6o3ju7eu6mjeil8p1,19A872C0D8251BAA08F611EDE7D49991
7o2e7ute9hfdmebus6p5lk4hel,19CF163C7B77333567313241655F1FE1
9f2n7mkupqnt3qqfv861slnire,1E0780FE16B0CDDBEDC4F70504007F2C
qki1uscm2c6ngbp982qopkhe1s,187915155007B6E32FED839FFD99A17B
15aqpr3k3hcfgkis3pa6ht76if,1AB60110D09CB4D6660537C7C5AF5AD9
trau3g8ivialg58gp67tnpsks7,17786944240847039164E113020B5A8E
se2345qkhg59reaejdanufusns,169B907285743DCBE1C3C21D4CF43723
4d9s01r9c59im2q9gn68ob1u67,166EF46B5A2AB43D33C9CD5C34E6C6A8
8a9sv5qpu9u7let8sip2hlcp6h,1F1E3F9C4D41D2A523D3649C52235732
4n6thni59e0paqsl44vobsgfdl,1FA2A42772035DA8B8D397E447783F60
81g4cai1g9cgqa904vvmlmtm1k,189B787E7F1E75EE2F2D90E3159C0DAD
rbm7diu0gatt6tiat2ohgs1vbc,1EF2299B2FCFD175AB177BC6217A653A
o6tl2pf16ufb6ht82tmjqcbk1i,1B47613451760272AAFABBE36FAFC679
gqb20a77gkmmlb5q6qfbbau4o1,1F5155C8ABF36B8A183823EBF5D77D65
orr3qmn61vibio01rasjk1ktqj,1905A4D37CC99424E91F7B8EEF72E00C
i8urovrchrejacbv42cbd1d9pp,1669BB519EDDF4BA4A830BF3524F66A5
ni8kpno1ia0f29snkfbgkj5181,156F3A9D591A9B6B5038FC544C79CEAC
ascho98ffeh8i762hm45feqa7c,18C3338F9CCFE40C2E5E4E1E3279F43E
6fgsv345qakf6k667dpmn9d72,161D06976EC78CE54D707A781AC0E927
3u6dkdhi441778sst9gcrkact8,1F87A1D0ED808F8ED7B91A80C3360CCB
tmmuraumshg31javfbrgt8pptr,188A7CF12814CFD394E59B57A9CD7C4B
c89bq6i2suis5ervgfuk2bll0l,18C554AD5788EC4FE7553336FBB67860
caf42tmr7slij74f782d3h1a0g,1AB1924F71C351F8250CCD5C8D4A1AB0
iaqe59lab4jojkb792ellphad,1D7C67CBE2CFFD4365C65B4EB3BA4500
gm80i6u821v60sbo5n6p5s890k,19E6750E92ADA2C3D54464576847435C
rbq3t9d2lgui82tfe7d3a2lvu,15DFBF5A21BE85ED2F22C02990979945
lgsplafcqk8pc2n6an5fnp893q,1FCBED78676CA7F5540796B7013670F2
nfcm59a2iutmm0qu1pferbb7ti,196FC1835C3A255AF653A9F511DEC7A9
1c01i4vst2jemr7aopmq0e0mvj,163E379D85587DE2CD2143BB485BAAE3
71grr4kq069uenvtino7051trv,19059FFB7914D8BD4340521B6D4078B1
cppt4qtdi9kr8qq3umf0pfftsq,160DA0EA0738CCF178327F6E74DE5B40
gvtmaoj2ulpgqh8bcsub9lb45c,1FC084B1096E89B215D6EFD38B1F838A
q8dl3gcj8e5hhn6nq6g396sgia,1E84654D533F0C636311CE731543630A
ujm1q617ocsq68p9pvrlnkquhs,1BDF5CF03AA59DD68BF760D6164D390B
kdfsv5kf3c2tvu9d10pfa7dlpt,1D44A63721721D58FD5142C94D4E71DE
7ciuu9dg6v031liho7ep4ls0h0,1B7A88858488C9BCDC597FEEADC0E056
l0n3km3cnoi02p5vs8rrm8634p,18FF953250C8AAD482935AB564701176
tjk5vmqsl4bfns82haec4a92if,161B436DD95E04BC40E04BEC4CDD3EA2
c11h3krpohsdaa9ic9u3ibsnkv,177BCD028B6074AADDD45F76115E214B
qe92a8msvvtjprp2aerk3i0b3o,1F3DE973556EEF397909549ABF57EC85
ni583jt178utl44uehmdsbi2oe,1B123C954EEFF88C9A1F431604EF2791
n8mr9h03gehnfsdudbma3m0629,170A3F5D2B170A68D8E55031A903438B
4ebap7hgfs9e7ifsvke78j8cjh,1CC9ED88B6FD880886819D7C72D07C5E
m73ambeudp7ndgi3ht018gc6cg,1B471651E106B14F8DB3A4AA22CF275B
6f89a4m5rpm873nkd512bsou03,17374AB2F31305A1E4A16823261050A7
7unm84sqtonem03i4ss9sr45d4,19CAD4CF13F58B01399A231DEE86C37C
90m96p4lhr1sdmtq6tbplaaa78,15FB0A2A775054B375A2EF9D76D81CC6
e99heuek833plur5krt26ijhl8,1D3DC608B1FC92A50919A0F4E4678584
3o6nto5vb30fqutuucro9cs5rn,196CA6B3651FCC81777858ACC8B3F40F
5ih3vo0fpnl75d4oomifbg7ld4,1BF1E3A558E38D8FB9D3755B6B061B6F
jts529sv2l18elocc4oj6hunv4,16FDAEC1B9CF2BE5B8594B7450C1EF61
u43idhqpsgi2f17m6g8jl1gd1g,1AEB699991745D1CAE6F869317D861F0
vkq3se0bi2k6nhrf2ni7rd6bs9,19E505601AAC49ED96CF871A865403BA
oh2g4rj6njtl7e4jmijeul6ppg,1CAFBF1DEF886D713E52F468B4E5FCA6
bev2m4bcgul7mk0g1j015krubg,1BF3F4CFE49ABAD779F5CA0D32B7FB3C
1sbspi3asahqk7jh9uk5kvuc3h,1677BAEF42EF31D829F76A532C4B1A94
2k73oa2ippbm2qehabadvgienv,18032A3B8ED904B29893FF70378E3FAC
ln4efqvtbcao67mo9ajftdqjia,1CD77F01AF14D410D44E5248B9FF17A4
rhp55b5g2s621okaks3r1mdbpr,1B2652508A158251790DE837EAA78633
1duia93ru2tt6r597blpmkmegt,174C64FD45E4FDC4F5EB13A2D9179B7C
6iqrtjh7bnm0l2rpbajc34jo9i,1781BA894AC29378D3A98F2DED65CB53
to254bafrpknf17585csfmqvu2,15E9187D1E56010693FD4DB01F739754
mhtg49084a4ea6ohund6g4nu1g,1965DF4510DB6C8AC46203A0ADE65CC4
bu8uosqldl81k0acdoc1k0gp5h,1EFC16DD91930F00C48B9034ED76AC2D
b74p3hlo1fe9p7nq19vecvfepg,17F7204928292D4AC914D51CD0F16357
36ci0i7nnp8u9nn697k1kqsnmj,197C57C4A7498F5D86C7AFC6A0137CB8
t31r45km5dcen10c52890vn8d2,1FFEE4924E194B70D3313B2894EC00BC
22q06h849bq2rkhhbtpa5algoe,179397AB34447667CAD1E34B542F0ED4
rf0nbfn5bvdrvecn6m1d542kl4,1DD5E9BA85B9C9BFE7352A935797610F
daspumn1q1jvabb6smlu6blt7,1BD81C91AF45409C0AD41209A526AA15
ili96t4h652f369sf3f3srcv3c,19BD94581AEA9C01E092E29A943DB6B2
mfi5jcmv51mdjvb5439v8pk8t5,18DFADFF98DC6794F80904949489A4E1
vmoua2lt578hc9bfrdaimai5ir,1FBCDB1ED258B3F62C6F5FF8A70B7DD2
s3stj5c1otl65lrqgu5oeoag85,1E43621B33CEC0FF082DA838FA3FC7FD
ktrqifvtsi29t3dfh2cpcr7m5g,1764ADC88608E551AAF6458807E3310F
sm8mhb7ikkqqk09ljnqq4uk9ns,1AFD10822F3A68E5E53EE14A8F4E7BBD
dbsjqtl8kr6soso6b1c221690i,19A9BC96A595C75394B4C946D069D02C
qj3rnqqctpuqsh9bcfci8aujdv,1CF86D27D1DEA367DBBA0E0AF62FF38C
ba1q9mjq0vj7624l04t9q0tvgu,171ED3E1BBC93A3A266FA22BCAF9C52F
m01dcif0fiebaain3nahlhuj5r,180B56016B7E2F16761BF4EE86201EEE
o8aruacdhabkt42ggj0mh0cnro,15B4A08B12D6D746B3AC008B042FFDCB
hfmsve82h7uaf914klc9r70q9t,1F62F5792C9CF746081D821402C09AAE
9kd0aelqsen1lne6nhovr0tq1a,19AFFBEA5A53499494A1EC01AACEB546
9637fou0q1hgm7jj0spoo4r772,1592BD8A6898426210289F89AFE1999C
lfgphmadfhbu57pucfv86lup4,17308E91F0163AB8B8FBA3684E19B6B9
so509k6o03bdgrvgll40t3jjo4,168F6FF143496FFB92D36B61EED870F0
ev0fb8de04i4l1lv63d4a8t9ho,1A97EA9B10EE858F6A484EB78F7578C2
rhru6m2ueqkaau9vt6ralg9mp0,1EEADDF0CF005DA778CAD20D06EBEB99
4511coct82adj53k2f19ja47uo,17C42D7E42EA2042D799B244BF852270
qd51qc8ttt8uke4ui6hdrkm447,160CDA7C25B420489C07DACF324A050F
5ql47s0o30u0cb3ls9lbge579n,1E39C04C3661B03A64A4654C16314014
jam67rfvvmi98qb0u2e6prp40t,19F02E094BC4341189CF2F439A2B6A1B
ev554guh18sgjkgspd0elt706q,1629931AFA020317AE544D5E163F1F0E
5vt8begg4k00qmng3623mc1q1l,1660A43D7AFE1B3D9E657992C2E4248C
idbka2oh8ki9nbqi58oi5jtaud,1DAD17FF10EDBBD8F379535F80FFF574
ebs491ffeqvnehc6bpde6r30cu,1CA48247A317C399CE8CD2702A3D6009
ho7vkmcjblcbm5ui623slevon5,1C18135E1A78E8492FEDAF6872651141
ghipl4euvhb6k8lpa3uhof7fi1,19B7278A1D3CCBE99AE385937BB5EFA7
utv2hlublmmalbuhu5hu5bpe49,1FB2B6BEFCA94C4D05A020FD32F21FCF
jur3vrie0tjg7rljt10e6n43f4,1ECC2D2312033E10FB847DDD780AD8ED
f3hoqolaqltiiu317ebhnlm8s5,183B433443E9501A418D56FF8AA23736
f8b3qsc50c4aqd592r6ko6vqc4,1942CE13A43417F11ADCF6DD2BFEF68A
h28suiiqnduemgjpi6rv9d3l5e,1FD91458ED2AB4BD6935964EE8588937
bi08t04d0h7i6c74q1vnul6lju,1C9A61C504A1CFF38D54078053F28681
beq0rtpti0m2elv29a3iekub22,1F20C1256169060C863B6A87B20D86C4
iourlo01opvbatstf3cki9ff1c,1DECBBE5E038F2E51967E1694D2231FC
vtv89ckffa7il3aljndi04k1o4,1AC301141D83A3DFC4B44D0988BE7E5D
9hf41urjevl8sg4nietubijk30,16EDD5E4DEF7F8A6600DE4C0A6B4B1FE
rkodu62ic5m6c4omm1vr1fjk2g,1E58B8ADC73F8CA62EB0D0F57B09A829
s8mlld3e4kic9j4dglhkcask2,16A5C7F4708B1BEC23B0A7FF62C1D948
5re8b48h9423j20aa9pemj758p,18AFFBCAF1ECE2477012F01CBAE85375
8j8ql4ng7k4nf8tuvlhfeh2ceq,1F703EBD1AF7EB9FE916242343359D4C
q7op54uvkgk0ejaqkoaece3leb,17F6C664D1B7928CBA302CAFDDE24D00
5mmkrhntqih4tpqk37q3mlardv,1FEEAED97B1B5BECECD6A828BC6B0010
esuiqjjiq0sf935p9rkbhl0p50,16EB943CEE0F62CF60645BE53C612B42
mutvah13ihvcon7l1cce0nfa5u,160F9C2E2CD6BF19EC0DC5080651D017
m5l27057qofsl6i3sem1aq4bgp,19AD86EF8FB167E721BD6DE70374D8D8
q80a11ni6tfs2d4lortlg6c3m9,170E76BE0A7B2A0570348AA54CD65E9C
973fun796kl2o216c4k22qbc77,1B11E09FB7A986E6DE481E78C2412AD2
5ngdl89icdbkse39l17gfu0nah,1B8B2522B9685924E66CC5AE3BF75AD5
jl6bj5lh2anok8gon0hvk8uvtl,16250FD1B6C4C12C09453F185282D91D
eqm9u4tud8u6feqdrr50po1of9,1697CCD4D528FFA6C33F4E1AA2223BCC
839qdmpsvkaq5osh6991o50t91,16EE6B8A6A1496AA54CF147F7F3D1132
brb067haslcotsomhmqse1hddq,1C7EF948D9BCF14CE0AE7E95FF619FA8
4cgf5re9r2ra4u4ivi0eoicadk,167913E52C6E965B7A81F18F6AC960B7
kcphmoo1p7c54csg14puo1m7r7,1BC6A744C62CEE91013F7DFA129CB433
bn7o5puqgpqeot8lr2qq08fimc,1FEB28A7970C45F230BAE3D1757AE355
b5i1shc4m8t0m8n3h6ooip2emr,1BCFFCCF2AF4C3EF5C9F35A138C345A4
s5h3u2qmumv9b64q36e7ejkqrb,1A6D99166F3382805EF82773BDB11B36
5oja870v25v0e680tj62bf11mf,16A01157F6708F56AF2676D4150A8424
5h0pduqll181hkauktqrmfu97e,18BEF8BCAD35DD9BEA53EB70DD21B14A
eo6h0bkveb4q42pdujep2petn0,1CF1175E39242A138FFAC6DFEDA2BA2A
snhlireeb6sr1k4gr6tbhmmc1b,1F36A1306A3FF218ACDF7BADB047AE0F
scfnjpve5jtrtcn247uelnkler,1DD835200FD0BFED8720EF0F1641E46F
dk0126pg6mimi32tir2nb5ctm7,16969463CA213241112682948A1F33C6
be3f3am1r3oh1gj74101orsj08,17392079E2976119CD7A72A4816D7747
q7ka2q3bb3660ineg59hkcs24c,15B4832DA39C25469B4136F9A63D71FE
uio5lu418mu9e0casfqlvbd66f,1FA6AF2D8FC39CE5725BBE1B71C0EC3C
m7fn8nh3gtovjodjk5t5s831ts,1BD967346662C826B8F13D6C433F79FD
5v6o48it3ed0p6n4mksmqfao8f,1AF018D55A03D8C1BE6C9A5C86E57E27
ak0lvk66m53q5nf2cccq82v4kc,1F2FE3EB6CBED4E19B477A2DB73171BD
ifl3c1prccuq5qo15u97uvfdp1,1E31402D3056D2066BDF6521B2049890
fi6aicjho8eq3m178047trbrn8,19502E8B112F9213F839EA0E5074EE65
ssqglp0nb67ot1s1homrc64mll,18E8AD9CD1ECB9178F90876DFFC6FDA0
b9jvb9ghrps4lheegpqloeaeq0,185B79531DE5A5A5610C940040B719B6
l7ba97bkc7r0nc38ib1t7pfll1,1AA46A2195604A81425926854FA9E685
jp2e2n3jf7s3tsgjecf45pb5pi,17AB52A741F3A5070FC1BD30F1FD287C
i7lura2opk5v2e6du5kblqasi1,1E5C24F35950622F9357C307B795259B
nvo671p8uic87jdiil6p4dt6kv,179EA70980AEFCC5C77E47604DFFE70D
m52f091mqv8blrifg7tloivse1,1B96187CEF2254ED7F30C8C850F22D52
lvl248ki8h7ok311fcbjqpnvor,1C26FC4E7CBDC70AE7A12E1DBEEB6F32
8v0c7fv784o6nk3c5nvfcjp8gi,1CAD67F4A253BA60CBF02A9E1615ADF5
7q3f92thpmvu8pa8hc6kuog28i,1C026E4D06D4F9C06F96E39CB17BF2CC
bdml404erj3p8esfr2ip3a7dnp,1FE275E242780F1F9B5A7DBD411C25D4
3q37v6ueb9usnf14ndj5lshla0,1EE4F0CEAD5B18735FD58A7F8217D3C2
tp433ssu0gnieap81m08377f9e,19DEF49006919727726DF855C7452EB6
bhko3c8eb5s13m6eru451emneq,1C78380A1F1CD127C144A862BC2B9FD9
4ka1ggf21m3d9plbv59e7t5glr,1CAF080491C255A6B7D9F74AEA31E088
6ok23rcmpcnotafhbi0ik2peem,15B9B08984BBC5330222DED5702D486D
po5vt5oc49ccpt6jgcgqa6d40n,17A8737C049C10683AAA0E4A207DA186
umb73jsroh5nfq3u15gcim3tl4,1A998764E710F81F0EAC506B378E50C0
8s7pgfb1dvf2ou5p9l1b0r24fm,176AC3AF68B0C05A46589D7E84B66749
lmobll9kj2e58q1ulbsbhfplp,17A5930D2D8B5A63109B1EF2807B3A7D
mbqi6angqmrnkk47sr2d9uqc7d,1C5F4152E7DD651B4A9909A44DBC8A55
n1h0lot0hlmid1rlh0fqrtv6k,163C348D3A71A62B49BEE96BF3D4E6C5
5sstfa9ltclnus60k8aaie9g1p,1F8A70DFC6237932DD586B2A3CBCAD4E
3sc4af9t4fmb412pm4jj843512,1EC4ED1812ABB5F521D2CA9914FB8518
46umjobgvopedmvht8acq047kb,173CFCBD7B99E27E3C40297899AC3C6D
pv8b2f6e22bt5j3r9k9p7t6btf,1C454610C0A87963B47FD8258DC74658
6udhtikk1v5k1hgq9bjhc14eoc,170C113F5DB42DA9B02955E1C5EFBAAB
gi69t8oaj58vcl6dtbrsgvmi71,1EA433F7592CCCA5583CB63FD3A1E947
cgj94o40a6hebqhmiic5c81o66,1A8AE6CB8556B73F83DC0755CB9B9DE4
8go5u8k4l6n4l5ovvd31mjdnks,15A4C96CDEC2D4ECB8AEE328FBF2F789
1juef62veno3j32emne32cummh,15B37CD433B4019525DE069E59DF8937
8hg48ka3mbv7dp1649u229dd1l,1C90C10EAEE7F3EFFEE4C1CA3DBF26BB
bf39h4h7bmhuur11p29fp2n3b,1E03764D249BDC4687E4818D01BC3E19
2ot2kv94nnv5l65qu17a3gmulb,171DDB603DA9A21E72F702FBE075F207
7sns7be3hvk9v08jrbbd77dlkl,18BE5BDA135EA340C602DE68E22C765F
al53q4cun6o0tagduqm275a6hh,1764751403C39D9FB654B459F9988E46
b3o8tot0bin8hm08onq7lm4fe3,1F2BDF9B08577F52DF33AE96612633B7
nt5mdvnk7ctqv1sh9lsp6k0ahv,1D20733E3D82AF73A3A8AD8E5100EA5E
ma841chcir3eh65casdaaq0ijh,17B25B847564FBCD76BF98703BCC771E
sjqqpjvudhrkje4bajou23bl4q,1FE912E6A09CF64FC481960D92BA0518
cvtnec7c3ncuvb9g4rbsn8mlt0,1CC8DA4BBCBB6FFDFF6415BB49261407
2d7k8mgg4d57v3htl36ro75f17,163CDF3EA9F848AD8F5A4B0F31988805
831rf2r2an5o6jcrqcgvm40q9a,1E688560ACB8BCD50EB934918996599C
663vnc1mdb4m6l0qoveqj3sago,1D783BFD80F75361B7A3B9355EC22FF3
5jl4te9c8ke61iq1svfritumm1,178E545F15D0CDB760B5AF37F498A64A
5laav9drc33o87obnrndvn4hqm,1955F859DD6B3E1183CF1A2A53DE5D25
apnsoigs6qe29uqmhjfvv4ndt7,1D462C582895FCFD2D8E1B65952E7090
6rtu45ar82bkmsbol5g9bk4f18,1E14C9640D8E98DE16CCD78D43A3F184
5inbq9sbk6uqtn4047fdkucg9l,1D57836467236446AA5EF9ED7375F5DB
l87geah4fmjqju19v3gob5k660,18198C6E731670D2E513868623ED5858
rgf6dtg09er8jc2o9684eqk3cm,1A7113657B9E84E04A341504A7E261D0
2m5nkrsknip6bkkobsqijpos01,186657806BB65137C4D8BA61999DAA2C
opr84hs416pgse6mn15od5qdf8,1F9FB524FF2FBFE6DC9CEE82F367FC1E
47gnutn0krht92sv5p2347htj1,1CFB50EDE2D5897E8E1AFD124759699B
m7ioirvtctfdibak8oursqb43b,1E5842A7872EC61BEC523BB678B68605
nn8jc8l2307o3noanb85bs7k1r,1F0F255812ED9F52DE4CCDE41D8D73D2
ok22kfamrajl0ns0dsqsugckp4,1E3514C0978C8597FFB0A1A560BF6E4D
24pt35ga9ic0uuvpcupbkeej94,185E8536FBEAD3E4938DCDCE072E9788
bq6307rce8u51ock6hbv57ldis,1ACF94CCF8C31C7084C36B668898A498
82sto6d6lhrv1rf1j9tja62ubr,1C73C959E090F1B94A566ECE11AB8AE2
n8k1jkgsda9khv50o7hvvutr4t,1E04596DB787A7229960D79E476A9595
pbkaj6f10o851tag53toalarij,15FE6A3CDC9923F81585EF30C197F0EE
kfa29voti79ki5lu1alelshdhb,1E5F9AE07D47E7E949DDBB8A0BE051DB
7hq8s2q44b553dc20eedhf39ch,1BC2C1DD63827E980CBE9FDDE597EF2F
5bfrouvcqptd8ubgjpviag0b99,1A281508B7D6CE39F7704CAF2A29F979
7hg8b03kjjt7n3e46ifaqqejq9,1F8C6C8070C3D64A87727D89971AEA5F
kggmsi0407u9gsvi9qrhiso7r4,1CB415093608A0BC09D0DFDDA3C6CC51
s7ncmmh1111k4s8lhpe0dtmguk,161C9F0A8F92705FC5019DF147B833EF
ejgdt1is71l92rtdu87ulbtf03,17AFBA022576F1C55906BEA6FA7B75FF
ttc426u1bn1i5dcuhhsi8802gs,1B0FBEEB20032C390EF3FA8783FC4E05
vuf7414o591dn0smbau2ait780,15DBE6478D8D6224D54EEC09E01B01C5
orja0jieq25msgu5doo553urki,1C04B1E26BF94B369BF28A2EBBDDF48F
onjunjd14vd20e7do56a1lgbs9,1D643B6A5A66F68570A59C26773F6BE2
m6a8caampviqbgphvq84sv8rlm,1CC3CB6DE4F31066BA13347F601F92EF
7svau4h95eh15nslq2ofl9u8qg,1CC693F45F29E3E9958F92D7221A6A21
3epn387umpr96oj9s7kjnauo4f,16AFA76868B3CDDE182B983E2BD5C954
d9s7m7ori1tdg0caln85hvcuc6,1DC5310C1D30D48B631ADA15544A4651
s2um5hs30u2vopk4jdsd8eqq55,19B13E287B6BD80E6E99824D3D83C89E
gdtguhcdghag7fui90slej4plg,1FB10961D405512272E3C24E364F6618
lujmdffae65qkqdcdlkc5abrv3,1C1CE9AC07248AF3A22D8DC06597DF5F
7c32350fm15eucfjuf09u289c5,1D828A37A6B9CCCF074ED3F830E212F7
rqhqh37hm3agflmlibcv6ie8vs,18201419BF6C7C5B202A197189F23575
4khneshkp0sndbgb7d8cq7jpnk,1E5F06A209FEAA95D15BEBD041367891
gpomsd0vknqk8gv6l9b6kb5k64,1B6806272483016DFE29519589B19F17
mqiso8qp8rrjh3kci274iko8t2,1C319D8FCDB114431C4B4C23800B3FF2
n4cclikokldhk9atdmlkt40nc9,1A78410B6E748E361E5C86F3C637B1FE
iml77l1gsv6pj2it8rbaac3vf8,16E281ADCB69415463245C80DEC678A2
4pbmt0s2s55l0cfho96a98bmn7,1953B6EE0F5BE0FB21EEAF60795CEA9E
ao2ro663u63dfirnuv8vpmthig,1C33BFDAE85313B52832E1D5BC04A185
tnaa7cim67v4i155u2rhq27o33,16E083AAC4A8CD02B6EA4D875FA9F727
ur02igt45i5ik44f41g5aj3a8g,1D8661FE5D0CA8CFBC56DB6C16292424
apiebhl2ete726p7tt2so3vjld,1593DD41669A0AC17AD4B219D6F2F4D9
2qp9nsdteknmikfri97u1lt3gl,177BA9C748E45AC10290A14B1A3A7F85
am1u2q5f1cr7ci7f7p8t566enr,180D0DC6F42089CBBFE4E4D16DDFD49C
hq5llfipondh8f9u46kb1ore9f,1A7A7A0645D98AE8FF5D47FC3B05AA46
v7u3kir6q9do8vrsnjet16hc6,18F822CCB5A4211E9457CFC841FD5142
8itgju5vih9c55inim0g06h3fk,166D0006F4C063CE99CCD780967756FF
ulv73f7gj03dpb5o3v8at4pilu,1C1FA43674FC7262A317EECC92430C2F
jbfn53utpd2sjkkte6lf525296,1B9A2FD9F3BE6C89EFCDEC18FEDD47FF
keuoq8fovng12496su2d5g74oe,1AE088C3DF57D80188C758FBF7B8A679
r08mkl9aigjcgrtef0f7o77rvh,1B6EF1F580F38374479A621E75491272
oom76ee24q5voljoq24p6puqav,1BB97E5CB0D9F1FE75F7E53C6948D1A5
vuqb2q0ua5sdkbgf8dvflgkb1u,1D49B0FE672B96B8F2B639241680AEB6
94osr8paoq0tr7jk4jev0d5i21,1E0FF42DE5AF6F32BEACE9B57E081F32
2m7uujfq3qrqkrrngcofjoll9o,181F19965681A8526C0BD9F3A222C1C1
ipg2mgk1ij8u58h0a3cn04a5t9,1A1126614A8BBEF131A63945EC847C93
m7k9pejlbpl6et25ibp328bq6r,1BCB0F8825659118500CF459907E97F6
ogghlv9p4t40c4h9qg2qoakc8e,1BCC53DCFE2489B04C32CE665FBB4FEC
7sk69ddddjmree8udcaeqv5b6v,1DD6B0835CB3FA99685AFB492623D016
dvnn1uu7tikjidnnloq0n40q9g,16F4FD94FF5102225A3AEB92C6C9C40D
cr6oroeqvqssgscvtgit297h0f,1A27EF0046F4A27F7B6614F33730A2D8
kib7t2jauqp67dklngou6m7lps,17CB5EC2B70C64515206649D5CAC83BC
bci1ui9f02pnmcs4dbftshvoqi,1DFE56DF271A3212DB3DCE3309A68F31
crgd0n5ib8u99u6sdiqin8s99f,18B0224CD6A75D9670471C31FFE22A61
765136uk70ogkkev6e4n6m7kd4,1C90520A4D2E1B34FD529AA69005C0FC
7a720lvdh5rg5co6pb1dcojrrr,15EAF473969731B5AD3A8EB589A81AEF
n3d528tc45o4chto9498oacehc,162CE3CFB6C49FDD10B5F59C00A93F40
d2l3aoo6gh1mlnbrqcfq65s73s,178F6761718931BADA1BE84B4F0C2498
ah9ru9r1cngqvkm0grb915ga2j,1B9B18040EFB4D88F10830F11FF8BB4C
n2cbu8h77bfufbfde845r33htb,181E5F5EFDE12686AA064BC4D59132C0
vf04kr7lk2upsduukvibhig5r4,183566EBB4AF971EC7EC9F9E19508E29
erf3kpuj5mb8a4gej0murn0jci,1D2E9154254B5056ACD358A7DC3EAA04
sg8pmqim6cci71sb6b5of0pm8u,1EE1783901EF88B4B95576DDCB20F5C2
2bg7797tkjmu9q8sfqok1vr18,1AA645FBDC67BE45A31443E97B4B4CBC
kkksoki4br4ml4megt09gqvatq,1A507B6601119266173F8A610A4B36A4
d1c6dvqigl6v793c2fgddqevr,1866C27C1C1568A669D90BF928C35B84
as9jmeb0sj6qep8a3euh7a3p7v,1EE60840DBEBD9BE386F9484E8FF9FBB
v4t0j8hhafh0fkvtlm4mk7rcv1,181D9AC450DE06A85EC186EA5AB122F5
gpr709gc328vkpvbsfv3d0b6m6,15BE7CC8245EB35D6657CC2E51EF2993
8mns9hphn51toqrsuatvl3l7,1701BCF06937F4A7A8A9DC147BA6262C
bcneib1ac4r3e3sdjfnn0mm6m9,190863F9A6E338F741DF076E366FC72E
imp4n7eg3g0oq9mkuqmlpm5ls1,1C00E86D2CEF1582000C219BDA54504A
t42j28rqtphb4058a97999f8hn,1BB576162500BCDFDBE1A595A6317C1F
vn1jgrttfovr2am1pt2mibf5bl,1FEB911DC327549AA4FC3111F1B804B8
5vnsb6mjabms0ol1gvg5pg19rc,1AF76C4D56BF1C8FEEFE9951D628FEB4
sojr0qrcrceq9gf892gklfdcdh,1ADAB870050B492EEC876A38AF6BF7FC
l2pfvgvsfflaud570gjviuc13l,167370347D783F3DB466FCC2DC20AA6D
rvfhh46rrfu55se7at54jqsmsl,1B042672269F0154FC511F965FFB6F87
vsgt3dcsqm76r7q4o2h7a0gnnu,1E27B03EDA073ACFE0496085E031B2EE
o1o4716d9ijr1v8rrr1tuttrbl,1FC32131C9588607559A8A673BB46193
4v17pgps2qherrugho8uf7a2kj,17CC643EE921D5D405D92587E3F01E00
esfqqn24ikcrp6lrs6h9qd905i,1DCE2AA618CC6DA2F8B1341B1177F137
fvbrjes97fl21fl738c4992kfv,1EC30F4626C90B93834F76EC881EACBE
udub7lm191crla46i8dfvs7j50,19043DA288B702D4936E6D13016A8864
ipivf47ijeso6ejrpn51a5tcul,1ADF52D4E148417F0BE901B843ECED90
kvh5socbvn2h459a55pkmpkc6,1FCCD492BE250BCB786D4525394876BE
1ipoke7un7r80gsl4e0bidhikv,1F990C97F8AEC8AE4B035573D57703CB
vh0qa12gk0jsi0dpa7urbu85e2,1A7077AFD2024556297EFB3A3D9D799D
ati7utgors7rmkb1pdqpagr67r,18CB78C2038973012300F3946E555D9E
kq3vb7qhvu3rhk71balfjh3393,1A8480576C6320296C86F004F6AF0045
ugfbkbrfse04mu8bsd9u3uf1h8,1952467805F4149519EA341207EDACD4
c0pktjlom6dvl7ehl8ig28njda,1B8C0D5794DF69CAC4C8503AA5694145
7rhdbvvl143gvnh5t8rhhd1bkq,1BB319B32FEBA8C4A55B010077037087
8fnguoam4gce024p5e6e7drmv7,1727BEB1C4BE74F3C9BACC83B04208E4
j1bfk5a45jmd3484rbiccqchsu,18D147F172672A3767FFF995E191C933
ss0uqubcj5oadmfmid4q9b72de,197894FA281A8EF67B911E49FF6F69A9
dlgqshnkdl35c7ekjgcm01cudt,1C1CE99D0456C2DB0E30AAC7D6964646
bcbff0vlftt7rcsfbhd3t9no8,1CB9B85193791DDCC26610F687989791
etj0k28t4jt3b5b54ke1tv0ko1,170A6B38136FBEF32E5F64319C0579A4
1626k08uq18mauah8tc1q5bero,179EB779497577F8FAE6010CF1156D1B
inse7hsj7jpjlr91hbl5h63t2u,1D697A5E98695EDD21C14D2B17F7577E
3q23u9bca5kcpe6dmo6bvnfoak,1A9CA71DE00F784B55682ECB0EE079D0
2b7qib82siejoe2k9drsc4oqst,1D7DBCCEF64F1F3D9903C7A6DFC79DB1
3j91cd1jka9v2f9tckkf8k3im4,171B003E74012E802C8F6E20F3C28D0D
ibe3sk97sj7rqtdsl8ev974eo3,15F27AFBA3BCEEFAC909F8985A7E21C7
m232cdgeutlimuinh6uhfv80qn,18976106398A4EA457FBBF2EB3B6613B
nstvqpkqq1pmgtfjq9mg4ubkca,17680C19EF8488CA723E0C8721271C56
8phi28sjbrb7obtvt02r69gnnt,19AEA66831C858CA25E0A59422620EB6
nf98m5m3en1m3cle52jlk6mfn4,19FCB2EFA5A79875ABFE44ED20A39E83
3e78m54rh533a0bdtoqlu2aofo,1CE195037DD3B9C175C5707A26AA0F39
jm957ot2725npnp7527eiqb47i,1E9B1A6FCC5A811B962786DCB829447B
kgbs4p4gtjpioa4jpd8d7v474b,1DAC1C0CB2454B6CDC1DA38BDDF41411
n6m6si16941mm1l3g7bg3nr3lf,1E7B1DB87D17A873A90C9E00B3FC07D9
sd58uiil545ln8n4de6hqtr1u0,1E679AF9A1E77AA5652C9079BA0D7896
d5n1qpesb0optsltu7mslnfd2m,1B75435C34138F8823A6A76AD35CFED4
evv4l1kvh4m2r90l5ajei5j5nt,1FF6D379DE5EDFF488117733D25886D0
d1vs3p426gg4bvq6347fedr01s,1E20F73C0DC747EFC7A821E66CC483E5
3ag7c9tmhkd15tan1lu8cbu0m5,1884CC708B8D5D961CBBB2FE6E02180E
ddnsn9kn6mqblsuj3256js5uqb,1BBB9723A726FD81D1A0A2C5CE4D89FF
rmup254ch2hp0qm8s1aopd0141,1DEE63745ACB82F1EF13101992A35A5F
rvpq57ef5g0kknlq00p1kbp88f,1C79D5996C822B456F611B07612D3950
jhq6tfr26irgldb6isitj8bi99,1FEAB1AEFB42F7CC9A118566108729CD
5foskplfmokvj0b4ssvpt5at2,166B8E0402C21BFB41AC59047FC5C6D1
gj9fpq3lrt5pt4i3e6if9he7c7,1DA96C6D5D3ABC01D9564BBBE0A4F75C
e1shp0m80nhib2r5hh23hitavl,1A8CF7F32424B18DC993BB43CDEB2BBF
tc83267dbg9je8ad4t1uvu8thh,1F3D24567CD07630FB702869281615A6
pdtknqgafjekpkeg1i7bfhkhdc,1B8E76192CCA5F5E71178A4D4DDDDE23
bgahfj833abi516qec8r7uh25k,160CA23E630AEF36D62383CD7E1F02AA
r4eh9p7krefk6u0rg4chpg8pc9,1800337C7C27EA475987EF7D17EA76F5
et42dg050gnllbgj7ov16v0i2k,1A315C83B0D2F79D865431BD8D21A963
sfo1khbtrd86hero6dulqhi8,1674C1AD71562E3E73665A9C27811269
b00li10n84arti00tgsttne9lj,197F26EB3BF84875B9230DC4CE243428
hqch6s8r73ov7rlv8ubdagocpc,1781157AD94DEFE0D541AA7CD51E832C
9ca5e25olbbahc5vtlmpnm951h,1A902C68DA605571909CD665BB34C3C8
csjvd5agfa8t271lt246tpn53l,1BCA69BBB47BEC21C9403DD65BF9DA47
32ecc1r4lhf045uj5524vgvne8,1AC15C62D803463729672AED16EDF762
1of42m6odtjk0ndivcp0eecga2,184E163AB0A2CC11C28F782FD4DF6952
1fvjbq8qpi2q84mqt4i8htl670,1B69E7A8B0AF41E3FDFE918BC82849D6
h9hatb472sld8rbgubol1mbmgn,17DC79759D1FC30622E1E7802E6C80BC
lmtckcr71lf9j8kb43bb830ikt,1FD05BEE85655D65E8B13C874893DEA4
ikidmt0qv62of6lushhh5h8mha,1FD0D089DB4A7CC90497F0CB459EAB57
4vgtcs6ajqrehqmurtvuuvfaao,1E82624720A03484BDCFC504CFD295FD
3gmu4plu6s2vlhknglnqji4to4,15AE272858E9293EF69ACC3E9D580CE3
usgd2b7ri3ogi9q6gukgvdf1ms,1C7096234DC8E4611F1B63AF59AFC18A
ohqaumj6ok1o80a82cjketu4mf,1852A8B01699397F17293B9D9D478556
7bmdsafoec9rvs15cp38391jmf,1734E1F0F395593A2ED04EAF22E4010B
lesg5o67sak5jst9f33us51ee1,1E2234AB6C11BACED04736DBDEA7CB7C
tv446702qe8mbsferae91so10v,19BFE1F9DA82EBA0CACCB6C6BF609005
5noo6l9c38tp5m86o5gv78ittt,159BDFD842199907E6451A3C581B988C
ml8l5suf3q26cluju6ksj84qdu,1BE6AF726C241D9587E81333D70AC67D
cvruj88f5arhm6lkkr18s5jkpm,16FA91C0A40E3E58A98EF0CD54353FBD
k0hsir4odpo9843r4qtogvi0p1,1B5AB8B3BC11142C636A5D8C5B8A4C40
rbib3e87837r7jklu3b4cctjva,1701196ED398ED3CDAEABBC74A592565
57f3e90a4jimhtlvn71c2m936t,15FBAEE66FDF2B86421D63B88345798B
pqfjmsvoo391sgnhkueepal1c7,1784ABFE1C08163C9FA3138AD739EE03
dv9u4edvbbs93onvpih026ojkq,1D1A1EDB131CAA46C4AB7C4B8D997AAF
nj42eaetgpvc01fdoi204ib2l6,1F70A04FC32C4CFBE3C680B8860E2B94
e9am3gtmao7gsh5a12tsfr7d1l,1FABBD1314A49C984128C5590762C7D6
kbee7enc3r4po0le6hhs4an0ki,1CBBD5CE91191E39290ED0410C49C8B4
meurepoicl2mvfrn6e2mhmd4rk,17362EC596F920C19C8F181CBBBA2778
lkh7ihvskdsodd7h13oim3utar,17311D2B06C477B696C4153CE026B650
b6kt2uohiqi0qinfo9f8t00qua,1A5ACFBBC3B25C8594F445BCCF1F0728
flb96tb5dl79jruttbtde94o3j,18A9185880265E4694E9844F7219BBC2
rom623klqckdagmstkgvgrp89m,1E0DCC5C6DA7C517B9A228ADD43FBBDB
2u9ov6t0mdrn7b1igd00d6tk06,1FE7E896F270DA7C24D50C55D82D6041
jcb4i06qvusdbn2v1kmqoshsup,17CB2878329A1F7B59489C9BC8D4DF7D
c278ond8tedque9nlhvvgaankb,15BC05A4B4B056A0A4632348034B16A8
e0vnqn0kqordfo4dn5gi42ru96,19412D6C767388F476E95224DB6DB506
u1a7jpr8hjm806i29u8lm4upbh,1CB724B6DDC7C776F20B84368589318B
ot2kokp1jh62fufj27d2sd2pa9,1DD596170C4046389A200C4D1FF79E53
e5o12dq6ll8761etjeg187t364,17F9E0EDB59E94AA32BAB94B46BAB14E
gdtr81q8bk4qa4ni1vbi0eqvts,16A62ADCA74146E66D0502799CEF9D1D
1h13qkmc2crc1emo32cc3hojm5,1C511755CD9B865D8CD963942E49EB8C
17dv896olk91spqkrn2rgb3i62,1E32A2F20E9803631BB0F1F82FF56FF2
12mmeskqsik9ljtutl0ekcqgum,1770CF4B117659E2E587DE22AD61BF73
ki19hkbkasci5br06hdd1n3mc6,189AD3807320F8457B36BA95DFB684C7
s479db29lk4r38l74vnt3jnudt,17C31E2475EDC2FAE214D5E05722D88E
ln7a2h0re1tt43j323uci0ohon,1570B7A8AAE46989BA2C70803D041BF6
n8a1d83uputc2kiit7ssrlugma,1F675C614D093BE750A1C2A5C950DD00
pl10b5imumi96cfn83lfs6v7fa,15BF9D545E20B42460875868CD9242C5
nsdmlbjl07unal1snjuuucti0,1F94FC18D137F60660B89C8DDB76A812
8jkh4qn6950v5fa2sukr1ske3e,1D41408BFF35AAB43A65DA720B88BA63
uu54s07c5orgjebf7lfijggkl6,189BF748112D78A9822884DC8305D906
oodtlpi8j87r3g6fh482dor2kv,18FA8E61F6B1F9E2E1D18966A7646BEB
jqpfqsntgpi0amlgsfmuv0ccqd,15E6609A34C926490D8606EDAD75F737
q732fcmh61vt1fl2rpld744p82,1D1911C12B884B25329141699349F291
nnfl1uasdp3u9fs7uhehm4vi,1F1DB4653015B5F8E0D3582AE5E58737
d5kjb8268bb36s7vq1csevthi3,1C5D9BBD6D19C1A7EA66F35068F7E053
anje3rlgb59bnot621seoplfcq,15C0CEFACF05E766E667E63360BCE3C8
3ep3lsdvk2p49hqi5ca2g0vauj,19B8635EE23ADC61BD15990093A7401A
6140023v3u0r9kmgq59smum21j,1B561E6583DB2497158F846D74427BA2
f05p2i2hvbkgfcqci8unj1q99g,19A28394BDBFA205EB5A85D18DABCCB0
vmq57087vqlfsh61h2sg3qg3mt,1839D12F54E1DDC90269DD4E998266D5
c9mm8brs2oachu6t232o6686gl,1687C4B09DDD6DAC67E9389D86ED3B5F
j0c4q6fpsuv3ocufoecj9ji5ep,177DC5B70E98A84338D80253C9581CAA
p351sf4pn8u2grla79k8vek1ak,1E60F578D5455AFF5CE6882D4D7CD322
c4ntsg81gn2tblsl24vm4qlh4j,1DEC9FA08B6585D6B0C5821FFFC42C7D
uvvhuhrub6k7kctag2kgk2hkq9,1DA729D047126DF822B3BD6AFA6589E8
s82gsapmr8iq636bpa6qfeop5o,1A5B3E49C01B2A74E421AD473942867C
f9m70539rrnaa781ogjj3rued6,16DDF2E8C0E20D9220C5ECA8A423F0BA
5h5ftk51q8ice2bcbqlj9jq11h,1C794F3CC6164845903FDF636671839F
9augn2t4iik1fgddtta0sjp714,17C9F7FAD07D01077907591E3D7A68F1
1p7getbighelkjenjg78dc48al,1E37987A3D9E3146C2BC02A1E03E45C1
rkgufd65rn3me9tt5pvs5chu8f,15F389269D30F1729EEA5C7E9A8D8E7F
4n8r2qvepsarmp5d2g7v10rv2h,19E88FC5CA4EC522A2534363B1998D8B
mtp1m5e195o9ac6vnv96tkh63i,1D5BBD453EAFC0FFA5C247D4823CC0A8
1mak6195284c0bmj6vb45ncss0,1C9177A00B5A28BBEE589DAAA1DE1445
fb9jui0rbqq9svskeakjsdtgub,1F9F9692D75DCD96FA349107A4FF75D4
r6lij5dqb3i9g93futssofg00u,1A171CF7F5E55F1F8B30967E817EF411
uq55u8sarbgfpq82qguc5f05vo,1C773CA9C2224416761619F98E7525F9
5r9lvd34soqqjqme87a38r217s,1F2E7F113543F0A6611D9C07F6D0EE1C
87lfumt5fcj2h9b0d5hd2aq1ca,1A0B4F78E963B86817A40A820FD72087
dv26mdgmhcv95ti3nfrk1l6fot,1CC7816A4C0359374E53F97610BF8A52
9m2mtaaser8nbbmg2jqpqb06ov,1A4DD4C879605D82EA658D2169ACC051
dq0a0s27poe9cd4640rccnk4b7,17E816278B0ADA4A99C5F9C440D7718D
1su4eiiiv9rnlh2m5p1q30mpbn,187EAAC34F34A6F54E7A1F8067AA1A9D
nufagc2e2254ofj2rderj68p03,1E8B738FF657FB8CD888F30C6BC60A9F
dfskp09pnftcesbp290u3dn139,184015698E579F7B4D18F69D12DDBF18
4vfktimdtqmsccplc7jah5dp62,1AF24D97ABBD01A67068AE2AA0B193EA
c0pms1lhto8atk5go8d92ugfl4,1E4E4020AA5D4351DE7B0ADA6E564CB2
re3427ekodjruropd6m2s4aoe9,17CE8F95727678E36AE8218BA2775098
c60mbakcj39feg8lqi0u7i55ca,15C904CD835FC4E97677806462B2DA92
tn84ql05a5frcl6fnubd0hk84l,1F0275EF3E22418078B10C80CCFEE40D
782ekdcnh6b1bqe27spmf3k7do,17DC0BF08FB69CE69B3B551558818141
roj4vbi6c5jfutgq6ks4qjlgcv,1763F6E433446C34DFBFEAA12E0E9286
uhb3fa9tjmvp6ueu707phkhds8,1F7942E404252A44FDD91273D64D5855
ncjbcmciuqh0eu0kss7ql99fik,1A7EACA92B59876AF3C0C1A0D716EAA2
t9f44hvabh0mibccn5e9qset1j,1FF0E65F036CAE567E44F7243CCE8A4D
27rrithk4uccltinrnn7o1k62t,1A8CD8403BB514AFA3E0AA009BC2C11D
sn5a15ltsgvbepjjmliud2blvq,1D0987AF775A9078FF370A593DCB8BAD
bie3mqbk590ute13tr6oq67qf8,1CA8CA5711AF1DDBB5C419B089E57C8D
dvkdakmk6d935pev630rq9nq0g,1C1B13E9CA9DB9A144E5C38397A2FEEB
gr5qs28vs560li5ibcv5hf7942,17D1088D782C192D3A7B29D3D6703B49
k8rsqasont6sct1acqqq9j4ba6,15AEDA00272B756AEDDF30B9E6E904E5
h3huvfbf3uk15icr3e9jefmgda,1956D4DFCF86E52DF423997579E5A906
1eked7iksl6i4ppn6fni0pqah2,15F76287F72D29F1D8588C9D40105E29
39avvqfacc4jgnstupaav8ijc7,1C6C93B8188688E9F56C38E1C62D2C7C
jsvq4d0suo385lkln33mu07tf5,1C1EA5ED23DB9C0BD7D427CC2D7B3BF6
8j3dv4k5ojuq3nu6f67p6koiho,17BA3EFCDFCB48A6952974D2ABAB0D11
tci3ncgr82skfa06e9fesnoqun,1D0493B8DC113534A272F14E8A2D982E
cd6v58qg0kfo861anm1nut441e,18CE526D3FA4EAE403BB8542DFA3798C
4r90voovdprmqr8gacnh6j0n2k,159A3BA576682D11FC50B773F75AC654
q2cj0bboaiamfhvi1iv706mdug,15F187A3BA213B593F0F6C23CCCA3979
3nfadndrrr71j5tqhgisacu2vp,18CDA7359F6904028BCC57B193B2DA9D
6d20a61d7i04lnmlt25mt3tnlh,1927BB98F5A628A5D8E8A94253EC0E9C
dhjbda2bi8iac4k3vuc7gq1ud1,1D53DE9A6899082DFB0D34FD873E404E
mbi90hfigpv2lgp4pijejg787c,18EDABD188EB723BCEFC0D1CA2A7491A
u9hrcj91r6ev79lpg8blentumk,19722DAE595D74E97645730CEEC0F133
puu0bjuk6s8994ktrd7n4oflh5,1B3C41C56E8B34C4EE71CF368AEE4DD6
hsrel7959ajm208689jtggecp6,1601391AFF4618825335F15A6415E25C
3rsd1lvadju34tf1tniqeskq5g,1E0BF018E12AF7533773645053745C34
hr444ip107a5phq06cjcrr3rkf,1629FD60075C85082FC20318DB2A6781
jaqbent2j18iog4971h8bn6nkh,19D2DEF1B530E86CD21B5914151CC006
gn295h3r0jm5h6qide8tpobnui,166226A8F3C2FC12B351202FD4C92D2E
1gt1aaipg0c4i88avpa7jk8u4j,1C0834851BEA46551AC2061FB2FCE5FF
2vquhj2snb8ug9u1b1anf90vpm,1840E2C0FA30337639370F3851379E70
v1c3e41ehr7qmu1dvmv31a81g6,1AAEC7ECA09593434CA24B0AC63706CB
nqqgu0goc499qacipqcj5aej02,16F49D9739BC7BB19FF107AD6049293F
dght1sdrpncbaqcqh45048ep4k,19EAF61053A983406816742B4121E809
e5sahh2dib87srj0pmfbt0l3fv,1A4ABDCD7C8E7FAD459FEF256580B124
fdihiv70k3u7f01he457i8i7ie,169BA1719B77807A016D5DE80DD11697
k6t9mp6f0eetonrua6dqcpesm7,1DC3AC0532C66F451F48884380292BF3
ea8m5fveekm9fq7o3gd5v0lvgn,1DC4FEA5D16BE83E556DDCB9685BF3D9
f7q41br0j363d5n7g2f2hhvl1q,1B13228F1329185F7C96E3EEE2A218BB
mftkr2cah5c0jqmp49b76ldt3u,1CCA35B0F816CC1401211152751EFE4D
f5m66ki93g2mook4486k4h7dlq,18E6FD54B561AAFE9951568BF1D4A5D4
d3i1hu21fpc64oiv0t997n2ukc,16DEC2A5198364852A60A91ADA67D54E
qc3edk0usn4oelq153j829o0ip,1A5BAE6E0E35DCBEF2F6326E6F6DC6EE
ki2j8kv7dv8gh3eh3vnroifju2,17CA9CBDC964BA3CF6E9F6122CF51389
lth5ffl9didj0mbjgq83slvvd0,18B8A05340CEB04EEDB86783C605C5E3
mpm6s2g6ob7tq7o4kehmskhrn7,1B2634AA10F36BD43AC2582151912FEC
43u3odmllleuqrk3lnffiuul9c,17A856EBD0AC0A34B7BFB04F23DF6509
gpm36i3v8p948kbh5ohgvl7ver,1E0F535991522C4062B37AEB1F55A817
6aa4igsid3sufrgucfoeiif985,1ADD3D09363F921ACD70BCA440A19EC0
s9tnhlst7opjs2lcokoa94ba9p,15C2809F57938EFF1ED42E94A2514A8B
340qa8atdp6asjh7r20ltekm4o,1AD4559E2390851895A4F33EDC10FD0A
ajc0l4lk0ieq8ma3iibssh51g2,1A7CFE90DAB3E6F097972CFA53BFC9C6
aicdvu4c518ilc1rm7pfm928k2,1B98166DABAC50D1414F3C9CE017C79D
ehm40vklsjfple2hbculac3p50,1E31824FE664ED46EE0F5C29756D7B92
l8hnetdklpfqn8drfuo4gdm3ua,16606DF8992A6B412B393F46193D0AA9
qi0lhsivn0cklu5ab6f34nlvqc,1D1D187F33B63E08517DE0EE2C2850D6
jcj0s1mfsdk4vm9os8ip15ehe0,1DD004E883F9F0344EE019797E41506A
7dlecab2en65mts6l05rdufgdg,18A83FDAF8112672E4410BFB9F93E6A7
g35ju8kq2p0dgjggs92gqn2ajk,1790FA73359764963EB0A2B59E56BEC4
sdf6qj9984cb9makrrphp4bks0,1F096CED695A2FD486C14F9E2B38B515
2oh6frsovns49f4llkpo4bmlc,1AF72D0829784D4C9F197B70FD7E8616
jc41rllm2un3vker5tpou5rar4,1B5C6293F24FD38F9180FC497960D3C7
ibf9jcqk99tuohk0b3sq8brlpk,1BB9735C207F8FCC50BB718776CED23F
53fc0bm8gcicngr7io7b18gci2,18C51799C8F919E4D104B9A542FC29BD
t9fcf16e3ftutmep9hbo745csa,1ABBD4A9E1A46F2907147B3E773320BE
6n2ke80f24ognmcrqsn094n00k,1C4F4128A1D72912357C088843026A1E
eco45m1aobl2po6eial3kbkj57,18B78FD5F5ADA3A10906B9334B0A1450
g4ddcthbkaraqceg64nujqmit7,1BCEB28A2FA9D90C8C2E05E2AD925614
ipjf54m8r3bri55cde6a6cis45,1BEA70710837D110916BAEFBD593AE5F
dsrl9rmumvhetguji9m3nmarat,190F92691A640E97812FD142207BFA02
a4ffdvfri9t29q9p5s3nhbqpo3,16CFB675B2E532E4E9175ED657FC4F5C
11nlji1ljis9a2gu7mspn71a3i,1C1C7137277942DD15F00E2EE4BE57AD
ecmsfn5bgehn010ekch9o71quk,1FDD2C20E29F018797F40143BDEE13FE
m2i7qh7ccbqfqg4bdrate708cn,1EDABAC4D6B663AF81C703D4240C8C41
hj6d8d4oh29p9apvo61ds0pksl,1C363EEA8054A6D58915DBC11561B3AE
nius85huu599oom9vpsm3o11m7,1C10B6F2908C4E1AFC60CE494FCD0B91
24ftvjlvvukech2dq6373sld14,15BE1896ABC0C74CC5EC5006D4EC970C
ehiqmo92ngvmovuu4kpdtkraa1,1F5DED82427351FE04EB0600275738D3
fi3obdnraoqopb9sm8gggcb03m,1BCFBDD881D5A15C6B58AD3BBEC26C77
7n30e3msg3rbntn653moeeqiin,15951FACA7DFEAB32552930240C15064
odbslpmp741cs0fbtnkvbju3kn,1665BBC974775EA8B7A9FEF5C4E21AB9
gtlboftu2jvro8ou9jra73ke14,1F6C0B984F3AE31ECCBA165E72364F5A
ajg498fdp7a7m3uiqkboioqsm5,1681463318DC1E5147E4BF4DCD9668E6
8g7orisjvnt7pjuqrjl6i7p3bj,1E105169A30807E72CC7C1A892922D30
ojrlfkrvheo7561lo0aj3jgdmn,1CB70D4EA32DB8C20CF9DE29BA836E6F
kjjg6255pgehej9aiob54em7l9,1B29523F669D4D0F8842B8900496226B
t8ae6rcvhl9at91js1iajeqrvj,194D32A832E16D03F58E2BFB949594A1
5aapmk6mre6587hbkpgc10ao1,158DC7DBC856F5828CD146546222AD52
pk67m9njparps5p0cdcbnfrjtk,1BA858CBEC2E67E659C263B11158EC1F
r3f52j9mqe7omabqs3noc5a4cb,18B169BBE5DB9ADA6AD4526BDA409300
212luh4tbad7b61487m8s06qgh,19E672F36EEBF29C41E93A788D2F6C8B
h8qpl2eepe5dgppn3ag2rgaukk,187E90AA986D724063F1D67A7F985271
r6a5gdibkc1uit2ur6b8pfcn3m,1F4BD8C60323991ED7969FF442D2FF0F
lpo8vk3al46dfl5jrsbbig5n8f,197FB9B212C7E2B08A3FFF3A9CFBF56B
pf6tfebt46793gpo84kj5clt0l,183FF3CD5FC0AFAD1825C8901CDF4228
6828nrioo8okp7j39v2ns424la,170D3742BC38003A2E2B311AC1530F3A
pa5mtmpu9juculrmp8uu1jpual,1C2E8CEB72C45D750FD318D9D340FCBA
q3q8eqbnnf86lsflk573s78esp,1AFD7EEFFBB6147C9D73736FF412EE73
v41j514hj0rrif2oahkc2ff120,18C079A5F19FFC32121A4554DF9022CC
70ha7egqckiousl4d04spefim0,1F50878BC6EAD7DAF7DC25E62C452A1E
4lc112t29uatkr43994c2e0spg,1E36B2343BA8288323FB8649EA8B33A8
fr4ibf0c6nph1rt37meukhsli9,157163BFD621EB3DED6238B64E52A3A3
al4s9q953srer0vfpgfk7e52rl,1DBEBC8AEF51062DE163E985F957094E
ujgijqn6utuvnt0o9qkk45lmt5,1630FD6E2001678E6500773A6F8C6EAE
5tr9ibur5adkdkmnicfk2bnma3,1F7204254A8D72C1BADDEB08F97CDE00
rt5tdh5oktnkaa1p5p78ufje2p,1F1B24FF033201E81D39B7D9E5B1875E
7ncufo2dldn56qm0joviqef3pi,1B999C2F603B37DF5648EB356E28BE94
aksvai65kp86uapmqoogmin0kp,168D5CE7514DF793EE5A0DBD4FAA8FC9
ujgqu9mn346lch5iv4rjns426t,1EA0EFFC49CC52A3BE987B7FE402CDE6
ibumhumtontrfndcud74jj5trl,1BC96038AFA56BBB58F08C28007E46DF
bj4sfuvviqa332ssva0gorcm9j,1D7F077E1334A86C7B995F2C5E938A49
1q4mp5mpe42qbh8qfv4kc9l57m,1B97AD82DF50309124922DF8F58CAB38
mdu3ip08kav6raau0cq154b01s,1FDEDF10C7706C6464B90766909125F9
rk6q2kio84cddi5nerq3q339qk,1A53E840F3725A219068B619E9CB3677
kqh8cq20lt7ldoko42rmaopie4,164627D8906E257AB6F41CA10994E394
m8qh5hq1ruo0leskj5qrdia0kk,1F1CB5C0F16652E52478661033E39F8A
aqh9ckcfl1pi0l7tf13g3h8tts,158081F6CDF9AB2813B13979E5DB4473
v7qjg2u0i16e0get8g310p9ian,171FF3A1CC00AC80532762A3BF8416C2
4nall6q7s0t7to87046rf4lal9,1BD7332559752C57848AF09C93C7C763
mnqrehsle3vi60d8frkukjrb5g,1DEF0450BD25462B4B72C02649B91618
jr14589pfc9fdl68ni7ga21mjt,1D7CABD52C009FDFA3DAE4D73F52E3A8
tsosg1i6pq7ndr9rnabsd8j1s6,1786DB75FB13DB5F5978D550BBCF2E19
ohtjobg65rrsgode83dahroonp,185AAEE2E13695D93F82EDB4B92D0B5A
umce7n7l3qfegb6u79hljf4duv,1B3A90D94B499403C27E8BB43E05AACA
js3a498qqu4cfu0t36ohqovqh4,1C810EA0891172EBA208BEAE5115CD98
5qgno049l41htqks1cctkvq94d,1CDDC6DDD34BF50C87A0D0B94C70E399
qhtjh0ctrf78347mtpajtsn2a8,16B06D923A7145D42EB7CDAAE3B4B4F2
peejdgd9q6e57giv556koahk8v,18516C9AF86FC6A9E9DBB9E865FA6882
fijmj7a847a4euqrgs3p449b4n,16434E1E88CD891A4CD4AD3ABDE6152B
sr2jlvgo5ohqhdip3p07tvqttc,188957D797A7ED42997F54FD4413C471
ad4hn5n9iehoqo9mvofif9r3ro,1D4EA082AAA53C172C59D84337A47AA1
cgn90pgcm8tf765pimh6jsav6b,1F2979D5D5D36B0820D6603C37A4BA51
n3sa65m01ffj9jt88m1bfcki95,18C3440C336F826645A32F84F9508CFE
v62baqb2s2t6jlcked0tgbif43,16F68DF3CE003DB6C51900B07FBE9DD9
8nkv7roqg66n8p2t6joeq6nqmq,164FA382710FBFFAB0C6B190B1865A53
6i26lh1hpmt6nfia1p1strm4gt,18198BB400651BF628BC11ED07532E94
sqfc4lceonko97mrbb5mo86ht2,1D2C3008813CB0DA685302AD7A10C11F
6cumeap5kemk87cbr3s54lq2k3,1F3E35AA2F9A83C8AA5CDA606764B79E
8abn43ql6uq185dk4op1jriaic,1FD1FCF9D05F40304F21888BFF66B9AC
7op8fs05batkprhq929uu5hgko,1F29645361CF135D7251EFB46893EDB5
gpd4uhd83a5gprcn5trc0fqirt,177B93AA8F5CBBD2E934C8F3FA1A578E
cg5qp0uvllf3f5ms01uuamdp8n,15B415FD3F164370D208A311BD5D7334
80626jht0doh5pnukba4pm11i5,18C217869D14483287F55ECBF84F187B
519ehjen6f3gej8o7eouam23ai,1BA8659AB860295126DB7B7F7820BC99
eacepfhc4tosqra33d1i2hvmnd,16EB33895A4FF4A6D400B6857E0D97E6
d0kuh437up7t2bq3ht6ij373n1,1EB8C28838FF8E099B4CAC19C1F79FC4
l2s50s0sf2o41btahq2k01ht1a,1A1F0048378191CEDA1423844178784F
cv74ee7j9qjjknr5se0eabuqg0,18C088607F072EAADDB8DB4B5F83D4DC
5uqumkqa951i66tvn02ttg52l5,1EF05BC617AF4772D52B91BEBDCAE0BF
5pfvrh4ahao9jd1f0mqo8ch3ip,17B0FC95306AB53370053A90E8591372
h17o4skl4fsaial20f2m2snejl,19FC452BE6611AFC79AF9C13E0921913
76rdp7vgop9fib1g6b1j9h9409,1B999239F438ED0D62B8EE9D2BFB745F
n4hf2jjc1141chf789cdpa65vn,1A2717B4A0F95F8EF604CC90CF7AFC16
1037ac8oltda0mnh1rdu7f1bto,174A157222611B24D9C926927182BB4E
ehijo66nar7eshom7ib5lmgdsk,1C0DEA559A344F845DE177DDA5200D18
r8372jrtjbcmnuaohou1sdcaph,1FD56727B8E3CE3A592DD4DC11775087
5kb82pgauupls14ev3ajm9t9ch,19440EFCBEC6AEA11670C0AB2DB0C57B
5jepgm4mafvhl61sf3m7usn72l,19A3D92DFBD5C85FCE080FA6FCB3B271
k9rd37gfsptp1dds0itieuq6kt,1A44342A687CB08351CAFDF376B3DC84
rb17qlenfdkmfc6ekg7t1t9eqa,1A4A81A7DB7B6D7066DEA5690A5D5974
m823jd6aj2mfi5pggjhon00pbi,1886FCF2C00F67559C60D55A0D5E5517
krvcrrbbub4ik7ubudqg0eq39i,19597EF8FB00414033AE2B9BC184CE6F
ndmjv04v06fff2oi6qe9bk5ods,1C62DA922EFB44C7F7D7F91078194A48
oanef8rf0chncej8ikuteblhv9,18842BBB5953D0CDAC78F8854DE37ECD
gb19c1o99ld7g6d33gr64nj8lf,1BCA4BC4EAFF6BEE956DBE657DF39C01
46na2jjk1rnh81u1c24rvequ3t,17FBD21C4B58C316EE5111AB36BE8A96
8asf35ic8u0rnh7jjmt1miq4co,195CA1F8DCF938780C9662AF5D004653
ptlfc081tkd8sdfme1eptj28h9,1E66BC5327A7F707D9AF9FFA1355D93F
ssaoheh572pf0brv6t9k9md5g9,1F6D0719E76D07B138C11E5279BD3C71
v4e30uee3co2cf1at3eskrn0o7,1D235AB81815B3511A1E35D321FDCB9A
vqsl9qgj044tdmb3r8p3upf455,1793EBBA4A6B2198EFA4293BE3F44DDC
df51hi66q50p4va2sgtl71elq0,19159A9747408D06ED265E2CBB9CDA18
vh1hu5nj04fbo12d8dacnb28lt,1C52B03390443F96415713DCB7DB15E1
nf1sg2sode89shmhcbaiuj6q69,171CDD58BE059E645EC0DEBEB21BBE44
1iusvekpu9lg4lmc3mdm2iqovk,169B473E1289B1FA0F97EAE7C4810947
eiaqhv3da9ph1m673u4l3s09l4,1C836E9CC46B58AF749396FD641D9B7E
fosfnpqf500cc6n6dop3l9v8df,1736A558D46ED9CAE24415C32217EB84
6dpqusafot1estf92lrp17n882,1D6A35F0BC60BBE59A6A131127B126CE
g73g0deofcs27rf4herkm14rpj,1950CE37A4AA0CD6791285E8810553E6
14jp090497elm0jc9bifnhqtm2,1FE426068B94501057DF7BFF260D5FFC
otu85nj0cq19vcpi1nubuviei0,19635C21E972BCA11B4451D8229C5FBB
def3u6i7u42k4m725a3qkm4h75,1DB8F46573A1C71F3E3F6C58EF5F7A1B
bme5pcgv4dqnes1cmpc0e6ck0n,18B7A227E769E1DD3828A9FCE8B21D34
pesirjfcq34of21cdkfmafthdv,16C21010DD312D64A4C1C0A04A837C27
3bdo7er7h1cj0mp0pg73egu070,1CB3DBB1BD1174DA04A4AC796D33E936
ii3lbuvamm1a6vikgfol12hhuk,1A4A7A354231904495AF0EB80CBFE600
2lc8vsssrf6s1jpgdcmfpc7ar8,185F68A1CE1420E09087ADD4E4BF36D7
v40kshrvrmlma15pqu9db7djlq,17001D1A71080CA9C476AEC4895D9C0A
5ne4sgsfgejpbnte8j1a356bvv,1A16C9CF648CDCB9776520D9B6642E10
icq8fec8alo01uc9ito93qs0cg,1C95D96A780DE2BAEE29EB17A5B7526B
4l0jur887edi8c0pmuh7i08iv3,1FE45CA5C6A6A7F135F46457281C9A99
mfjqgj02h3b8hbu263ffj2rm1l,18E61325FF9692285C9A9D5ED4FAC7F5
ads7tn50qucpeusq2ia6og8j2s,1C8CAA0506EA0C30B856284233D14711
jfut71nh451qm67aruntkb0l2r,1B49C4C04E392F8B06E6DC4C733EAE46
cta2v7s3g3oebdok02di76d61m,182D8FB9B183D062C7F2213CA2F63161
niv5a3u1lt0vplsgecgrk202g,1E54A2BEC28C2C26AE10C5CC6364DA3A
c16cldairfmuhvegodogovmlqr,1CF6D51A3AF3EAC5E1FADBDEE7721E8A
dqfoia1krkvv68edmpi5pijt7d,1CA9282FFD2E6E1F5641FF8A8F436A9C
1kgr6vdrgdhjear9upatd5m0r0,1E567F375643620B83B80AC2D3B2CC28
mrbeid1t396d37a7c72pgocnfn,18E9C75AA5E0109A24CAFA6D89B32165
9dnh3kukqu1nchjvnolmq1g4k4,18A8A67C3F58D52488DC855163835EFF
c99udabkhnp2lr069jah9sedej,1C64C3B9CBE6B4CDE26D8A326CC5CBA9
fgucba33b2eoqefi0pppafr1ag,1B52BB0EC191CE345433B91773E90ADE
uhud6jsg23snmqh99nack2pjd,15B936636684D008354430CF2D84BA53
44jke9trb9lj4agfudqavtbjpv,1CCE21E20DE3E27BBFEF7455C8B913FE
c3dnv4mu8l0o8e81k3ss20t62l,1CC4308663C17150DDA01141DAB2FA65
c1hpil1a73sh1llrve8pv7rgkb,1ADC89EEE6F7C3E3A0B30549378EB268
3aknh2ofuvv6oc7pogicf7gmd2,1F4206ADB54BFB9416DC6279E2C24694
