Key,Hash
qrel7fnbvhtoo19jl93ag4bvjg,28CC212EBC11A86E332E2C45EED6071A
t5qb6v10s7pvo5d03jvnf8994h,26AB0187AA7E6204800C8860C694FE5F
folo27unl2q33jpil3r8kk2rk0,285F9E2EEFFCF4EEBE22EE4276A8CBD0
eip49kbnbstvpc51fodij0d15g,22FA4768FD0E9DCFC56EF978460EE499
r940662vhuoilrotvfsdggrkgk,206DB91BEC1A6CC4B23F1338C9570F59
febj27h61v8vmhekvnkjvmq28a,22D7840BE6501CAC3E614E5A95944B93
huvuutnq2ruh34nc1q0s1ba1f8,26B77766BFD7E75524F8E12983556FE9
1mu64bio4rq142ud8a39jeqvpo,2974B66EF34999879E874B6238EA0BB5
66pndu4uiipkbbfi0vvgvspvbb,2A1F6C5A9D92B8CC7EE369C1C1EB9D57
knbe2vvt0a11e1nuhlalidq32u,25FFA70D0AAE147BCBB2093CE84AD7F4
2jta606lmuu7ckblr4ahekas08,24C4BB7AF0CF9EC7C423F0DC8D15C97A
9hgjec9bggnguom5vcj4jb02nr,206C0AEE356016783F658B45C7950649
f7a77eh39lkemvv7j27s7eh5t1,21E23E92099D813BE853440C271E6A4E
tj3ublair6qc4t4oc17de6b75s,21113A3F36DF6635290BCEA7345251EE
k5fj03sfo0a2caj1qkn32k2245,268075E700579CE563F7669213016281
ko348rg6sp6jd4cgul3rivgg71,2302D39C9260B9BF7F46CB54244AFA49
16be18vg20agvjjht0uh1iht2o,2750F5379F4A23F005D8428C89DD68DA
gn2jgp7tl1n9flqthrbqp35c88,27FB62A1AC6A4BDB6EC0D1F2284D253E
8g1dp9528uf8mnfv46dq317vl7,2531567D1A23F25EFD2FBC09DF2992C3
g5g274lcmu6n1vhqi9hbvlt8a2,2339E6AF244EDA885348D412CDF5B6D8
j31ijt9mvqm8ksl71cuonso4a1,20C3131353056399FC8B8853C1B0ABF1
if209q5hm7f82d7b58chs8m6lm,282CCBEC89930892D5EE191CC6CE58F9
5demgjlnl2iv7c38pfo220gpos,23867EA25582BC87587288086FDBCADB
ddl7bl61cbtukj54tirsd4nutv,20727053C9B51B887032EEC5659DEA50
4h5bqfoancpke5om6k1cd37dm,209CBDD7304E7890A21E7E817210FA5E
7puj13r5d5578a0g9bh3ucolnd,24CD84E8BDC1164E3EA145CFBB37D131
cnrhduvcm3di5ovhnvt4bqn5r4,286D6809CC408445C717C93ADD500911
sf7ih7qe56hcc0uuc6qs1l610i,287ADE580D48C20D8111AF907AE71AEF
3lss8t82q89hlca0b9s41s9v14,2A59506FD998F23616F06B1E5DB5E0D5
rut506bnlq0i44nrta93tujnrq,24FC8506983B2AAC5EB779BF8924A7C2
6t70cr06taeo5949ku2r3o5gm2,20E3BFD5791E090D67890F65E85F0058
c3fkg0g8u7ea36v5910ba8irp3,2833704A15C374E391673EC7FD7DDB95
cv3u3vhvqcp9ns9llsl0bj3ru3,248313D3C638F6DE367DB8D59219E557
2vqol095jls6m4se9mqb293eng,27824955FB2EAC3178F9DA1D10913196
n9jnv6hfrl0jkran55v32bdqmd,273DDE95C2C0C2D6A48BDF047A53B907
ehkdrl2a9ns6ssm4tnqjn3ulh6,24E331A99ADB9E3FDD300CD721E7C53C
f0javgg29d2ph40sjlkrptu8q1,29B3C4A7F6F6370CD4926FB9D1CD78B2
uvj19b7sc74l41ma8sks8u2c69,283D1713D3987501230F828554DA3122
ubh6r285ddrporratn4is6rcov,2615362EB0B810330C4AA25D45D5ECD9
sun8hflc8u9pl8eaocetpcq4tl,21D723F60E54677DA3A08F53F8611A7E
vvu64b8mhtl9akdgei83ivfhu,24AB7D3C838CD8C233E27FBA195E63B8
t3cvhm07ij1orct9om8sd44oj0,265C6F3FF65F743E8C7F1570F1756D7D
lutdmb1h7t4cggr0m7gsvor3fg,258BE614C445806CD32E72496B69EABB
oec75ilt96q26bmc2dbddeqh4m,28F3A7C7410A4F67FB3C0DD49BAAA999
1tdgvuqo2phsbdss1aon9i2jm7,2285044F61069455FC753D94094BB2F5
7cf6jb38j5kjc0i2flek1i1fvd,2666B187F34D2B79119AFC23A2F99D9D
1btcq6c7l5sluddsicoq8cjko8,241CA5ACCDAD6B51112B5018115F9025
afoklubgeuip7uf3ma40jm0rgt,20A25B87514057069081EF55F8DD69F6
np7soopae5gk1140dgrvil475o,25ACF87B372770B7F19CF5F8244527D6
peb2ouj1ripb48hshq6minqovb,20445AB9B651C364462236BA147B5DEF
vcdqtn9o7cgo880a5minoab3i9,2822BE51A6D5A2396418B5395C68A780
eoero1o6vmraetilpv57vlqgnl,242FA8051BB0F2428FB84BFDE633FBFC
rnr1v2gkflp58bcjv8ku3ln0qo,23D5159D8A0B2B724E5D9970828B1EED
69cqjiddaj4bqoi0klj6k6p0rv,28D8C479E3C023D4E06D21B0464E3C85
ge3dkufp1q01h3e7d6qad49s51,23C9E58400496973A0D45F983C6EB528
8sotq99cvrp7abp0uv8q1fju78,224278941BC84CF34D27BA337D896A05
b7rke6u91dp0gdnbqb06loaf43,24D98AEFDCB31385C00D1BB19162E8AF
3og8sg833jid73mm8bbqie7cvk,29DBA38BC72699821838E32C48BB85C7
mv26g6snmv2r2i4a7tarjkm60q,230494DFF1DA0B0CD42BE691ECB6FB1D
mvt7cnch35d5v5uujq5ch7e8md,24314C7D150520E47C5A2D4D19AE5E7C
pgh60nk70uecvi45e6j68upb2o,220BC1DB881FD100EC552E33D41E6EE3
12bdbsph9bq3r381a32q5sn1ps,224F5904D1CCD3110B43FF16DF7CB8DB
s07ck48dn1srp3g6sd11rf4k3d,245A3EF51A12E405C6DB226425FE9797
m89u3espfu420ndcqhf3epu6c4,2694A69F476CC956845E3386D3310873
q126tmi5dm1951vjdrbmf31sdv,251BDD4DC3B329E7B41E477E5FF8A530
3ign661anhvm2ipv88gnavoogk,21CBC628795A9B335ADFBD3501F9D142
h0bnvt7ft60c24h0lk4ndcqol3,2574A1A74A41B76D4E3C1AD7061C2842
2ch0vsdrjhemoddatmptk2c30n,2A21D84FAB95F9AF490163A4805D3B32
j2fqkh3r2cdoai5ftbotisfv1o,200D10474CAD9EF7F6B5DF2280B547F6
rhjnvlnnl41u954didv63t13gp,23A255AAFFE8809FB1E936CC046D0A81
hfkl7ausqc48mn1d8ti6ml59u0,2A7D1D241914B68F32B5FED6C92B43D4
6qp7hndupi6lglopgfoloobq17,21DDCCD8AE74DDA5760CE0EFEBEB14A7
r02pja3fplot1p8gadlpnnnc88,24682B3DBE7E28588F2E25D82EA8C266
lki8hbghj1eua86u5q8hs8bkl9,20858E785415637FF2A467490D46E985
delal6netjcn0hc4fgkcpp733f,2A61CEE154B69F88C0DC0DE49C103531
96o9jm73qlk2sqr2e966f1djfv,220C3FB5F67FDD9AB0A30831FDBBB442
svke39d9bh386k8lcnoa5422oi,248BA470A87D9F78723C50CBD03C3AF3
qg88o4af4ce889c0vi4jtklbs0,27F77EDDCFB80AD8ACB2EDABBB3E23D2
245nl4189kuaeirs90tr2vvjv5,29D9CABDC0AE8018C13AD519FA432B29
5q6iu7r1dcc78mthgn5ruuht4a,277ECC464421F4C5865F01A3FCE15DF1
uleanne31ighebb78tftqi6e39,25516081C8E8F35CCA2B03D29324EA4A
7k8r7htp1rqql9rij8n92pf3cq,25E5E8A74417702DCC49874C92BE8522
gt5es17uk62rq64e4g3ks4btdm,2275647CCD53AA17E8983D29139550F8
kqbp8ov86vd2vb74j02vmqabb8,26BAAFA14721341B275A0C77CC3582A6
10ai1au0qa820id1db7at9jcis,27BD830B748951883769FB63CBCB0B17
3jkmhlj3jkump1due5tl9jtj9d,288A1F66ED3D33CDB22087F64D860BF8
mmekkul1steubrdjqsfpg4ljki,2832A7C09F763ADE2CFFDF71538BA85B
hlvpibkjhmlurgeo50bde2cpd8,21E9F103DDF652F6F01CD305D3EB47D7
ho5i5lnf74o3r3vanj036d5vpb,2A131A2B6D0B370357B9FAD7A9C733FF
a494nbbo701np71hhhv4q6qbuo,225FFBF7B4BF0353C8423F72E789977E
1tpuheck51pp361jfbrslc32po,2503720C7A7FD064E9395B9E648FF6FB
fblnndr80f6f6474g6ao1eaq5,29891059261E67DC92259C15CC88A1F9
ouqhriilp5imruvdj0jcduattb,24142B647D1E5F6E151384828099105B
lb2fk7otuntmueg1o9vu0qelso,25EBD0AD490C931630418DCA04CF8AC7
6jbgc3mlkhg1qumntnbkpf0c7o,20217C557BAED0ECAE80B50071039C63
8cgf5uf8gk61ir6cpqmff4ofqh,22501BFE1CAC4E274E227F8CA6BCFD16
287mbd8a9oih3skm5le3n0gnmb,260A57726ADA5B6BC9BA36548EED1C54
a1tdqo44vl150ljojcjmsd1cr5,265FE97FFFB9B81B13187114AD377A54
219mf0d4c9j71l5sro4cs5bcft,21D3F5788123EC0A79274C3DDD80F393
tbee8te7c2lqhbg4jn53r9ifco,2852E58E9B6C3CE0FB1AFA7A1B97BA70
amq05qsh3l4mofiall49vgnq0l,2228A7584276D8B64AC256B850824BA4
6n0komc38n0uclqorvfo5sl111,21BC15413D1B7E2D1608AE1126C85A0E
vi7jgq7pdbr5oa58j5l4o30ie5,227412CB07AF72C406D31ADA56060C30
n9rpsol1rscut2k8l16rlnkqp1,2081B05C7375E5769754D75BED99C2FF
tngueeustf4l0l5ep8951g8hng,206E1A62E1610C7466065F083FB449BC
7tshpan3lh9mfrm74ddi4outd7,23FD0E297EFA6FBA78D823E468C7A7E2
iu79qmb5q2dfg6ej789v5g0grg,212C5D0B23F09F7E631149A8A4D1B54C
n7o4lvg1mebta272h2pnfhkm1n,2704F200047090201CE42568389A404E
4rl0epv30dipt2d8j1p31gms74,2A369DA35F821D07A539472DA41C349C
mtrvtakh6r2iq6aolrc43mdtvo,2A66CBE66DCEB5A163B144C1AFD352FA
jrsmk308cv4u4joest9id78mh4,23B9B491172A3284435260F5C42B758B
70onv7sgtb86sudu88rbo481su,27528425F8889D666AB9AAAC3DFE28F3
eg1j25f3fcfv4mlsk4utr36inr,20530EF09DF26264B67D425F9FA24CA2
5qllc5q0t6241rfmts7h1u79bq,2A712DEA4BC3A89054C47885B85EBFC3
fn3tq69pj85fhqbe0v4gph40iu,25D3C58EEFD8C745A0D072C2C0B232FC
ls2gni5tp1pnm5n1h69bbdq00u,2A73FA25475F6AB8EFDF02C04DF519C1
jb5t12blodka5k5el8tlabd0em,21427911D1289A9DEF1D0C493D0E61AA
s8vbhtf93na82mc4lmkmlsoa3k,20FD66C409E076247F597BA53628981C
45gl1l1j669081q98m8nre6vuo,22E1C9551B28D8383F72CB4F878069FB
ie2cl6rg5jtc63bnm3piut2c4p,212703A6BBBD12238DD681A2D268CE35
p44cir4o0fpa62tgk12hrsjde8,27BBCBBFE80463E8F7187112F62414EF
ks1951oe72r6qnhjjmbpcebh7q,207D253274C55A29E5C9F03F98D8E849
hlmhvao45e9jr2e2m5p9po10s5,21688F4E324C117B8F3C33DAA0244584
dnel96e36pqeh749gdmjb9e2ad,26562B054DB7F721916A71150B45BC48
db26al23snsr6pmp1u0lvg45h4,256E84B254BAE05FC12CBBA32E72357E
quipsvdfk20irb433840bpr2am,200C0D72E79E1282761CDDB99BA5C129
ojnh7166aeft75g7ojhh3fjmkt,28F2C7AEDF0F1E5DCA4C31874B3AEF3C
38jg94p5qd1apt8bmjbhiak42b,2896A1610DA5202359C4A11AD56702BF
hn0vjqedtcqlp55ldhvd8g0lai,25773715F9D66243AE1B97D7C62F268B
6rsqh2hnmfii1jlcab87ev3jja,27089DAEE06171C9AB5375B53F17CAE2
q20cnq5r573hgeg3657j7bkjnj,244C58C97D033B1A4E60DEE3AAF2248C
kj51k6j663gtqknm0dhb3b8t5m,229A51D5086E88633C78990816F688CF
5dh4eajtigingso3qb0l1njn0d,24665FEDFADD3DDDEBC82B5D6486E382
4b7a1g6u1j56eoe6jcoictcahe,2179E07888830CCF543E06DEEE59D305
net6msp5mq2grvvqelshmjpc2c,2469CC10F816631AD623CDBB9E0C5693
earl3k5m1784bl8pj0np0p42gm,26776B843426C0D38EF4DDD772FEB7B1
ubnku88d4lcgvb7qc93678nj96,2116FC60A12EDA8EA809050196486593
apqe01lduvhulla8tdnj3pog90,23E8207965FF0F50796FE5892D7D7B6F
5kptogaru0p00fusrvroh5o6ak,201DCD88C534190ED52FDB34B0454054
ton81r5mtdeq5bbvh2u0hd53co,264A050D38FFA99AC1948C2F6DC91F79
7n5sq4jmhlu5g8vnn67mab670t,23BDEAA4E330034AD65B0DFAFB6C57AB
pf71oomfjmjvlvnerbnf359vtl,2389ABF74A3AF16A9D736595E601DA91
uvn6jv5pvdcavif45pq5171tpt,242D82F273291B81AF8C0AB82D46FB8B
flir4uq0oesqv3sg1c8nrmlrb0,21BBE50FB16E729401CA699C0743E0CB
4ddhbdlmfl86d1sgvnn8rq3l9o,203F541786B54509B9CE611E4B4C7E47
cggs2g1dv3odm6m7eejjkduj81,28155F16882BFB730C15F4F1D2C6327B
fhvplgdu6vebemkgkodbbbuhr,24EC46EB315FC25876EB4EC8475F3DF7
6t1k9dnicaqmeha6q7pesms0ip,23078F1C74F491CCC2ABA8013801FF7D
fc4v5dti89q4r5dig2npm64kdh,2447E96F8BB7E297459CA55CCD94EA46
4osl2f6mov939jpav2f2f4i6ok,26915B2EDBB973C180E364F7B9E979D3
cj435bb7hgoi1a2u2a6qkid8k8,2818F29BB1658488B799EFCEC5FCC72E
glsorfgno6qbjf1glrfds99887,20BBF89C116E68169F05668ACC582008
b71ol89n71rj2p60duqrjvn2mn,2457888756829E002E2C86E06101354D
k8gfp71c043ih3f0pvsi1uktmb,282F2502B24869A7D9D106ECEF840D39
kiaf4h94ch2khi0areb2j694r7,22B11412291B180B87BE3FEB7172C054
jbv6oh07tln40qf89kuk6jf8hp,2460D48FA5FC48B0F0FEDEB5DD36F4F6
kout1so2dlrg592lb5cr7mnfl0,27F43E5CC6FE00BE7E06800C4DA4A29C
7uc2dsba80mq82j8n99k5tf16n,26783220247740AF7A8E4C30E7257EC6
i00fppmmdlmq76br9v291dk7pn,25070766347F8BF0B75D4D5177B90A37
iegekkf5t3braath9ca5rc459a,20A53445CE5A24099E32E441EB9FA6BA
91ivset849f7mp5pamcf0eevo4,2029D62ADBE680CBCE7CBFC81F2F21D3
s1k31p3s70oeglrq5iqvgvfo3v,237778BA894F14BE077F0210131D5249
dv3d2d5q38aj6qkdsq3pe7uco8,2A5290B2B2DED185832E9E5199CD5DE5
hh8v5cgq2jkca6sosfa5u87svi,2398411D39270CC89F5F008D1934764A
6806om3gh9cqpomnu7pu0ijlfd,296196DDECA5FFDD9AFFC3F5B4BE7C63
8nurrapjr73g43b8m4kenp6726,29032753413F89EB876A299781A7734B
d5cl2aurbbldgchshas5c7njlq,289ADFCB9A0F4F04B8ACABE5A2542A00
7obl7vimrtl0e4gonmukq889vu,2268EE978CE037C5963CD9C3A2BAEEA8
kee7n3mk1o6vrgm8l9868296o4,205D5890DCD20137C86626A397FC5C56
d4cqsskeeblikhmmu9e8bhrs02,204441E71D86D4FCD278F0B4F6938D91
h0g19cgor1gtlbt72dnlp11lur,2229B52C73CDE488ACB613DA55E6D1CF
rv8e9dlrsjd9nvn0dkmsaas3v5,2887905D9175D22D9AB809766A9E4FE7
mldhrkskp3t3vmg30f273k9tma,23F20DF8964C816B39A20AF5C806ACAA
qoidajekbojvr4cc7bgpbgkm6,25E78801087AE2517A34D5C57542C3FA
ro7immlsea3oq2n11hiqmqrvhs,232994F2BDD840E2CC52B8730243D7BD
h20j13gdfr282ode841b3907je,2155EEC1F1F9D63C77BA88E8924E5005
qrujr9flcomaes6j81cpe2btp2,2622BD81B5476D97CA7FB72E090B5038
38ml5bapkppjp0ur5vujifavf8,20ED8F3BB2C5EA4953D3F5EE4E3BD091
p7a2kgc6gqpdfa47jeerrf0cpg,23C15703553BA5AC29132C33CDE0E63F
760b4u40vi27o78fptdk255mpo,24DD839461FEF68E2C762DB3151B7705
sngl7ggl29osonlcmfug7aghj,20D648D31D0C2C8F89E802582B96BD48
ld453hhocju251b9fpssu8d53d,274E9FF2781C4EF035AEC966C174B4C7
ctkpkpph703udnuumckpdao7u3,2663EA8FF657B0D4EB209A3773C03B50
iq9co67bkoreso08s5uvea6tbe,221C75FE4F21328A2823E0C5CE4A798D
f2t2n0v2snt851qg56ahq4ih7v,257EBAB393E9B062753F5688DB1F23C8
tegc0b1j9krsuvu8c07l56bjlb,2341AC6A068BF87D80FE4C67526949DC
8fk2q9pvfoej2ear2rkobu760v,216AB8D9C282645D9822FC504BA33DE5
kj3pk82gmqngk9u31rofb097l5,27E687547E197C051840891C4D98BADD
gcev8gs219ei8opt7qdk9hgqa4,221C76CB41CD11C0D2DF867B3D8B201D
tuq069j10e5ncukb8fnvsptb8c,20D3CE9B87C7B63BFF6DA1D7B17CBF7F
h3tmvah5gidk34ohp41tq23rs3,2648CB41F52542096441E7863AB7AF68
oksbghrqu6g2k17nel7rg105de,246E2C59D9926D5B6A549F9CC93CE164
5vb8jujqgsjdtff1btfvdprqb1,292C7838C5300331FE5EE3D10559C7A2
fuubi8m1rvp5ib9efurkqbrc0,242A34A084819644FC0A9F34D378468E
86gns7g8u7sgrp9o5v3ads7g4v,239096153037013AE0AB3125377A9CFA
b52akgqbjknsnhjo0dcc2igmpa,228269A321991583FB6208D9884D8356
sl0c534a6irpvki25vfdqvdpjv,2343D9C1E69C090D1D57EB8C577736C3
gkikvh5k1p1vsj2eipqf15d97l,242F1FA41D9FC07A3903AE3D97F171BC
drnd8irnbo890f75abp9ceijce,25C5BF735F5CDADF2E51DFB79817E875
isppv9emfht97vvmdg2nuh6pgr,241D18B5B7E819EC8D42314EF4AEC834
2fmtc1gh8dgl1r1385iqa63q2m,22B9B0E18BE40AA4B22B029D690336DE
1d5961br8gv97ku5q6hhrknhbc,238E4B42A5EDB701FC52275EBEBCFAE5
tqsl8dvuabe3b307fe3m2lle8r,29BC77CBBF3265312AA668077D09E814
9hicm66ouq042kvff9etko81bt,22788EEFE132CBFD43510F775C21668F
uelsm9762i06r9oa4soriutogm,28C9CFE27BBCEC4F27D51D24B574A22C
p9afcqio2q4h6icgf2im9omj7v,23930A7EE65D730886683B79A8A888E3
89j6aequfn055uiirgh2ni7v3,244584616A3AB427F5BC456E044950DA
57d99bnq8319k1k2o7puvhjhlr,20E6416D3E45015DBC504035E99300CC
cnnrqbr4rl5tb7574hl5sqjr4f,242B64AEDE3BABD263F9A7A383DF1A94
aooa491c7nh01f11rg196hvv3e,297283C119CC52659D8441689F112A7F
of2jajhm2sk33viklmg24hlj22,209C13F98404593579F49D905CE240DB
k4h9t3u4a24rtdl2pbkssrq7jk,29B90591F032DE572E81F933938F607D
1c9qlorff2u0d230nskdbn8djo,29E56F664FC070BDF043C046DB6D397B
t3da6nn015dssq9q12krjic8ft,26DF9A60D02C5E6065A377A974C8B85E
jg4uq4geommua6o26fcfs47snv,20D950D396038608AC3FF5A33788A954
n00cmsrvn14drlao7g547jrid9,26FD208BCB7BC236F8BDA9E83EE18CCE
prjrv7echebu05qedd36v54fqn,2654E9FA358E8D9B4D7CE6C017786DEF
kle6pl6pt5sd0hne1mtjpk909p,2314692806A7D02A79C0ABCA86728557
og1155bae72eij2mnloih6smlj,246454B5FD46579236B5D54EF5E2952F
ff4ldvmsaddn98am8qgtaq04ee,2A48A6D99E26DDC977EE160BC85C3852
t00kao78dfvgh8l5lt2p7pc7dr,2740E44C5C2DB3B02DD2BEEBFAA88D28
b5jlvq0683k7o7bvgoc5a6f6o6,2A8D1DDE52D30E88F03286350A2D4581
g1qa0s4q2adcdgiu5rjjiek5ti,244BFEA053419317FC3E06CC5BBE99CE
4g1s5f1qs5qsi86vuofqsrp3cc,22F790E406B5D6E04CB75BB12833A124
uqpjkhm3m76k1v0ut9kumb2516,2A343430917EA49743882E617AB14D9A
6usno3hfl4jg94tbe766hqh3o2,232002471C5070A7A6F132A9492F6E61
f2gb5pn30jfnh8r41rkj6crb0s,2361723376ED4126D6A1538DCFB3065E
45etq6079ciuc553lsgfhr8vk8,27394A29E34744C25266B6F54696773F
fva36953a62u48fgkencgdm3sh,2772B49628428F5BCCFA7B014CEF856F
armfvmb27mcvp71b4l2l35cleo,21E3E48872249A4661D8EFE8A0945D01
3o3cftb244u85p2s97pqog4ej6,2760826B0DFC84138324C61571CB236A
khg0312c4erkku00uit9iljfki,246F433E4077558397108E86F22B6432
9l976fr9ivoms91ugvqeekaj49,261CC690631EEAFFC642BC653EF56AAC
84oenacd8q0imt2frd3n6n8gbe,23B9737DDCDD48A00E60F6DBCD81C6EF
2h79e952pkm7qpjhqlgkt8oer3,258028AF89A0966C821560E58A7A411E
p8jk9nsrqjh9a62mg4s082onqr,2210D1B1E2FB81A479823DFADFF1466C
adp0odblqli9svn6kvrphoinva,261FC37F853E1FAACC002EC8EE44EFB0
fcmui8oobo348rusm6o35arca4,25575D603E41C89613E6A15F9D1BC053
a4fu76v18g16m8i5ueup54314o,2928C7BB56208CE67F4E275E655D010E
f9c1beorp1nhj2j0j4cbo6d780,26EE86BD9A78516BBA7BD2C1E0E7BD2C
jsgn1q7t278l41egc62a8bib7c,29D886B5852FCA7D3853638995A4E723
5mjmrbk4nvqhjo1g2l8jmdp3lm,25BB49AD54402CEAE45EFBF3E2471838
93kp8j9veiek1atj5s7b287f3c,263049F3454E556FC26A18822FEE319E
5kl8pcdsbmbeq34sc41i302a7f,2569C97E0C45EA882A94ACD13F8C9076
ru3hnltn5qtpa751fn3l9mr0n,26F1AF933EEC87216F098A78FF87B14A
77ueskogrlm2277mgs0rnmrk1d,29F7B0079F0713BC6C6B1A1EE128AE50
ehvv2kbuh1li7rkr4r4qhdj5ge,27713165D237275958BC532DD11E88E5
b9uv4phg077nlgqnd0otavdamr,257C24FCEF28086BA7CD3FDD81485A1C
sb6o37cghum9a817rlh6rs848s,29D4FD784B63B587FCDC09D6CEF633B7
jgn0qj4u1oai03qik6fnmv43h7,20DAEA0E962319845443E0F0452F9E2B
7c2c4apsp30h2t9rc4jvs3991r,27DBDB9D34E604999F37183485F0AEE8
1uhn16tr1smfa9pvn8a3nri263,2105869970D166B24D0FD73D958B7563
s9kgmjmr7lf2u30aa0lp5humej,258088B00563CB2DC4168B5DD5DC672C
qak6laggdv3pu3uvsn0ctpb91p,2743FD8F6D5151683D1907CB8A40C6A7
tosr9btojlr22516ecm8mk9g85,21A7DDE4EB80E5BD5DB08506F24071B4
52pjhl1o3l4bb12l4niuo6eudo,2977C3F9CE55C96E556CAF2DFA8529F8
52h63k4bg2ha7oplem0grrm4g7,26200D587C34E0D5B8B2CFE79F2BAA5E
ek3j3mmp4dv9kh6qh1g9iajs48,2787B5B8111EB23B8BABD3C2C51A3CE3
civpmi555svn803pi1hi0hh50l,27F72D8CBB845A625C3B2BEEB0B32744
qmcmi45hj6fgreukoo8m3vhem1,28E84B398A62A816470147C3A4F2C70E
tj1cvji8imqpnnkls00bj53hdo,202CB660AE94CCCC321D4838DA93D348
kj8cfakncg00749obcoe62qd4i,2536D1AB50F6992D7A990EB6CF883481
6rucvebmerruimapl00c32qid9,271045425D53227BE202BBDDBBD07F6E
a5qrevrecjmnjsq3b1ni28i822,2AA2398F374E9F278CF03683DEE4441B
jln6i518sklphgviu9p39clkq5,2932A9DB1030DF7865D50FA1AD8EE73A
nnutaq1mtcu0li2nshn127eac9,29A8809C3C44EFF0C6A53958FD1B8DDE
2jr73ur30kl8dhs1ron37h0vkn,2664B3FE6FA5031718F2D58ACD22EA5A
cedmvra1nkls8ts4rcj24q4gom,25FD94B2A8F740307C26738958D2DAE3
2mvomcrhrt36em9unthu3qpjnt,2350237611B1AE11245CA4478522D0D2
hkho4udrbthop1isavifmkgfe4,2918251CA6AAF15074494CAE3F37A8DA
r61o3g4utvuqeo1sp7a4jbrus1,234D946A2C448E76F55682F5910A904F
8qr8ug77a79r4b5adeii154vde,2827326C126372B9C7040A5B62B7A395
fjcufri8g1mhk3hjoulpb6alu3,26709228D6E97AD8A85B1639634FF0CA
hqftlhv2qie8elmibjjed7u4mr,21C2C8B40C8A14B96664740D9FA9EC30
sdrm61a08udrmkkilv8gt9m66b,23F1502962098EF45565F3B631EFE63D
mrgih3umuq65jqt5tlokvbf30i,29A8FC0AA09A652886CF64EBA26D6789
v03q7gmm6s8lauhvlh1ohn41mn,2511D02EED06F1D57BC37F0400BA72DE
jkef8t1nloshctp748pf9tipj3,21EE5719857733979E2C1C09DD074313
53t0rp2kre0hd6lijgin6ukjui,229701462DD6B8E06232A65CC4FF2978
tisimpu998sfh6m7ctjf10vlnm,29BCC6B2149F2D3EFA2B7A4D559375F8
b4vhjjlb3g2lrdc235ik5cl9s0,2959ECFE3D784DAC848FEE9317794985
g7e8h7qgi05cg5m4ghlutp2pt,2544330C65C22DDD09606E9229081CDE
88vc8oskd8krgdj6i6s1ajof6r,24904FFCBE721059AF2BE02DC0FF087D
d7ar3ijl6f3mrrh7avd86tj6pm,24A729BE5EDDBFD0A04A34A5921F755C
srdg7r4votdd5eckr2920labe5,26E79B97B0E041871DEDEBFF8E38ECF5
3fh02cr6i0edc7bm3gs34vvde1,21AC06C548E6CC11EDD6E7C96ADA1138
8kbsrd3ci3eqaavuh5c5eau18,2739B542D0CB591BC867BA6EBC1378C7
e5rvi15hgedtleeh3l5bo3f3rr,224BCB5A5524B55E61AE623C906F3867
1bmvnjum583jh7bsp55ti6pdn9,261CEBB9AAD03CD8260CED67189784A5
7m6v3da6ol0j446f86uc0uldrv,2488B8CC1F84BA9D48FDFAAEE3F2EEBA
b396qc1m36r08mnhrmecb1a5s2,223362B0A927693572CEE2EF74C10C7C
a6l5c7cb1e3hgl0d09fvvvj1qa,2788BE1EDB75EB7C1AE9CEAADAB8C120
qg75vs6me8rfbpmagn7rbfc18,21A8C56BE7AF86EB3B99FCA96D43E448
d81slp575r3qk94qm2p2vlaeg7,21C8AFF725432A6264789161089F1F34
2houvmhfdval91ir6rag0gaq8h,20C95AEFC80028D969743237D708452D
srf2i8jabh52rltl4l047acr9f,2513B41D3FF9A5735BEDC8D8B8370797
soeqeugrodk558167vqqgr0ihd,263A5CF0988A3A1BA576C82C945CEFEB
t0k7afue5pimmlj79l1fc6cjc3,22D22C3960D69ABAAC6691401959AEC3
jhadq0dbqe0u4vkoibec0kfss4,2722E25470C9A2F98282FECD73EB73DB
4inrlic3m51pbdbupf9a955qqj,28C9C25A309F8CB6B126530B98CBAA83
d7c39thh1pu13fgnoohk0i90p5,20BF94EDB604AB2FACD88977C8F158C3
ngb00of9j3gp26qdu5q7l0kvun,2754F5D4BFCE138F6AAE34A641E0E009
nsbldmufcseompohsn65o2v4uc,24D102BE18F1A2FB3B0848919D7140D5
vtsup1abqclbef0r5urs344006,200BEEDC91C1602E234B693A4FDFA668
bht41441aqhgado18gf72p72bc,26BFBFB2A4EFDC248429296990AF2005
jtmae066hi10grbfdqoms0osej,285FEE2D9461CAD6F091FDDCE3C41AD8
cgvnuiqe3fkk5l88uq10q9i1d6,21C78463A29DCFC7C71F15D475BEAB97
2jbga1sqel5dchbskmup2mn50b,293472723D281551C2DC7BFCD85D2740
7dm4iptom3n2rdhfke1dahsiqe,222AE0D5F4D86CAC1F58D374EC0E6DDB
vcohglvr40anhjpaurr8uaj1do,20BC64AED7917FF188AA57E586DF7617
n7k9bkb6q0t54a42oci00k4aj4,22B9AEBF981AEEEF485BF846DD07F713
u59pptebdvo7cehms6daq71v49,2404EA47E665A8D7DD0AC2A70687760C
7nu46as53fedb1htae7entbadu,24DF98E0A694998F8EA58844A597C9E5
n9mkd2l13k51h43d21ikpiavok,2150A8096197EA760C3DE63575FAF642
7u589df7lgjfadq8ijc7o7r3q2,237B0C4993E5926215D48C24EF2DA1C3
j3pgpgodqjnsrc8jubvjdqbkrh,252A51E22D6314E5EFF58EBBD1AE255C
rk7dpu12a423tsb8vacorksvp9,27BAD29645D779C4105D0D425FD5CD0D
oo1kd6cukm6rcj0emeosckoq35,2914F76D656B551D4F527A7358537E75
kcjje3j7rmsta6ru0v5bve04q9,214F2C0C305F4FD81C3EA7F9AEAAFA08
qlirlkdhjc5sn3hoomte9odfid,21CA2DB3604928409A0A6E594A172282
ghq9m253j5lchakroc9lrt2l83,203ADF6210FE4E28F73AD91EBA3E2D37
ls6kubvej93nvkemnga1cdo0ru,2893AC824432F7F64B79CDD78A580CE3
p5kkgg74t4fjjr9rrjotj92imn,252BB8D19F45FE521EB44A648E9A13CF
uvn6s5q02aesvhd15rpur5mgrn,2A98DC5851E48E132C7D4160D1D33F45
kt3oe59ei0pe09q6m4gbsg26rh,279843750733F02121FA8B6B9B039069
15seuhpqni2e0ocuqvbgcjc1pp,237BD216A9DC2BEF7CDBCF85279E21C2
ndiq0lhpmmqqhb6qmjvfjj9v6q,25316AA8DD60AF5F754CF55FC26198C8
2aunrk3lrfdqejahmlgnike6dc,2255E25090DC728AA66D58EB255A850D
77119mt4du9t0v9fg7ttnlhs0u,23B9704697C51F9848471CE6BEB7BDC7
g8t5uaaekqne8f78i0si79iioj,25A9C671E0D8641B90EC5EFD2BD4D1F1
mtvrvdqjm733h2lm0p1kkh8lbl,28C97378068DF8AEA989966F87963DBA
sja3i5e62iqbt5ldpacctak8ne,28483E51C2AF585D2F4BD30F31F0FA84
kejjo0lqv1r04p9uofn74k4ghf,22D735484EB222521B8BDA21BF4C79EC
5418opa6snich71hflvf42mdb,222B85C7108C688F618CA77C32C1D37F
v9e9f6kgmhkmhold240akbh6cv,251220A7DDC4A91FED81A8B80121F40B
4g9po9ldnlb2tki5bprevup6pr,2861F0B888D1578388FCFF4BAF07EA3C
egmp7a1cn3llurhv5npi9ni8na,280BDB751E488355738A3BC975C982D4
llohj0bfmeeqvbib00mnkgk5b5,26F101762FB2DA0B5E7513EF16ACA6F2
1tb3skllghtgtbehfurf9bfv76,2125823645A2C11574EEE16C47B22C91
72slj5vm2i3d0s0gi7ffhc9464,213FC1380E2EA4403EAC10ACE5E965AD
4vjn7qdbn2el98kbjkjsi5e8gf,282FB6C4EDE87ED6737139D0FAF009A8
los4cjgpgmoonsqh97f8nh9okq,235949B47DFCFFED26564B2A4E764712
gguuakvi6e6f4vtgku906jhu6e,297E7AD2BDF3DE59D103E4224662AFA1
cudngtclh003o50lcch7ue382o,29F61CDE49A60DF2F17FD3534849928E
1rn73c4j5c3hmhslhlqjqb7jj8,26E9F2274F413E05E996FAA7E66FD873
4dll46kjbfbjmur5tmtn6qqetk,262627B807C0DF2A7D246A408BD50175
bu53allplnuarb0cngimjui9am,25B2DC93EAB8633E3BDDFE05EA12AC4D
fu340a9fbccit2hspqiko5ohl8,2612DA1D633D09B750FD26AD68E27F33
c4ueu1lmffgv5dacols9fb7r3i,238079E7599ECB2A30614EB7CB9D07C1
6upgl85revirn73dkcn2623qko,269ED5F1A465F8F13BAF003DCAA5B9AE
2fvt2dpb5qm415mv4ogbp44fa,21019B0B59E5203BECB6D47BAC981660
3n2cotqjdrt1098d91omtil3g5,27A580CAC09710A8295F77CE827F3A59
8fcckmbhbrff271alnotjst64i,201BA812EF59953747B352952F51B4D8
efik6o3irbl954jbmlud8mds9s,24E9975C7A944C673E86F87EF2A4E950
ikg134dm2dha3o54nfod27cqr7,21FFCC70BCB6F716400DDAB9CB5F5E62
sa3pdupphrub963a7muhvpnl0e,29AF73DF66E35420ADBCEC22B4D54BC2
id7te0nm4olqfmu2rp5380tnjv,299E9AACF2198683A2702D338067FD74
atcau5qh0m10kgc6d65rqc5857,28AA04FEA24AA325A4DDF1A8A3466DC2
pmhi8elg8v8q9rhr291o01q61m,239CF0486B631E2107C6FE92ADDA19F4
jh2crcgc5p30gc8indupqr1tja,2128373624A1DCBC57A64543AE533A05
g0imtu9f72n938aq2iaaj9ard0,2489A18D75719102B81F3BC8A3A97933
5pdbk3ag1ud2i7s65fg04b2pa3,2887122C173B76BE41436738827F510C
701bgtiigsp67d6veft5o5llfv,29C7919E6D328AC5C50D832E55A934CD
l0upa2pn1q5o5tup55584odj74,2A384342BB087857698DD2ECFEF30BF4
j3gh79uvn0helqggjd7j55sjln,26254CE883DCB5B58436CB67B92B10A1
lorq1nk6hhi7ftodmkpk7mriaa,2884569C450DB3CD1C564360B47BBF2F
kk9uc6bdimes81i91l6cru22vv,2A96CC770BB27606E1A5BDD5C54A1959
3og3om8aokrjcn58aibomsibf8,2A501BF6034C96B0CD3C418FB74E8920
k6tslcs5k2535bn1prbcbo0v17,257C9D9CC2F9EBF17BB8F15E52A99CB8
gdde4faovff9ofj7fjpn50n9bj,24BB6855A18AA5794D533D138BC39473
i82cjiipgg4rrmmkcmvns8a98d,21BFBF39D0CB42028486ED0199AFC6F8
j9hcuvt8sfnj0utruc3fihnq00,2882B90024E1767600752BA280AEE64C
j37a40v0sbp784b7q68k641cnj,2478B43776A3F464EBA5C816D3780500
lras99q2enblj78o3qdk5gtdft,24337665A0A41921131B6931A0908645
uobacolnhhpftk4hhn37dhejqu,22646570A8B930FC71E6D58A1383882C
p2duv96fgne162dd8sud86scfk,22342676FAD5836BFEF86C136268BFCC
pqpsrnelmgbqq83pkrrctu2gdl,20EA6EAFD783B677ED1FEA9FDEA3CF15
88tbhb1un945d2gqlvsd0dc7f6,24DAAE8C516D873050595EF8EA7CD231
vufheu36os3c3vtlemipfnpqv7,222A4792A0F55F4C8DEF56BA6F0B6A27
52ac2j8kegg93cchcgivhbqpbu,25536CEA5C1B9DF33403E4A193F21D02
27suepthq28g3sei349gcdu1bf,20825A33D5405F524D16AF199CD58FF2
mt5ut26eim1fgbsruco9gd9mts,218EEBE5947434C5CF4B65CD5651A8C4
1aehdhqpacbaenel8isq3mjhnk,22BC896F311F71607918E5E7EA01EE46
6rn0uc3k7kco62hvsca390dfv,25F7680B495DA21EB8023A9A1DA8923C
1q27el9b6tuj2apl2b93or8v4,2712FC314352465CDF878C86886A1609
d025t1shit8k431slniav1ceeu,2973B360633F04CFDA30A310377347A1
es51ocoppn4c127b7icsi5p3fo,286E380501AB6AE136D467C9E9713481
s83tsc2fchnkjma5uvio0m9fnr,206E17CB0680520AB961B1CE93AF719D
amo674a6n4sjnq859mgtr8056k,286FD7324F913AE45FFFB883C128C429
sfnf1hn4tfuioslelbjok1npvt,21D9B9D0EE0CFC4DBC44E0D586D2DFEB
pgn59dghdb4b10mtgbrr60tdt5,265401EB968E743E9408A4ABB7A4CC68
ls24t9ta4t2g6bc8s7sq6k7afp,211267BC2991FE26565A286A4295AF97
hch4hik5oib361b29p8jkpikgc,274759BE121A30C9C7508A1DAD032DA7
v32gl5s9tpu0ok3kqp5c6k5bdn,2239419A0CB01214C0A945537701CAE6
lrvdcl2ghdhb1rko9vepsu507m,26DFE9E32D6467D2A7115D2F14AF405F
qs7lnltsfj46r2qhmg4q4m72ku,25C5B8AC18142AE7BB352981A423E7A3
j7k4tp5c77s2gf3o9k145sed1u,208F3CE344FEBD89C578642E17BC0A35
4me5sdo6janimv6og3rie3l40h,232EC035E4F4283E9DFF0DE57E268676
mlkbmrj14cs3l0pf5bek512o1t,26FE2D4FEF30FF22FD4776DA3FE01CCD
f5kccml9rlauev9u858flf0aj1,29EC5248E851D9B2B842668CC3D6833C
kksvhvqkpf5mvbqfr8jvj5f4it,2A965BAFC5C2FEEC40C6EAA7A3E46606
90eu5v433pqe7gc1e8tiidmjj5,23D08C72DFA37BDA7099BA8192A7ACCC
2uk7rag96a520ep2fdell6ehli,22A60A7A9990E231BAD3244C2B064077
5j24j2kh2qbafq8tkqhk8ivluu,23AE57D711588DECBFC2441CB8A10C70
rpq0nci1vi5b779i3sftri4uqp,21C3B93D378B87EF8D69D02398184F20
b26010g9kngor4nn1ebdu7u6b8,293A0142D1250A10FFB80923F9BE26C1
sedmt2poellvmk4mg16gu3c8g8,2604BEB9FA71E9EEAFDF0CC90BED2F3E
sqh0q4ibuh143i7537c4f2l7k9,215B9BD582C6838D06C6DAF08B288B9E
8hcgkpmsi3ong0mvuco83j6ncu,25AD43DE26EF12D8FA4790EA159C555E
c9s6567bp7oc1bdquorcecoj5,27D34711347C6FD6BFB1588F3DA03887
8fohc6neghnqpmbf8sdl6g3v4t,285C5AE8E5670EA6E501322BBC648E12
1f1ijuirc1hcpqucc9p0f69l5a,2882EF6D564383FE6FEFEE443112D5C5
4dmcmqp8uqjq4kbfvhkkdf052v,21114CA8CBE7C6A852699EF69565694F
c9nnolhplpeb04rdcpb1mc670s,27596ABD0CFBAB426EE004E2793ED02B
h57l7g6s5nqmmj5jg6t9ab0349,283056D089CDE951CEBC88F8035634F2
n0sepfealq1vsa49gv054acr61,20382B16ED46E3D79CF80E3DA8AF7785
2gb3h8nq8far67b95uhr1i1imr,28FFC12B04ABD8670FD2D27AE5D67A44
hqpq782iqiedbdckhs3ustg3uf,241725DC7F8D57FD9D137F465D5140F8
ihfe2f2pc0dvkbd3qe7lhf3opu,22C7C55BF1257C10C337EFA3FDDEC918
hknps34oleck5ebfocqohr96la,267BAD2394C523ACD1DEBA759FE7FCF8
rmbk1phg24tu5qc0i5jejv834a,20EE6234CF920B260B325839D0131393
cgffhrh44fh7cpg30uo9aju5lq,27766C6ADA111A41CF88060DC0CD2485
n82qkk7fflkqr36ba4ehgm3h53,2172E6A20076065097ECA3741B8BD430
d6u1a62htp29v3s8bdn3h8d81b,29A0AFE05765A1AD37C886CDC86CE903
jd98ib7qmgest6imb4phmu54ia,24B8431443E732D7CB50E7ADE9C959C2
crm2bvbrsfufvf5f2k9f69ivc5,2747C3054120C580A5BA7DCBE74EF0C9
po5s54re5o9oma0ial81hv3mr0,2224AE561F6E0B0F07F3B1CD2D3677A6
kedhn1v6f7sb17s6kjqqt5pads,26960577977851D66C981DDF5A7D07C5
uk9e4ho23eq1e1h6jnpj1p0sc3,22BA0C6F082DE2E3E360C41396AC4922
g5gbr8ur12ovflv121kc13h60o,26BC133784FBE48B1ED29D127CAF9B21
n31so5s9c9ondgk56bg7ulvj1n,24F7BB0FAEE96B3B8429DF2D660D0C8A
jf63tmfuks7u5kd2n5gjhvl6k7,27B9CFF6EBE0421BA30C38D7F1EB5FBD
a9sbnar23nbp8q56hesrumobju,2428042B2323811BD748EEEA33E5EB82
ims7lem07s8obk5k0viccovd8e,2878404CEC43DEB2D7FED497B918CB69
g7d4ms2840bh4njibdqm2dvbpn,24A49A5A86A31333964F35FD5A61F738
fs71i0msn5fcnjdn33vqq5mcse,2521593BEA7A68A5B90AD88C1CEA7519
vjvamgsepp8puanaivlo2mman2,2722C832E7214E90040892630D30099A
fsd4bvlq9u0i61u6rc8j4c40mo,2400B1B0FEFF66B6F207CAB925BC2803
r3cb93pfha17d3sqkrr6k5c0ek,255BD8D33E8D16213D9E84770B2C4977
j3au4es51dk3vp0td93lpm1p8,267FB023D7F4722879D7C268A37FAF00
aqnrtjs64s20l1ol38frl6v8vn,20D879F9AE2E51B1F9960937F1FC99AD
3brksqdctnpcngvvuenv9cbh09,263E0BBAF0F0BC55DB086E97AEE9DC5B
ufm1snlh5bpat8s45rpq3c0bik,285A8E0750AB3B310A190F499B88A965
fe3jqfkuvritergq6dntt6or4k,2438582F471B7512D8C6D1ED03F6D92B
e7lrhtt6neser0tsqbegcet1r3,270BD12E4405C7BA1B1FF6147E458912
76p6f67qron3fv7lt7sfo55j8h,2899B4B6667AAD4E6C21224054DF0356
b6a70ai3oel0sn3nadt4uqbv9i,2A3DFA47A811D5622075DDAE5F2788F7
gbqmmcl5g5ie5scn4vn8g2m2l7,2A334EC99B3C326ED058B057F5978085
o79lo1akvpktkosu8jom1h0frm,262B28DB864F5766FC02BC3AA3E7C478
j3m5pmk7ka3oeivnhu3daqb34,2695747B21EE1DA6A3010A050C018484
usbkan4lifrvirve83uq03ad1f,22957B7D484C259363651AAA4AF5C64E
331jqoktkhq764upqocmda37u1,26F7019E3DC784D2BDCAE3B91C142176
s4m0hfipt8gm5vpp7f13js4us,27FA92C88934F2797A67D9B59D99210A
4c3ovt3ane3m7uvtf9mc5ks8i8,28E93362E57E3AAF46C5CB171556BB4C
8sk8b6dq959f8r4n7o177blp75,28E128F100EE1CB85AD8274FB310E539
p38pa7nhebau4ckqoc7vlv9nca,2A867C930CB314D6EFD4AAE8A7894EB6
mk0lt3nq9aa36pib0r52sklqm5,2248119A54E26BE6D2266FAA6B7CE834
nt0ongvav5kr7if59osr6m923e,2172B58F6D32D3D1A02DA4B4A93698A6
v4i2tb6rbnmkkrahvv2ceqqi48,23FB7D4FE457B18245AE8B3C9A14BE08
as701kd80lfo6el969dgnj3hn9,28A39FD9CE6D7C06FB88DB0716303622
ck9kdsilsi8gcrj54cue1p4hgs,2A464108DC5FB5016308033793ACD655
ftfsgiee7vb9mocbcuj5hf6323,206B208254673E97AD004D136E77C322
ihd9iu5g1eclohf73gllu6uiit,250DF268108AAE60E30A1FD1D4538C83
9eupdmuh9ta2psilgbq8i719do,24623FA4B0C2D9BC74E6A090CD5B8CD6
ca49tmmv93fsf3hu1p3dok2j90,28547ACFACED6047BE68DF2A3D586A38
qn3oq3lt0qrdkphaaj8abgf7vg,24238B9B4F52E6E5BFEEB36FA165F4D5
mpr564te0qrrrv7uriuanorard,20805229799555CBB025D1049F0772B3
elhug72oibq3htkm41dbq41eqm,216872FD8FEC51168AD9C4633E90AAA9
g4nmepkps6ags6lmrsur3feit4,23D36B235ECA6B00F8211F2260EAB61F
a9p3tu85afk3qtjho0k2bmjef2,2670869947BD1A6CCC4BFD0A548166F0
kc69g01k0n8ar97rfg2vjombqc,287F1D7054ADA81C59310B5751BAC81A
6f0jh5qvuir2opotv2guik2t4v,220F54F791F03E288DE9E64BF796363F
p0pkmdltj2mb48kiu76tkkr96m,21739CF9B7BE09EAB6DDF761F0F0691D
h901fe0a1k6d8psp28atpchtgu,2664F8A68E50B0E6EC97C32F5A110682
r2qem1e7lldbg9pcgsikrihdki,21D76C30E9ADE8C1028A46AA5AAAC88A
cil3r7f1s60fn13m5pfuhag7t,270032CEEA7135A26288DAB36A1AA52E
rc3mat9ep7d0buul5nf6rue8d8,21C0C445EF1CE1D476E2149FF932F390
87igsdtdsd2c096beb5jommu9g,2584746F2CD4F0449F9450BB16DB74E7
l9p6ue41boeuksfvipdr44soac,25D06EB67556FD5680EE99B5CDDC3A2A
qadn0tspfm5bdkauspvaq5dvtf,22D17A64BBE91438D27C349A6FD48F51
gafhjg35l9o1u7fh0vgenu7b6d,2502B32376239283905DA0A4839A51B0
65q8boigcr67segi7cm91s48a,22B9C5517CAF261D5838E43BAA165B2B
jfdbahvavdqq4mpkc3b2vkgucd,24D0B6CB51DB95B2862506E01B89DF8F
5hennu8eq8ctfcq4cmmmiq5tfg,2831DE9ECE260654306298D3E6C76048
11lljcu2in9sbiv7jujpg3i9i9,221D7ADB2E6DD7E3D54086ABF7644905
ct4jjvq8t28f0325ug3fbt1ull,28323AFD74F2C4F9641D90FC69AC58FA
l5de48pv9plkc6237fub7lohrg,29D5752AF5502EF58C5D338617B342BA
tgmog1pud10u976rmi822rtdld,2801B5128E81362CE7491AFDCE06DC94
l39r81ersm10giplpg1nojaelq,27359222196DC24D72747617ACEF38D6
ip3hasgki1m1osfmvespehgsvb,28C49D4F0C99E479B023FC02589A994E
54b3h1faapru55fem6mp15kori,2A2960B4900E37BB2668BBA663E3BD79
nlj5f70iqnji4al54j07djor93,22CE49A60977776285D92A9FD3C37551
9cv7gq3c0h3kfeeba2b1nbmqiu,2A111679D29A0AD2718703560A659AC7
n08timj4k3ibv0c15lsveoea8q,265C66DE4E58B60AAD336CEE8B752F65
v0gculmpa0b4ckqeofd6k7s6mg,2113034A4B7506585D68D2C3A0D448B2
un4okum8hvfhjqm14suadeb4k4,2603E79F150C0F9DC1367612A55C1450
uc7m174otf1qf3v4l4gqp4mc9o,23CFAA5DFDB50B66F10503F231A63822
g1k5ma100lf4d72r4rgov9lgch,209FB966C3EE25E32D212E8DA4139E54
75r54hb01purhhc8k17mc2av1c,235A51473975EE6974B90C0F2B3978F1
681b8hehd60bfurehdt8in3jkt,225E123DE2DB6F564929BF380884B1FB
1pmsatui85pvnhdl46v7ctt0te,2680C7785A272BBA5B0E743DF07B447D
g2ob7q62560feb89d914igok4a,2A46551E84AB685653086BABB158E504
jfr9tdlqck3bj7fbe6akuk7427,2A0D55A51FD70BC104913918E07075EB
i6nc1ctkbag9u1kguucrq7lk42,24C707BA10766F14005FFEECC24AED29
tttnm45s2s8cj0cidhq4fh6sl2,273558AA4F6BC65EB9BA0A8E14A10F33
ge6r4jhuqpmem93mr0on9dul71,24873AAEA30E72FF25136E8FE629C531
jvhff8s3imge15mnm16vec3gdk,220A8639D06597DB706428D592CEDFBB
c8q5b3i2juv1vte984e653p4h2,2799BEF03910BBEFFFF1E62F61145A4F
2nmkdrtmrekcjtrhmk0pogkolj,252FF99F5A5713AD22D3FFFA76C5DF8F
p6lfokd9u1tdo2lab2aoq9u9ev,27474AB38916989F107DD1EAB7FB9BDF
nb3bh91aif0l3k5grgprtvqrl5,259C572812DDA99FD5C159A525A1BCCE
9srsmpp78e0he02bq548n0fh0r,298F48CA3335199D2F398C029FE62F94
jvtemd9e6i52ro4pe963a0gnc3,22AB305F060F0E18B3DDE99AFCC05A30
njp6kt5co2imtl8uao865619d1,2A431F892D03BBB660D6F82AC0A17748
sl0q6k1si9oh1vume178e9in90,2310F550D7BEB037C4B8B9055CB50B5C
i0i8735fspld2k1tpntlbf2hqe,27F8E6F27641C67918D90A541F3BEF15
k9ch19nlqhsm9cdcubsmqtg6sd,299B1CC5D3AE153AC1BC8801D3752F2C
ta1mdo4n8pbbdq33p5bbv1h34f,23BAE478BE383E3F76AD1951FDD59A3C
9tut07t1rpst37v440aurit2gm,27185F640FFD9814424180B265116DD3
97vopmf223mlkjvop24t13k3rb,259DFD54BC5ADDBE6B88805BB36DDBA5
k3hrjs16dcmvi3f8gdh2qvcve2,2A35930BF19DA8F660AD270E895110FB
bpfs6hrli6j6dgm63809l8u3t3,20544F7D16FAB91A9E558FFEBF86CF33
4ifce33aqpcv2v074n6536dvop,25B3A31C50AF6C5E55657C91999CB02A
ia41cj6gd4vvm44mc9uj46llnm,2073DC9957859EC84A251A85A74511EE
gf4c7fq4ep7sniodjc35p3oune,22B6C357AD6D4C21A474EE83245ABFC7
vs77cgoqqhokb1fb81ikal007g,230FA13CDE113D97670153983FB78843
j7gh1opkhorhnklm4eqo3jaquf,21CA4C7949B5483B36FCD1D46DBD5D56
bmiebrdg30khusv7k7tsh5oobg,276E3EBA21C6CBCDC934AA9D142B98D5
n32sladhg30nmc7v5hrivvm8rr,205C314836E3C17506BEE06B35231BD1
gmi6ts7l56gt56gmj3lhr6dfdh,2595BE0381C90A10CCFBA0B0073736A3
nn2dj2efuv0gqtr1omkft7s1b9,28319E53AB08C841FE8B93429E7F42F9
rmg94rfsofmbpddh8f3v1jns2q,22B05448A62AAE82D847770ED568824A
rtc4m0k5avsf40gqifjh53c1b1,205604F99AF2A1C4C2B03A70133D6C1F
k39fgv294tsr92sasuuuqehijp,20FCDA9618000A1F1F2E371AC30673FB
67ijs2hm19riu1v9r2830jappa,26D1F2E027806870B0C9A8E63B79FC48
f4hsub7i91es4lcgl3l6v35f51,22A4A2B53E6168332C37DF3BDD6648BA
4oe0180vei3hm7qr50ble12jfe,241CF9B7EE071C6F4ACFF087128F8EE5
a8k1j5ed5kticp63u9id43amvg,27CB06032AECA8E5D40182A400EE1104
e6gc5p1q5vbb2i4cfgpcvu7unj,27BFDFB9D10F7EA539158CB5D8C772A7
1l1v01obbn49qoktg9i1kk1fjl,2AAA5A056562C13F74046F8388D76FAE
oa4frbg3do0bvpvhks150i30rm,258B44552D6DD7ADD9A70F0A0FC2C006
350u14jugb2jjl5v5soah5d8ab,2717C22FC494CC44F69CFE66F3FA7831
a0fkfpdpia3i38t94maktoqnht,24D9475BA230E53B83C9B13E4C4BFC04
m7m4hbolacpffbdl8c6d7ki7di,2909E90F641C9DC1E6C838B3DCE9DA29
9tcsesj6hh8e4ef8sfcrod1fsb,275FC1CB806C8612287188992D4DEDF4
d1lg0kfcm3ekr8oa3eten4h9pu,2433A632198832844CD2A96D679561D3
m2lg5f9tflpomumcqg6unujo8v,28034247B49318788C3F1FB13A5F3E40
sq3rk5jnu1ad6f6bht3jgj7k3q,24A841599596DD0D80E05AB6974BAD30
8b787gjoer4egh1h0rlq8e8kch,27A0F055D3F62CF16A2AF7B93A144C22
4j1cb3dqqks9r0f5o3q8cuh1jp,2534991B71C2325616981851FB3D5587
ma6ims8d27aib66ggc3qrroil1,28F4D147131FB15D590BA0BD40689FBF
bhgotqlgufbn9p993jhohivscn,22648ACC515B67C0EF150A647BBAADA9
45nk1an11os7i430aso85enc77,241B8B8FF76E541DFB70C8667ED7EC28
pboe0345f6uedlj809s653k230,2A2CC453F56C81459751AA40A55B3073
3supvbnpvetegbb6caemd92urv,22233E9DCABED6036B2B31392017B159
dpinjs4174p06adr11racm17sb,2247D4321BD2F7749C6EA42C3FA17F26
65r8u7j71r8lfqs3gmo4m9tfrl,23F903C0350F4CC5DEE305A505793DB8
c5pl31c8uv545blk6jdm2nc1de,29EC4AE65ADA9ABCBBDFF7219BE437D1
3vk87jabl9icn3po5t1c5ee70g,23685AF5A4DD5AD0B4775620EDEA5F9D
dkqvq2gjkufk373tl7e020f451,209FE0FC4DD774CACA3C59C7152D970F
l39l7uo6tgkprdk9jk6aftc1al,21BF4F8429B7AADBE22DA56CF62D7206
mr3bkdtnrsarrm9kv996489gns,2A373E6B303DC843202B7BC182E23303
b8o387hj4o1tjskdlhsi2to847,2235C8A6B2FA1A1F49FB34E16C6A300F
jbop03isg084llsdhtlc23igpf,28815CE0BF11EF2DE7EC2DCE1D74B461
9e9er8krob6dqmc0vdpi2j6p02,2636A0A9B2FAD84A9BB991D106F7967E
nhf4i9b1curp4kehugg6sr4hs5,26F8B4EAF8C8839D0A58296EB0A08DCC
hvg9eosdc4f3iqaotg66e3ii2s,244E4F0F7ACB515622A59693C6F08390
utgv95fk4s3c6p35rfffp6bm40,209097898E087D812DE4AC1F7BE68BEB
u9cgn2e3ks6l6hl8o4gernjeuu,2A68925DE4B2C3B7C1293D12A36B0F04
irbutic4u93jp2dil3r8g2rh4i,25F6FA8E4FF06DD13D6086FD0DA49FCF
i74j51eb1okdacui6e8tdqhc9o,296780F476319E2C91DC90610A3FB84A
oq43u4lvvbb5sc3lqfqeagrmc4,28339F34B19B6277CA97F4EDDAD12D44
4m9uie9cs3ssv2julko585ppf1,201C81906E893DA4891169C84581A647
944coi0qpt92jne5ocbkj23cki,288B10FF096ABFC5C642A0D540EA8259
kin57f94p53f69mp64nq0tusc5,232100E4A111EF124CEE3EA6DEC7328D
347r1on7v60p5flf94i976747r,288B75E7E4CF2A36B71D291597576CF3
ie1gva7c58tt8mnlbjnh3dj9o4,26082F9526EE6D42F6F9F4DE08FCA464
o1nqtso6d6qdkl04idv0d6ib87,277C2B323EF12A57D981FF9E43B18CED
602utk1reqnfap5m9bmbo9rihq,2253E7EAA91D05ABA0F76EC253068892
c8g7flve1ectisg9u00hblsut8,282783ED66315167EDBB79F3562185A4
6d9i0ghqcubp59qdqrl07b9uva,245AC452499E2217D52F0397BF3771BD
3j1vp7i960ri5b40e9upihpf2c,2306D7774EA6EAF6594A4C29F9136015
k3qhfnnr2ujvoh9utmtmbaekfn,26A5838F7EE3CB70FE764F930828590E
8hel2ojfbgn4eaqssg5ren605q,2281D972A7765831A21D592C655687CF
c3vmalpb201j6945f8ealogs52,236BDD06B478292524229238B800CFA2
tj15ger9d1k48livjif1muhrli,209F754C7E13838AFA88141ED830EEE0
2rs1idfssmim5hfsra7ttqftjv,25F30BC876CE6B1F980BCE42F1473AF3
9fsk3firnlvkooahqf0bnr9ov2,2A2D060F853344BDAAE33441A0532C06
tnp76kpue2ls7suatdlcqbvkes,27EACF84A3202C96A7FA0BDE9DB44F76
r7idsq77fj52n20b1fci2q8g0s,247E5B9C5D69AE6A3555CE1910761C37
kmuv78c4gdulilkfvj9qhgd1ot,28311CA301E3A015E05D76EFFD1ABA9F
gffa1rdjkciurp20knjnketier,2136AB52D28BF5FF798332811A375FA4
jjm3plbcihr3a78qjbr34n8jap,26A595EF2BFD33648D90AFCE8B5A9C20
95d1ael51ec8h9ajko897sqebq,28B7949A5A432570FB87A1DF059E5D10
dt8650mg8mhbjp8nsunrb2v4vu,293E92F09936C38A2DBCB575EE95178F
9tse1nmmfg4gor3924rnbbsq85,20F5B147373399E350FD1D484355FD67
s2qk1o4c2e1lh65l5h2aqgsh2g,2093C46F903E0652EABACB7F8D64FA65
74s6tkor2l6b2ed49nsphpg8lk,23AE7E9D38AB7C143A22835B80914C85
fgcl39mssl05r4ii9qteaoftem,20C923B8D6B792F9EB3697F709733132
jcgiloh8feov5msd3ah4l4ak6i,213D24AD2A17D50F37DB5F7DE4C0A18C
jsint0ngr5qqve2hut0l6q08se,271015711CCAEC6958BC4B2E6CC9815E
claodbgd73hdu3ab0cflueun0m,26C0D546D8629E97FFB263D2FE492F5D
eq02iqb2f8v8h77lkgcb8884dm,22EAB567CB6233DCACFC347856A2771D
2qg00cje8e1kfv560pkj14aetm,259CFBDA4D7F4C9FDF7CCEC965F5DF02
4or9in17d3qpgf6hirhat8mq3l,213F486E57A7DC79BD5956FD3037DF99
bkfojmohsl3kn12msrpkscc3oa,293D33ED9C562B6F540382EEDBEA86DD
t1rn0vn1bjghe6im5fl96me6p6,2896BDEB139EE1D6B57C4E820323EC2B
m87tu83fu1764d33s77omkchc8,2128DD1482ECEEF33F94CD3064F2534B
dtsjudkk1g1jupo291aa7141g4,205346A851A882C6E1AFC83017D70011
79bnomhd68aehnhkn3ik2rrq7n,267213FD16369AF031E2ACB7E1B38ADE
nbg1gnfjdkjg578f7t26th4062,2917069170D9046E7B20BA689D543FC6
2t4m51bpgqkb61istj9tcncvep,237F7F894B1B9182AF1430D5B711BD68
6u9j2k3fu6r6v97brqpetl57hu,2664DD07C36A0F546309D411D56FC77C
een57fggkujlmhlhmlsp8bcba4,234EB3D45F4FE64287CF305F1AE4C452
h714cs1r8n83sihk2t5soijje,21F3AF997552A3828BDFE5E2286009AB
nk68fpvuefcu0prviqdi0pv2hn,2049628FAA74C4743586D83DDC4CCDA3
7hr783gua6koqr8o1n7530vi0j,23F9FEF0844BA14A984E17D36EC6F5CB
jhjnk6n1qq4lmfsmbregemdfvp,2532999B45304FD362495AB9F077221B
8g1leoup9v9ougho0kpbn94jha,28A1849F00EC812DD0DBDCE54348FDF6
sfegit8mimo2m1sch7doc294e2,2964980C380A7557057F347909EE1119
a9ergc228i4uh6d9il6dtmbot6,206AAD08D047895809C82E024A892CBD
dvma98cql1otll1mi9lcf6221l,217C8ABE2E75445F045C5471E9B1B830
4qnr9p36vd7dh46l1fghtodau8,29C9D9B743B49062A743E098A9B521E7
hb3o69cbrv9g8fnfq2t6q3ov15,237C97CAEA10F6FC667594E64B176712
ikvlvqnkso9e0f2fkf2ec0n42l,239FFF044C877582C389308A0D7CF03D
eb68tk10hk6gcph3i66bfc730o,26E8554D738445BACF34F002D04211C4
c6470jus8t2epb2dfnnpukk3uc,2078AF276D10C869198F88E53BA029DF
h4dk8puuoraachukq54cstqmes,21A04DB299063B2918B1EFD8ED474C52
7go5socm2igk19b2do5daf6q6h,23FEB48A9AB34CB36164F843FABC464A
tgv7kp46cb2gufemgcbq9o414d,24143F0BEBC6998E48C4DD85C84E6A5B
albasi15bepdh0qodv5u38qhst,24F7288869E1FA67894BC8ADC8ADD669
3llj5d8i4ias6e0rvgo9mttc8v,248A8D13FB357826D577C234380507CF
70jkrsotq3hnifuo38ih8i6sj3,28C11D630F4F83FA9EC65AF8F82476D8
q70i62r7gpcrtpf2jilucp14rn,2181B906458E86EAA2CCDBAB1FF838F1
i0i6fmb18hjrk5h5i8gvsj4rjf,269FA30C86D0889C7BBE90BB881460DE
sluvlp74skt6j9nn6rn06rca49,2A62728EE3B000193D9C7AEEC47EF776
ata9k4oovldr2ral99qh1nqo9f,215720294D0536B108B575AC64B63F6B
his42dcrh4du0ugfrer5u0lhh6,21BB71AC437FD1E3760DDD913E34997A
a06tdbepvc8m8etgr29jtmrj9a,275C7DDF112E8F6812E33F58D87BECF4
hpe1im9d8k8aucjjg33cpct8p2,29C491113C8A0BD7A0D08E5D6CEF502E
425j1qd2dg2cal0iojpseukq43,212D2A836506B45FD7ECCF46988E6B7D
lie11erss6qdi1o62u11hmtuvf,28AD1500551EAB3B0A4A6EB23645E3B5
dtos7h40nadvbpbt2ag2i4nhqi,2688F3489196626B04A02F6CCD0A168E
9fqgvlr2gh5d1tvjrd1k3jjvh3,239FAB7E5E206B8F49B6637B3FFF5A3E
tef1fcd3fa6g7l8bv7l2tc5t1g,217FFA0CE00DA8A7FE3BE7187811B169
5fp42ceb16ou5d9mhr17ugm8lb,284FF61CEF54E6D5284EFDDA8FE440E4
hdai1s9vj3d7tatvq9ape2nukv,2075F22BF878D36F40C8531D32E9861E
d32arbpkom0635vsj7du78rqi2,28E4BFB844F9E42AFC536A872FB43A68
8b86mk6oroake01jilqk6pniib,201386CC173719E89BC3B03059EAB1B3
8puu3kqo7j4pu8tv0odglmsnse,2538D0D5EED5A5A6AE2A4E7E068C21C7
eeb0495r4vialmege3qbhomneh,24F6AAC376D2FE5A8559BAFD9AFA0BCA
3gofoslfcn98g1qfgge2rg8djd,2788FACC50728953CB5EDE674201F93C
7a5bc75rd9g0nfb7ubdkvq0iq9,2284119A6C8EAD3C03C5ADD147A1B341
a0om7hu4mv997rj9d1jr1b57sr,21FE7C0F933437D6C13DDB0319482855
kan4pqld01jdmc75j3j9m5nrce,23C330B136087F57EA6EFE1834882703
2ijq9kl9o4br2nk76g4gha0um6,2561A36C890AED6ED0593ACC262D0390
9fjo1l4e4ke5eqq2fl0cld5mk8,29AA31A4FF0FFCE2406B9ABD028F8837
rfnaqklbbtihhi7t9p7svnun66,2053818751F554164C173F5298FE553B
5603ic8qjbobkv0ll6akjr23v2,260573E52F7B82BE205107E52B91344A
ao1o6ufnovkg89qefer9p6l105,21C527E4D6BA0D98F8E5BBDF0728867C
9dvk2pqbo4d6aqlkapbur81pt6,2A2DBC2A829116109F106212A6496DE6
ingqf3139p421h1qerd9iutrmq,21ABD2A78EF2B4CD6FA821D7B9BB922E
ajhlhr5rfhmj2urpqf4esmpapr,2471AB9CBBEF44E2AB5FC5D5E90D286A
ngm9d6ts09dsns55qum2li0gub,29FBCD95CE8631248370DCE7ACE60E62
v0cfu7geueeuro0vjlij9uv8b3,25BBBFA823919C612B6BD656E0937AF8
s05cjj8u4co20um8ulh5vp0llo,2A9D0244C92B8F0661C291AD15A516EA
rm6gsijrbbm4c08nvp5v70lg1n,25519E3A2ADFF12CAF4822C7E4546A69
99psm3k6ek8r5eia1303i39d54,206940A620FFAA8961DCCFB1D27D67BE
j79rh3ukhune4mgrno4838nbja,258C79DE3C23E90B8489FA8917DEC68C
mdlmcqm9blf5l4vijr6gh6qjbb,20D1EB4CC0576E8FBB2A7A298C5612E4
cjblvlmdodl28kdklv9jfeoim7,22CD226194EEB7D8D98271C981424C2B
uldtsq2c17dsijh1j1npj7jlh,223A50E9AC3D3C9253B9925136CDACBF
p23j9cjrlmsimdlapv09ei3h83,29A4C26CBC8DA6178DB160CA5398556C
e3tedh0ujfr1ahm2hbteuep8aj,24496FF483D2025A2022EFF902DC327A
li5q1hjjjkviqvetbh68oiolvl,249E2FA152E852AC5D4B8BA40E0285B4
t5do9p7j0872954u8lsb5jlnd3,23DF2AF0E3D0E40F9C9085A9F24A2A97
2ts40q587ungkmoj1l6ojrlc9c,2568DE35EB442C3EC7FB25B2A39C617B
rnhe11a9tvknrvre2s0u337ssb,259F3788B1E415C0E1D86D8909D89730
2qcearits4v0rd38q4oeok3vun,23073F57129C6C3318EEF9915321C055
kpr6qcuti99o231vm2sg70kbp8,20782426233ABC72A02DED05556AB853
bopvbk060huuvv9os5phgvt0kd,266CB774CB9394567B2498421D8DBBA7
t1tre738gs6hmp1c9mff5l77cu,25BF12668AA4BE76CE5B157D94A0FEF2
oh3tr384t64ges5seb8957afqh,2034010AE1185533C1687130C4753770
dtgdc7tr5pjnai7o5u68isks8l,24E9A1D003586DE72513D19C3A538A4F
s9v2nfe5qfilc1jdlde9264n9q,215BB7D17E02F73F07B086DE40B441A7
lcd9pbem9o6ed23scivm1qtm34,23EC87D500F11DD2C1910E7683E0C780
f75bkgi8r6a6lelgc3f0rna8n3,2822D358D609D84C57F6B7BEBA8671C6
ao7obu2tskporctlnnbpm7l6fc,234FC1370386828466086DB6970EA113
6l34r07r5qpqi7cp5vklrv9d7l,233A73DEE08DF4E3EA49BAF9B50E31C4
th7iefetm8g8gm1tt07i1hm8a6,2807ACC82DBB8B75E6E87A6F03321B96
27ui4bt13euf3vq21gkiufgl3h,217111C1C390B02192374810B8D53670
4c9sgg4sf1olkvvgt1mek8t11g,241DA3ECFE6E7864CA1E869C31E02CC6
57encj6kjqscon3rh2kjvga1q0,28F10E48AAB436054DE1CAE4DE2B04C8
v2spilffkkmi0jcfj13v6pllkg,21B7B4670F766B099469A2F90556B962
darmrbtvkbp0s31js0uc4sj5om,2A4E9E896754BE23CE0A07857FDACDFD
heiaf7mdi2ih2lbvef7sl9uvlk,29FCA5C66DE13475BA964FA827551FF6
dhl397gv9bu0nmtjccreqm27ke,2266C1389E958BF68903A8C6DBA5B63C
5m211kolfoln8mh91hgpf06ou8,24FBB4C53DCFA5EF7E3C1301984C83B2
q3hrv6ookatjj94k3r7c4qmjsb,23BC5DFE49C7E1CAB83E95E97F9432FF
snkbmcep99erm8rlfvi5b48ldf,20D4ACF39005881D3BC339DA6116097D
ccomudeo7hlbgu99l330vcdd8r,2A95FEA856FE0C8C96A6F4B78A651408
v65qm38n13aqbi2u3142oho94p,25FE12AC0FE80BF7AB3965E6B2E91893
fl0hmnnn8rvpobumrbfp1uep5r,221340703D2B328F187EDB54CE41E845
1j1hvgm0g8rnmo5vr1a49e2ie5,291EA289B9EED0F7670D8BCFB53159C1
87ja837prc11clnvb0tp4k6tja,20860A10778BC78C617B69BA9F3B0C2E
eq2cusu40ndlm09n3lvgh5t7ai,244C9D24F1B25ACF6B019484AAED99BA
pbpvvonip4o8s4en63b32ceeqt,29AF044ABD092EF2D6D5A1B07EF447F3
j3ghpgnf3jbc13ijcmp7add69r,297D27B2654D9DE02CB03490967D67D9
fihfg5ipmvbrp2p0iqa5e647bb,2980AE4F5283A5DD15957772E054776C
7f0e2r9epaeoq5qbab3j4ke49l,239F5313683A34E92AAD6938675D0077
fsi85e3hlbjrh4jdtkep2f6nnr,24E952387534CE540A9B31B3F9648488
rea483d5ma267d6cm8h2mringg,28C424C4AA97C55B8B645E1B38947696
bk6fts8bfb0otee796cpsp10j1,26C0451C65533930C470B6D3183BA914
dd3hcqor5jn12m19pqrclvp1p9,22FE828AC73CEC282B62D51C5F23A5D1
4t1qh1necmue5g6ri1uoidudff,297970E4DFA603102D3C586C0F01E63C
rq78u5onpbje55gcqi2n3uh9bb,274D76FAFA7F3FF450C44A43C5A128CD
g83q9oc6594tiva595qbvja9eb,27EEBBF4CF3B52CCC6CFCC7C26AD72A9
4smgn2mj99q5vpb5qi392cck4l,27BC5370A3D48136CB53CF7961D96A10
5dofse71ecpb06hq1gusl3p6l1,2458B16FDE8D6D552B854F1B990128E7
519na3prosr7tuffd74iav0g0r,2A781B7C2887EE4E36CD3E46C999B5BF
758u2660gh2uo6h178ro3tg48f,25CB78FF795B616DB3E55D9995D25329
u4vr4d7h2e4v0r1m46ju5e062c,25A05EC0CBB0E75134CB732A5CBC7DAC
2bpurgt7mhre661sgqs6513uqu,21031FC3C9E2C234968D71BE6EAA4E06
bolfnn4u6l3ev7dpuimbudmq0p,24A70461DB95489F2B64B5425D47910A
5c4hl6gbmemr3ihb726c9hj7m6,20E55ED2BFD627D606320E7E7B766C0C
9eoid8d4kpqtm4uh75p2gv7ni3,2A080583FC2DA4606A1E9D628D311571
4ds2asg8usq79j5q8ivsf5sd1j,21994B579B3436E3698D6C0EAC77085D
qvfpfqagbcjfdj1nmlpv7fp9lj,202E04A86E0C02FE6B50F7585EC602B8
hc83ebgnlgq7f1ck7ai5sf7rbf,2259842036D4BBF98B659BF506A43AE7
8qddhn53m58rqlm2c55m42tab0,208C393C3F29A16F488BB51C6241715E
4hmiui7ebaeda9n5s7927318b7,20B1D11035881EDF9F24E4CAC090C8E8
7h9f1h5fgbriaojgbmj57v1vje,294B5B04A0EBB251C7F82ACD09C3CAAA
nbi5qq3iurvamnkgq3mtv94p2k,25A8ADE1C407AADC34D393E820DFF717
dd1jgdgkln4ak142nhgf87ufh7,2637C7F1F74FC4A36F32A787DF65E5BD
h23uqmins8qial0bq50ms75kkv,292BE481AC1BEC04FAC266647DC78880
q0k87qfv5dmr0c4fnvavgkp6mh,252C938DA4E8FB146EFBDE4005519C96
mt6tc695febos9smjofsrosbvs,2083C5C0C81D32EF820A88B90551E561
uium2ggjbj5uim8s7gej5duu6d,26ECB89F55563A8F0D3F659CE39AF9F6
de0rjq4em94fpjs6h3duvph140,2820BBC306D14644CA966D3E517E4473
1tgctdi7s61215vtn2lr4e1ae8,2550EDDD89B337F7288AB50A6E375C0D
1s6rabqshvrppn07vvm86p6o64,219D9775B22DC4801DB13FE15D84B3C2
ot6q3nrnokgb8koiv96nrdvjqs,2848D2A87D741DC21C32A0E77A5CBBBF
v0fk79b9d3no69iaan73u9epam,2546C8E15F0FC6EAD043DFE66B6C5416
mhbl9g2g1275sg0fa2i801nira,29F0F8A0DE7E506414D3B9F1DECC76C3
po65bgompgrorbe5u7uq2mofld,2842ED23351D16A97FF92458FF5EE712
7rhn0bn5n3k0v0f1nu4gc0909a,212D42DE9A6E0D8DD9EC31974313E3FE
2c9r95uqu8eqceb60arflbkg7h,2A263F120C85CF723EE7502786A7A105
sd049d1vlo1ji2abai2b0gimb0,28FBD9F739FCB38333DD4BA9EC13FE86
pjef9hjdrbbuj69j92ghosrf61,28C9DB9758439845E440442CA1BC9ABE
fk9f7nrseg76fuqcol9jgm7om7,2957AEBBC5BBD35668940119B463A62E
cc4ndpeo837ojp1umro3su2cdj,2768D7A75210D826FC78C7959CC87855
bm214s9vh8dsb0n94qdms0i7lj,26157CB57DDE529DDA34AE8CF87C4E75
dh7vfi7ij8qv33uoulq0gterj2,295392FE4E2321F1844DC4A221A53A2B
75pv9jepif9jsbt4tk2fh1g0ds,2701DAD9417CB6334AB5CBEE39C1FF13
lhhs0alnvqubepnrcjctbds0t1,22C59D184D36E542D80E82800775449A
1116lhksdfr1uk6r4k5p5jsiga,24534B064A74DAC4FEB217A6BD5EC26A
401vduk4jjmp5m3gvdqqc82gu2,286644558D434DCCD26E993B6C827316
isalehc8sjbsv447g7hfmauhje,2AA491AFE5C9E3B3459AB51F490C0C08
2lolde2rbhrkn31hfgdorsv678,25A0F9CE54EDB86068DC80296E8F6652
8ro6cjua7vuumelqhbup3jfv34,270633648D6788E3B009E90011CD4885
173t2rg5i4knt3ur77fjn93os2,20B88E28B975AC92AF16455060AA2250
4gjdpdu87o1dkrvt66mkv0ml9k,2A1CAC1D0BA16B74038B1A85C9206B2F
90e6hsliu3lah2orf01blda7r2,24E232B562B6E761B512EFF400038028
b79t3e6noaccfs9cg9d3nvvu0a,24A1D4DFFEB5EA203F90B16067797F3A
37akd09ueva636jhrudt8ghplv,22A20465B48AC0ACB221162DD4703D43
5kc05l667dpblpams21ae3ee7n,2508A7599EF8F48C82398537FA8F6EB9
q67ks79cv305i6q3ff663dj2mj,24FD27564BE1CA3D9A7B1A7BCA6BAA1A
k51t5eko2rk1jkqgelrsb5fll6,27CF753E56E4BEB97717E3E06D4D1B4F
8gs48osf0ri6cg49ofbd3mmo1i,20866EB9C6EB46F5537D7B9662F1A335
7nhd60uord9qu6k2bajn9tne51,2511CA19E19737385C27EDB9C29CCF36
48upm6snhdhgakmlat2k1ndlou,24174366A5722F206F82C9EF50A422FE
mvjiuhmlsmvdo6sflvbdn20rdn,21D1E849DDFFC2EB261133AE9DF62F12
bvol2p23nrq18sqmruk8laf2hm,295781DC9CA6607AA451B23DD78D16BA
c2pqcb9iove5t057nlal31jo3n,2973D9A2F19DBB567859A6FC2B6619A8
v0uj0t5re8745il6agnq68e0rf,28D146B0D5D81B41467816F0F9F7D3E1
jvsm0490rbj34d5lu8n0j8ea9f,268789B58583A76C9CC98A0401BEF7D8
uab9ec3cj3g20q16nvna23n5gl,234420B83F5C371418AC44718EED1542
9d453jnd9fr54f2k7m84tf9r1,23C5AE801D007E5816BA336528D6AE82
ocakdv7vtg9567od0bdrrjjmff,280543671444A69EEB5B26E1F4E1BA9F
qj5rgj01nm4klc8ofvlbckreq5,21431CDE0198C6468649E714E2AF72BD
qkl2impsrji1fiqu3r18ullsuv,221D6572A063F3716C583C76833E16C1
rs8frps3d4873l9kc9m700o1ln,269B455D46A182AE545F7E5ED2DCE921
if3u60ike0q4ghutthgphfpf4b,21B4138C12EBCDE524FB7F9C8EC405E0
b5vggj9maei92teh1ljvoacvmk,20D2320335D405BD418D9F4981849BDC
6ktt6st5ikhpc6o75gn3md8srl,21D6378B387CA2FB1C628004DACF5456
1qb012b2snpte1uskmtbdnc21b,281F970C7F9B03C824C3F39EB5CFA944
nbhbli5ji7kcf0oo6p10sef70f,26F9EC2115A113F38D10F4B7D7D64E8E
dpea497s30vmjusnic1m7of454,27640B65856195556C6AE49F20FACEAB
60b2ce6fqha2p43hbm4v749gj1,28035D56765EAE4D059AB2E1FE53771B
u6cjsloghqoqeugcn9l55de7ik,28F532170D96A67AA08F4079948D9CC1
k1mjs1ctq6a58j57vp5re1fmga,210F6AAB090786937D3DC5D2175AC346
lg9ucui81idvapm6ir2uen8dfc,262A26F5C8CCC3BD813470798E44C6F7
54c2ph9isim6g7kli8ub5uukvm,23A44803BDFE34DBA8917CC0249F873D
nqrs06k5p2cec6sl2iccmujhna,250079B80E33C51BA9A707EF3D8FA479
ojibc92cnrmr1ta98gt8h6r609,217B05DAE52A523AA105369FBE7A1477
7342vo09e7kfpm5du0lvqgpqka,22B5B71663241EB486075F65CA53EC97
59ifgvgo2mv5jtkibt9752pugh,29799CEA6DB399BCFE949C7349922454
6m5rpoke4nrgn7fsvak545uil0,28E1A7798C39CF3DF9E93B5B45449670
j9tm1u7eaocgp6hcuau81461br,2124967EE87B68459102EEA93D1D3DAA
phpddq0ju8dguo1p6lv5urmrnp,23BA209B54C033D4253C5EF127E17899
19a7bf2gr58d1nqnkmmileefub,27FE350D739FA3140737671320B697E2
h8h0lvr0hiav4vhi5luiig8l7q,203E64C61D1D1B256032EFA012C7280A
6q5mp7it782pm459fh849uei0k,20F8D085AB642ADA0AE711601A1B8C9F
ivgdd8734gi3b9t674ffv7tqh,279E0509EBCBC1440F00C6FA6EE80E91
82fmfj90i8rbel136r4v5vgbos,219C369CB2C01333DEDC09AE5506C5B6
352jpn4ni4air498qoiqsd88mq,273340F7F02016314964D87EF089BEE1
jn1sr14m1h4td82fg1m009blif,28A1FCE7DE8DAB3BF690B318F346A5F8
c2msvkb1u10rmlhd3sempcqn7f,2800E8A9F63A302C74B5753F655D57F0
2vvuvip79k0dk332pcpsgkl7sv,266C505A07424A0D83D18F27189D2197
cc2lsdhllalsi5fjt95vcvu6d,23C5DF6D0803CA9BCFAFCE93261D27C7
uehjq1hoa0aaonsg7tr4hmgc2v,23A7DDCD79A1583E0C1BCD9DC0E71938
64usqogtnho6ihlgf5t498vh6u,21FB07F7BCB6D7C776F0468C1F5C28A5
61qa21ef3hmafhjvt5msjutgsl,241C0C5991F2E8D32266E96DEDEE5776
qd913sjmfiqf7d4u3p530308ph,272168292A2EEF4EA589EB741934D1E4
mgd9adf0p567dnrokum3arpkag,2236271DD021A8CEDC3F29BC5652037B
utkr0abu884d8oo4knbbnvjh92,251FDEC27D3C85AE6286B2ABE5470F5B
1deie57mku6too10j1r3sd3bn4,295B2A401821610ED978EA9DE46907EF
r9fgtbtbshpgdmjtg6h2v8ollr,2636B556B8E6362CE663C748F3C5FFEF
r1i3iah0jskitpdp2v1vsf2k7m,2A1C3FA0AD2BABA05489D618E7389478
ik78fjrgh68e83uela859v0ua1,23F59CFFFB44D9F4E69FB0D72CA8831A
7175dsc3pu6c2rjjs6rifoe2vm,22C557225B3EF8E7E8FBB95C03C8C714
5olf4i220mevusbu7id284q29o,26931E2F0DBDCF728B689BB90E5A29E4
r23vb520j03v4n6jn7hsjngrbq,248D98D943515B061769922935884248
2vquhr6qsu9q4jlmpum2uq0mb9,2131377F02674F306E9C774162B22A01
puvoro2vj993s4pc64kp2o58s5,279393EDA3AF71367B54FBA53EB0DABB
b93ahpc6pm7k8ert6i0aus4og7,2613DA1CB5F6336343A79CE0A206A398
fkigtr5un87n73dnaqcqduc41t,29A81DA7D19D6FF50D1CFF2CBAC424C0
g0ic5nv4mg6ebg6t1vo4npaasb,277128E0A46FCC534DAB5292E84D9839
9celeecte2ta744pg56rupg5un,265D691B868BDDCA071A2D6E1F558D58
t5ejto40l3nhkdotrngr7806d3,2A9682885B4BE4162B5BC7034E86F027
cpk2a24k10u6inqaitbktipo0g,24BA6884ED2041F3A53584CD82AD93F9
idejn769oq22i3r8bcjava1k6c,27343D1162419EBBDBEFEFB95825FCBA
3dki3t5ebkhnm24lbp196ibelr,23EC78D5468CF970A6BA10BC121DA30C
gef4gjgpqkisuje10fc1m2kgah,222BA81FE4A8F299B985904E9FCADE04
tlhuq4h4bd47f782qhh91vigu2,2A53D1F292620768531E1989EAB2642A
kjcp55ojml0jieqsp1084177c6,2932826F9A76EE4E4C4319859C9E24CD
rf2qemnu0dcfl5mtdhe06vgbe,2600870CDD8B65B24F4F3C978B52648D
jks81qeb1fp2ujjedep77fbtqq,2704CF6CAACBC83264AF3CE10266B1D8
o7in5eq8it2h1rcjt7d91qko3f,276D6AC7D68F9C2946FAA1EBA035FC31
38olocc2icddv65d9di3dfa1v4,22A915485E61DF4C37E75BC71954E69B
of8ihd66jabgkcue01qch18a7b,22D1B02C055847E0D3300B2DCAA7B3DF
r4dg0t26l191qhi1vpk0dqb35g,29C7B70F2DF13720B3BD518A24429EAA
hhrh9ev2m0cjhgfme8q546brtk,27596E5440153374D97EC263225DB4B5
50ds6rgfq380v5estpeiqd51ps,29896935A799EDE7993E37E342E7A908
gabafh31lo5opprmuthc07ktak,2636A37A873D37572D34B2ED4D982A0F
pqibeke43vaedjlt856ebqtf04,24C4087F4A167F61DB38B01A08E293FD
is18nn0ue2ds1r73e18i9r9128,29A894CD2E78580792E933C16282CE8F
i0ogf5j47n1dmb9jrcokqpu95r,241DA31F3D0BA5A96A2E7E2F1A1107B5
h6qm6imi265f5k7nhf76q8s4cd,231E7FF246B5D71B036DF64B5C4C973E
uv9qq1uld1jkmphpju81kh0njg,2328FE10839980854E5596446B41F77B
d87hamuf2aodandrph7qmuianp,206FC02A59EF8D4EC2E314F779B44654
lntli8kl6qdrqd6ish3fjjitbr,230E6C67A3DACFA3A7406EEED0EB8CF8
et70kuef026v9d0eg6vrgjn1dg,2731761967EA1D8142B72A851C29519D
djescpdegf94h67kb76urck03b,2A86DF745B86A262BE20DCD49098CD8F
c6jp8cniiml7nh0vcioa392o,236DAA0078A4BCF8130A1734586EFE67
4rdgn70a5n92h0uf6mpui8kh4t,26093B894B97D0D81C6DEBC9B65DF9C3
44tnbh7keoggufe0v8crnbqp5h,29170DC3B997B0A6B47A555B7FAB4F55
ud92dt0sp9rc0hh591gajdqt9l,21D5EECD25E5354BC103AB1357BE75B7
qvfudv1u7tamql0j3o9ii09rjv,21CD0A3D5D0BF8B8FC2F24D37801BBBC
lg11kvkh34h6lvfb1ivklng2q1,20BE141EF43CF4E1F7AA1C6CA2EB6B00
9ae5c9uce0i77hhva4ssfra7l7,28B52D32211A6673F540F5FF869D39B7
dsm1u0ki1h1q7h8auc3408ruv4,26060FAF989EC55BC1E261D09427F8C3
tfk5ahipdcdgfkphdfviodqqnd,2826D4495DF02679EC19DE6012A21905
811nmmpe9npmq98d29pcsj4bt7,23960DD200B6CE544AAA21A97CAF23B3
47srd5cqpq00dnnda0aeotqnis,281D8D698D7FBAB303D67C5E489598C4
bjggjede9unr0rs0hjffieq5kj,25D7EDE8104897CDB87D548F6DB7F9C2
ddk4ekee1p14crcnq5ijbnvu8h,22ECA6AE768289E47B165E4B7CC116CC
ie50p5its4hejri4gganmdil8a,21256BB567DEFEC6389A471A4ED2D94A
6ib3l02dri5tib54oa3o3rtesr,24B3BF5E8376A51698D2EC01B78410DD
elam2juacr3tbi1vri7rhrbf4b,20A9CF169097E882DE800D78960EDC5E
qq8df46u29oa8t0e61o66ee2km,2A35F43C49EA36BF85347E66C2702B9A
e4et70aj37cgqaiaf2b06fd95n,29C312ACB4AB5923CF881704B2FD9968
2qa9ds5hhnrhl7tcgc6cvjkah1,2A7CE90A8D94D8731AD2775BDB5BEF7B
obrip2cs6mfhg3q9u1oq3luo3g,277013824DE8AD8834BE826AD5F24D21
q5tf1abn3fsaosbdndbs8h6bk6,274785E645619794786C9EE6E5EAAD15
449pi7a7dfvnvh7s94pau75f3n,229F19D2769BE180F7C0D8358FC82640
2qmtg411q3iedu65a533icbkrj,214AE248FCFCBB1FE11CD68031AEDEC6
lkd1nk04haog864selim3qn847,290437DAAB532D66840E65AD8CF4A4E6
1qae0qbgpkq6atrb6i4cq3mjq9,283014287D810EA7DF3CAE72BBBB5065
280be9arnqsk7i0uv0cg0rl6f3,2602E0CB5138A5854A1926E5FC9D47D0
n474d5d1i0qdcuufcrgknds5kb,25875CF74D661F9F78BFF6EABB5C3B84
5mgthkfld9h1khdn7vhe1n4emp,23639D9832DAFF21FF77ECF81D1A1B09
98nnirqqthn73sc053po86ackg,2731FC4C86C3BA1F7C2905E3FD729336
69oddi5g4c52dp7u9k0166pqn2,26EDCB64A47917FB189288A2410A5F80
j6nrjabbp1om7vsqlpm573qdc0,25E505401BE34B34A794CBFC30AC3F2A
2s44fro70ft2upsskule468art,268915A4E85EF58F75C13A43995BEDDB
hqcqsneu5jpl00pve7t5gr59f6,20F9D387B85F0F1ACFEF96D282625412
1nf2cv1mll4otarldsafdksgji,200E14AD91B836A3ABE7DB7460366CBB
tsno19ntqbg680plp4p7oo4kg3,281F1CC61F6F1FBFD0811E4F151C6B25
c0ej5aqd3i7uus4uhapreh76pb,23AD93486C9ED2E975D0AF2F5624C9A3
7p50ipnktek4n7qino85b5ippp,27BA7429CE566EF1E3735ADE1ABC726C
3tod5puaiqm0j035u0fl315ftv,277F3CD75A8DE4634BD0F973791F9036
l19t3fidefdl9r1drv7fpcj1l4,27C0B77BCBAD57F2D5A78563A3686461
qjks5grrthk62uob1tv2iq14nn,28CDA8F27E686B16A30779D21511056B
qokc8tjp2hs0m75fo2hgev2392,254CD209A908C8D0AFA35E2F0E33E677
8v88smvcdcm3lpv6vg8valhnfn,29DC23273926FBA81590FA80E09CC3DD
jkg0uu5ltln95tdcg3n7de3d7,270F5BC7CDA6156FD9AC47868E55333F
e7n2h4gis0v10pp825s2sv5a2n,29627644B4CD5560BB87FD20764DE57D
588mthei71h37a43qkevga0otp,20FCF519B67A2E43DA79E726FE93EEB5
vndejgu9r85m1bqjj3f6v99e7i,2039F53A32D5B4060B6F3B4AD0A0E0FC
68sf00rutclqarcjo9p7aq3bs7,22D977DD7E59F5BDE3D9F3FDC1C966D7
vdnus9a1vesmqood1d5nsli8jg,26C42467831BB569C6C544DFC15BE67F
mucpphn7urmg7q93f8uh49otr8,29D39BAEF6316AAAABDDA8274743C822
3ddmkha3vpiac52d0uvem48f4,24DDE63C3742416A7F17F5D1F97FD03D
v3cafm85tfhip9qpdhuck4f3qc,20949232EBAC3ED391B6D186766D8CB2
4u3r2fiqlm2l8s347f78enk025,2A78BBDA91CA264BAC613D932D920E5F
vrara55frck3jjvthevfp66ifj,22F349F0CF34AB67924999B28D983FC9
8aqo1fek9os711coke3uin2nqu,268DBB4CC305261CFDA81DF888AC90FD
ccovijstcv0e1uqmci2ipd9sav,24A1D78CF02F6203216ADE3477CCF4AA
ranmvcktp4lcr4a72374c4oh8d,20C694E26182C71EC642B45CF24E62E3
o69dtv645651q3bo2f5g90kdif,26EC46E8BF665C5107BB90BCE54910E6
8s0it3vb6qm5lpjab7aaebjra1,247B827EEE24A369C8EFFDCFA92732B1
ph8o1eqcd95bb2u698hllloo44,29DC91E16923BBFAEBC3713A53B50B85
eb4kf0g7365vvnu4gg8qcrfc5s,291E7265EEB66F2173300AA81AD92C9C
m6lph5cphs62s4as4v5j04vsn5,29EF5BB5D11FFF0AE70E95E09AAE35B1
i4uhpeu4vm883d9p24j36f21gp,218F4CC7EFAA56A8F5D4D73F93517204
ca381bvslp6r5nb849el25fu7l,221F5778C3E72BEFDBC8799D4DCEBEE3
ukn8gomolvilohupckdjktun8p,252B62E66D0B69B927561484562EF7AD
4vf0hhpep4ui9ctsq0fuknjmg2,2667A2FB6F80BD41695D39E157B05BAA
jbmh82dsj56rq6uh1v5rfehfb4,2735A469AF9AA999DAEC2401EDA44D9B
67m0aoj8h6spmb2im5gk7n5qu6,29C6EDD4F0D1B9B62F54BB8B4E996F23
31hml7r0j5aoqfif26pmddqdct,223029E690383F64055FFF7B7053A4F4
uk0io92ip2ersv60p00t90ol6g,25EB04AEE518907D16C79ADD21CE4A9A
r241vgua4e87ethh7j05l8sii0,242C9625D9072795261CE732D760F4CF
v48iq9qqjsqv7l94ks8n2r7ngf,23A5F8D801F3A8F627C2FB316666D800
kusf0fq3992prs3fn72o0l6i64,23DB5806FC4C44403F15838FA67B992E
k5vn3mhmtb3r2t5j7e6lao71kj,25A8BBDD7E93F14CCF58F4BC1B5542BF
ic1cf23tqccrmj192uj8ujo9u4,236BCEC1DC5BBA811A5D9B19703D75D6
46a2r52m7g1hn9kht8o1icvcdm,2164256D0D29361D3AE29D87617F9AAD
6d49sqp1u1e5sg7udnuu7oj650,28561E7BB47B1B839DA1F2007B9345D5
uce6ohsg99hc9rj0keo37o7e7l,2888701A6693B115CA6B471F6F283054
p5fid2jopae8gbe33nq5gcostn,21E6DF98A36C213DFFACD2087B10F4A4
7c55qtvl4ig36kvn3b51dchvmn,2974F332ACF6CA0B10327E38BD13D654
4b40nh5toa50208s1d6fubicr4,263E51154D8742592C4A81B080B205C4
ec112uaivr2fvu7d1r1o937tf0,27F54CA8F89542507274C5432BB06BF6
u06uvmkheiuhik1gvfq677s4tp,24CE480655A1ED93BEA2B0E3721F05D3
1el2gmjtjnf0nagt51pmghc0o1,29C83BA2463CC45D14392884796DAD34
ikpqlo9k3pmsvm3j76lpbup52r,24EECE3BB3CD3BB36DD8A0FD271841D4
3h52sdfpu784hcro3h6hb11gv9,294303667671C9D2DE3A3D339AAE49F3
9bcm1h7137f0917slpbjquipb0,2386A1050592A973BB5C096BA0125385
v89v7oleeq2l72vl168vvpq8dg,299B8EB44F7CC5D49BDC2AB2754CFA26
b9u5agfbsrnhhvja8i48pcqmco,20E2E8B8136C7439FAF6D03EAF5FD085
tg6aaod4cvtol0a4ip04q23lie,2160CD5C09FD3C13D3F18065063996FD
sfdmmvslc3d4bj2jsdo9u3n9en,2427B7EEF902E5E07554B61D73BCECDB
ar3gp9hls15d5nees04iin64r8,21D8369C7B978D55032EA1A622F8DDF4
q2ukj13f6gin497tktd7k1cfb0,25D594FC73069844A386C7A8E85EDCF1
dd13m5n9aifp9470k2etar1qi3,26BFAE7C8E4F2C96EFDBBFDE2905F8DF
34s7eqca2e7uu1rl2l9qnv8qqh,20E50E731B1598D43338044918ACD158
19558oa37jij0lagvp1r09s0ru,20B5E11A6D6DAB9E7C200E9F92EB412B
6he75f9dqai7e4igb16fp06bfs,258D7597AE768CF4FD85C4FAAD1A5419
mlodsbtl83huchuviavh7b6nv6,2155CD2CF7D9D58DA40AE5D8110B1A2E
9n6tn80hoq38518gr6n4h82emt,2697BA24F6CDE0CEDD3715DA87A74C25
mvcmm581bv1642f84v6d2tvp90,2600AC7CCC03F03D8C1A212F83945384
njlha0uqeij7f6h80ma2jdub8j,29A7139968435B91B0C72D627C762C9C
n4cqrcoudaujgej0nh23h5hoeq,29C4322229F2A9C6B2EA860251270F1F
q4e0fvaaf75b4s2o003o6psr8c,257108C0466A9E4B91AAB0BD5673837E
q2dvfoeuttuv9hitvouocl9k53,28A98C0DB03E1FC496E24BD1584D7959
ien68ul0cmhfa4bb16rnku80a6,26D76FD115B2C8889863E464E160EF14
3fvcjbkd8cban2m2ccgg6ebfi6,25384E8016D52304E62FDC0A61092F03
dbu5dtv5rd6n3ckb5kudgl0dke,264E6489F0FDEDAEE8DAC622CA1E21E8
oteo1b43g0kcmdd10n9kkrripl,271547FAA97807597B6A81C234F2DEC6
342j0ldjiof82226alvpllijb8,22245F0BAB0F781BC9B0ABB4290E6AD6
i5jq5q486hb521gg107vbd3ssm,279233505E1F6367767834F148A1F223
n34btu4423q1nv1qvv5av5lprc,22743F1EEF3B64B49E54D409C6796018
b2n47gjj15qbv9okf9eocbq88t,23E615728B05A851272787C924BB5D72
dci1k05pu7t7cebm94uagi7b6i,29AD71FA04D70D6AD83DABE978C567E8
p3vrugm9iqard16b4onik1b2ge,23F4406628F72BD6C2D33819F1A2C27C
lrnjctal4lehunelavu7fnvsqq,290AE4D2BA228D7456DF22C66453F0B8
3588h752vdfn5hdm36ot30rpsu,2171F53BA559B87DE79F46A07BC9F1AF
7mv7sv2b80se2bms9kj7o6nnb0,21298B9432A3F4BF176DC0F614A7F8FB
kc1vvd0qt9r33invj7bse4tfga,21CBF70B87B783C36BAC6AE068343508
qpab3i4q94okagvtq1r4nlqsvb,255B1BFDEEC86B2FC5B36F9BA76455BA
6bqqvchd2sea706rluseck5emj,294C3D28EEA0B86FF83B42AAFAFCA50B
6krtog1696jse9l2e20vi8i4ur,283055B3A802A8B74D71FF9DD9FE1E37
17c8kkhmtofii71cvq740srna4,26D472851C84CC8323F59A21B46E6242
mobi0imfb4j2mkpjpt5u32348e,26E9A8BAAB5FD2ACEF0FE7E7F7F27E41
v6lsh8u9u3r4eloi452r66rb7p,23D77EF63B49F937CA9A5704B6C2A020
d6p1kge2bcqv79hn3n536tkp68,24A25FD04C01FF263AD738481BECF87B
sv1pmcdhj4hpf3md96q0cb818u,28226F9A4F669B2B51AAAE48D3DEA8FE
k8q2230h9opgf7chfhm10pcu3n,2534A9E11BEFC9206C3E375F4ECC203E
34hfkcncghqo7i72gfqhi9bj7k,283BF6B086BBECB2BC78F0775E97D1FB
31o29c7l1m4r64dpfq4pvlsi5m,2114CFC57EF3EA2A0F6535421F4FD377
q1edhu3cljgnit9u6bdif5je0j,28830FBBB5CE2FFA3A72397514AE5CFD
bph80v2cgr1c3pnqv5tqiareo1,22F71D2AC861D4CA456E36173CB26177
dcqkgas2akqghrnmfp21tp33hd,28242D6F7A3387220E7E51880BC9BFB2
8djrqjkuf4mu384thdooa45dfd,24C8D6B005867A89CCE5287B00FB85CE
burn1o9q3i7udfilibob1rmsft,27FF3BE0AF111D0A9359502E9092232C
pqsts9t2fnoq1ajb2bs8sc9j87,27BE3BA07811F90B3FBBFBD87BDEA80D
5dasib3ghfkcs8tqqdrk9c50di,27EB4D255D92191E3B409BE5C8D88BB3
m84vo1ljbgll7o0u39esenh3cc,25C894DA5CE5CA5B41213497826E03DD
8agqojm1vnegbi99u4ia6350ge,254A90E67D762D17B7A5EEF4F6789CAC
umrhjfdie8osv7l0gm398vspce,2967A5BEA72BD1A7457590BFAE3DAD1F
248cbq0edi8uujeukefbp7hic0,2806F7E3C7C8ED5007E316AC9E815325
v56on7nvl4b4phdct5uh172u6q,26D16E187F7622D7237585853DDD7F9A
dr2382lhrf5cmii8eh8jd8o3k0,2885853612075AA89D18241AA780C25F
oqm4p8ish0jna3bohqcdl692kr,2458EE1C94A7D87E2CCC6AE766F5226E
dq13tsjls66747d1of0jmjspb0,217F9C39AC1F4A9F0C2D8B411A0A39EE
elv32e9qd5o1i1i26vdkaarera,26F6306C5488D4EC931123E2C5D7AA60
337ln2pbubbgott6gb7f1auurm,2A9CBE003092BE1E55DFCF0167563B8D
ipfsglgsunvgj05c392i8fkp8o,20D7A2D7982BCE07F563539570AA2BA9
vtt99b6ab4vht23f4lq4keoifq,20F26A35890FD42E7C9501EFFBF11FF9
s3hr7bcvu4nemlcebfgu4l6equ,296B96214347C7B12276D1F7A16177F3
vscv94j80ce4uq4lt8ofo0qope,2467490CA4EBB1EFA8339F9D5C2D4A24
311pv0jnimu1utu84b8atmjpc1,2926B23F6D1B0C0B83B8BE92FF1F8353
45i56ud4npqbp6p8al4sbpa9d0,251F318ACE6885CFAB42268A9EF94C0B
4cpakb8e3b0r6834tqk2kvfdac,25A15BD364A67E35A497B41CAEC8B894
t5h3avabqjs0uja45005epb2r2,247036708ECE0F013DEAD2B109864996
h560mj6mp4dp5m5i0daqctuvbi,21013A7EA824C1998E3CD124A4245052
f3p82i4270mljjnq984bf2dn1s,2A9FAC7C3AD2BA4E34E29B3C53337740
9g3eijv5vgpet364msnu3ve80d,24378F0DF7A95CA2E1DFFBFC026C33AF
a8s4rm5tjgrhgkgql3gnrld6mn,28F7230AB6C8CB24B6EBEA467E859A73
uchi9cbpskmo09nc9ihfanbqfm,2686E11C7E1E19A9648083F1C28A0CF6
8mla472igisv8drjv3mihh8nfb,297CD0886B3508ECCF5B4C39247F5982
o6boa8v03m6e5lq3p9qrcef4oo,28969B17DBDF1D4C7AC7ABF963C59B11
u441s86u89dq1c1s6nugr73bm,289CB970AF3DD3487EBF54B363FE550E
kb18682cimise47etp2crq28ne,207D5DCBD0A68A4F45F99C79BF5EB022
7gu6ss4g6tjg891sl3dtvvtf6m,2848274439CE9514FCE3548E62DD8E90
1kr9n2affe0t6g25uvor7k3amv,226CAE1F09D4CDFE59101914A60DCF81
s0pn3bjm0fhuckdckilbbomfvb,26391C99A36E1358B026E95D92CFA005
623g7lsl0ud4vfh7j8qd0bko16,2333DE8F1EFC51748440487A6DC52158
7kpqplupq07kiohl2opjms95av,256C43D5F030FBBDC3706A6CCC6D7522
lc3k7gg5u4f6lpaprtd8du1r0a,21E85A65CDD69F3CE25E4035C4D443F1
dmnk8dgmr1v7fpqdg8829c0cn5,219DD544536700AA3077B7DB49971614
ch58bhaksuvf58sq3jeehtaiu,27D176A72A957CFA8DB04906783F149C
4tshncjmm9nmm07bvnqef89t3g,2505CA04CCBEC6E98B48771FAF8DB0F0
5secl65b9js4dom2h7dhcuk6ap,2770899FEB2A68C9E92FF578AE5325E3
deu0eh0h7l107dfkqbrd855uj5,25C339F80EF9C01B722F1752C92AEA77
4286uu2ggfonhl9ril6u716el7,2721548345E085D885BB219B5154711A
qm14ur1rgtnu4g09qihrkl2453,23F41C9561E28EB6CC409DA3010788C2
8ju935uv70b2lqril3oicp5sfg,224B09396646F7C0E3555BD919B32CBE
stlhgv853l6pdgcc8jmeurm7tf,215856FF58616C01F0D051E70EA909ED
devil3qqp8cania76apkfsff95,278E63DEA742C7CAB79DC0E095E1D2E1
t5cihcep51evafj25ekokmbe1t,2A6B199E4CE61962BBE6A009C47B4E8A
qu304hrerpnudskhbmiqrm4fm8,205146A97C90F7C84C9FCCB5D4A0A3BC
8774o5u56u16sna26l7kot8vdt,2850E8F4A04710236284FE624E66EB46
4foem74pbuavkcntj3pba6lhaa,259E8E9924DAD4ACDC27B57D0CCF2344
j0qpejvfh3rvceu5nkhvdesohl,25DED16709481EFF754D14E8B469D8BC
nci64or5g7gbbkkqtsv78i3o21,22E05847122906AED3889757A17CC824
ld6iskk122sosapvp1dshq5ma0,25C1CE3C3DF25866F7186022CB718CD4
ia076bjgq3p9542or2n2j4k312,214295F9C5A3BF8CF4B987867C7B8510
bcnpi1sbktnns4f70mk5btsisq,260A465AEC36BB7C5537A2759BEFA3F7
fm00m4r85bvek2ecoj8bvtvsas,286EB7405C789A43A78BD7484C5F7C76
66cc85d0uljejklcojqi6c3ubl,235618905C23ECBDED203DBF1E10A594
l3gtm015jhlu43mnmkb0nnd9fd,20768088D840FCD97A91758771B2C64B
v6qr693p7m734fd7v9iks8350q,219EF8687BC0FD3B11BB1E1E8CBDC7FA
6jg2dsvbp4emena0suugitfvge,290F38F4285727DCCF462C3922740E1D
aa94ti9i6p8kqvlc9eeuvc95k,21F870E42E6DF216E7611AB9B938F9FE
sgkg3nf5sk34t4mi2fthok024t,21BED1E2E1D0370DAD822A772F849683
dah8bpj3up3qa3ui6235v8ijhq,201D88AF5BCFC07885192FE80C37EF15
30rpetgnkq92jtpeg7atvjplj0,204C15C29C8A4AA58BE532A2FF7EFE47
1sgaatrktc14fl86ae49b63i0h,2125DFE4C9ED24F7FC547B52C768407F
7gi5ei4uqnhskbb98uc38vq79u,241A69E6D6D240942F18C413D1DCFED5
ngjr4all6bekm0a56kl0604sri,24A96F071027CCA3BC4B57AA7A5403D1
678recn8prfto1isobc4lo3p3c,28CD4F4A1D09415360AF5F06426D84B0
29hjer443onqe72voiousk2e81,25DB9A66874664C5512C12D3714AA7DD
t7360dib53s6t5ts25l1pju7ge,271FAB843A331092667737CF393FEAF9
4j6eu5ufoss9vopdlbbrjb8ifc,22EA5B901081C67BCB7AEFFBE820D415
8jo5fum4p2babfk18u8858iir3,22344DAFE1EB204728AA3748413391BC
51j1gc74gg88gcbcep3408s5ve,290A9477DFB9E443F2F282384041B220
77epamp4sgfkmuqubtkgr4lflg,22CBD489990ED79A0C751280C82527BE
krd4m5que7j788npdo89b08tqh,2544EF378D4F1F0D00E58CEB29104D1C
r1qsv2ej77763brvptrj2qkjps,24619A6C9C15A4276D1A2E0617A1FCF4
sobj55gpmg7h4vimmknpp9eo3f,22EDDE49F89031BB8C90330684D16E1C
6vmael5pmm89pike7qa6dudu8v,21B9E9322A6FA70F9DFA79B56E8D3E29
g9liglikmctl6pp2tkg70gdfeh,2411B9BCE491D04C0BE91D3FFF7110B2
15dib6ss5n8560hreq23pclpn8,248FC1F6124EAF039326AC796A3F9D34
a9jh56jovknlddq8s3e7g0poml,2764D5757EE598116458814DFA2BF156
d7258n354d9ha8vsgdco2tj3s8,2010EB32ACC28D60E9CBBD2935097F18
qa7o4g00jup7t8j10tkpbkptee,25CA1B18573322FE36BDBD4296088398
m51bacocunpg56s9qhe5f1mrr2,239531751D24829DD012A4310E0272DC
jkudsq6drbm876lgvu4dbkv0mf,218BD2B441D83C857C006B696A665979
9all9b91gn8jflji2mnj5dq20t,291EA1885BC77C0C1EBABDD31A989386
r6hnhmts81r0pgne9d9l0og3ls,23A6D9E42F8BD16504F055229A677599
vp2sk11m5b1a2dnjt0daoign2f,25107ED1B30BCF790A91ED6A57F4C84A
s0guusdomgsobn3io0ctfpkktu,21E88EDA6E467D3F047CDDE6E9D2CEE7
55ch1t9gt9ulhbrupg571q2ur8,27FC4898A3E5AD57E2A98942A2116F4D
59ddo6mi286ki1i0p293d2ob0c,284877B6FA36897A351F6B03E677440E
8uehns1okiip40b8gqjodh675j,21EB4760B8F60CC669C0F55FFC5B7DCE
h9n19njkasrnpsno2v6nr89uu3,22377B18B0D1627970A4D131BD091DD0
bsg1rn2q4igp7fjhh63v1vnqn6,2567B9A32F72F67D8D64A8101FA72CD3
qaiu7agg89hk1a7tnd9fiba8ev,212636CC8E4228DE3859B7F952C3CF05
uusok0iklesvfqb7110dvf0nd0,223DC704958670272AC29D44209C6914
guqrpifka624tverk7r3iiofvq,280E2F8425CF47661B49575C76BA161B
o20v18c08g51ee1gduqjcua4m,290EFB6758697B96E0C6E6045F54C920
7oslv77v6u3of7nf4t6ftupk25,28EAD02F09D1DDE0655B29BA0B162C51
e6v1m1gvssn1bh43k5h88l1fao,2678B01FAB6270890114FCE351A149DD
50ibril5ddj87teq05qv5p1lju,23EDE0D3F0C4AA2FEA2E8C3F1F6D630D
qlnohktoadoph4j9b6mj5mtf0f,24D36DF2B6467CEBC2DC4ECABEF9AC1D
4d8dpcug49oijkakqg7odaps58,252B124B96116F48CDF9C80A0757D082
cjk1v3qherpjj1uhe00fauf2o9,253155F5D3854AF89E5E061C274D7524
bjrb99b75m2i9p1crucuj2ksf5,20F935E5147D9F179E76D837A15C3F71
9j80m71b4rbqg2u8846vm940ns,2909A5E959DCB1F9B5F1B63D03191C4E
gptl4gq9nbmja97630vv83f478,2888A6B756C38EF056CA98A1FAA87C90
dfdlvcmglkg0o71q8ld68kqho9,28C6810EA4D1F6044020A144C0403939
huvl957792iel29eiogicpm8hh,28237E10456E2CEE45E1FD5142EB49E9
91tg9facqao9tgtbsop2fn7lca,257F3638D097BDABB426E5EEB386D8B8
ecpsfnkv155e9rfuui63h1dm8u,2484DAA01A21B41EBCB789968AFB0F84
2g5c1lno2b9fsbccbioiiug1ju,27C931AC25C1928C26A23F0F52EA739F
t7s2fnc2fbt0hav9amakcuaslc,288DB91E7D16F00F69A4C2ED9F574463
r8isrud4rrfkqggpn9lm5jkijs,29E7762C9CEBB3B50E91D35955F4962F
4b2kprr14mhm0gnc2ts7vckanu,23D37960244C0A07E508FFEA1BABA902
rsm1kmlk2ahkqs94n0kk06dd3b,24A148E14C3265D7C7A559D4DA3BD0AD
hvshc04kibehdlcnt2n3iodt8i,271190019F0A758029AD2D86DD7A974B
s8sf2l13gvsbvk0fdj46ue7d01,23DC064B9D6653F8B8F9E1AE046161CB
6gu978ggp98nqbcak2l8sf35fh,28D663189DEE21126D59CBEF0A130445
pu20q1bvt640070udvoqhgmfl4,25A692A52EEB258CE79321662B96CA91
1a2r7btf516p2gimcopbcns7il,215E1FFD6EA3E0A9D8C107B997B04813
ekg6olu29rqng8bcal65vhbqeb,23C5F2877A9337CAE3B6EA01DDDB1FD3
dqndod31le6jvlop385k3cubgk,240E910205DF17E41405A9EC513F5F9B
abl51nmg95hc8sa96v351d0t8j,27BE8D7744E03B3C29F6ECD6B47F89BE
2maat16h3sdp6kv79ju2tqmcoq,270A8FF5466C39621AC0B30AEC9D5823
