Key,Hash
jf6thn9jsmff2ims089cgb6dj4,2D19F54899C7C23005AD4EF5AD19256D
j77j711m081g2f8jtebsgaoh0c,2B5A35429AA5F67EEA662572ED793F27
ecj4rotdlc1t6b7t0kjg1t7ml,309E0A7DE00482DCF618C1C6B97BBCBE
ddk47ql359srebgsl3h3cet86b,32839FC2CD4567C7F4AFD07FE2A4F14D
dv5agm6ufleak5qv6vlctss5s5,2F2E8E3DC718C9FDF3BF3B70856EF09E
q553qk65o88lpm116aq4iejdtp,30644AC9CE040E936B645A3AED4326E0
p0oab2co48te2drlf958e79a7b,2FE1B2B88BBDAD3BCD4C8708C4A20C22
ocovg9qb45qvg768011larra29,2EBF81DA74DABA28783A3D8BD9B7A411
qed6n7ouq6ruhs332h0tdatqeb,353C7C31B18C4F047799DF2808BEF98A
bsabkl3pul878rtes9q55imp1,320FE41725B08E16AF6AF0F6491D58A4
a0sdjjbo142i6lvoh4sooo8vs0,352B2759A07EE3CF708E6051990DA86B
5c4ut1d5srvcp13v063ska0tu2,32DF8F001782AEB39D8F51DF270E470F
hdlrqracitp4t0jfjs4gmjfg3s,2FC78E884D1EFA960D4FF4A3F184FB06
419id9dp433m1tufq85if6qpsi,2DC39E3AA41202449D374599277C1785
tq1eicdn5de93ltue8esv61nm3,2E02DDAA364EBC8FE425D4C9A0A6C0BD
v16359klp0alh8un8af9c1vu3k,32614302EFB3CE5789FDA327046339F4
rtquq0p0sv986m63hcbkmtuv5h,2BDD392F25277C14A7BE696991A4E647
lkhhedllam1oi7kppk23l5isg,3219C17F03F5FE208092461EB64A0CA0
v9vtic0t8upipl93ajb6s684uc,30A372F3F79EF44F4698BD48353108AD
fq9o940sqhhogpuqptjbr5rcvp,2DD1150D6A47A3DDC4E43003290C7681
5vsuq4s1e2j5s302laap0o44hm,2F858540E34292A59031EF81FCE37D5D
n31mt5o5j0b4753p0ml76n2pvc,2C27A5B474F4A179966B45839045AE14
g0otu7sa9us8uc5rc4v204n286,2C9F405087444058BCDAE060563596BA
27taa8ffbtg7f04j9iml7filgc,3017864018511CD59DD323C3976F9756
kcv5s79gurm27uncl4mnl703ps,33E73A3A4ED776232290E34465E2E348
81mvk46h1ofh2egc0u5nph13kk,3086E525DAD677AD05F15E8045F28108
7egae9riseqpvcch2oi3rufdh,337FBE16265F3AECDE71A2074F4D4108
6sdo9i23oaa04kt0fodgk0pp3g,334C211A476A6A8911282C31F3DC6FD7
jdplirumjh8gctlbbi5hjv0ju8,34FB999F419C23B917A1876B9960DEF6
sc634p9de51mv90kdaglhf59j4,2FADB2306E52B25AB6CEE5BFCAFBF71F
75qt8129b6nkjvc5v1jur7dsva,34F53EE1D8290EA79FF12B11DCFB9433
j6ighcn9hla3nnrppue4ed1jb4,3401003523ED739EBB5340EB6D5E82A0
ur8e5jems7gtkgh00gnt7l6b63,317FDCCFC325BB9C0EC868EB7BF392F7
mcpfop204r0n5klb1a00givtc5,327BD65392782AEBB09C6508177BF9CD
q4n3bcdcpbtj8jc77vvc1ohc1j,31E1A03CA5643AEDD370E683F7D1C0E1
pmfd9sfpg9q63bboss3u0eu78b,2C6C8718427F555BA2A03E0C72A12B84
4atf0jpi43rmn03bpgki47lek0,347846E37C29085EA83BEE0296D5CF5A
bcvpmoar238s8maqqld4sgmke4,344B2E202D2AD8D7F4FF8727FD649995
rpedalf4fgvvh72pv451ndv1r0,2F284407312AB510B50F2CA8A0CEC6E2
4vl1dnenubk2rriurs5c932sf6,32B51DABDD7043196E223DB0FDEE7F1A
h4nertjj84a4f7u2q05jmi3ktd,2C647D823197D23151FFD7F5C798511B
n5gmif8mbm335intfkk6uu10di,2BF6ADEA20A41A5113156FC0B8786C0B
vlg29qrgs6hrchjrkoujv7a1f3,2B494D02754D12F281545EE77E4C4C00
id38ft3e5f3432u4g3jbep3ed5,2CC1182BBA426AC2480C4473D64B5959
i2lvemnfg7fejp825mg1tl1jh4,3006E1C362943A88DA624EEA96C55651
d5s55ldkugodgrnn3uvvvpuvps,2F8D4C5E7D745229C2051DF5359EA404
19elhpfio6lc0iievb48iesk0e,2C87B271BE1C2559D7EEC9D77D90CD80
cq248dm77njibc3shn9ek3kth,2D495AFD2E281BF2D997C4863ABEBDC9
2d3348rbeg1jqgrqn5t3l99s8g,2CBF51221E0004B2054DB64CDF5008C9
mhkir9l2pes37vkfld09fbegqa,3456F583AE2C1D9A99A684BB218504CA
l10fgkfu6pu2e3areu7nkb319k,2FE7AACD64E4E8D972E7E92B3AA9ACEB
ogf9g7ejv48mkad93jq2qi4675,3487114A6A61DD59F7D1D781B56A54CC
qc8jhbplo488rbh28tpm4sth0a,331963E1C8DC18CBF3DC0B8A0E4BF326
6ua5a5jki9bq1bq2o7ab60cerd,34B41CC61893C26C54FA4D26048455A9
ek44vd73h543eto3ghk7arhnqv,2AE3F975E6AC030C0B9A5C1E97027118
9vnhov11392mv2vsv6r9hmpnqt,2BC8EFAF32311E5EA297DFEEEF6E1E42
60c35oab66fr04v9ca002eepaf,2C461CFBCEED4443681A10CFAD70AC79
5mh51j389bp6teklp2qmif23l9,2B81ACEBEB8EC822CCBFDB5C3EDDEE34
t4v2mu3p9ucl4bvmq37m4n0crh,343C39C0280AA532A3CDF594BD381C28
infsi2guc67c1ukadvij3malp2,2DF5D69532A1233D8B1295DE3EB3D8A9
mk2ujcbmtl27frqcrlp96nvqd5,2E12B596C4FC4BFC10106D37296900B7
sgo9kb7nc2g9laqa422utdvell,320EFB5E9D140947EB4B23EE53E01B18
31ar7icqpjbia23ngvo2rtb72h,2DB5F58385219F56EFEB70FB968E6E61
fa9h571ucn7if6fvancdhs5nn8,2E2909AF927369E8F3CFE7936FDA0DE9
ibmbm0uulten615k1am08lhtl8,33800E252A24D1C0662C3D2EB1103DD9
936m2v7vhe89pt5ce35fuul8dl,31B7140B4BCC3443075610C43E773450
585c6el6muinbp6mbg231hfk5k,2EEAC10980450A1F7DD2E4165DDAD392
86u8g3kg68fq131mcf346s7vc6,313596C429603E355C0347F617382DD9
3ed9qa7rgqct4311oujgtqsicp,33E08C00A371924E123098ED5B43F1BB
7eo2i2vhh9qjh8qsc6pngucrb4,3272DC809E3AECDD115627B243D52757
lpggd017mgpk122u524m4srdg8,2D97221CCDFF350AD28DD98B9512BD06
3u35ib7qr1r2cav0hev332g20h,32BA1AC2F3379AEBE3AF9A69A74D3CD6
urrond7hqq64rbok4ai2e4caoc,2EE28B6E8D0459D1DD8611244FD57D4C
rnejc4s2jrmmfle16g4b843cdg,2B3E8DDA4B5FA3E32E871DB9A343B035
segfthd4b71a2mbuqrqvhauhib,34B4097E0AC731391A6999291AF9E2DC
o7sbpocf8k8algig9i7ecj1ilf,2E1A992BBEC05693C1F1AA62C841E159
un0k6mh5c0uf2fsp4mtp54eduj,312991495D711F8A845207D38DB96924
2emr9idts0fn5vdae439bo3esv,33E73BE4A7FB4DDCA530A7EC2FEF39E3
jpvr49q21evk7bov63nm6fpnhg,3174711FDF80674326011966BCE05100
agidgcepoemc9a3q3vtrd3s8t7,2DDCBE35C72E6471CABC624EFD04DA1C
dkr3ajk83fvhqsvfm90qdbuhcj,348768272AA212A8C354FBBF22465447
s8g1q9c5vf2a13d48kk6q2cuic,3308B26616A13D5CCF7FC161738A046F
ftpsb8hg9ga0936bpn0a41na7j,2D3A9B0463FACD510B63C6A61D4B5378
dg81tnnqm66pp1vehlqquj5uto,2D6F54715CB237C9BF36D2180CE9689B
up7qpb4aca540llopo177avdnk,34F06D83501267265A1BD3F939660242
b3m4n0psgcaosspln73c88br5h,2F63A7C26687ECFB7A3CAA1280EC0475
39v6kr7mccbvalhju3se870fu9,2FDB4F2EEEBFF442A8606E40ECA38C6F
vjnrkiuqkupfmen5logi322n32,3556E0F23DA028903914085B1D624C47
58ii6d0pfo32hbo30evq6bq5v8,31FF98630BD1BF55B8100D15C540CA05
k2sgoonk8jf9ov1kduij56ls4v,2D9ACD197B46DCBD889CA9710EF86698
ps8icti6uir3ncnlv3gi3731cn,2C0A779EFEF9635E4F3A144832417555
9kp19s2sip8imhlv7h1vlpfhin,2C8FBD17E661D15384441F97F87191B1
6f7fb2gtf8tud39uj91ebcr7l3,2E32B88A579CA7FE4AA5F35042FB8C12
qhhp9k99210b3h5b2ee1u4405a,34319CCBD541D4AEE9DBD148A529917B
cm5ots2taeoepvu894i7l36huj,2F62D3C40B5EF7B6090127C3303FE7F9
i25j07vgn658m2lu78scrkr836,32570D3782C54AACC35DC4ABA3C00414
pui6ifmgc7qfdpvac7tmkmb88n,349530B8A726982798B74B29C61F0692
14re7blrsvkqv0392o8mk15biu,2D1575163E779CDE1230EC5DA1E55D79
ql9s6aj3b4edqaftgsjjb4e2et,2E479DBA807D5D8BCBB6CA81770757FC
ogqd6o02rfu63j4fjcv8q4bobf,2CF7BEB56621DF826B45AD8D4DE8EFED
m13q5vnvvv4n8eb93qds04r295,2FD8A529E26887F0397B9BE2D5653849
gbagmusde2d3opio4ufg1430ob,334D863D79928025030796278007A625
hb85j4c8krtsr45jtdqe3n27lb,2E157387301C3503AFFA5288F3FFB2AB
nfqh03gk8kqt2gl7tq9u69oha6,2BDEFA89F64C6967F4B073718C204BDC
8f2njjqaculvdtgf8r2m5p6tei,2E3A07E981C9819F2AB8226F3724A5E8
ahp3mk3c0k73oqd565e5l2r0oh,2B97395F3B0C74E0C776D354A95BC007
ejksttrb7g7oi7cthmtr5ivdp0,337FE27ADC22FF0B7E1EB6D3D66DCB67
g85aivli8ahgqqpvkekpul12l5,354857E4748121638DCF10A690CA651A
eunmgq6riccuau2rr7tlfu2ieq,2AE862DB8C792F7456D11A7F5BE7B3B9
80epnse3jnks9eee6ihvhqrnb3,30250F2A0D400E7DDD880390DCB2891A
e8rdckvus2e4s6l5bvrti0q44p,33967D05EFB6C48997A4CC4C2788454C
ntkhm35r6s456r1mm08eup5l74,32368134988BE7CA94725185C8A4ACD3
a9l3aige9mbjt96bhrlptgliqm,3521FEC60593A31068B2A307BCEB2E15
92sb8kvf6i6818d7i8ciroueun,317B9B4D1ADED4711BF8FFB34C96CC8E
juknjdlvmc9ca1rfgnthbnegem,317D8630A1CC34C8F9140F00C8EFEEFD
cc0bur3kp1p5dh37q1na03bt4r,2F93E95589C23F1203ECF562F878E32E
u9ga8qjm1bfj7stgl14cmgr5t6,2C6F2C1BA3DB8A692312B672B88295C8
mnnbcn0fb3e39db9cgl4f72tbo,3032039D1136C1FBF7000DAC50CA4692
gdtil8bsr18pht199sugkebss,2DE56412B59D42FACB3977923D6B7985
4juslondrdta1ccflm1a5gkpl1,2CDC434E94989F70464595BEA90E9C4E
7nckj149rf70vvm37j5977g9op,2C39A06D4A091B63DBEFEA04F457D8CB
3p7p5ku7t5edm41l2h2ijmvp7d,336BE696F59E1C50A32AE326165CFF61
o3issl06jtmv4ilvnh0gcs15vv,2FC87B15FCC323A8EDBE0DC5329F333A
o2tkpb941qa76vuhavc478vndt,2C9E47F9DB13F1FC56593D3BB0AFE35B
bok6nlduik82d9rjte6317p55r,35099457072C1277B9BD3F3BCFC39A7F
binilvo5lkb00n1qea3d8dkhlm,2D609C12693055B04D37C1E9E5833ADD
7oeifmrjavime3nq5mjb4snau8,2E52C354CBE0891E0CD3864E29AB5579
h0ap6jtfnslom5gr28fqvd7qk2,33CA6D12626B720F1D97B8B0680B5327
3inh7evhh992qitmtauanqla5l,2CBBA777A91FCDEB137411462918484E
cuv5q7bmufa8kfaajkbl8qontf,34E5BE37789D65DB05B86F076AD9138B
iqogb1glievar86un274blv5ed,2BB755746A155C56B8A2248FE81E0A4C
fjae028jb3s2f58hhtdk0m77t0,314BDBD6F93DCE3737C96CBA763102E0
kh0tfd6e6lmkbvoned4hfdh0go,3011B5AA5AF6CCA93880F8FA89DF7A62
97p3mr69ipkqks9b56pjtg6vki,2BBFAB505932FEF429B5B5512CF92E03
4q371tjpr0pfu9shp74apdgb4d,2BF648ED13F3883ABA252BC13AD06178
vakqurbdar3b4pfs3ejl2krb7,2B0EB012EB9D66B01859D5F6ED17A193
m86fgb1v8b785312b4u3pdmu8f,348A483B3FFDBA1F744EC19741135B14
m7ts3oiiqjvjne2k637nihn5en,2BF087845BA97E38EAB4A3FC02C41682
8ntlsqp9503g6g2vi2k4tg07cf,2C12002127B03FDD1A261F8BA8156B41
421cv89qa1t4j2bgsoulvj51ot,3060C43A4DD876C37539F0FEB95FFB8A
mv51actntrtnskj1it49ifj2gt,2B926E4BD03F8033B96AB1CC732A491A
1n50k7v877r62hm9oog88m00nu,317D142957D6F33E80C18D533254639B
la2tku9ac9k81ju0c300ne364i,2E786DC388446B20A673C7351AB5D94D
k8blqmq363a4lmepe8qp99pfl3,2D8EECF38C63897ACB92ABE7D0E2D3CA
48r5hpkprb3q71o67g8e1kvdvd,2CE865A7CAD1228297751B206CDAF628
qpm5a730ev9mkf9q1sgc8lv1b3,2EB00D1B7873AD22E8F0B867A7EF9A76
lpav8qefff46cpvebju2c4hur0,34CF09249800ECDDF9EC388E4E07786D
jhec3jt0hkpodon5hlibcjs21d,3203A5F8FD18DA3B44AC06264DFD0548
m5ilri6hs3sjus9g86khsa9kja,314CCAB845DDF9A9CCA91A4BE2FDB4D4
1u8c2uqjj113jgn3n96k1v7j8a,30FE697A27589BAC2C53A27093098E9F
i0dg14pbh8ueec950fohp1e3eh,2ACDB306C82AA39B82B1757CFB2BB5BF
n6s3hh3d6pjh7bbn4c6u6f00s8,2BEDBFCD89AEBF32AE8F3E4626563514
ts2vuq87h7lmafetclg7gn0fnq,30082B37F6B4F35ACB482B36CA85B8E0
nm7f0l5oricoj4165ploehbmlj,314BCFBD02B89292BACD392D21582E06
ov38i3mpgkr5ltdem31ss12efi,2C1DF8BD1161BB5F94F778910354C61A
q237mv2mgqmnc5sb32h3h5srv8,317362FD0F523446B6F315B64D451DCA
erh14scgh8eo3trh9rccv25osr,3392159F9FA14FACE13F69EF7F5A78DC
lnfiae02ilb46vf9897tb4n6b5,31D5413AE20B2742E390EC0E2909D299
3qgbqge4dhct531ftlqjaeu57b,2BEC7F22B4F13801402DDA2B4EB1B1DA
g52m7a23e324sn6r46h0usv9c9,2EDC80F27BD9650FFE8C9E3C7D051AB9
4csm0qmln9fjfcft728hkfdp6h,2EA85771DED243E8F3F5B136EDBEBDF8
clg5bgq26vqfbgdt5e55i2sc6r,33F05BC7C52E54B979FECEA540737EE0
lhgi7sn8oobmuul339f5btn78t,33DC076D23EA9B04004BBF001139467D
jroerk9tt72ibv1m6ig1ugc8qp,3253CE57B59549C754B9453FF71ACEF0
2kih1bm8ml1d6s8s4192pq8h5h,2D867543DA3CABB992B14B7681096837
1avqqc2inqml8p36aerslnq7r6,2C9C8290560A5AD33C4D1E50D2E36933
f8o40ifomimmnj5lqrnngle21,3054049898720FD598A0B3D9352636FB
uauco9625m722k352m1poe7m42,32F73EFDA5B57FD9275632A9C72038AC
vbatd3gttm3n6odh5s9rvddg9j,34A01159F2C8A0A0B57D5AD8679FE8D5
h0sekeqm80msn1tbm2dsoosn6m,2C9F2A3A007E60E8F6C5E5E87889AA00
lat6abbgr5ik7q0gaj7qnaf5s0,2C0BFBC69001BF6435C4A6E5FB15FF8B
ho4kh3gjp8veegdu3rm8qkuhj4,334DC87EA3CD82410B7E71972D828EB7
b4r30dsgll1guagc3ng5epoul4,2C0B42078B3777E5E84702573204FBFC
p7hlqopijofsmc2885beh73rfh,338CD6335584B40102821C064834BB40
7u9np4b97orlnq70e0s9r7erav,2B4F435BE80CF542507D4843C2F5D1F2
qjgd5uh6g6dl4aghc99e8r4gp2,2BE651B44276224FFB474ABEA3CBE5F7
tdd3nc2593m1u8dm9oevbmv6l4,3092EEC6A82ED7EBE37DEC543E2FA8F8
h5lbdi7g3m1aii8d08raootkrh,2F8868442BF505C80678FAD21A11308B
csp75fqjmb6u405hami7k73lfv,2F52160A135FB87E1EBB47BAB20DB142
uhng0ned8thaicqbkmpk46cjj2,3342FBE516BB4BE07BADF6043FE6AB3D
ir284anih234pi0p0svb2k2rkm,30610799C8DC1D18B0B45FD3DF447E60
jt5u1ql8d3meik9dvjm83ob4vg,3055CE528BAFCEB0FEFBAD3062C021AE
24o3sj1u2vanv3gma9gs714g81,2DE1E25CBF337F8C8325F91A6505E452
kopk0kp8ktlea10si9r17fe70d,2D7B3D6CA55C8BC5D62B991EE0AB0681
f93sghrfqahhi3jivfbp3s0fo2,2DE7C8A28825EC42F01EA87817FB721C
vn8c52i9vtm5fu5s9s708l9q68,2DB75B576ABC5A571D3BD705498C34B2
470hf728tlbt6u1sfr9b86poej,2D94D9685FCDCFE5204034D06633EE5A
h7digf8spgr83jt7kkgmil2sui,34C32D6DA98CE43C92A03DEBC8D8C3D8
i9ogp8jj73k9mhr627nlkn3ssp,2CBDD6423E12D1CB767A6EBC12FFF4EF
31c043p6fcc4fc0ao83o0dkeid,3274C13A5E58610853F04A881C496B83
1diht87kubeui3bikgmg1u7b50,326F74C96520E4191064B48EF851E2FE
6sf4vrmifbeu973hb8o9b2ehcm,3454629C266A3A09C72AA579DD30CB77
ejrl8jt9hfdav7rscm02g6toag,2FAC5DB644D3C037ACA28807440F3D86
g7elb27cvvmimft6oomimkg4te,31200A8E9D4D1CE27ED14AF1819C422E
isgusuofn9autfqm2p1670dkoi,2C52B4629BD6E448A96F59836FB13039
v6ms7ms1r66edqhqv7u4ubfbdf,2B86880AC0A1140A0D2D96C88FD7E360
a336630ark1n6qa2cuh0f0c0rj,2F4E7A0AE4C7DBC4262D1093A6BDA998
i9eo4mcdv96mepf4a0kif9qg5f,3133FF2440C71F0CF303B154CC70D2B2
usogdp8s3m7a6or4bprjujc5ll,2D33EC37C7EAF08B1A8C56E98A9398B5
jbecvv3q6c2gcmgu9iha3jfmsb,332D21AE833DEF3F079459BAB8046EE5
rte4e231abn12khn1stg7j8kas,2AF569CC512A13414A411151729D3736
sco52e1mi8tnphnaup4v8p1tao,34758A4546BF18339CAF31F157A73E78
fu82415tlce3nc1bql13b1vlmp,2D34153DEF92CCFB483AFDAD19B85ACF
is391ph0hsr6p3mh9ffgc2c2tq,34679D6DD71E5318531DD0CAC1ED11E6
ov96u0mbrnhhm8jvmv9kj9uh4f,2F6A22F2FBE1ED7828BC03AFE163B3C3
2mahd8jib3tkf9a5524d9jbllu,30845760250E5C5504CF6994E46CDA2E
oqgplicqimu9q3qlj0jiq03dam,2F925321A30B5C446AEC4779C9719117
epjdro5448d757d9ntjavnnkp,350CBC564CB5099E5BEF714F8D16253C
rgimnn9gtsunace5sja83eptb8,2C0FFC09768E6390CBD6CFA3E1902CE8
qcjdkj6p2nejqvn1a1vpt72l6s,301B67113CA127D810F838BE96E0016C
6r1f1i9e1ar1f71bras8t4b7gm,2CAA6B7A92A7DF666E03F618759AF7F9
9ah1350sgbc80uqc4563o0ta84,3182D069D59528B3493C76F862D8E723
d15k1vjbe9rmbs38ed0alvkade,2E53FBDB708ED8449E1B077E97342C78
vaq72opcln6dgs5ujdhcuvfsc7,2AD8B896005A165CF76F3C414E67734A
jtc1tro2p5qf5pr7c8u9inrtkc,324582AD71ECE20DBF98E8E22641ACA3
dd42dfitmn465vddrd8svqh69k,2ABEFD4E29F9EF83F1707A0DEDA8D021
mv4e25iup3kklu7prn0ic3g921,2ADFB45D52774B2737F87ED12848B68C
oi4hai68j3s4bdhdgpf4981u57,2C64C12DC17E490AF827436899EAC0FA
i74pom01ou94ha9irkr8nr1vne,2EC5ED2040B0418268AB878B478C4175
4h7t7p2gkbqje0vm1dqpt8a7sf,312B7E8F696F05ED90374BC5664F9B7D
mrio988vv6aau2pftjik4p1458,324D3973CF845488F184B98E40AE89C6
pcsce7f0fq73t0u7fmvr5a76dc,2E6BADA4C91BFBCB6A04A613344A51A3
inkfetarc6cjgcte4mnp0mmkcc,2E3DB865F5F5CEF826BF7AB976BAC72F
clgbp48fkesjaj5vddu749gm8t,335F0FB4298F1F0C054117BB87CB1D06
tc38b3hl6vckqpnijkoqchtjfb,2E15B2D05A7A552497346F761EDB0440
g63oibe8mff70ltn986t8mpnig,3022FC2A98C2D8ACD1BD8ECAEB8292FD
fiefpces6b5v9g5q3e7d3bnjh2,305F242C15FAAF547B6C16DF78AB05B8
539ugt0jpkiocs7eqqcumvv68v,2F26F0721F105B79D9CF476A5FB46706
usendadrnrpol3gsbkuhnj2v5v,351B8163672C8515366908D77C028E86
v0lds4s963b77s92vgihqusl51,2C859AA3645170958363D51A44FADF88
vnilsel8nhp79vmdmf1rjsgkfn,3381AF243163F84BC6A7918CE59D3792
rmr3shpla7q12j1ssi6a7f0m7c,309E2E7C2F646F8F60CB73288B5017BC
7d2pa459o31jbmtr4t925krh68,3520135AFFD87F54266A919C7DC5F7A2
hqi469g6eg8t6v5s1gai8j4b74,33DEF1E746D38A5CD2FCF4AD0460ED0F
k3m6vkv7vg0r5hg1qo2meeeikc,31521CE45C5E82E0EF896BD9DC96D453
sgbibjtcetej0rt7nkf5365oks,2F7DDA8766D741EDB98A3868D9C68B0E
f6nfbae5l9g9kgntf4a1d60tj6,2EA4314E592826275844B8E9B75025E3
v5o23abpsm8mmuk5a1eqm5srdb,2FED81C39F2CEBE6AFC0A607916C4C52
lqg3g9e36i0meehq4k1a0bvipk,2FCB910CFFE17F7BDCE0EC38151922F3
3veil28qmusf75g9bsj9rvmufe,31869146797783ECC13405406B4CA6E9
som5jogd6kqdimnihm49l536f,34D1B20CC37453B9BE35D85EBA1FCCEF
dvsqb9olesv8uqbbac6p6pcohd,34FFAFD7BDA02BCE2D483FA37578EB61
fir6kavhd61sis9s9q9pl86b7v,2ECC35510A1D1B6B3DB10DC4C2DD5AD8
2uqqb32vnv59b967dkt8n8vrl4,303D04BD5D2CD63FD931F18501606FDE
qugtnpn5dnctbnvc7un24li1td,30CEFE9C467ADD198F509F63B184AE7F
sr40gf955mb9hb9255ak5sllra,2F8571FEFC9500CBEC954D5B70233675
ra42pa3vmak92tc5b3rl64fotg,32F3F7FAED75B4542EA13907566CE57B
d68qmig5vi0o09vapjpq3avp5c,2BC9CDF3F1E8E22EA8F3CF2F93FE365A
f3papp7k215rmlb1hggjhrdq72,3461CCE0BE3223F3B707BF65B313007B
6j127nkm72d5j3ptns3ocuvl4s,2CDDFA6D8F18A1213121370700915328
rv3bgv1s5qe8om81jatc9gs9q7,2AF0E298B0CF049FEC2A25DB75F52657
plfdm4g6pkshmpav84lpsdq28a,344D87C21E44AA50C3E97CFA7254A502
uvq0m9evs02vle2k0a1eqjp0r0,2B797A648D657E29B8BBB8CD9229E4B7
hme0gi4q37norr74qvklabs9ad,32A5255800E2FF58E7FA06C7422D97F2
v4l8lj3qboevngfjvbf2qj15tg,30AF2FD0D1816C86FBCE05DC5C222B3D
j4jjg3io1ejk0vgq3h003ccmcu,2ADD0F081C732B5CAD6EF6E20EC2B5E8
fqc6ti6sest7l4sn86aq1ieei,3461B8B159818EDD8256126A1154631E
s166llts70uf7drthgr5agpnss,2F8EB94259A32823E28BB45CC7E025D2
v1o3839br6rsrfm7o0mjf8bnt3,2CC92774864270F9B736FD0EC2FF9221
ea8tq7qbr5121aehtmkbsvieij,311790362A0B8498E77CC210AE7B9FC3
7a4hij7iotl6n9chrf4mahk7o,2DB4E15BBD5BBE96E8700943D15CC00B
mnlj7hia6htd4qpktav7djttdn,2D2B0B390F32BC1DC6394E4AE06927D0
rmrsrmomtnrpe5aefs8b5gii0h,32D94C4395F5566C1134986798D50F9A
2qi0akm4kbbd63ev11s20gtor8,2CF742D7259F9B7B694636057C8AF9F1
4a0c05jcfku0ieff3v8r50i8k7,2AC83C7E0799287907351F8113E8C08E
ktfbpar64b4o1a1em4frosp30,34418B8A465D5135CD006EBCB67E9AF5
4s41nsbfo72v67i679qarl3ebp,306F816302AF52A833C6FC9DC9020550
bgacured2k1ju66op2r6r6263l,33F8A989729A7331314A6D32F0A4217B
m583t71ui2t3kb41pegf1d18up,31E5C32D395241C08C261B0A554F80A5
gf6ufdipppf78v7q1fjblvovo8,2C13E14D7F763663959072E58F107EF9
k0brk8slfkqdij64bvgigtg72u,352CD63F5F18A011D526F0E2A7B5A1D8
2sviqvpv052jmsau2s6k8stc2p,2C079AF91377B63705873093D642258D
mdrikfe69ecknur91vun6e4m5o,3022ECAE9927D79D4493C4B945F31B5B
8jkq6de80nl8sik2mmuh0kuuda,2B3B6E87A8CCC51BDAACC09C8395D041
9d89gf35o9oe8bhg73h75cso7m,32311ABC719338C20D9A056F54F32F83
funr0gadi1ith7q59h3s1sb9f8,3429CC437E47EA86929517228C978A20
hri36380m1hrteol38hbtoe52m,310FAE1CE4686AB4E5A26F73C4B165C5
2i02ib4073tdpilt2p9jln4mun,2CDD971C41DD00A6AB6552CE8BFD5A64
squjebae2e1fle1v5lcj4tt57d,2DE9015C011B51FB4C874E27B00C878C
f427vpquch0i8ogmci8uvvgaji,33222FB03DA61102F128F41D90210A0F
15rh1v92nhjt955b976c7jn6dg,344C4732881EC6A719550FB317EE0C6C
bcbhd0cfp8ukbtvt1uq5ud1c8s,2DE78E0D9B4F2A5F771E202F81643FFA
fjo2n9usu4fmnqslqak0e46rqh,34EC6645D8549C28064FFDF20265D59E
qqcesbjcv5fil6d7s4ofgfh79,324FCB9849A4BF878B7DF0254C406DFD
tp10sjco42hhiunogop1mbe3sd,33927DE3CAADB34CE3300C9D1E85C37A
mkieuk1sci0bi1nrqesj5v4dgt,34A8E5FC10D1F7863A1805D6230C9521
mscq4tufpdse44mqe1g8ei796a,2B507BEA48E3630A34A896BECC591FF5
vq2fd5oputk95fgaoirci4shi6,3423E8E3AFB281C9A47A9051DA696F5E
14aosm4hk7oa7kdlgbds7icqh3,33D995A4CE49A1CD225AEBB392A9D65C
dfok1cjsaqj629a2b44nvueam3,33F870DBC56337D973200FE2246EBE3B
mepqp95ut40d1qof6vsuqv1b,2AF40259FBB309F7FACA830312E4FEAE
ssgm313q1drm02nhm1jpd85hca,2EF13B2BAC338F87510E1AA7E3D88871
rbrpeu346n3snb1bt6g27l0vdo,2DAED8D90B7126AA221013B58A7261B5
53avhf0fklg9osf49euepme778,30736198B83286BEA38632A08993328E
olkhsqht96ml9dta64t1uin0eo,329CE7D5F3824AE36460CD38F7BF5EC0
cl99o6u0leo462c3n8682f9m9l,2B3521087BDB5BB39112856A407BE8E0
gcgmbp3v22lf605o208abflp27,336CAE28E5A9EF471D235C6F0C5314D5
o6pvj1ad20ga8ngp1n4kjsm3gm,2D5BEEA7A06284CFBA5365CB3D593964
s9pfgkcgg1t6ml7vrso2q19u4h,2D44D3E919FC1B43F277DE2F500A4097
kf00ik07g22jsb0g7svcv7h6pp,32AD317BC01544E2D217F90ABC8A04A5
g5vmu9e5sdmc1lblf4rprh7q6a,33CEF3D8D51C839841177023ECD190B6
j5lt28t6aofc9u3tsj8grqma9t,2E00B544BE5CCD2B15F8A261B81D3F43
lvd5gpnp0dspec446ub80c7lmu,3454E46768DC88C61968A8AC883FF478
jql7sb03eeqp93isgkunddi4vv,2BF095B490F91D5BD0803368B106C5CD
phosavedtu96kj5o3n18a7blk3,2F08EAB8F5AEA04792921FA8127BDBC4
t25s3ag4djsdr0okd5ev4hh15q,319A52D2CCDFCB8640FF84F5FD87EACF
qd9j793hhuong10f3g9296ru6e,324B63338B846EE645E099C43161B9DD
bpo9b90agdi76ocovgikriv6m0,2FE6CFF557488C8F6CB2301335794121
nobksn7nb9obc4u5591uikvt5l,3369F5849BB5FDE13027CCB2DBA6EFD2
sqb536m0tpdkg0t70q919uptrb,2FD85FA2537BBBC99971FF58CA0FF61E
40ggqh1944gfpe95r9jg4k1aeg,3219CC06FD2990D1BAAE149E7BD241EA
r8pqcnk0qr5p73j6u3d708nt0k,2CA3B0AAED546D6733C21F8E9D8DF43B
7frp6dbu6hi44ftcrqij7cmtfq,321EB5DE2751FCBCD645CE3C59C77726
n3o09hatil8bfpaeu3a98041e8,306966D6F05B152B43E0266984D156BE
78q5asj34cgdm0fj6935mqbiaj,2B50048B2770C28802108E05D7D41C0B
1upuvaholktejvpf9ig0qjs07t,3388D789C0AA6A9A8AF300184850428A
vi9f6b5qq6skgmsf0gk7n8imh5,34B2C1DF980EFB3BC60F73004420B9C2
n7omu1qmbibuumuuemvlempkuk,2FB14FC03E5C7C1897E11B68DFB86BFA
9ia06b6pb3dt7mp45nsap914el,2D90DBF80319B7BB7704D0E6C42B5C47
nh87ahibeai5hsmaimahfki4k4,3511F1418090C9B91DEC05EE25E2676D
rd66tbdoeuq5j2fietmnon273s,2FD7B3B722EBBFF71123926A0879E444
18ncmgfnpnlt7sd8l974emkrck,30BC725E6DC44871A9E5340052C35E1D
uksnbg03ere47ikpfsf933e69f,2DA9C1DFFCB93ED0E432BC435478C586
ejghlhrofolrglcmkrcdaq7cd6,2D075484D77CAAC69AE7A5B02BC2E98E
ve22n4q1ou73u4b06uc3q1rkns,2D7F1040FEC51845857378DB0EE04E15
i6d7h5t15n0qt86lbto0rrkstc,2E71EAAEF2BCE6860AFF85C7D8D19E08
ufqeo7tqdk49raeqk6nitngujh,303E633F24183D443D292C0EC98C1AE8
4lhv5dflvlajgb2uaqsj0buc43,2CCCC1B9655AADE8E36BF2404ECF13EF
90cjoqfg1per3224r8e43o1o19,312D094D7FF10E960916F364C7D874CA
nd1hnko7kvccgh0hf6b0c16a6s,2AF3A8BB7B90572AFD6A4C592343A5F2
vamfsnglpkg762njvrmctlmogn,33076D886F17593C388B4132DF75F002
ot84i1bf06khv4o9i71259tqef,34EBCFC118CC04114F8212A5334B32B6
pn872nbqan684m3on4ko4j3mcu,30BFD7B2D696C8D5B11B699343748341
5sk2amvt35gtikboagaonuhhvu,3147D548898BCE4738C43E3904703A55
p1uoovubt7t8pvr5f90u3gnunl,31CC3AB3E2FA37108ECBE9CAE7EF2D68
froku9439tsht79tp43orseo74,2C64215F6543833195ED24825DBE28A0
pmiphcdq3ki7vrsbjsk98puv3l,2C84DBA023B0C624660491DA01475950
8ovlp1ut4kkvosbj6p86dpt0om,33A79B9AFBAB6AF6325814152E302E9D
psuuh9mgt2vddaloeiun4hb3s5,2D9DD13633DAB4119308500AC81A45D3
4unfic9hd9t1nnspjeaf2dhs3h,2AEA0A8BFC5BD28845BE9C951DC21CBC
q7djuss25lbb38l6c5734i16rq,344752813ADEFE2DEFC41304C37090D1
6qdimhhjdisrba6s8emomsq0u4,33A5E83FC8C68E1AF587638FA9C7042B
vulbl66gjlrfaos1mpsanhki5r,3017154B28A961707A9F513802C0A2D1
2ik2tq3lmmg2fehbbr3kauhqdk,2DE1051A791C0D7FEDE66B58E5CF3F72
g3qd3nmqvull31lg57ekegc2r9,325BC0D0AEF4E8001E16EFFB0B441D47
1ff8gr28ugho3f1kjuof7mgg1j,303A3BEA00636A5B51C151E51AA4D058
fhalbf5qarsh83isqliiu94epj,2DA8A8494666586EE7A4670E2583DAF5
draffb9g9ie2prvu8kbiarki89,2ADDD95F132FD03EE72F802C7FB72C87
crskn51318hf7h5emrta09tj7v,326D0A9F0CD0F167DB55A044808EE845
kuhconsslirj38pmsc3kgdksjr,2F72ADB669A1DE0171E72068088266B1
45kj8235fpg851l697h4c658a3,30F00B2B37BA45845FCB947671B93DB3
3cngid68l15v2dpidoqsh6nful,2CB87606633C41DB74D22CAD816D921E
tk491qjafokis95b6fqb1v9sl3,2FF99053B41A5A457CE979EDFB446714
63b87nsea2sphav0ookmhh7p4u,2E3A42E398B358C7646AD88433B84D25
48mhil069rtqpatfu9h1qjf844,323EA5D2F8066C98693B4CD6774DE0C3
d2v0okn60bgk8ardj84lcmnkss,2CDA43E02D5B244FE8E2C38C5AACDACC
7v9hi8e7dooved1akbogi64k3e,2DED4D4E588CE5F943A0338F45B67F80
vm56be50mgol5inu1ui71dm8sd,2F8282E6BB5BA5667C17BB3E1F3C15EF
3jecucepq6vv9pcspeq3l24m2m,2BAFE2CEF96777876FFAE73FC59B50A2
30nh1v25nhj5tict5n3tj27jva,2F75B3C3AFD8A1F2CE0966BB0D364D8C
mk0e6u9vk55vn54iogqo04bcl0,33DA4D63BF64FD41597999BFA5872DD9
uhaa6dvnkesoks1g0fm141oak4,35477B44A764A75AF6904534131C2C09
qu8aaebr5q5pqaqqg471sqbrhn,2C2CC792EB131D0ADD7E4EFC8D8B5F16
k5msonemcrtmnt3f3usf9ump76,2C40DA0A23D10E792706621DF58D2699
q981pdhghcedcqu0ncbr779bkg,2FB807DAF83A9D90A42265E515F1CC1F
ihf3od7rqsb7a6m0i7rr3te234,31878395D10EDF26A71C1D2E4A508419
un1nd9j56100t97j0s92c0m8ap,2B4A96DF219A0F48EB6998CE8EC4F28C
4653f82m0lh7r24bh13jov8rs8,349539BE6AAFD2C9B2CD44D1B86F85D7
108s8rmj4otufa0a6fblqe5tmm,33200BDF5FCC6D05400D37F3E542223E
bc48m7kihh9eujebi75e2qitsh,320B6C1BB998C4EB7DD8D3A4CB9171D1
sjb147kjtn0377ilp0k0evdvud,307A31689239C11CB3D6D9ED28F53AD7
9obirgquoh32edabf9u0fqumhq,2DB9EE5B53AE9492C4E3E35D1E184BB7
43vkabuhg7soecu9b78e7r8p7d,2C718FF5A820BE242CBD669048C33361
k3ggl8i7652qktl6412e12e4mj,2BE57DEA05F90D0C4C6315B5C247DED8
4nnvae6id7s1d51k1sgro8gl1n,2F62F5FAC07B8C0F50B1070DD13110E0
gfjhdkq5gkrmbvv6efjltqfalo,2E300134B1D24A5D9BE5939724D728D5
jtipo5cg464u3vang3n97mdapf,323D3D4C180825EA3AF4F1377D6B6245
29h31f1f1m28eml3tctb18e5rl,2F2B72AE8AF7F9990EAAD8DCF92AE620
mq37b5b0tidrtg0ct06sfuvure,33E9697566860EC7FC7403F114E66F0C
b9tlntnecs011i0l77a3t1olin,347657DD57A3269756D3948D0D975AD1
790sp6kf1us1lnr6l44nrndhb7,2DC4E0D7488B0DE3BF429ECCA3F4C711
p2onqelh4e6bugq0mvf8daraln,2CE4AB5A380BD4C8C9C35B7375FDA251
jblljtce0u9na1iq4nqsk30n6m,2BD4B43617610C3A4C631B3D23EF9879
59jtg4qm2ks0im5aqo100u3dlb,2B9E24D7FFA76B958BD08184ED97D8A1
p9h1357tpjt7l0kfqb08o6ciih,2B3C0CE2A525AAB3E036274530BD1876
elg0g8jm30dij355strfagbd5v,3161B22308158D8E7EC55C632E6D2B43
7sn08omihngf6bodebi0q3dgu,30E9D9420654C95013578B12F0DE389E
gso9gjihrcqrqhvd22tonjsp1n,2F0B43B3E5D83A251992D8A3ADE0CEBC
uhnti9ju8dnk0ud7fmp79hlt2m,2C44123979C568627F55B946C76458E3
ubldb6g6995l7pkaaif799mrcv,305052ABFA68BE758846484BB8EC72EC
eklrnjkh93110m8lpoqcpbr4qt,300BA930DB31D9A7CE7D98EB076AF84E
e1o23aej3uirh96ma6f2s38ijm,2DB097D6403D6E84C8BE0DE263E1F4E9
s8hrkn7724rsgfvbbmgk6peqa3,2F7224E1197C3DE5D8337F99EBA148B2
7pobiuo29ss754aaa8fef7fgit,325A8AE0DBCBFB44BD6424D2CF0D915D
go1v2ot18smh9mn3al0bqo3sqb,32DE335CC4F448A504BD60FFD3CBCDA9
rj9pr4gsckknbqahgk4mfvq07,2F6996A003F81471C35DD4FE6EE8985E
a1teihaeisj6agbhgb9k88cq02,30B2892E2137FAFEE3B73C5F539D1498
h73gcfngbkesquacr9ptqlfcpk,32424E2CCBBFFEA7CD80DC972D9364A6
id9gtp570dljsv8p3h0lj0eqc1,2FD230CDC4CFCE1F6719F56D6BB636B0
toba25c37lm1dvu8uqin1ogjd,2C3D43B2F01B4D3B86B4E18B5983DF8A
jqdi174atlv7dsk4sed70oadul,34D170E9015531DB7764B646A9C81C19
flpnkgotlnbs9ebga27i801ggp,2FDDB9EEC66BBE8EEBA2BBBC0BB8A946
mlauaco3ekm0icsiklvdb8698d,31107148B71D7B6737A9D67A9658BCBB
5le8btvq2gg4hf9q83ljn2ti6t,32891258FAFBD4EFA7F414AD21EBEA50
fivkapqsnpadfkbjfj2rqebhf3,3507F3132548D7351C8B6F1D33EEAC41
uc743a11qi09ei5am69id5hes7,2DA6564B94820C324F5129CAA7C48D24
613avcsbdsn16ef4hikk7jjuca,332D101DF84A0F28252ACE6CCD9B3765
3uf6adm5shsjeb03t041j1aliv,34D261699AA5CE7670148841BA22ABEC
knrg5rllfou52ve5u2ugo4lohf,2F9BEA667EADA541944E7900227CE89A
d4ms49cglhbfiaov9vsenfhrha,2D9A80A830439287D5E86CBF56F44CFE
6l0qhk0orsisuh0e92mqrgrvs1,31B7C352FC5D631FDFB306B05C223014
38mlhdcv5jjk8e8f1m1nvq183a,31A0855F4871BE1AAC145E9C7965E7D8
ss0kd6ka4ula05liu9a8f8b01q,2C177E438E6EA1F693CDFFE4DDF94530
hnj9qbsiojgaiav3f7cs4m2jrv,2B883322863D4E769EA8B65037DBCD04
lbf8oh4l9n29ens46l7l10sg1t,2D1971FA22101451515A26C43500BB70
stjm5c9995rp2qu4160f040dpj,2B110019E72E06F618F6C9F25DB7F959
r2328n27q5hgqgd26b78cr7khh,2DDA4059E1F3407A49ED9D4C398D44E6
l969eilj1a50u4cl20a05ab536,2ED0E881ECD4D28CF50D5F60D9EC5997
6teeiurqbpsvci8qdai4va58e5,3288E78972C0E8442FB15936B5E517AD
hqv7vek77ellsm89vpjutachia,2F0AB8E6BC52E1A269B1732C562ADDBD
s7j7ph5jf2rijdqv9nub2kaor2,2D9E7D1EBF4EC9379AEDD5AAFE6E7957
8ctc2o0jnmtm8drv2imp5gpujb,2B592E994530CF325A37CB52AD833A90
j8e2k94np92o8734k20dk6aaic,2AF114A893FFBAEE2B416725191204B1
afss15fmpheof4im6ibfdie9m8,2CD295498766495A89280161ABE5F032
aimgsjoj9q1qgdt62tiv3fj6o9,342A75115CEFC9ADB803A00F841669EA
up7j7hvd6p85k996l2at6pi86p,2CECDAD59F41F8F76DF810831F83B624
jc17ni4ki6ak8f7cvttvspf32a,2EB43690AE5C8D491F6DC57DF6D8606B
9j6a4ueai1d408gjdn0s4cr6ao,30441BD83CB1C32D59D2B41EF14C835B
ml3j37ebrsnt2o7hp8dee9kkh7,304E647EA266439AD5776C16C2FC1361
1q5o1eunejo6e75v1d5ku01bd6,2E6D638134103DF5D0EFF4F4FD31B39A
lae0vk4o9momkbjv4pksn58ko9,2D5D10538D0DA196026CE9CBA6FFDDAE
hmbq567jqogihrl9jpoui17hj8,339FABD3A923CC925256688E9CCCFD6C
cqsikj1d2uefiedjasf51q7tvi,315A762B67A59BCA12A03CE2FEB5DABE
v5il0qpl3vc0ks21ddh45500jm,34857D828787ACD1163099E23D1C5E99
g1215apta11hgh853stmq3e9u2,32387CE41C7D7EAAA4BB67EE1AC4FA77
3fapj9mfd3jsuuurc1ku5ftd1o,3225E66FDBA96509744E0673D1F37559
6f0s8tdjgr85l8g2iktiu76nf1,327DD65A4FDB549FD11B9E8A8486913F
2niv9u804tornimk78be6r1l92,34ABCC868C0301E12B6027C0BD5CDDE1
9prue3bs4oja40g8l510lndkm,2FF9D617E5ABDA065E2FEB350D52B3ED
5d59jqfgsfg9siqv2ee0bhb2u3,331CA2AD709D6EF0F3351FE4E7D3391C
eb71hp435jgm2rf6g0id0dghlq,2D83735E9FA2E4014F280555D63950A0
3am24t8s604ouuef5349h1bb4b,2E8E0DB094C0CCC879B8C9CB67A0A11E
qle0q734p9fhbn6peijudj3rp0,2DC6CD5BCFD7BE4AB1C631FA488A881A
k093q291bmvu6mg3febm37gqrb,2DBD8BAADADD48F70C9F27A40B2AEDFF
v4ctpau473in11ptnuar4ehlha,325C24D594A1A9FA0D86D6C8FA67448E
n1l3v36872mv7dfq82gj4nqeem,2CEBC200F25B524736D3FE8B53050E9B
hc1tvsj9napdvptjkon9sd1nsh,35266E3DD0B40CAD714959ED98F890E9
q7u9r96400mff63c0fdkei9s7h,3264924BCE55C94E62E4B3D8E88A1FE6
2v8vcunohl76oolb7sadqjf619,32531199F792330D5B8E09D3BF0D46F4
e26b1l59tbch1of62i1cjtf0pf,2DBD21109B0D4D57DFEB19C0DCC7EF53
8rptarrm0tc8ipkju1ulno1kj7,2CC07FE836B340DB97D6F332AFD87EFE
66j8v3mjogg5jv5jtolbevmv8f,352A6BE19359DF1BCDB2F40CA853C23A
bjnvb9mu9imo4qqpv34bqf2a2,2F1508290629BC73A70FFE8AAE89F547
lskhc7u745qlhg41prgfr58v6s,319FC081DE1BCCCAA783DE5EFAAE7434
phmmem23l88aq4jleq07aro9pn,319C87F71938F48B7B1F788A0A581940
2ogha0tg56vehnnfu4qirf5bj7,3288AAD34212D895E60B6DF1245315CB
5s65stv324qs893nsdfpvpma2b,3226E5C2340D152238E3CE079324F97C
ogehjl3o600p1vsusst6hvdkep,30A5A372474B26FA47A9771F581551A1
pc77eegvl0ssjch4mdg580od51,30603FFAE068505CE132912204708B7C
e6h7ejupsue3n9unr86vbdfkf6,2E7EAD72450A5686615315344D130DA5
k7cj3tppa88sifl8apqor66ou7,2F6A03B4DA3111A883A771D612EDFC1B
so0llske94ugtabfb3e05r3dat,35112D520988CE6F6089E4089926E60A
rm77bgi1v4cpjepqr5p1lo3pj3,2D948957F2A4489AFD7381130CFDF7AB
n9u6v1cere5lsaneegkscf34g2,34C5D1CE7794A20473DAA74B1145ECE0
p52divm9gj04ahnoqgm0e60a3j,2C1CEB9DCCA84CD708F18D297A899651
vo5opv5jnbkekhnfurgfnalel6,2C2640D2FF5AB2CE5B3BC22600CC2354
761fr1spkcevsasrc6fgoadu8,3525B97F704A2E3860174CB313D631FE
63alcdj7cuo5kvioq3uhkc3h3r,31781D24A53DB95ADFE7C89E33D6326D
vl10ola8bg33egk587sm36hvbb,3362AF38B7D11CA5DA2843AD85D70D38
cjp9lrt1pt40pfbf2jq06lde0q,30B2A5461DDD1FE74239F52315F9ED3A
6h0fovvgkui1fas950ino9bt68,2FBD98FAB213EDFD1996B832C05BBFF2
18kmctr80060qg8r41e1vb25l9,2E234BD9E5ED0EFA1205A30592355C70
p4rbk1mavjmjqsh4f34idh236v,2FA861F1E0D2C90104B0DAA41E1A90DB
5137vkvrgf13jhhejmg04aut11,351027B4934378502EA251F7E5B95598
61nru23a214cblj112210klldl,3320AB278B49AC332CABE2CD2E03308C
ftf6m2rdookms6co3eqc5hch5s,2AB83530BB22C651C07777F108E22BE7
o2u9vui6ldqvkds7ufvneadlc4,2B7E75ADF0B3242CBF9FC157925B1D1C
1am2eohdk0074pjbnbhcqhp8mp,2AF1C12CB146EE899A8902C1F2282EAA
onntcd64hqirkm1mgprnpsu9l4,347DAB9CAD16B9DE87388A97819A1C3B
v80hite6oms53ughcmvm79us5d,2DA0C4B10CBF0AB9293F0FF5C3F0C6A6
lug9pfpl0e9npqb589fc5gp3h7,2C6C5FB40F4E2AFD6D42AAEA0762B9DE
q1bjk3f9mplv8ipr8k5htbjm23,315E70634E77539125F4AED7610B1836
6s8rm1lpi25tkocfd3b2iuk2p5,311DE925E2E5F12B1639C33553D71026
h1g1c913nom2fllji8kvicb088,3132813BC5CBCE41E1BB920B9C44E3C1
3u52ng6a4mfh94p3rrijermcdh,34609D2D8335A6D56B6EB22C6E6566D2
160i96cjpj308210vkofs43ght,314493036106DDE333E382EEE4D80F94
si6dlmh3p5lgj80cr4g1sjsaav,32C48405DE3695C7BB2B9C7F5C316655
kvi395bosf4meu8i16e8shap0d,31B707ED7B65CCD6A9FD1429DC37BA38
monemt71cldfa5439do8paunqm,325ACF1E699644618378A98EF2BA2A3A
2v3rjabcpcgh8edtc3gv72mvl7,2E8D3C25AE475E00216949EAF543373A
7mf18lel5qqvv1p93ldcfj92r0,2DAA9361785034C664A48B0588512208
qe1ug1g954do183n26f06e26fv,32E2CA20FBF799006DC7E80D4E709256
rf2lsnv4kvk4rgfj6aq8kljg3h,313FC3803C6A04368F01806072EDFF4A
83otfv7hsgfel38ru0kbpopssm,2CE3D4260C5B146E1DB0105B4B2BF05B
2v7da096vcvh0ce7q2440l388,335E5D27DCCB2770566CE9FE9C908BA3
nptn2pe1ok0s8nfqjn76214esa,2F4725B61B33001993B2FD6701BEF436
2rqrea9pa62q2nbvnc1qeg4h35,2FF2C7EB69B16532B72F76C4CAB64B10
fg5flrd4qelvg7ojl7g8ol1se2,2DD25C00A877783A6F9EF8DCEA01D414
ajqpcrc3n3oln48r9p4sbdvbq,33E16734A5892E8F393898B8C0ADB3F7
vmo4hnsmsfcasmfqs5qb2cmldt,34B60DBD693010345190E50D7618BBDF
k0ccnen5eha2k0c6ok5idbaob0,31FF2A647573D9D709D5F851992387F5
t3uij4uun6vufbp34g68agpsuo,2DF004AC256DFB6333976A0690FB6830
15im8q45735dn6omrpj0hpag9f,354039C3D333C6AC74FBFA79BE56EE65
1t322ffd87m72v3pudj499tn1j,306BB1C8D7F0F13AA6B08C81C96B94A2
6m50vlqs0l0cqlnfkkt7ulbiar,32D0DF7F806605E8AF2CE766AD3CE2F4
ua23r6ov4an51npag5drqdspkp,3464ABC37528234D99C4E8D49B7E5AFA
ekk5le2nsdi4al9i4jv62019e3,336DCBA2EC86C0E7E31E84829FD3BFF3
gbtb22lgenkf7cu4rf32g40s76,313B19BAB85BD5E323A3495C627755DD
5p6b949jlmansjnrkhqg044u86,34FEF8224BA973759BD15CDB0D27D9B2
nieldrnh53tnarr8lhs0adqn63,330589E76A38669B70414DF7B4251849
jsc30jnmgrq3oonqrg6108sj30,2E59F04163C7118536E9E4E5F00BAFBC
4b8ciqbs8u39t7qp34fppqn0n8,33507204CA8B5793CE3378EF4E4EEE2B
sc56ef8nk916l725vr5avfvjtp,2C90A478EC69808D0E4B174DBDB2B782
7f11g7i77intgredm6fq3iade9,3141C83B7FEC01285F356C41EA8933B9
1hcgpguj3aokev2imj2c7lt3iq,305C026E61812C20874B43DCAF1B8DA0
rg3dt543213u3bkfbkb4utekm3,2F1C51ACBA62B1A339566168952949D7
fiuu4jq34d69h8ikui1j06saak,31B27A40719C06BB8C7C343D1E636C73
2kgipnqrh2j6ujdnv89bn10b9r,2CF6A3B60346FA663B179D8EE18532CC
6rsnk907fjf34lop4jf26vgm0i,2C9F899BBD4E526BC10F9EBAD00ECF24
dk2ovqtdsk0e8binnk7b1tq5q3,2B223A44622291D3EA21D7421002B8AF
eq52tgl3id9e5enmjuv5r3kdgp,2E1B3D8ABED72E78ED94FB1B918727AE
h7pdtbt9tq61rimfkit50sen2t,2DD3550834E6CF4E8E4114C6386364DB
t2afj6a4nbjuu6of90m983u9fa,351117C35E0024714C1DA849F4770D3B
1v4o6u02gu9d7oe65c3sii7246,3187155467F700B58B4F46EDB921F094
6n848vii2k1fiqiqqv07m96fg7,2B6797B7E07D37DD8FE3E06CB2B91B1D
tlu1t48636fhecvi47011trr7o,2EAA0F48927F462ED34BB26B69459759
ft1irdcgns1d34iu7bv3tg7rn8,31386B93E1AEA1B8E423691793231763
eb586s1ckori31lr9t2ttoe7gt,35510AD73FA0A11F156765CA7DBA5BF2
vlacr1v893idchq0mlv7m41lfm,2D96BC23B53FC3334D9100D72CBA922E
marbdk8f0cpr9hfk4j73d1i0lp,34C7489EB3A73F8262804A5B5B896EBB
cq5sdavji5qias9eubm7c6lqk1,30E091CB79BB7B62A4C956B95C6E2CC7
j3rhi5rq7fdja9aaip8jgft16k,32A88C405EC7E4A297C34C7568442C8F
u3tsan8v43uklcbi8dbpffhfm4,2B58D9385814BED0B7376EA751611AAD
dnac3mnsvtt2cb8df3p07rc5hs,301878B4FF76F1D208035583DC28656F
v6qq52l3vktm855icijle0adk,31297E8B1699A47AF7437D3E667E7FEE
qr5ahb5jfigk3buaf7g3k6i8bi,3231EE3F927FFE8A33F4588E6BA3D8DF
4k4ldja9jl4f30aiem2diuq0gf,2C4C5E0050EA99B9E391B344B712EB32
ifm4po7pfi3t05806h8ssb20e1,2EC8A8CA033368A067C77611DA692D41
udm4v1tdefvb62i4lnms5jmnku,32BA135AE548E3DD7416589A66DB2405
rabv8m9q15gs045ol6bn15jkbg,2FD90245238B7A006348DF800F2D207F
77ekcjem9ogvc1juas1oieedoo,35315994C7D530570806A07215580408
2st658ktigbsb5dbiche4t139r,34C56FB283085CB68D6AE2D174DD0B20
c0p56r5vtv9bbtnc8lbiu2h7ea,2CD8E2FD7EEA7513D364A45843BE5217
l2u508hj5cpf8c5cc3g2e5fomd,3555A22761B3B956FB92B6F04F722C83
6vuok4gbu91t3ootf1pv372fft,2D9593654E62ED3F0875653676533D1D
sk2fof2hh65hcquochf76cfr64,3358AA0FAF9AF5BF667C0BB92E8AC0B6
5dhfp575manmlvjle4ovkvcd1r,2D9E71A9B438D0B254821C66CF42C841
vkno4kklc4e9poi6rn5ijv67cv,34A2C0232C675539312B309848CF51D5
gr6rf29egnnc6labacc72q866s,2BB47993E0FA1806B60B56AE0073877D
oqv4i6cvvjpvtdqurfqt36pf43,30C211C2C0AF09FD4D0EC0515636057A
ta4fjagv5kh31lg7eoptfme6ee,30DFA21AA9B0F72BFB26B52E50487CE1
s48nk0tdfmadqqnj7ib6tnimcs,335B7BC5A9850701E0FB90860964A998
5r4c1fled1mvh3ok4avr7p67ue,31694F3A602C22AEB318CB4368EDB67B
i9jlm23scrhvcuoo3ebr0bhr83,345E477CEC347A5E95CE82942FDF2811
8jd70cclg74u67r7tfg870gn11,3513C40FD826BB949A334034177E1958
eetc5a6kiq787p1dsjgnnsehc0,3364D656BC846E64EFA1782D1DB44123
u0026ipgpughqiqnomhm6mic1r,34130DFD132CAEAC6271DCF748CECA0A
67g5rlrvn68fmugt16dcdhd7nq,305BC1D95FB9841CCDFACB7EF33F3477
gt6852h6gagitjnfrknprg8luj,2EE7C337074F5F070FE74249FAFDCA54
4nhjjuc9h81713krua8raa5v02,2F9E40FC5F386CD826F4CA784A3A79EF
4tj660kucnd6lp0rje8240vfta,311B44762D07B03CAEE77B0CACE071A4
qvcae6anbcd16d2re0i4hsl8ik,2D35C2A2EA892ED65E4ECEA7A46BCC0C
oo8kl41d1cmvoovuol4a56kkq5,2C6AED6FA88B9B5EB7BE14D636E26791
hf9ihkslgp9iqnhesj08qrbrml,2CD0176055A78EE18ACC5E4364EE9FE8
9jrepncln0jrkdvti1cji5bpa6,2BA424D12EB3F63C255234267FF10F21
t1r4gs26knus06ug0dssvvq5sf,309425397413A7D36C885FA7B9FD0EF6
5it5hch0h5ap0s2445ubvnecp0,31FCDFE2DD40AD37B3563723D0E31019
6qjia3evcvile07123s588h8lj,2CF99991BA094FD8BA82AE1CCFABFA37
em2itsechbhqkiahgro2coklfo,348E797547F8F9E7FDDF50E8495979BC
lm0e10r8k04l61iff8hs621hrb,313065BE6FF5E1F036FD8A8CA9CAED07
1rtv406mofcmhgg6q9ifpahmgv,2B62ECC426EDBC4035DAD1C329E392A6
6t6lh33rku6u7lqip4q82uif35,32A00954D86FFB0F88FE21BCF1423288
qfpareddbcoe0qa0l9osj4ig9q,2BC09784B21E33845AF5E8C9FCCC3E5D
vuk2ap71omubpjcs3mk7i0d5f1,2E99951A5F53D1F50FB40461EF380F6C
i5rphp2csn019qu2jbsmr45rc1,311204483987A734EA0A6FAC97FD6BA0
ad5bfi8sdv9mej0fp7qj90od5m,332CA37AA40CFAA3BEF5E624614749F0
66ll11brnljht0cv4n6othptk8,35128E80004F288CF89D91CF29B191EC
j0sopopbu2tchj953u0mvrtqcl,2C7A391746B094C72835BC554E46DC2A
ccarshkdaivuc9uvjpveul7jhr,30C3B9B4BC94A840C9819F653099DC12
v1dc5sfs2uuv2jkuup7mlqd0cn,34337B9E1CC826A324247C1EF5630AD4
psqqeg2p25u21ni8f7k84m9av8,322E1DFE4BBD1F82441E90BCE2D18CFB
1l83fg3649sh31ggr9fal7vthj,2B5C79F2A86B11506B274D2A05A348D7
ghqou071ebno0bqvsal8j5gr7j,30ADCD5BD6B717A4460495A7AA3EBBC5
ostscma8gn41r7rmgqruvfs3a9,3164F1290D74E98D24D588151D1C5A03
nj8s4ht4t2a7poemtu1mp0ee6j,32681AF1C02E2D0A5F38D3839B76DF9A
4ukb6l48gn8uq3nikuuk34c5q2,2D8079C9B745B292726C447081FE39D2
ils343mcu8729gck1ng87r971q,32AD58A36789651582628A6861A96F6C
bl7i0aa23ooe7elg31jc2kk7tq,2F90FD910E3DB4A54418C6FE06EF5C3D
klqhimk7us6hch7tg1figu43an,2CE3CD1CF7A31533D42011AA840CD448
am6h2vfrfpbjir99p7mqaqb5is,2BBBA7D884CF3A559685994DEF1ADADA
2r5iejg2kq09ej6pnafbkf87qs,2BAC8DDBADFA0F6B4F415E5D62053772
1mvfrpl0qi2qknqbskdf34mfri,2D80E15C80CA6FF8DCEDD3F9880BAEBF
3e641u2ik29ftmdp9snqudkrla,2DACE105279BE87A46C23903D9A02422
jl9mojscl89b1a6sjncbmdjrus,2FA6F1BB7D672300867F7BACAB0A4D62
86qbdjlsrn280ofvfov0e5g7jt,3322C63A7B0ACD0AF40DBCE56FFA071A
23k50ief1f8ihemoueh444thtu,3412EA1DFAFABD4C8D499029010FB544
t0gbmnfvku5sbdjq16v92ibpu1,2C923562571406DE2F27EEFE6697DF1C
sa4k4a7lfmguvpcu1shp11ii3s,2AB55C656BFD3E42540C8201B346E01D
h9hmgr6nqb7a28ej8bp45a5u9f,2E441E051CE4447E26597A0ADA61A211
9rhala072ipjejmgol1v9o3def,33C1AE1126F1B6A67A77259CD359B6B1
b6artva4bqto4biinhild3veqp,2E3B70559A08A2268D2F527338121184
v9c5ourk67pcj527pal0kl223m,2C724571A91A214D739304D29A162E58
a3f54a04gdu8ts22amejfg7fdh,2BD1B667E45A3A7234D36DA57BFE089F
ocm8e91o4kg4qu18itnv22unlq,328EE3213C8D05999FEE1D6BFD1E5630
66k6bf59lgqnntrpi168u2sbfh,34FB6D088EB585C70569FDE4C5833AE6
ksjv8bslitd92q0g72bp1hhdpv,2F22C62325F59A9CA7250DF3F13C6887
e42j29d7jflnk7qctkp1eihc4g,2F45CA1E0C07095C5BF4567FB3A282B5
v1mdpo8tki6sa0gq9h28j4g6vi,2FAC5C3DF52E7A505CA81ECA1038A168
41ckimd882d46o58kgb9kpl1ra,2EBED4797281A684AB274DE5AEB69E91
d8if0q13n93moidinmmrsm1m0o,3281068C589B78661DCE0758EB342025
3ccs69hjd4lg796od0b5t93kp4,34B4A4FF78C403EFB52481EB7D4D6215
dik2ln43vs8gncmt50as2b546i,30789CD138FA46750132652412F23CB3
a1vaj4r29sf3n4kjhrasuoglbk,3315CB60DBEDE2771D4B8086F26BA7CE
jtleoljvcrfskqlfq9220ns1jo,2B76A0D3541C15DE810543646C6D9252
4uacdsiv41nugjif40eu4vm481,348F4383EB3E3403B347FFACCCD8CB09
tk2ck6su6lvm8s0ka8fulah9i6,3555EB3A1F6F64CDDE0F96ABA0DF6A1B
loplpt00ojktt83o5o4npek6qe,2FE09DE99C4F42082E7A0DC6DC068646
ke5p4nntt1s5tgfvde78h2n0nj,342961809BFEC35C25272C91CCE4626B
aqatvtafps9f50sebp707i11v7,2C5ACB59C41ADF828FBC1C549F023DF0
2ta9k4vablbh6t2fec9k93ntuv,2E5B538C92640E41B9651AE604B7F02E
4umu2i04v9ci3594pp0cvd3qn2,2E2CCA888784E4415FEE2FC2FFE8C44D
ee7ts2pkpbav5pgku6klmd0e5h,3227FE8D4654477C62C3D1E665EBE35D
94138aea54ftb08330s71gltn6,3272E11DE5A899A8DD20859EB50B87AC
qaedlf61r6a2fb5g222mdjckh6,343D9053C1E67CB44E228850B0D2E604
nlscrd31j7s2d78107hdtgiqm,3210FBA1038FE16755524EA754058AD9
tdo44fdsnon9656k3ptrsbf6rl,325925EB333EA604F832A84BA399A87B
3747fluoo5oak6e5513vu12nni,35323A12BA1FC3ED28C76FADD822517D
tm6tiolr4722m1brs6en20kncj,30A0C266101E90BD608F8C971C57303A
d934c3ehg57o96038efp5s90ps,2F04AA8A02B41D569F86DB2BBDE96E10
n9p5b5d2bdgqn4hnpslcpbiroi,33D57C1FFCCED6BB0EE7AD587E5777EA
21qmrh7a74137a2483uc557607,30BF96E4F3169346D7604A591F7618AA
sp3pcp8vdggj727eppnu9lttfi,2AC840310A377EB1FA6FAFBD254D4A8E
vat9ujd4dpbn61qntgvbh9808t,2B74D0188F61EA0C3B5A318D3576FEDF
gc17vnti0df16lgi6kabdidfme,2F89B85CC81454CCF71EF35633C5A683
5vtp45det6j5q98spk428vpuvt,308DB9CD90B949E45AB122B08B774B44
f5g446pbmv7fmv4v6a62rkep5p,2E556AC13C07009C86C7F83C6B22AC30
9u8lkmevlfn4ps0qcraupkd68p,2AE2D4C124DE369B812F627017C6735F
7u0oaese9b5i371img5t8edm50,2B1DD9D144D332B4ACE4DB54611064AE
hoe282vu88hk3o0ukoj41fdpg9,32A2873419E02443B60D8CBBBD53B1B3
q3b9ut82l167ugk3t3ha6hjvpv,2ECF9AF292AEEFB08319837F31610EE0
41nne4rtsvrk3isjcdck97pma3,33E9EA4B3B65CCCC2E1A92BE00F78BB7
hlahosek67v2bjube18mdb4udm,2C630EBE9BF8F887CC4CDCB8ECF38C4B
6lstrgvoav44rhm3qg7t21a5m0,306103218B111007F2050D9776469AF7
91qd3qe0uj0o8ab767gtvp69hb,2AF9E49D9B7D0B4C952AAB9C37749CD4
tapcu3atnu3c3rqu6oemkk82ns,2EB920452F90817D8258B42775E6F24A
uu63j5c3srj6eobd3kest09d42,2C569F347003B7188B6A6B46FD792605
ilm99furmh3fkcjt8dd1ra2o6a,324828C30970892EB693168FF8E060A5
har3c7d8kjbna714iktp5elgra,341F95B195FDBA1C6F45D396ABF881C7
u8i73k868t6pncee1a23v99tvi,332197A0CD908582D6BAE455030FE228
rrmukrp1rcdg29jcgatp52sarb,3490E52070055DEA2F6D1F9F40F2B4B7
9sp4feakqhc7gum8geuq83egtt,33BF6C43C5675E74B4353FF64D2C4DFC
e9dmlg6kn7v05cko90mhje7edd,2D0F06EA830D65CDD15BFFD3617ED3CE
et29nc5s0h4ml2695suaoar7tp,2F45DF770C784D9FE8785CF2BCD03BB3
nj46ljvll3ohtrcnl1fn9duf15,33FE1EB1787DDE4B8D3D91CBFC34A019
f5hfaqvih8smklncjvqsnn8mg7,3150A117E690CA384BC7B90877C1E55F
de6ad74e3hvad4ckkvvr6qsaa9,33040359AEFB1E752E206BDAD50EA16B
i1tgd050ei6ca4efgvcki3hsh8,33BF73DD2BCA7032BDB50D3CC2012F11
dsu07porg4p9ritrhmid4evo79,2B6027A7A679F365587CD7CA1D979A45
5j3kl58ru23vv6kup2mhneell0,33C3AEDCE8A412C6E603A94AF535EFB0
nunfbp2pdb6ohmf0s0ihjvhn0a,2D3A776BF01CECE0892366D8EFF7AA73
vi0j9v4rpd0edrh9dql08tnind,2BB506248D1CA250CDFB46262C80BD4B
j3qg4v671toqd9o6pj9ttfkc1b,31062E7316AC4B84C272B876242F664D
vtjnemts8qpkvdlv9d6g04u211,2C8D830AF6FF5CB9D86BCA4B4F02A932
d1tr4eo2srollo48ltoeat8to8,33B80BE25041D0565B9028F6F44332CB
rm8t4ql8gi4stanif4sfdn3dbu,32376C537791E0D89E45F5F05ACAEFCE
ml6fh3mpemujckr7umo9rhuo85,345A7FACF3CB7EF8BA3B74B98C1C9D69
bet236n60s4bee06ge30chdjr9,2D7841972DBEFADC1FE0FF316D6BAA87
hbo2edboj19mje3njrt33chnah,3077D0F99A4138CFAC221AF15BF7AEAE
n6tv06l869lv11daa3f2ijrp28,2F8A3F2C9512A94FDA06A53DE97E2272
vc7j593t9q9f7a1b628qim11ro,2C8051311586599A11CE801C874FF1A2
6n10co8vib2v92k5upl98m1s7o,333B9407DB363BBE786AEFC378808B50
ll8jhuh559q6rfm38e2bbs6uie,2D5E62ADA493DA6384FC2382F7885A0D
i6vodlv4h93g4h99dfm003u7c,2B65DE904B2D60BA8872F1311894FB4D
rq54h8pqan8dunh54eaui73v1k,34EF0E094E89B7DAB896862BBA53561C
fl9b0q44al16vu23f4jsb6ht3u,2C263CCD8F11CCC975589C3008054BBA
asvqm4r17qmgfs2uf92qihob6q,30AAAF69C0D0C243149D8B9738F422B5
4hktbf24j65hoatfua7gpi899b,2FE572501BAC6801E743B7EF16BD4A72
9vlpd21c2qa5ffdcivtrbt02kq,35045DB5A7614C2B358E080023035ED4
6jfjqjb6henabqf01ikjlmdm2g,315472B078ADC02AAE1CC9E1E5597446
f04f9m3spbk6i24n4qf79fc836,33E5B5125D6A3574C87A77F36DA6A720
tq3pou7tr5do2bi03sancmc5p8,2FED89D507642AB23B62F90B953F71C5
nri9j6hfb45vu406jvje7pipl4,2E87F88F49B98F6AE9CEDB8FBCE14C97
6bpqlb0jtuug1n2c2jn7c1vhn4,33FEB89CF5A7BFE083FFB848B211E509
acdro6g89bh36hgi0lvjgiaifk,2F751229FE4AF3519AD90413F4982470
5r5iis1rg9jh98mek1ms713hss,34C76988169B3F5E56DC596A7B921195
jf649sggjdkp65acolpgku6ie3,31431D96791765666C2600F18D856CCA
mvlo03qn8k71i3jos69rosfamr,337C01B5B0125E80D4ECC995925684A2
73s15918h3r4e8ljdamhkbaaud,2D983C49170BFF19134648A03FA51BE9
u4th887ue1t3s9laeu385t1l65,2AED68B24E32C2BC2EDD07B106CA67A2
1e1fsa09q8hiqv5ibh8803q1s2,324CA2A8033B5EA0FC38DB88221476FC
6pbpe1at8ut726ba517psktif5,2C1636D481A37E8FA36F48A5624C9BBD
5tq82lru0d8gi418tju54cu0rv,315A48A5E5E0B95AFDD556EC3BD01BF3
u02sdlbm7m354n2pksr0k4fgsh,2FCD198A16B8DB679ADA12ACBB850BD2
p7ken8mdq9su9fktmdo8rgufkt,334BEFCA166C780FB67AFC73436B24E6
orp6oi9slu7vums7cke81duirb,2FBA3AEC3FC9C2DAB37A4DDDC72CB04D
bgeqr1nocj92p6b4ar8l14vu3t,32EC8F085EF1E83F61F579EC51F9567D
3ppeavj4n25sof6jgbn0hjsa4a,317DD85B28F7D5F0ACBA5690DD8F7929
9qfpjdiljd06m8tkoac4kcn0jq,2CC789A81F9018D97B22D760CB8E1021
3reatl6e9h7fq4oaknbvfrfi09,30FBC6739A18EC3FE0660A6EB25B59DB
ofnf4smkggic9urps46il69ev7,2D5916CEEE48A677749EF90CC3EE7DDE
k8nq65qf865ia9av1qvi2dms6a,3480A48EA559D0FF1905E056D6F63765
4p9343bvorcg5s071ljkelkrl7,2F69B037066214D967863E0E10EC66C4
qjppqosk815n5rakanueonedlb,33C74C7A643EB648970349E1261AF52B
c3rrfvmt0h7bir8kp19tbv8t44,3166172C4E002F314B7E83B730147F38
e2056c4l79sm7gdn4ofpq0v7tv,350DA6CEBE99214F7B1C6510EB76C00D
b5ecbg24d28ej20ikjdp5jsqo,2DA136A138A7D29FDB798414F215C88A
gtgq54u4vg7o8j8fhgq478gcrd,2AF9752002A66DDFCC5FE225EEF1F2FF
sattj63eiua5qdh1ehl7qces1v,2BCA7702F0E5FCE6F35DBAD4709B305F
d2j54uvfvt6r6h74hl0ri4c9ts,2AD483E4A41FE0BE4193DF83D2248DC9
phs7n7sdog4iphjvp4clkj1dlo,3189EF243AE15ECF3CADCC4FF6EB7DF3
jef4v8bg41bh7q1eb81cmhhf7u,3416053A981BA5581F0CD4D1B7155D61
quujoscdn35vpjh2ufvifgfmbi,2BFDB69E924A82F6F6C4F302C3054788
3nn0lrj6673kkofbuqth10ciqf,2CBAFF145FA8607AFBE4360052BE4835
qkkcdlrnjeu59ad3fa7ehidqkp,340A4CFD2975B517CB84CF7A7F87AA0C
qbj4upnf4s1qk5ne0s0gmdkcch,2F62FA21AA852D2FFB646382B6FEB8A6
d4eoj2v0qr7af3hbq4l1nuc08m,32BFFF93F249A5127D529EABFAF8BDDF
jtaj9je83ma42pt5dphqh9kv8d,333EEFA863B99FB060284E408F6F05C2
op2rakgrv294j9d4diob82fmns,30220C93994F3F1A0E8B9A9DC5AA61A6
vtlm08hketi33qojpf94nkqh0o,2CCDFEC647358199AD393F79C517620C
s6nejeunc8g5bnqkdsanqkbu2g,2D958F98C542C862E942CCF6A9A5786D
7i36hfg4ero9m27fs1s7qa91g,3469AC0A483DD47CCA198C53914188F1
ai2o1tcn25peq3j5k199ms5hmt,330AD17561D30FA90674864FCA1A89DB
rttt4v3r984afmh8vpvfvf0u3s,32C3948673F72CA233376C8114066D6C
27r7p77vlr0ki9u0d9bbt9atl8,309DF7F269B10B664FEE1ED3CEF531C1
bsr0jk30n509pkfrga1n57stn8,33430573DD022B25569257805578F602
g51ojtt6jau7t4e180qqrnd7va,2B1D411DBE9A349693E5C02943A680AA
lskr5k1loml5o02uv0hu74fsp8,2CAF81BD4F22B8BF6EB200CEB890227E
poeucitq0q3bg5tamqhcm36jip,33DD2492BA13F194E7CBB29754584228
83cmue6bqhpj51i18hnij7mh9,350B6E7F9023EFA61CD993804468B8A5
bn66fsp0sgv66d4fjmcjfc00kt,2B9D571ADE1529289721B382749A1BF7
ibrh2vdlvqgjc3gt60auotbmu0,2EFABCA4191106E4D16F1AE47BC814B2
9nmc2iilp9a60d8rq7m7jje48u,2C7A6082360AC4D4F60B038F2226BF09
qhkjkhghv92kugbuqvepksebg1,352FE675F7C3E41395619FBCBA2B0859
ijq3i8tf033grfmofnhqdgl88f,33F3BA13814E4532C103447CB017F5D9
348p9hoa676as49b1pgtp3jgra,2BD338C54A66C9D9F1417EB0F2B33C54
al1e5etki2unkti67htgkqt60g,345DA48173086B68AA4EC9F219FAF195
6h5gngah6l1j8ila2h22aqescb,2CEE6AA54B9AF01641B51B809AE66FEC
93n67l5hjujql07dejdpkhr3n6,34EA2771DB7B61E21D5F69D3B6276260
hsu4eimkrhe50t21u1lb9k9g2r,30D369208247A25953755F8B6B3494F0
v30lntk3g2k0tato5qm2jkl874,2FD355F4FF1DD2D484AF359C228703D0
ttspueqi7h9b2opgfrft8ni4jc,2AC72F7D828E5031A5FAD72AF44AF47D
t0ru6svi90pkv425fdie4frfqn,3053A7D853D67A42CD876B0A0912B973
udgjqv1ssfhrjc75cfisbtej5f,2DC306D2F72DEA90BA98EE07E429267E
o0q3mp08ckl5s3i525trofg1n8,2F6D6B95E6A337F806CC552641FEAABE
ma3q79no5plvmpbrhgm3uqcg1l,2D14885E18C121E2051B64858A1C8558
30grtuhthtff3v32p6s854imr9,2B6CC4694008D1BA5765C5564479A2F4
jpk64r06t2u20p5k3r0nfrk6vv,2ED4E4B5BCE3BEE44B5BF5100A607047
l3aks2g30scat2oc3phaek454,2C19A20A307955A0FAFE43A8770018F3
gnke1fmjqn8ms1egksrhporh15,317E7FF609A66D2D1D9D2178B0FED8B8
dvfl7rfnobmqobr5l0gji6rvqi,2F5893C7E33158106275F357F94948D3
ia6tb1vpnubfi78r3mf6cqh7js,2E581477735AF8AD47A6018A81212245
5e0dnfhin5crl0fpnlnnofi3uu,2D636FC1EA68CE9738C06E6D72A080C6
3d9sprepbkj6tieeg47p5diits,344F6C892A397944678075C924331227
rs4pcn9n7v9aere3r6t7fglk1c,2C63477C708087B4B092C72417A2EAAA
frrmolopnlt7ht6oj3tsnlj9gt,32704B71D8CD04D85947B686D35D0446
tbp9n14i91ed3hlkco77php1po,2C9D151BF9BA97225375253EB21724E1
d1f0q4evu56dmip67vo82sijfd,33F33ECDC87DB015386A822D4D83B75A
mvja4smfe1jt3dtufmsgma9k15,2C2BE29617F689A3862B55C5344A92E0
vas50gakd1koaljqhdfj9ou8js,354199135AE8439EE2D3D150901A197B
i1rm9h3o9hn4ocf07oeqfqbben,33333DFA288904FA3347B72691D932BC
is06k7vrpclcllotgkoq8pqgio,2DA70A5E771A43D4E4032B817C52FD7A
osaqj75pluek620ohoe6ciojee,2C4A9D8AD31B9D97D1084492E7F03667
s4chn4jpahr67lsehe7l5616ra,31A9BAADC2561E1D44DFEA80576AD972
q61n25ja3l7otqrhe8a5l4m513,351E420AC1D021E522E9FCDF38F3E2F5
2to894pc9mjue4psv65hn014k0,2DE70AE4CE82B0EBFD8CFE16204AB142
ptb8lhoe173rbjsoqo2efip149,3137FEFB21494D71F6E08A0E611B62D0
uta8h36es6460rji8k57neo39a,30C205C01C3C64113877131EFEA24B0D
im9dhpsh0ooitmt7lt46m8unvg,301860E430CE9B514BF69AD251A03F24
dv5inpnje2llfv9mram3os5n8d,31FA1E4FBCC339AFA7EC67D29907E4B2
6vtr6gavc2jtkku8jvrp67hj16,30A66D104739C80DDDBAAA80B4F128DC
7ctiergtv203r9bgqvblsalllm,3074C67EFB12D8369D7F75F1F2C0E121
2a7uoeld19qc96u3shcc6j0qq6,3377EACE6E68ACE1A39530B4F9B0C2BF
r5nt8ef6tajimvgp7mahatgbk4,2BBBA00839F63E4226202AD9B1860313
r0knip1e9rc44aak0go0i92duc,3450796B8EB51596C341B296E9EEEA7C
1f1t8g54envthu0hi0oo4595bd,2B53D0D5B3F1B660CCDB05408050CA10
hn8tlppl72l2fmuauf8tkdm64l,2E935AB58A33EE388B5AB2FDEAEB1BA3
llkfn48adr50hob3grn9ggb5ab,2FBDF356544CE737B1CD7BF8098F1847
pghgnpjp6s44r4f40tbdou8ooi,2D8C5E1331DE3DC76F4EA213E6F39430
5tpuepiubipp2njltgnoul5b5p,302592523B4FF75C7AAC9A23272A9DBC
sl830pbs7rq370c1pfbuovj2l8,2E139AD5F6200E4C8CD1A5FFEE354746
j28lup8oo3pdm2004216vo5cop,2EC2D3866131BBCF393AFA098F2AC1CB
qsjr64skkiq2c7dff3c9co87ku,2DD8571FF05BFE057C832E24A5F03767
17vk9jt26fnt6om8f8uu7atd4o,33BF3F2309C0E233B62DEE14F3E73539
au2ts0n2i356776tgjq1rsprkq,2CB6AF2BA61472C6EA2F1CEC5B25744E
f6nt5qqges74kd4j789nuu7327,338406B4C5A28215268E9C6DE36F90D8
61a179p17q2scmih0hnh6t38he,34BF7F8F5FD73A63665C856044BB325A
d0691noqtbvvq0avlob74o6nf7,2AF4CB16CA7E169C018BCD88AE2F0E6A
5qsos97sgahshobdrg2ncji20r,316B9C39C7AFE203E26469EC06A8B53B
agrhpc37l01b1qbagg4qv9qlvg,3161AE10AC76CE682D3039BF04405C09
60gvkcs599catfba7l76ljpf1i,3214E6AC7F82509764F7797D64354BA1
c1evgld4f65l8k21oc87mra7o5,2FD1C07D9FA037E78AB4EA82458765E0
a9eppttc7d7ko7rrmvgn8l299u,311CA14576B429443A16D05AAB510423
vd5sq040tr99t88ebqpoudamut,3083F4BB708C0026792C6B560E3C1534
8v90ofp6scnjtjgqs6ujoqfce9,31864874519BC3493872C02DD9E43C0A
qiu23jdv867pd4bqiv7gukbqpi,2C626CB2C261D500069AFD06974A5439
kl52p8geesopv0tuhov882o08a,2E2A653D088F7063455B4FAFB02FBB49
889rho6p1j09qgneafmdlae94e,2B6E4DD85DBDBC9A2EF425B7E08A949B
k51d64t4r68cfqu5osm2idkhed,2AFB4C4CD1817098A03EEBB6E9926D08
nmt97sm55lr357eumokhg4kt1c,2BE93E0652F5A594EC3BE176062A0F3D
7qa2d7pg0vpb58nf2bg6agtbgc,2DAE05F34E9933B58F2A24C53D80FC52
panloh11d227bnda4kp1algj08,2BD7B74F2B093D5CC9FADD083BAB100B
lm7np753buii5aqpqvrupc0gtb,31857814DC6120933465A352A15E5630
esih1gj6q72s9kir4n16vnl1md,2F0FFB2AE3503D0D3402B6BA78B0A230
8b3mrr62uc76rja1unkv71khqb,2DC68CE6A89C19E69862255B2CEFCA9F
o6s8hur32l9gcf8soas31n9cqh,2B453E547E64C005393EC40871B4C2C3
pdp75b93p4v425s08un3fjrl79,344D5690C8B9A13ED269B03747BABAAA
q3m7cedjkr5vo77vi91bdfi5g7,345CB4528F7F89DCA198E6F9C232379A
6tkct58q5amadgvrlg46ttnh6k,2D26E4D5ED65A1D921ABE4413BC03B3C
p4uiolmnvmp40i4hphtgsjcrma,333CE999458F39578F6B8E75510C3793
ecge38576riegpk12q1k6oqlqb,34CAF8ABB5196204EC5487B3CA544262
aek5pi0phbciqiu3a3uq16h1up,30618C62F185086AF7EC0F7DF6C34F2D
8krlmndphckfse2bb2vjampske,31773E9FE1C68FED7AEB88A35D3A2D7D
orsili14kohm2t5rh983uqb98p,32CEEDF15FAED1E2F20BAA3F4A33E8ED
9r47t0c7j0v0hd03u3bakndgic,2C4258663249DC1E3D1B20881BC0DBB3
3ll4vl8rr3d01kolmksnd3gpbs,3006C4810C0AD8B84289FC199693BDC6
npfhc4fks7fh9ag2a78ft8rkjq,30AE0BBC26FC818F7AA340A267F63CD8
ekmdoe5taf8sm5a3vs8j6oitjp,3182866CE23E332225D6D24B211AB5EC
sb5n5h01h22slgnvl7vl4o50d,2E18FFBFD2EE16B1D4016E912D94491A
pjjbrpurqjprfgvrmkmo4d65il,31E7F845AE9309A09EB4407DF0CA864E
fu1tsata2tk417p0r7rso5dh0i,3456F2CE97C02FDB5B6AFAA78C7887FF
9t8tkmnuug9g8n2p88chhj24q7,347167D97BAE6CFC2812A19918026149
2rfevq6ar3ke8sp6gvi0099uk,3291BE06A0AB67C99057352E30ED7D55
j8igqrcc7lg0kpur9oasmujoss,2B79FC54D7553F52A024A11E28302CFE
673aumtj1t1o3a2psvi8laaien,34FEC2ED69D558FA6811DFAFC3AC4DD9
oq4vhrsl77o2vl88r14qlh24oc,34B454CE159FFA5D6A66BD44AFDE43D0
gk8vijbas8rlhcfvgmogio16m7,303B44281A5147C609D27D76B177FEED
u8pgp4ssuggihmn6q9gj699n9d,312795D9A6D90C02CBD829D677DDCC45
p9ceg8aruvfo050gv9v8c0gtsl,31F8A688B9CF2A4BE82BB123558F29EB
ci6bp07sd43p8gg7jbuh0shn03,2CAF16BD7B3C87472A5F11C2A22D9BEC
cnheh0cbvbp05rmlgfppa23jgu,2D0CF287B913D749A166E67EDCA74A65
bpakn7gpnriiuo1jepg858bk7q,313C3552CFD7F9E2FFFD19C49520A951
j0k6btruucnsvq3kp7178s008f,30C78B215DC39F60E49757AC54E978EA
eg0ci6ughi5m7ab3b875n97aqd,2D3BC621D3434D6855B11D85AE4A234A
laparrno9kq04rfmqeglrp2dmo,2ED5DB513DDA4CCA72119170C6EBB233
a23dl3flhtrjaio97bvrt447ca,33A99C3AC63661A38138C7336F06343A
h0m0mp30dldik37l9krvv6na6c,309AA69008246024F5E3A6BB9A9D3A74
cl0f3q1fc28jsrd925jkroatjh,2E2B2DCB5ED47F656731CF6249C32690
b61gfhksp04ofd37e0gm0qf7sk,351D3A0A9A3AAC69D8BC18E2A7398CF4
mqevgbr97fk2as6evperkm5fg6,34709C03307C258C9AC66125D610F146
bkdqm06evmvk6pb272umsbohdh,34DD9F8636D09CBA5F7A0690227CE73F
jd07cd2h3ualhjp7irlckkk6tl,32922A865F6FB88B6F01E9292072FBCF
dlsnpqrrmgaopj8osmkl4npd0f,2ABDC9EE24C90ABD55E5E5D31E3C21CE
4glkcl5j0mv198buoe0ovhoioj,330A3893C0FF92E15E522C87836AA179
8jldoi8n6t7j15p2p2l5i4rkq9,2E2227A54C3930BC128BF430E3F53C61
8066uttvuanmnm6vipk8s2p8o6,3185E65AED1F5CEF0702135D8BE52DE6
s64q5n6ieo2c0m7f27quv50f4t,2E45033BBFDAEF97093FD56F243704A2
6lsn2u9po669e66gu85leq75gg,2B2FC6DD1507433DA4CBCBAAF2AC85B7
eko8t2asgujmrk11knv3pt5mmf,2B6EA8ADB0495AF0934408C580375DD9
kg2412gs01see15360i11s5sh5,3434EDB73D4804DCAF531BAF95EEF145
4ib9hkc3c3mqpdc0imgaadaqnb,30841C66510D2BAFA1279DB44BEC22B9
mfanb2mqq0qer4sdr72tdcu5vn,31D718A9B92A90E7A3EF402196CCC2B4
7qg623tvp8rm8gnjkeb3jg7nul,330EC70DD059A3DBFB893154B44EC73E
90e9nu8ir4qa39ilt34a6p2fvp,34A8D19E26F11B5B2BB417D454651F7E
6270ug42konqbppvfevlmgliia,2BA483A032CF65B570BE822F65867F2B
v5mnv591b8vkmonrb04a103e30,2BCA5CE73881785FAD4152D1786761B2
97enavbckqg3n55dtn7oeuj2pi,2CCD93ED7479568F56F22390B8E3E10E
qfb999oec7d0c4spdptrpi6d7d,33DDE866E8E44C69CEAD832CF4645B2B
8cmatoscl42qggda3kgg8gqe23,344BFBA080C45C1738AC12BABC86A10A
tmanpd2bl08ua0dcsphjn1scp7,32C6A207A869B968587BD1F29F5D3B39
ujuj7hlqk78o5d4gqur7op3pqi,341B13435F2A05DE55FA55237BDD80D9
j8vhjp3gosp5ol5qpkuagqcmt7,30680DBFF4E945F50852C220B4D89233
vua1nca6bp39jdkokgi95mllkj,30CC4580B5D3E2BEBDD6F9E54ED8F8EB
9mp1bl164d62eufbqvsq6ovgfm,2F8439B84573B325B6DC819F7EB22064
ifa2n9idbbusdsckfck3467p7h,2BCB0C1CF67A431078EF257D2AF084E1
hq93gclu0rla25808l738ei6l1,2C7629AD00C47564503F76267DCE01FD
16e0mol8rv4ju5npvdjq1vbe0r,2EDDA52296EDAD35AFD9BB48FCC9C58A
9mrggummjf508pe8q5r89uv4ue,31997691943E8F52E16847BE2D38B98F
29diop4g8o8el9eb5skqprufqb,2F0DB68DD3BA2CAB2BA04AA189F552E5
vpqdmqngj5v334oi1b4phep7ah,2BD960F4C95E15122520C073D791D969
fbdkg6ta04g89c9r9j12s288bj,2F6DBA5CAC9F5417A956FEBB5D4BE5B5
9hc7unsfsk7aeb7ndma4rkfqnc,2DAB0088CA9DB5574ED8E8BF14CF68AF
r7q9d5e06vpflhgrfhg6npc16o,2C17E213902DFEAF46724E9FB600FBFD
91iqaf74oq35f63gr9g7jov6g6,2EA3FE26CEA34847345CA6EFDB9C177B
avjrmdj8k9l4mgubqh1k48rk5k,2BE3BBF2503C285D71B1EFB8E0A08D71
1lobct4gqvvjog1pbcncla8jup,2B4CEDE4E3749398AE27F2170F09A03D
muio482r9cgakeqe33rkk5994b,2EA1AD95F7C19D9A5436B746BD5CB2D4
tnol50m61vm50benlir45sm0p2,305AF709AF099C6BA1E922A5B3EA0F5F
udslktavi8000bthmd090hsg3l,33B8C50801EEEC6FBA8E7E58D19C1821
f9s2c3kkrn1m86cs4hnl829605,2EA3FE750B6F4F9A8FA9ED1FADB598D2
bn86c0lbg4kte40kpdavddm8oh,34E10F8259CDF03D5B36D20EFC8890BD
ni0pinso0000mrk29lg03tjtts,2F707D99BBBA9C0B8930B9CB4AE05003
ln40tcf2a828tka4rr9439l557,2CDE4EDBAADFC78601CC70F81D02EDC9
i8eb9nrl9l57oh6ps591n3ec4l,34A5154AE7922DBA94501748A300C2E8
jp90aghb6vbtq7te5kl4c883f0,2FA1A5B8A174938C7B16FC0F3F9DBB99
3nk72nrja5ar8d84l346vrcdd4,307451200EF1481A3226CEC612A984BC
a1pn2a41bv9efju48pqtf1tuh1,339E921F286E5ED56E51E88C3127A31A
7e8d5u1hent8sccl0inftdfl98,3122206C8678CC094228C2092FBA02AC
a11t628uegm20b31tclbmhbo7u,2FDCE85F5A9C9A6F6B6A99F4365DDEC1
m7onb3u37nvht9l2oqtshov13p,341EABFF963A79445D17285A3A990177
uo0mj8hced3pdlbm8v141j9q3s,2B5B2BA6B67E4C3EE934A4037D705541
gm4q1iismfmpfl9qd4bjv653l8,2B879785080B62CFFE53F905F29BAB0C
1q21jvbfcjgj3i4ph369ukhdqu,33F6E150C4A8B6A9EBC8F372738F3568
acmttii3h5mk1la67mr72ne3a,33386054BF551FAF0488E6220923E0DA
lntoik9ch754i766al8m47t7uc,31DA6454F2033D67A8B58EC18291927D
qj9hrmp9ni3o6lr64vtcp2jgls,3409BC63352EBFB8A4A1767FCCDE6A92
lte95uh1dsh6q9ug2svjihlsc7,2D8B6424D556DD48B91C1CC293A45238
it8dlbo4av3kiqq47sb3fa1g0n,33E9F29ED671D29E2DB7A65E56A238FA
sljl6pjdn3vhrr6q50r8sb6hal,33B6A832E6ED7E4F1C188B51C71A03A2
ajn3nv8nj82kgkam4pe67187n4,2F7527FB1C45B740C79AAD15F60705E5
b6b496va8i1imm5tu02bk0ee9g,2ECF383F865B843F1AE2EAC83BFF7F5F
n9vbmugdelci6lo9um1pa340ab,3403CE098A4D6E2D2DCD4C923D558864
l6h1k0g360srml7a2lvt4ioes9,2B235C05D40400D343C3791CBA4074C0
ffj6rqc4lgo0qfivv910rohgpe,2F18B2B17BE346F5FE11FB464EA390C0
iu7i97em6spmts4n05fnu71alb,311DC513C4AD31C7E92C0809CCFB486E
cb6ct05daeckmheagt1ml6er70,2EB0F66E248A65A419371D72D2C7B87C
l5ihvtss5bipi97a0r0o332mte,33F3ADC1FD05D0F5BAB6ECCBF6464F1F
tgkt6ti4pi1g60csrhus2p75co,2BE92B4F347A7BAE434131658922DB64
7n6h3guvhs83ei3o4ja9np5nt5,2FD3997D48797E0FE71A0D129269A544
f4ligct4rvkl7s9og16hbsqek6,2D473C20B1B563708A004F5048E7A3ED
gv2so51f5t5bdtv5un64csqri2,2CC85595127168BB64631B31AE6C0C53
jma3jkbvfrfhksr8ncnnam39ak,32B0826FCCEF5B27A3313FAFBA9E5762
k1ot0dcj2532mj3qqre60lpole,3539592CF5B07823446106E119B7CBAD
h79fkdc68mjp3297iphci9bla9,319945B0C1B2CBCCE6035EBA4D1AB743
r08gdsmch51hsrv6u531a3oat5,2BA87ED272ED379D91BE0B64B37898B8
53vs3smrn6kiqjp510q3q6eh0j,2C512967E4854319557B0475D9CAC4C7
dh67e1k84f4fl7rf22dsf0ujt6,2BA289AB6CFB031BC794188FC3E9989A
i3tssailedclqdn614uerorvo5,2CE3DB710BA20C0B342F8DBFF381960D
cie6863m0618r9539snlhv6vne,2E9171053EC81CAD0E39EA6B517D2A6B
7cbigaqukgi4oa8ab49rpvq3e2,2CDFF5BD61A8AE3474E6A949B77C494B
j2cq2b4g0r41s00c1drt4b6vcf,2D3F0CA0F8FBD97C682D41F024710B30
i6gthgrnigv915ba7bkk56ga6q,347E2D4FA5D559568BB2BF903B7E09B7
bj1iqunfajetfhn7e7q56oa6ql,317599B310C9DE7DFFFDCE7E623122C4
93gf0d5lmbc40o199fb1uft66m,32394E132BCFC8C14C8BA82D1643B3A6
kd8sfqhq6s8jrb1ksbns8cu7np,330AC754F714306227F4C32152B9FAB3
692a4dokb95dk9sk45mpg551ne,32D5B0E611A3D7B794F3910F6371BA46
4rk1d5mo3kof3e54qd7hg9e367,327945CC988EB905357C62073E1B4574
vteae7ea905fammokbvl5544b6,34D8742A481160BD18B7903F2D58D656
umq4vgm6o2rko4pmsa85itaq6q,34A1512B12AED0A4567CA6F0413E1D46
7kp2v97ct3t3167n2bearshu7b,319C3CB09D458B745ECF30D20E4FDE69
2a989vvlfb2tu1fhg3qnqce4dr,30A79912D3BBDE53F5DA1E7A53F9427B
71hjh21g4ggbj6519mc3p7smhk,2FB075732BDC4335A96BE7FE1225BD88
uh5b4033252dri4src2ihajdnl,319961A077B1689773750E1C85FBA44E
lac12koe156d6b2cql6dtnmqb0,3074D5E4B9067E3B6E6E9472009E6F59
hla6s90foueu2ddndojk457t8l,2D06E35FE985EE7737BAD1EF97ACFCC4
ogl14l7t1p7qcmqacgfe9nqiaj,2C9C35217176C8CF84FB71235CE81CD7
uujcavbuj9pg6p1bp0rt6js3kd,300A553B821DA78400095BF02BEAE49A
3lvehsq0mafs4f8eijkqsl4ajp,2B4CFADA2DF31A9CEEE721648A249305
a5kmf99f1on2uu1qnhbcf8uknr,2BAC756198106F472EF23E83AF79A3EE
nejl08b66k3a0b17j18o8qoc20,34D9C8BB4E4F2B7D8FDE00D49B40DCE8
1h3gqao9rbeis9vd0khld8hu0o,31D30044AFE1711214844B25C181219A
iike0qq3chl2ani5kbqgqgq86e,2D72897B7E4BB9A91F5E35EC7961DE10
u56393voi596cus9eqq9fqi360,2D2EBD7DB8C45C2473B477D949174F2B
o4hj90al8resrmjd1mdtdv5o2h,317B3E3C8D3F56CBC07A43F49ABD803A
sq9r6ag3qovpgtl8ha5m0vg46p,2E054A0BE28C9986E40AEDEA2C6C7B72
vt2dv90c281p6umdmtamtcsucs,2F0EA3A9B24E3C217C9278526B5BA95D
4orodl9l4hl56l71kci8vass25,2B83C6A8E7340C1133764390EE5F4D6E
mv2spe9hcasj7q5u6es910g16i,3488C2298AFE94037CAE63A5F7EE9B41
clajgrv3no0nom5iktjngqbok6,3535747149740853F2CAB96D91FDB15C
osjmp8ie0ftjua3a6f2mibcq5t,2FC72BBA1C369B43A6504FB7BFDB9143
fdt08gf4mecqpbjgia2udo8o1u,3101EE5A7779EC6C87DA85F5841A5DE5
oicais8ov1dscg4cbrstf6vpi7,32F10F5D6A80CC7880CBA80B1729625D
3pa2av5chaf065ttpnr6vs7ijm,2D7E126A394565847CBC3E7F4FB3AE5A
uokuqvda7eargudmgjduv1qvog,31B0F9D391A722F0960D66D4D5B81C86
kuk6r7t5jbhrksk4q8223a8lmr,2B5FF27375EC77F0CCB74C0FE59BF18C
8p6ke8nkf228883tv54scuqnul,2C8606E6704B9D2ABE63CEA5E3C91CC3
oniiftcvjhnmnv0nt61vt9u9gj,31775018D16F4790803F678B6A8360C8
35fl4oqe734pg7134hc3528kkk,3094DDDA3F7691A28AC13A538647B852
gmnfl5b6582p24pgs0b3bk6h5e,34C8638252970B10999235B5710898FF
d12lljt842tqap7lq1s1gu4ho5,3288487790E9AECBAC9CEE7C82FBE676
ro4pnj5siqmrct9ag4e26grmrr,2DED32C72EC12395C36EE30A237989F2
l80ucaacrmk6liid8k4appptok,2C75C7389C964F7B5BA0D93269F5CBB8
nb63b6elmgn0jrr5nmd8j2ul0r,34977539461AF8AA4BFD6FC9E429992A
og9j0egr1ogunr1tpl6nhleoro,2BA08662FF6D6BF810F6DB0D6BD94946
va22t2e07tfi4cu0mpn3reu4j3,2D9A398ABAE07B8724E86E0CD55D8A9F
b6kqai23voj57mg33vqlpu5pop,3330AE11B23A5376A1255C536B127657
4mf83nssatpk48jpl8ocn8fla6,2F0AC962962F6AC24D61CEEA68E1D99B
6gca5b9f30i8gmsu8ibdt4qfah,2ED40CF49CB1CE45BCCB09E3EDDE5481
j8t1na1ig6o46m4dccd7iohq7c,2B9D0907E3A6E176B634CD7FAC6C95B1
fhs6uni9fpokgjd1qo3jqdtm0u,3314E4628108415B2533EFFC85BEA099
q1sqq4bj3g48i27ubiedr0976m,2EA08AE14F0A3B39D240A0F2CBAFB357
ls6u9tg8p87v7532i198k551b0,2E2F3A881C2F6731904D221B414B3FEB
rjob0ghngqr0s03s1rjrgrb77u,33E8EDCFF556846AACEFC49EB9C2EF09
cre3r7f0la7sdrk16p8vu3f9kr,2B0E62CB824F7A364B0A9E28924A11A2
i6vsuqalnn5l4oa9m8cqk6cs9t,354E020483B85311A4162E32A28604C2
hojdl8uu443l4fiucg2ga37nk9,2C792E844D1AC755FD80EA1B7D391CA5
srlumtid6na336ej9gubq1a8hi,2E7D9873B3E6F7C7CEC7C7CFB7CA0EEE
kvi5ae4pdn6jkjt9j4bv4uns53,329327D480C67140B4813D53C58FF2FE
44kmd2i5edk5avredkc4pm4fim,2C058EAB136B858BFFCEA6F5C9F1C814
alepuln1i2t9j6b143qgjo8ght,30B2B575FF9F27FA6186E1F7075A02EA
qfhucmv1d3reaf77f9hl4c20s5,2E40D410FDBD417E8B1D5E0EEDCE69E1
7jtdaqr7las9dtovvhquo5nrf0,31D710E5556D73A26125FA7B1FFBFB93
10cqlp12m3oq2rej1a2uc5nqsq,33A3C748C3306C57EA852BF206285AB6
k3t7btpmkvq1mh678c5tpn3ie4,30E038D137A5A42D8823D197A7F4D16A
38me48lanvcoe0udfokeqkk5jl,2B7AAE723BF4DBEA52B81831D293DDF7
ch377dc8ks20qkedrek6bso7ac,2C4832B92BC3734276647DD724B7EEFD
9p3ravvuasi9027mpqoog9mkle,2F3154ED7EED7700D41DC4750182731C
f6lbndqjbbbl3gbl7atua887h4,2E44BC0A4AF09B0D5D62BCCB299181FD
3si078nu8jpqbimfh062ceea17,2B85A3A002ADCEFB80FCAA49C8B7581C
g4k91n2ltovfc8fbo4ld1psgvr,34F70DBF7FC07D5E97CF0D9DF3CD8D27
q30e639sg8dc5lr8ba4c5rrl19,32831D7FAFCE134A897059C9C4B99538
lo0r6b1h1n9cqnjgbpjouo3rgc,2CCBA8D54B1E1E2A1DF930CFFF847732
hutiribjd6d1q24ro4b7f5u9um,2C29D87094E654756D409EDC33FF0250
qnj78mmk9dulb83ait333863tu,2D06A33417AFE3476A1481A34C9317A2
54fbqc15p5vgjldncjl9f77ckl,2B994AB85A8A5A1275E5652A00A15E71
52eh6o2dgq63lg92cbbr8rlu1d,322713DECD5E90E8D1561E149A7875CC
361q314edgidl1pp0h3rjk6gfk,3062942901081813DA1BF6A8173896AE
cgau02032vt80umauq17h817aa,2B1EF48E1CD52EA14EF3FFA858F268B4
8pa3jkdvfsuuen98vk1hgaj2a9,3367076EAD9963F13A3876C2F0F1585B
u17cug17ps25k5n6g7k3iv1rmd,2DBB30ACE524C885CE7FB76431BAF6CF
4co4oq22t9hbr3fu8fe8nnjehe,2BC36CBDE1709D4B2DD9020CC3784091
9d8q3mva99b3elupddfb2p3u73,327AEC31342C351B69110512D2A52554
hdp835kotj0hggopcj42fucvg2,2FF0E35010F839C12C3E582F600DB9EC
cev37gqrccl6gu3p142f8ukrlc,31307F5E62FD48B8E7FA8FECD40437AC
pq8f1bkebkbbt12ksna2db9s85,2E95DD54A57BCADB4D0AF132FFA82666
7avr469kmt7va50b48ndigl39k,325F6024128399A07034FAC0962DB5DB
vbmp93rt0qsg63hci798gu67cb,2CC61ED38EC6F175B362DEDC53E558BF
ap3j56qjpmjrdu0g2to1gacmrl,307B883D0EB7EF91BBF8F1A5A94C299D
bpd7247rf1mj73fb506n0llgti,31E0DD256B89AACCB8A9B78615F8FBCE
sv8o0at0pqjnmtu83ne9hu2qih,2C7502E80C0FD9E31BB417975394CBB9
serdg4ago9iqojp1i9cjtj4f2a,2FABFB412043F39CFE7B0247A0E5EB24
acoe06rk87thnb244uum7n7a0v,336F2AB42CD46D1FD3733D707F78F110
8vr5j5e722n1re67s7f5q76809,2FDA257060FFA3C7E154B4FEA4FC261B
lqf8t8didsntggm45hfv5ktdvi,30E0249346EA525E5F212BFDDD9D124F
ciirihufkvubkui5kns1249107,32509745C5097A3C3F0264C06156732F
f698kg825og0q0fp1s6c4jkee8,2DC5AC692FCAD9DAC20D38D9D4C1C4DC
t8ojd6qof78jkselstnamtn9ap,3449F801ECB26A554953A22D8CA43E08
a7kdbho4qupmner0agirbmsk4c,343386E2A9676CF4FA6FD2DCC8F3FCBF
tbo9jhaiqo7pcfsc102gf5rjqb,2C3B8101AE4E5A1B126E4D34162D6803
i3n7mudoh21n4iathh49j9alsf,305E8DFDF989414A821398A42E179351
vmp1hjf1afvnab6qbt9ljno6ci,2DAA0D48ACB6DC66DA171E5168F467FF
pqgqqdk5iu6ekld343lnb456uk,2B249D38A041D9DA08FE8B3735ECD07B
utenvgqftbut49s44d6n77v5v,33D777C05567524B1F3B5E5E19352E1A
5a6rf1c4rungclgvsc58h5am8h,2FD000D5263BB2C0C5E566D08F75501A
8kjk8qrknf6133p2lcohmlps7e,2B294DBE1783506A34A2100CD427CB22
lgr76c87fc2mb3nnk7rv5q7tsm,345BFDF77CB5D951C60967BDF00E9E44
jho19vuv7sdvjr6uqs73rqi5st,33E76AD0A730A1D01F41D7EF890E2D2A
acqka24pkrn2g6b7tp87gsv8bg,2D36D1422076AE1B77106CF3F45C7309
bq0hqa65jlmlh0bnhe1ou33svb,2D912CBF7F208A58C1CAB3C60F5BB3BD
bmdho3a4p1kdiabf4u5glg9km7,3536E39E64CF07FCDAC8BEF958587302
npim9g6tcspjt6ulffk7e21c2t,2BF6178E734C7DAC6D85384147CEEEE3
bmvmgiq37kvug98e4nlq3mrsra,2EBFD8821A0EDD49A1F1F8427A9C323A
jsh8gv0l9c1684n95feetuli60,32BBE6ECB96F7B36AD1BBBC3295DAD88
tt7griggjcohu8mn590jl3ee21,34AD673B2108D2DB4DF4B13B6884ED7E
kkud2coptnsgffcl49v9q4bo8e,330807C88E597922D967311557FCBF35
6jdhjq4a2t812eq76djk8m5jk2,2D1CF8A5BE31BCDB0F202F6761562120
41j7l1rq5qr1ssuu5elslpmdvv,2E64ACC9DE716E0881CB60F1AE630FD8
kfvjs4lcs7lba1pf8ahvmhqmbq,2F8A036D3E225CD9C6F0FAE2824085CC
94t1cga1umbqgm1bf9vp899eb9,32BAED85B1A1AB1E94FF16289B93B335
tlu44703ivs3ves1lnn2m6d3qj,2AFCCC63FD54FCB8E4C4FE76AC9BCC50
pu8uracag6qpunabcq95j4a9ot,2B337AB6A7394CACFF49CF07BB1DA063
g1tmib8vshq1pcu9e6l9qaj4o7,345453D377E02922549461F77B286779
iujam16aun5iktfh6b9h112821,353F7625B585B67F6DE6DBEC0247872D
kqu0gleo70o471bfksm4sdus9l,2FAE9B0C850A9680055114F373B38991
65cjck62qfs46vt1598c6hqgsc,301CC3E701B125AEB8D7D60D28F612C8
c5kotmb1hmimfuchtd2f1s12fs,2E82B1D69C29076632E4E7BCDD1C70D6
6dlsd78e4u4bht0km766jp1dgi,3011610B1D99EFDE77FA7DD2D0CFE2E8
fnham1odei1ftfuionvg65mnfq,346F967A20D32F0477CD6A7F60160685
7uinvb9l29sf22u00lar3len02,2C88EEDC0DF03579994AB7004F9D7720
72o4jem5k5sfah92uqkvtjavhb,2DCFB43C535D24CF002292D8B4CB3B83
qjp4ns2i64g0fern3frrmbgurp,2EE8B6CBAA02D118C3BE9958BA320BD0
ssp6an6nnjl8afu1h7vrvo2jat,327DA847CC7EA6D7B1918A7074E1A2D4
5v6if1essrl3d8psjhab6cjj92,2C779394E7736B7EF55FB6BB09B29507
n6lqmukp3rnbv14e4q9420a9sh,2FC0997D007C49D3FD41386BBBF2BE7F
i1899aalkrcaq1vmn5pe3v5enh,2D528BF8EEFCCD7C699CDCBD0CF9FA8B
jncoj6nflnqmejoh200qh0ld93,2CB171D433F0EE349C4E693C40285B5B
dk252ns6ihje1o7mhlta7kq96o,2E807202989607ACC354C57CFEB4B123
tab5ecb893q6r423jn46tpsd77,3138879F8CE130584C85BE6A7DF1B681
d6e8lrhabh0uimu01244k3rn0g,2DBD89418147C48A140615F9B2B7AA32
ctgekodv657486u0lbdl4oijha,2F964F70087C1285DFD1AD4F5E9C4BD5
86d80bdgv2uqoi7pkma4t00du5,34D98EC1EF4932A6E30C66B27092361D
aptsnjroj2bbu2b2imgi51anhj,2C2931A328A5B1136048A93039C2CC66
ifn5ub666sr8n9ag94rfge2jqt,34F65356205153BC9C79184A0B3B5ED7
aoum2lj2fj666t10imm1sad195,2BFF59C9906C3A9820ED896CC781AD9D
ij4ojk0c085rnmq9rc23627ah5,2C9EF90D035EC093089D4BC73F5F174D
r2h6ps7dikbg5ueecmam8ea8ce,304557DC041295BC8DB13924BBE78791
jpafc4f49jlonamuv72fgd022o,2EB4257E9393E4DC0FAED59B6EB92D8D
4244k217f7ttmqc81s92qdboqc,2E7C267071B17DEC2E13DB3E7E5FE6E0
ad1cvogjo3iic56o6rj8c45alk,33420721BAA18C135D421466FC946222
mi31okfo80p0eb1voer8ng4ig4,2C8040543047AD3E85F934F1D139C6D5
qjr1d4arjhk300451n0eoas5cv,2BF14C1E2AFEFD35C655AF61163129C8
cjn3qsrrj0kfb5k3lo0r54rfj9,2F2526E67BA1F5F45A7E2AECB78907A2
lvpud8qd1q9go77saqhlcd1skc,2F525F01103C5F56354AAD8056562688
k2arqdg3ah6adg69ghcg3qnocv,337537D6459CD2FDC78CD2E57AD6A81A
bictpqpqsooof7o2br7btetfb2,332F46263D634EF5CFF2621B4907731E
6d6lsoamrr44ha587vbcrgs80,301F24C3ADEA735182F17C602DFEA935
n5nj60bgg615lrpomdsot4e9qn,2F9BC4B37FFB1B746F90E1BAD9B36E3D
bqod6eb4av3jn38kfmqk2iv0om,33CD63B4C1F21B62156A414DABCA3658
iu3qhuebr8b3hdcj2svkcfec2u,3249061E2969190D597A2A58441B2AA9
lo39j14062q8jpkg42pmmdid5p,2D2712B1ECFEAB9A6714F323D9A2C282
ct1hfovhqsd147qasvpb580k7m,316623A0E689A0D08E1FFEE16A2190C3
tngmaapuh6j6rnfkns10luhukm,3547EA59A8982C2BE0ACC624063DB050
kjk4ovoqurgdq7b24uma14eit6,331CAC0D3B5555D25B4465EAB0EACAD1
uemjp6ungfluoavj00m7t910iq,32BC3AB9045E5D2E4062056F73086638
bmg8tf6c4auifmnpe2pa21e2og,34C2EB23EB77F65EEAF4FD75B435B751
u618hojv62l08oagao3bpla6e1,2CC2B88E9F2B1236E70CFDBC8B52D071
5guekod53uttfs1ge8m6svvn16,2AF9BBAC1CBEFDBB236777B265A1DEDD
988n5gj4onir3qu095i0r45u4g,2B26AAA080558A618ECFC8931DC37774
c2ks37lpp0gju1gfp9p0huasmr,34879DA423DCB8C675B198724182EB59
7q4mdvpavogt6pcrn71e0qm12l,2DA46FC80A3167ACF031E98C5281E69F
lsi8ks7jsfjtdi05g6as35dq2k,32F376C35690756492EDE06DEDA23B18
t7gtpaa6e2mvgamdk7dumkmgo1,31B52B2C04B29CE681D8D2CBC90364D5
o01ltdluh760kf6cbcvas852o3,2E3324FF67A120B5AA3BED76BA9D304E
t4llu3s77ft6gpg4vjc71jlv98,2BCD6E2A6444DD1F9CE78B0B5274ABD4
nmvdq513qdochcupvepg061ovb,2E4CB770492309FA579D3FEE5E41BC4C
mqc24v9to4h6nvj8grmdpqu821,34145029F36B615FD0FA7E802E2341DB
g7uh1fo7gg52ke7lv3t2ourpk3,31656735B4A35C86E2C8704451F2DD24
niguj42nlonooeeb24kk5darh9,2E1BBABE18F65B456C95731F22EB9EEA
p9v1d63d369dci7akvijt0eegk,32C9766B503BEA350AD31E292EF62DD7
b7re6780uh90ngvgv2a1jmm1ga,31650A3B450390C8CDEEBD9905C2CF7F
tj6i2hff7nelt0vs7j9ir7agdu,33644C210F546093D1FD838133C89F7D
ubu8b11265biim0dolbnj1sn2v,3008D2D63E6DE48EAA39F238F4913FEF
kobe7rj5g8kfkms2otv2qrek4r,31E9F0B52C1C0FAE4101207F7D52853E
5uvc6mc57rfhu1a5sgp5apl4pj,2D8DF76050BAA38C671FAF15974EF760
i3ll26g8c3bm7nle1n405jfqj3,2BD067F01C76FB2B89EFDDECFAD604A3
cmt1243kr8h53om6gibj814q3t,2C6E8E42B62ECCA7C039AEB57CDACB9F
g7h5d64othcm8ko43mib305hi5,2B51731824446C43EE7EBE3708248ADF
gqobjh27knm44v8rjivrm0inoq,326E753173FADAD2ECC9D37D620C0192
gr7akn252aa9gd53ccpr7e76e9,2C2485959C4952C5A7B10149379A7760
l7peh60pc76jlls0gh6esvtobc,304E5209027799ED65BEA6B31AA52D25
q05t1af69eov6c7tficqlmq5ci,2AF4DC31F9B29810C61DA40AC6D25861
pdkgsifffqht0hpthr6o598s11,2E9F9B285011C4B65C95419ED6EAB273
3bu3ufma1dqgvfj1fb4pt486su,2C0B11EE13FA39B6A16108E49FE11E89
