Key,Hash
6scce0tvmpdo4cmvctljdptf6o,5E49A1EF3C83D53B8886B928D45673A9
g8435gtjqntu4n7sjing44ql2q,5F3AFF73A85B741B12FD72C2F28BC9A4
hmf7cdcsco8nfechh2dqfpj2h0,56A2340E41E4CA654A86FA573C0553E5
s6ul4511l39fr0vu03vc0km2gd,5D00B65E0FFB70FB3616F1BAF686C23C
8oc1kon4ors6ce3scgssattrl8,56BF61C6E0D811CEEA226F40517EE447
2290u8aqnhdson0bicmub6tleu,5B3A06513C5FBD1192AB4F18515B7774
oju62vcnp5q70po6o1hqi0ggcl,59F64E60A4188F4FAD74E73F29AD0F85
urqvodl4dtuttoaksr0ucdqoao,579DEA1AA94AA92A6CA3EB6569349B31
ski8j46fpcbgddjtdh8n1da5o6,5CD46C9541C6A6860EB1A20E5CBE97D4
4q8eh5b08bv6f1oi7pefduedn1,5D168CAE6679F76F8A10D0EE6B688B52
fhpp5569tpsbnmrjjcq9smnqol,5FA5DEDDDE632B528A306520919102A3
e06b8rkibdufrtu795fobit428,5B7610ACA2D006E0858C48DB331BF7A8
4dom2d3huce46v52sk01gmqqlc,5EFD6A8D971A535B9060021AE9005699
2d09gsc2dlkbs32tokipbqj17s,5AE97F499E97BF8CD4DE3757C33ED98D
1ek7mgm6m04icq3hcis5vouv5h,55942D1C5964B0E88C7C317DED78A9B5
3og20v4tc92gi6gqt4vodj1hu8,59BACE70EE3F3274BBC6526A70692478
ccutteq6ut8opccfpst45o82jg,57AA4C473574545EA8C7A5C449AEC3DA
nm5ijpqba341ie9bl8u4n8utd5,5722DA28BD6BA945F214BEF93F9EA50F
rj91esp0nn8r7tg9ed85thhtes,5E413CB8BD5B92A143A2CE54F63C8199
ru68tegb21hoaprppf1pffuqft,5F9892D2E494CE07F857778674D97F31
e13j36rphlrpgm7420mdd0sskb,5B1A64D52727653E2090FE0045F35255
ecrtdnrjre1ouglqvj9sn7n35p,5D362F979FD336638A4F84DBAC4F508E
ss368ius0movrq6p500bim5r6f,588F3347D74FAC8390E7E53C51FEE408
f7kuq7lvqmv7sc6isju4jcrk8p,5D4D73EEE92CB75128943B185BFD2397
rertbuo3nef1t1bucrt3q6bdct,5891F5C60E8753CF8F3DA046ABA68D2F
r3obmmmo1365uq2mmuthpae88o,56F4809D3FBA229E885444ECF168492B
30iv22gkqo1hj0o2f4hub90eqt,5D6963D7BF09967364A2D6E59773E4BD
6ebl3o3ejjc3vcft1kh10s7tkl,5EC94D561A8AEAA1AFBADC007DAF5B7D
39sdgjhuc2mp6hhra5hlnqmdc4,5EB3AF767DF59C57CF964758A2B5F6B9
v3dusbi6cpp84h9kin18702fu6,5B0E63A300CE2699532CCC961C8F2ADD
ru1mslo70o9a5f6lftqfo9lo9k,585A5D913029E6FBFBD92065F8C093BA
pt11rqld3e2h37k7l33p1hr6dl,560E124DEFA17DC98CFB48A6E928C39E
deoflfgmksmfn5s61qgevc0pep,56171C1712ABC5F949DC2D05A97DBA1E
59t6s0aptc262t92f6d1pe31h1,5B9A6B10F5D45F6E49EEA257340DD446
eslg0d47o9102l2a7av3a052iv,5846F02263567B55DF3599159E40E8B7
3g5ed0q31keskbict7cmc9ajgc,597B95076F5868065CBBADCDA95E2755
bahlkr3edf2kov745aamieql5d,568CA6FE8E9E14FECBF3187178E614E8
slud03k7qpuopp5md2cijh28nq,57FEFB8BD85E0F7C1DE79046658CC018
8h2av3sk38caonik2rpgmoq77,5EBF1B70A5B5AC3174A09E3AA104D94B
v0c8p0v0a5977rhisvhfdq170q,590B0ACD76587DAFC2DD724C74432C15
iftjik98tlngfi78bgbmo0e3jl,59E7FBAA08D40B7D682DC65F8DE706BB
t06blen8fuopv147qf4p902c5m,5A5476B9ABDAA3E3F31117CD06E20E3A
4828726ksq73reedrc78d3vthi,5B96597D69669899DF00B34638167605
dh5rk3atj222cpvgl6o7fm6gte,59036A1F6C5DCCDBBC5A3779E50AEB35
np809ptgsq7s0kno9ukhlui1ll,5BE531982F20657FE99112514FBD8A81
j392kh2nv3g7kvnpmfolug7o1e,56F9C61A79182F097E756F0D94B42997
dkr2i4mn9v7b4g8bderoo0tunv,5F90477B6370FB9D7F8A2A10D1A8C6EA
3q6inq9ejsolaqm3upeuema18h,58F0090621917EB2615BDACD8D3CF584
qbplnrcko9hporr843jg0bcdpb,56C9D76CD1281EB24CFFF241334B7ED7
1skgav8gmlilib6qd7th8b9m7t,5C76209CB49E6408DE8A42E718CFD1DC
kmppcqhj788tu3bdcbhci56die,5EE33DA069482F7990B83ADEC22C18C5
q2pcful2btd35tta68pvb22tn5,5F443AC736010542DD274212174F350E
2abnv021q134le3le9sn3a8t5v,5FADC1A934316A73756A4E06806DE0A6
rtnr384n1svdhm89c51v0iaf7a,5E05D2CA716A83598B9E5FA3D412FC19
imoihd0tpussqsmscuiifbr1l9,5F3155CF44FC334BDFC18C2AC751DECB
6k5k6o3462lop8dq6ume62c5fp,5B91386B43ADBF986842AA16A1155C08
4s0b0lnm0spek4o43c2667mvqa,58B2CB5782A0EA313087AAA166F69A84
dehs74uh5078l88fhe01034t9q,594AA3A77135FA6DBBD90974C29BAC2D
kk55ni2ifpthrv7b6iq7dhui44,5EE855E1BF35960CA0AB81BBD97609CE
rufpsjanbafrnip02dboiuhcid,5C74D5B093DF75D978E5C1661C592138
aqjft7ggkatg5dse074eqn104i,5E82A2F3D907F63D7B8A64EA0C066C0F
uq5l511ekm7auaiicosb3q2b7l,5CA2524877272F0875607FC262B1DA14
qdq21s7a4akqs68muf362dbkui,571458B3CC986A05B4BE4DB9AE8E8373
rs222i0qq2tks6240pgm1ijqv0,5A52A9401160CC335246FEA5C99B0B35
4nhobr3hen49e49kbmtn4bjd5a,5B923DC71BA062CD86B2B0DC12A2E595
vfhruct2jg086d6jb09n43nfcj,5EA8B8D81947E178167BC10F0A04220B
7h4es4ispv8dcfm6f9dskj73b1,592AF4DA2D7E1569A9DB64A197D98D9D
5l1m015lkph10t3ltblbtn6qr1,575A3C52ECCDE00BC41A0FF87FB7D620
m29mdva8f0qhvq9j3s0sajsnbh,59D8B1CD23106A5EDB3419AE47D0C4AE
osp1jbtf5fsci6trnid3i9vt49,5FCD219620E157BC87960E6F9EE59DAD
mkltveo3tt5ihbm65hitm5o3ib,597294CF099EF52C5C757333283B69FE
37l04kagitr3o3vk8pkfhkp3sp,594BDCA05AEC1E8015D041F4FBE782B2
c1420rn4e7d4g6bjs7k93534dv,567A074AB00A1292F54787EB68DD1F80
ih11p604mek7j03gfbdsuj8npu,5C9E497CDA4B78ACD4E8FF024B574884
edb09fgbbk3b4c2rkrfshpo652,568FB2AFD20D8D7D17F2F359741C3587
5ul3paitvufp3c6l6hucq8se24,5C099D421B85996FEBBE32FB6AFD719E
t1q05gih1cnrtcf0huco1qouma,5672201627B33E540CCD47D19CD68A82
1omdsm3lkkdj59j7570ttnm1ej,5D3DEE9637FECB0B1C72F1EB36D9AC77
ftklvfk2i5pppp0d9hijt08dg5,5D317A13943DA43BE1E01E4502B26349
3p04lhel39hj8m0jg3ipnafphk,5AA07653ED9C5FDB1AF5125C315359E6
g7srcch0o6hqmqq5lflmcs2mvu,5F5A0D931696E865F07513809001931D
o13pj8vl3pim6ovf0p72oof6cf,5D81AC5C2E3D03E6C90235247CE5080F
l58bfdj31vmrifnmqfhgge63u,5E95D874E2DD08D8AFD36C64B3991074
qaqmk1ba9ucgokhql1if7qo8rj,5B8E6EBC554CC108F533489AAB931FC5
u67nuuvrn3llr8v1ldsbvrnrju,5DA25AECC8D6D9100CD09DF2EC8D9F7D
9iaai1ogjkiguvmm4sboh5vblr,5A3554C3E43152CC382B2F50C40F7715
6t7m8g9g57au1a6qnru3q04kp5,5A99385BC5E2834640A53C313C6C8AC7
pi9f2ijlb3rd0ocf5lbbe1p460,5F733DFE78072E1A4E36FE32F749A8F5
n8g3rpuh1invcr2a3l6qm8liph,55E81701915F146AD99BFFAB12FEF10A
r78n0m8brmrtaqk1emckkalnp4,5A15467C02A84CF044BD67B48FBD0AB0
uajq532j8i6oib9bv77kojqjfv,5B27D8A43D1DDAB69A583C2525E94D60
h9bvrpo8cmae562ihck7t4qpkc,5F4274BB02F346A0A0AE086B81AA211E
2h6fsqovgqgbvb6ct64j4vjl0b,56190E2C876F1FCC4AC530E06AC0E532
1thmtjst0gonijtq37o1552e08,591486762D9A60AE59845602D35E30F5
ot5g9suk0hol6vhs55m8glv9ja,585070B59D82F43F0DB6D5194BDC3A5C
7cn1gfthjmejpvs9bjk48e9ud8,57AB892A19627A2EA6013D01BF957902
h3i4013ku44mmgpr06rbiq733l,558744036F209ECB4258FD7EEB5F2737
72cnf3hhu89jje22aqu3ilkeh8,5B30E0942A0125799EC4AC7D79B1C40D
ne4t1p8ln1cj08v3tk51j6d323,560B6DC0054D2A19393BE1ED509A9640
frfj0s8g7s37a3cfh1bd0p512n,5D8A401FF69D2C9810DE70B668102B17
snptil28hbdmggu617d8cevb04,583D967541DEC5E799EB08429D500E50
kl0tsuallc89af3oqm4pbegmoc,55F6DD76D70708B1F16AC16C496D6B76
p7qp7bdnov19iobnnet6f3vls3,57EC0D1AEFF99AD7616754A97FAA0245
mfiu996gc32ehh7ivht1nchi8l,5E49CC7E9CC6999A9ACA597FAD9D059E
5eenldik8eou9vsrh0g6k4cklm,5FF0497281CD682B663A4E135D8701D4
5s8g93bnm7gpni1ceqmd7mth13,55B3B491F26B4A64B3A74B11D003B37B
eu8eo3a90fekfvf0c8cj7plav9,5AC5E5EAE9810473DD7358E8F7F04224
74qlb7r5uqekkurb3re67ihcnj,5D595B46ED5F61A4F95A8F6145E81570
r1nvefdu1fvc667j1bbuarm8a5,59B70D97C12275F47A28DEF80689D69C
cv7tsluja7eaa7g99gqlf2h3um,5E67DFD2DF627F8D587AFFC2F7D5D2F2
en3027tnoceqmv041df2ug1oh1,5663EA73EA85899CFD289BF9EA0B03F5
9hfpkdroq16t9ihrn7p1su2org,572D53A10DF306F11185C36C78376526
7gm1809s9ebrcgm3u9rfbag4os,5F1CCC6FB68CE7AFD16BDBBF20ABDAF2
92ap954bbh6mhtuifbihmissfi,5FFD5261C29A7A668609484D4EF7C4A8
gh0utt4dbgdcb2bjr63mji4vhm,5F3DB190E1548345A0654E1096A2728D
daqks02adip3l7mvuma32k1veb,5A6C9B4C2B06AED3C2E0DE3FE4AFDD56
91cu8p5n0lqdgtbvvdh0cjap9s,58DADB60D1052D6ECF11A87C14898CCC
vpm313k744i8ucufjlba079fs7,5ADFA543D9636CA1989BC0943EF410B2
94u02gsg6mik64kofcun0kdl62,5DB675131B5038A9739EB769E009EB5F
955sm8mehagu08tee3lgju4moq,5B81F85071F8CCFEACCDBD704BF6D9D7
ssdpbqrl3948cieprqsmsntfbk,5E4F0ACEEEF2CCC0F763C075B725B76D
n85p2k8tm7s1ek83pgrlt8nknc,59A852C246E79D13D3BD2F4ABA6810A1
l2hamdd0g67vautr4nrpoa5ibe,558F62BB0601DA6184A99EF2A1D879B5
pr1c7m745b2oddfknkshcveq7f,561DECB8DB0473E4FE37214274D8C5D3
2bvkfidpvr3dtlmiv18v5un0ni,5E8D3E155D07517468AE089FD27787D5
q76j3ebdo8ij43emlga1st16qe,581DC2664679BD5AF50A7769281DAC4E
c08r70fn1vr54a8165jo1alsjg,5E472699AF12E50B18FA5FF56A9E8B96
7nqrhimvorsm69b2trp5ujsekd,5A66C225CA6C88C878A1179B23585D78
1j0meevu6nkhfpuhmdpi4ih6r9,55E828D84DA78CF48502BE2AB638A707
9p4j4u8l36g09hav1eo1llci16,568916F75694499FD35593C49EA6B79C
o7sgh1t51gpcdoasvs2aurv7ov,5B855812630BE234978184C8ACA89B74
2ejjieb8kfoojgqtdcc5cs7stf,5AF80A854656ED9415A5453304A46AAE
qe1033l1j4c1n3nkbr68sqfa0q,5E7FFD77C32919D76AB18CD14B7900DB
28m4esc0c1noutktiru1kfnj9d,5F86368221AD1682517A4CB050F448D0
bb2n2bt9el10ffphlmm5nn9pr6,597A65EC59C4BF02ECD5C7568C7C84CF
8frfeea8k39tna2n0d6ic7ntd0,5CF4B5BF613548DEEE34B35FF7428FC0
7a5s9uj8h1coja8mgjo22p73lr,59C1815011A2C00404400E9A30F358AE
oq58f007frvtojv5ie2ag8lbrh,57B998F271628A6C95129DBA42AE529A
j43uc71j6oob3q84csiek2trtb,5B3B2C193C08DAC8879D9993B354021D
qv9ujp9pug2ebb5ud1jd94ge6e,569480EA8A68EF0C1CB316B4FC33CD8B
armpqj1d5fm06im8pa0jj48oaa,5AFF9E42695BD8290503E2E2E658D5AA
dr72uc77917jairjatrtudt7a6,5764157D1F01B86E46FCC7F75CD7F287
5va39cqd2csuch6ektioji7ebo,57A22AE593ECF3623581EF1AAC192120
uhlms5c73l23di3a1sjs01ucm2,5A6D193FBEEB7AF7ECC50FE203194C6B
v0iu9sjfrjn9f8l0igcaur0ctl,57FB4AF7FB072E461C1CEF358075AE67
b8fodhaclu3pqqqkunjjuk5pvf,5FE133B72B1B6CACF4FF6231542C4EAA
r3o1vfpkgn9e9svkhvhgpobjgd,59D4BCA7535DEA15C8871C971E7CF043
5alo60ocupre9huf88mdadqohs,5A4E21F793F93117D8AAC38939A72858
kkgpc418a6egu7i8bna6r74slk,55CDEE56EFA7E6426409CA993C4A646E
hi847706guegvu8e8bmrvvj94g,5D614EDC7B3F86BE5712A7EDD583A499
iph3mjd2l0jhbt7pocrn77cbas,59029E2CAACBCC92D4832A41B4B976B0
r6v3evb7vhpukg7g44mphp5dbs,5B974A2522EFB991F1873644E35795A1
58ngeggg28udqah1hp5s7uchj1,59C07D0FECFE2E90F1AC5F9CCEE0A35C
lj2m3bkscb3j353amb9nilvj5,56BB22AA50625CA5F6C8526C01ED8CD3
9dge27ddtt4rm6bpf8cvpbf5pu,5C29682C8C0C99DB80E913CDF3D88225
q0ru52aqpl66jo1eb5dlee9bos,5AF6C268CD782D00E6DB0057E51EE52B
e67kii4t76ctiv8lnnt5baevug,5EC7A78A70060AC40FE2B9247295D198
6g4l1fp8frbd0q5p11emktn8ua,573F48A971B22392FE575FC18CA745AA
kvksil7k9ot1utekie7e3p2al,58359244F672AB04E5CE88722C651E1D
vs398unckomfde142sbi654j9a,5EFF6A7049F014CF96FEFEAC8C4F9F29
ctcrn85jhk1v1s2lguc8mbuu6,577B3F9888C72634695D997727F1D957
f19g9l05afob3v5ghdv0t1ta18,5F07865292EAE4E660FD05FE7C8F68B3
grr2628ej44gvhbe8c0br7i2vq,598CD14DC738D0F5CC8171DDAEBE5872
5us49pql1lnvhjrb2bkce4idus,5A1D80AAD9B12F4B7D84A425BF73FA6F
b7sparnpc4dqebs7bhpt3adi1j,574C2B6C2634093E451C6F1399C16033
4tei9la8p6jf9ohp5vkfgisuli,5951AC00B9F8D9F22EB9CCDFFB4F9FED
ohmb3i3860ho506e7ualffcclg,5616C1E4C134A4008964C83F23CF7FB1
79jvocumvjde7emqdfemtskr9d,5B4AFCCE978FCE0FC22550FBEDDFB717
gkvfh4qn7r8cl0i6jvr4v0tcjf,5C6DFEB8453D3018281652FFFA3E833E
kjq0rn34i6c8aja7j8htp9th57,5653713F5A0F7011A21524635AD592CD
rvjiafcjncllj8ka96agcmv0a0,5DCD7B3A8EE72A4BF433D2EA9E7DFA5A
5l3g6blql04881lci3fbtq7qs2,5E49EF51A860E2E1268FE4B1AA61ACAB
sq5lvr4g24tnbqulpk6p8mvh6d,5B811BC508890D7CAC32FF5FE40AFC91
d4e4ide0d6nutr93gjkcmdjugk,55D6EE998BF181001CA7C79433DD4189
f6ob6qgg3gm7ejlu6lbi6q71gh,5696D1C7D3F33FA3D6F446443B927028
54uuuvdghtn570manhpmirhq02,5BC35E08F5D995920249447C53909E43
95imf6vgius4m5e8njgbg20f8,5B4DD09899DAF37DAFB56B5B5EE50337
rflav5et80g1gp00hopnc91p1s,58597B6B4A4C72DDBBE655E0220C9FF0
h28s2va427jvrt3porl63sua69,56099A89E684C4DABA7F99AE013EFFEC
ivqvvj4rtjr7cvjtqe5596q1kf,5A33559F6A71DD794F22DB5082D42AB5
si7cu6fj7bmme3secamvnsklg3,5CCFE9662EC65585471C09BE48129F6F
l3qp8mpvdbo7aek1j5am71h21k,593AD20E6E445912F4FBDB85BBBC225C
d36d9g8dboaaokkcks3ps5qk41,59ECE0C036BF5AFED27025B69F4A50B1
kesg4bdmp4gev817fvchtv1jg0,558C5A756C2405D8E9C723437386ED76
4mfooecdlnr68fgppt3eeo5f98,574850E5D44178BE4E26CEB8467CA4D2
ejgqepa1cu7md3laeti5lqbn5l,5BAD56E07EE6596564DDA56FA1B87319
on4pmvfvp8hs2a8b7k7ifv4s06,5C10045876246923137F0D1F21459F07
huhbnfpu8kjrv78jvegb85fbsa,5A858CC083B16359B78D31A515BF0B16
tctcalvgc06bb3hskkv21u1vvj,5961E20807220ECCD8316392CC2902B5
5ac63lfgfgr82fculqu2jhrqa8,5C6437A77725DBEE812FA6E577180B32
sk8vcaotvpvhf7oi7tjbb91ipp,59C21749062E1C7E2FA66630445699D3
bvv7i78c5gslud6di60ds16sdi,5F552970A098B0542C3296D7028A0894
4dr59qo8jgona56g185ic20vp,569C63E2FD487106762E5613EDC36CC9
7fto4hdqkr8v7v05qa9bher1k3,56306DC4B8B46EDA4E7D99B0866DDD56
u2qr87kipbu8arjaagl78ncdh4,5F2633640CDA33041BB397511E05A66A
qcdeh7sptu1947fjp1ct3r2top,57BFCABC5189C9941E90FCA95B0B134D
e0c5rdscshet542b8r2dgh2g6p,5C6F154FF2D5FC64A0CF8A3ADC669A99
civsbdvr5k8qsjrdn75p21b1en,5EFC7796E6CFFD38A2D8EE8370B7C4B6
mn4j6rq5gps2o21ar7l68emp69,5560F26CD99336A1509D5AA1C05F745C
dfue7bm5l4694a4ggivl7e30hk,56E11710ED4B29580B6636E16195CE7F
sp51qm39rs3qihsf9s2ja07nf9,5AB3A1D26F50095DAF3529B663F2829F
3r8pmirbib6b5n18fumsuas0k1,5B0E915AF3DD3F28D1F77B4A56DA96A6
n4512igultskrtf5np49e6efri,5BD2F1CAF928F50265E66DACD5613497
bunjgvr9cbicqq9ekecubhc9cf,5DCC760E307176059E3ADAAFC6BA8082
mplm78isu87h34mngoacn2leq6,58FBB01A0DD2418F02462D9520D635F8
sinjj7fggkhu9gnogqvb89m2vg,5C7D6037B940670AB8A46C23E00B6FA0
uan1sa5on0cngne3t2ntnu39a,583815C213E2A7D1FEE2EFE02AE56F3D
18ug7rbofnkk6sq7q3reh7dj7s,5E8CB319AC18C559B7CC82EDDDCCF18E
lbuc5im9bi61n7gp9pvckn1ds2,5DA9E8B364DD87B8CDE30581ED243959
vo4tgae1ipb40jj3aiei9o1535,58E9D1B7F310D97A5AEDCED14531349E
4u24o4bmdhg878knslakbd0a55,5B44F6018C312424AE23AB32308B0992
e8aagm2h9eabvujsm3891a7p9c,55BC9E5BA3A8B9FA1A62AEE251CFA1D0
oomqfr0j3hfhiq2j8dhrn7r312,5C7A919C45EC4FCF7C8F5B487ABFBEA6
li6gh2575ldjs41mr5s0a79jbt,5BD420E0469D31B7D997913E3CD9C59F
ha1ac6p4orv0jdl32g1e1s5sgu,5B1A6F8AE3ECA53520B08C15A1A6309F
7v270djhk5pmbn2h4ouahqbh75,5968FB91BFA127643848C21E0E00D030
q4l9j8s95p78q51qb2h3v6bs5h,5ACA3E49074DBF11BF491889E27A356B
7s6q8b7289lof4bss9bp40qbl,5629BB6A3AA78DC6675D19BEA885DAAE
vh3dma05rnoajo6gtben4o5tt8,5DD6AAEC5D9EEC200149A7A11574803C
25npu1ie5gl025ji80lgtlslgs,558CC8ACE7DF84645EC99EB6080B38C5
87l9nv0bodt6phhkdt759j41um,5ED3CFF669C24110F3396854F01B89D9
m5q5m4ac0rhn6v7liqrcsv3116,5BDEEA2BBD7F788F4B5CB3F521EA3B8A
1g3clkorfh6s60skqnts1lfcug,5CC4DA050F8F73834CA74FB6E7E70711
upjgmliifilapkuorkpiio2jhg,5D06FFAF0C654DBFBFA5DF033C7EFF21
lmg6g013egt8amsqrqbcokt0hh,56A738E8D36BDC71E99A0D7093A6F6CF
ve9dbfr2vttturnr4aor3f1rqf,5AB5A7B0FBAD6DECDD59B6B418D88E50
lfcrpqik5gkllti124nsdbv7jd,59C6121065AC61910D2C69F98BCF8F9A
h3200hmp1lu2u13mtuia3up343,5866663802B0FE7CE0477BCF5C6C4A65
nbirnd0af4553dvh91cf78jmvg,5EBE2A666F87918B3FAADF3E09EC4DAD
ss6dj4651206628tht6t7c4044,5A5A624AD4E74FCE8A2D45B693B9CD8C
147v7sr2svodkl11g3v25mp04c,5F2DF34C50269570A41D97F6EF857997
236nl83mbnke5b8v32oqg3ekrn,5581E1B47B47BCA93E66133407D3D3F6
dqc4r4s8bbbojb38l4sjah8qgl,5FD1CC9AC2AA78C7DEF5F9471DF02177
758ubbg0krtq9psbbfipkm2g2n,5DF9DFEF2B67C06B9755272FE8D6E959
1ptattvbjq52bdcl9tg2vsv8ik,57C2A4A2E5092A9F97C3835DBF3D4B83
i9t1g59608f4nsar0fslhcf25j,556BD0A61E4E363CA3CD817049DD6885
2hdjo1j8utcilg45v5kloretsr,5C17427287B1201C5AE9977C87C8C4C1
kc5k14bqfequmjuq1620n4pkp8,56FA35E9E1514D9C10E60E75890F5101
82aln61ad6esj8qd3cdairhei9,5AD2A26387E491F482EF6797AEBF1B63
l3pbgerl93thop8flv3nd3u6nt,5EBC1839E39A277AC24B6356BD1EC96D
5s315j0gfk112344dstgiv4snl,5CD965F6BD4849920BABB75976401B65
octm6qh7vtv8ttc8319r68b0o6,5A0B2FC7D2FBD3752F82298F01C561AB
6g8luf8i8sba6g0b2oqlkucrmk,5E4F773131AE49223C9BB33BA9B2C70D
1ij3nhfpa20ijo22i4h6i42hdn,58791AEFB41AB6F5D1B1D1149B368EE1
t8c41da2avg6mvcj1gfm5reelh,5628BBF9C0E1809A77D0C55A86F138C5
3ckppnvvtmkeu2o27h63tg1r8o,59594CE5F835B86B79B5363B847C5D3C
gjfua9rvs21br6sh049fg6ge1d,58121CF936D7FA51F9CAEBC30EAAA64F
i7c7plv1cqotnir8s76764h69k,5BE552234986805FF88835E89085F9B7
p21bgotmec7nufh8h8clqlhfks,597191200C504E99E2B82F3E2225EC1C
u9aelff1cb56irkbi988t6od1b,5B97923EFFE714A0BE984B763B2D1754
m85qvbf3soqf0on12rce2u6tcc,5E025D69CC85E76053329B8EFD6EBFCE
d366us0jkjha9kb7ll60dg3v2n,5D7289F9E327D400D67D5C4DD97E5CE7
5kooodiqh0nh72no51bre8auk4,58FFDC7F81B3B621A0BAAF05163F5271
eq09l6gbjjn93l9oa53dciia7e,56564A1B34AF67B5E6F0A068855A44CA
2d14jfle2sqkq1un8mja956okj,5C3F9A2E2F5791C9D831000681DFD804
mgiigv0aqhr2992h74abf0jgid,574EC565C3F779320F67733A8EC42CD8
phgkd29squb07hq4toqum026bg,5879326E96445298DCAFC97296685F54
eormuuk2p47skm12rh1le98405,599F97AD2DBA41D3F5FD53B9889F625C
51e6u9hamhfectkn63shgkl3ll,5EFF0D8CA640101B5048C85514320CC3
pefjohul7upgqtomtefvo9eods,5A4EAD2B11BBE60F6C696A96C57D21E8
7q5g045v06kgv4ap3din386n09,5A0F5E66311DE56E41D074CAFE4AF2A1
ij0insqdfb7ltlhcv1helbieb1,5DD041E07D19B3672762B1A2D6501FA9
iittpt0bigf8ccarle6bp5amru,5606B4A404BBBB6FDC8BEF79A2CF8755
si4nnqbgu46pmqk68bvnvnorf,5C05277012C4A06B1C14990886B72412
fp3em6rrb0dl5t36qsfts02h8v,55C01D1B0A55B13A749648FCB852628A
2aev23v4p8as4qud3rna8icmvv,5617530778D2ECB52AACD3B942C495BE
suq61stdomtb4esmaj7su9724s,57359F0F560C47B2FB0A9E2E658A268D
derrvmfgf5vipvqdfv35rbdb4d,58EC5E3D0A74F6B291957B279A3AF78A
eikibid8undb5eqiq8j0k2vnk3,5EEE67590ECE31FF5236CB11AD8A852C
2rup4he83r8evrt3tq16nk4mn8,5BBB4345AD698251F53577033B8D1832
9m0smm592fmof9n82c2hbc60pn,581E48F0E1B7B64CFF384DECD8970FCD
hp6amjcla68pmrfv5t0aqh25p4,5DD890D85901D40F454B498B775C8877
5fjl2drjqu0vlq2le3tc78r4bf,58C2C522207D43851A9EFEB83EC047E1
8vpu6262a68iqca8e4mhpc6fn0,5CF117414C329D25C71EC5EBA7551B4D
bn5g92tt59uredi852dr1l2odb,5F0F3A88CCE8BB0C7399C0861CA124CB
ek2flmd69ikre1dogo6brruv27,59CC8E0B5F39324F1A5FD2FBBA65C917
q7f8q36pjf5snn2gitrc1ps91a,56A3718D3B11890FB3640A73770996BF
d0aiakk7qpfl77p7kmpprbk4n8,56690CA169069183A775E069504B89ED
jdot0qtv734uksq9g3fkvt4e9t,5C055A5E260BD0E5013FB5FFAD91A416
40csr5arp20mk0949en8ap8kqf,59AC8FCDD03462FCB2BE82412DD91F73
ka775qe1u6j38k8mo3ic81kato,5600EDF78BF13C32A8CEB0152AC7E3F8
1c1vjl0gbiptu4gav98u1itc38,5BE391365CA8FA7A44C2DFD93CEFB202
b0gnscqnplnqsb2gd2ag04rtsn,5C299BCA6FB0B27F8B9B28EE53917D82
40f85gfa16vff6dc79aotvsh25,5B6449285275120B51C42CB2B804D681
q35o2f8h5nkdhnhniir408jueu,5E84F5C871E67A36F9EFDF364AD7C454
hujecffla46rajsgfnjna5ppch,5CD5A72057929D6C09143E1B23E2AE6F
l7tvnim1sa9fekkp5r8eade8hv,5588089CC6706002BFAC38A5816A9971
qq3ijrmeit8l01qk1g64h32hgg,5CEFF759157EC3CCC5E086CB6AE2111A
cr7288j43b91d18d2h6entn5gq,5B8DC328C5D668A33FEFEF4CC4A3E89A
ahaan19a8ma681uq9ji1it5bv7,5A8B0FF7C46C8FEE0CB62C2700B96B0E
c4pbp6ob1l53cgiobb0ochng2i,55AABBE445B14B853A260DF1E5EBAC8B
qro08u1ja89m838t1kmjp0mta0,5624BC3DDE9CC6E85634692C267438A6
epl5sde4l3hcsobnajfetivf1p,584F7E76F164D242192B5FFA2FE3E4FB
ff71obbdemarviglalhvm1metj,598762A673D90B45BA76926F83751409
kcatmdcsq0sq2oo93r03c0f1m3,5CB4A76898EB207E2D29ACA3C5E2508A
abc528f02ctjfmea63439r9v4t,572929DEED71D8BD525FD096F9BA3BFD
g41l8c9u2vgln3cnuuprqajs7e,5B58B9DC1F9B793CBEF57B57FDA17C37
51g7606l7ha4poajh1i5n9939u,581D0018349C61A11DD843040FB5F6A9
sles39fn9fd8m992a1o76gfemu,56FD43829055474A46355BAA755AC618
mros7ukfhb3d2cf8lt5rf9nsrt,5CC12D2F584942295522EE3CF8D531FA
oo9dod52d83em7ojjvkkeq0i3n,55FAD173958BEAED5DFA94F5BDCF8698
8v8713dof86h4pr4b33fqig1e1,55EC6172E3F5C802B53069CA2A5F39D1
on3np7uvih1proq9b5d3fflerk,5FCD8E5BD15B18D1E88B7FF6E87768C3
9odba2v8e201n84rnv8ivja5se,5FB70F13CA581409BB78C404DD659E58
pf68sb5m3eofnkgqrnjlip3rin,5D9661A1CDF9CEB25B3E4615DC2DFDF2
k8l6a02monnf94nb91no0bdi8k,56A574072F5F448E2F1AF720C9FC86E6
4p4bc6cg7jr3cjamr3q19gpu26,5E7A15FC38B40F778C31DF4706B60777
296krls665qq1jsfb7o0sh0lhd,55B83851E82C58391BC008106EB87A0B
57m6io6di06t56nf0ufmqdmbnj,56B081AB4A78AB9CBDC9DEAAF6B3582A
cbdeupeulk02kf3fqt3gptohcs,560FD16681C622D268EB0096A8BECA45
7pncikvqo7391uuqtbnoem9jb8,5B261EF41279D90690F7E6B964784FA6
bqqmfbpnjctgmilr9hnc6pjg23,5A326261E92A69610EA943797FAE0FFD
5rqfae55or0ojuij6po2iijs2,5D42B216FDA4E6AF23877E3B2004D57A
ctkj1m6f4hbulil9e0g8meb142,57262C50AE7C1A5B6F9531C60214B3C5
dnr41g7habsbavimseqqub9522,5DCD8A844E6FC6C200ABF05251B40AE4
lqblco68qr72d5rubmdd6j120l,55798DD7538551A6EE725960661F9FF9
r28jc8pptc78iel6sa741o2upe,5BF069103A50E167555F4CB4217136B7
1oum9t2uhf7nvi28mosdkrloc2,5E58EEAA28C4229C8B45D5492EB37CDB
7ohp0cjnndeu8lj9cktnrnvnqt,5AA9FD4572F67F124D52AD5FC899C217
57i6h4u2qqv0iutlcpjofgfev9,5B8818B683DE4DABD6F607B9C3893D24
vq2rt0b3p1qvt2b7ndoqtbtvo,59AACECBABD63CCBCC62E9C1B0597A99
ja5jc8p90db4henf1d4ueqn0sj,5A9915F1E97DD03BFBECCAE4D7EED6E4
m3cubskiubqiu4pabb6cj58lnl,55A8E561A7150C9738509953320F87BA
gv425ts7qf3akd71hirsvnuccm,57873198A52BE180CE15E13262C4177A
uqnfvj7o9gepcg06p1fs2bfnv9,5CA0D5D67D201A9DC47406785CB226AE
afdaab3cg7mnp6ttej7eq9mks7,5AA4DB9DC99C780CC87A351E65DA21FD
ajamkricm9ohtutrgnppd566rl,5979FC4045FDD3E3C2032FFA3283422C
lv84cmp2mq7sl4od1kbqfq0q7n,5CAC0C2F4A4647C5A25067AE6ADEA4F6
1muobjv7npu9ik9bh4n4daoo3,5FD020FBC180234A111C0D28F31F9232
hmp3f637ogm1hm7qed6l5tuv8i,5F3F2F98FF624A86B6612B67BDBF212F
spahsetfin67vnun2qv58j27g4,58B33FD0142129B742A18BD174253D74
g8d6ju55dfck0cjr2topbaver7,58674B43B9EA1C7FDFFDED05AD250C69
idbqbnkbvl62f5auk49lc9qqk2,582F7260B81D324FD34F12BD31EA7596
qig5jsdaq8bti272biebqaq7gj,5E6D7B45795BA8CC544968F943C17582
oemvalqrtr432dnkpch0psuddc,55AB1FA76A52F970C50A20065857C124
750pi2gciojm00j2mv3b0hl02n,59C80A293AE9F96EBA20A4C0A8F969E4
ise6jsvihk8jn3il3n11tfp85a,574AB8B8A1D14D25AB43EF24522E5645
8aci01chtpdn89b2e0f92cfqtg,592280EDC7CF9C0A4FEE7923AB143424
6s2hr4q2j45jg8bp1pe061es1k,5DE177DC074F64780925E5DA0A0AA8C5
l6hgcrb00a87jq9d2s216vdtkh,5ABF17049B88520918F6E59074CAE9F0
59k91edv9g9m1ia1dftdqm1cra,55F26EA16B58F1684DA09BEFB96D7BC0
rjq4krn4t0701g6gao50b9va60,5753780F31F19D8831739B491FDEE3D5
qnjlef19tong9um5tfdgjoa25v,5991420A3D072096DC3A53AED006A099
8gmrphmfp687vtn7tcavh676ja,5F177398ECFE7CDE8D3F69FA3EFC1765
jte3ov2493lp40a5g23b3u6c28,59C904717F9D2CFD1B6E79CBC1C58527
5cfvro6lesu4im9drfklpgjlbs,59362B58E7020CD92ED064C7B605BE5D
rtod941kvhn64tok9aiiv3fuah,5B65D701202581A4A6FA33B54A1626F7
e3t3c7bsma0rnlvcilf3ckk9il,5C7BFFC38AA364C887C7C0E0B9261A13
ob09fukrmm9bcebuqnt13c70n4,5B12AE8A35330661546BDFDCCF709209
kjefvulqleu5uqfnhaeo6vva8c,5F14B56E5644BB45E18DD8492B557A3C
olrcq4grsmuiomvoje4rd7coa2,58AA486037CE8ED49B3FC042F11D7824
1btpufl6j2ti715f8oliv42dmn,583C6C82329A649F2CF0B307AE85C08D
1hovjibaj13438ahr1iiu84mdo,5F83054CF57B9EC6564D499F8BB937E7
o1nf6vfas5i1r390qald9201ks,56C99E6ED119484DF2605B4B92F84507
71vvpsukduagbe706nr99kp5dc,5A8FB4B8F9BC10E5D4C7502D61A6E577
4td575l46lpvlceqd7359siva,5AE8016E980BED05235F3F68D53B248F
67u5esaah8ti1jsodrv4ibhojk,55EF27E9E982740F49A93E2DE8D82ABB
n6itu89i6h4kgccouscol4s7a6,5810108C3078F2B3DDE4FFAB4D493707
a64gaod5sv4mfvdaqbclfs2l7r,561879B851601BB77018BD83FAC6A4EC
g1eeasvkoc3ark50iish70slqb,5C6AF3B52D8D452433030445DE55AC60
vm6a47aq5ttj49v5kbjdi00gcv,59D73A2156F4874FD0A7C201731E9D19
bs07dupv3i9v15m682pt9a8g3j,5A83258F1BD73794E704242301E8409D
g71a15b6e3nq5iiog6ohqjngbk,597D19FC10A5DD9EAD180A443B64356A
rs3hrqm9acd8mlu7mduph254bq,5E0D6418BFF3B600763AAB3B50B2ED6D
eu82jlecsqocomcv5ve89eom8v,5EDDB89386E6CCBAD134D3EBCDE03C6E
4ip0puddk1778cgj846k6l9ggk,5A8C0C01BFA7EC615E4FD23BF1FC25BC
fnakihtk8uiqaqjmc6pghh5fmh,5BA5F88D0E0A224F315485148D8B0849
i571ofok0jcmqs1nvqgmelubhg,5968CFE3950501ED0B73B7F658B9BD4F
egvgjljllnbachs7csvjn40anh,56104BFDA6E32CDEEE78B413AF6CC4E9
7etsj7koeu85gonbo8l8hvao65,5C04ADBD2EFABF0E3D5C07096FF2900E
b453hu8e07j0s6mu2mlolesiis,5D4D3C5C8B6A3F7C49F22C4F7E22DE51
gh6nfn639t51ntp45efj7eauq7,56572A0DCC2AB2F65A8680A7A4DEB4A3
q1o2675uhvpd2lbd2vohf2hjiq,59FF82628D5ABF346610D4791D329DA6
85as2bbtrlc950bj45a4on9cfp,56D1731C09B26A7698D73928979F4BC2
cb1pi0bdpu0abrp88sm0j8dc54,582AACFFCC19587EE462F1092EEA7362
uqp01ec2lnubj5gvm656oesepb,5D9D00DA6CEFFC96ABF788A2C90B3DF5
b0uomr54olotie3d6ugv4d8rd,59DF61C0CED94FD68B9F6C58BF2944FA
5n5vfe5vm2pv8tlsavk8523u1q,580157BA9C5D9F31FE7EF6FF5B67A60E
iq4dfap9qtu94gj2gc7kvptf5l,5D82CED38E45125EC743847F2B66D4B1
acedfdqn2ni4e2coeoqie11lbo,5AE324AE06B6EB74653AC42233F1A458
6emcf725qp5mg7k3iqbcdb00on,5DE82BC35E796DBC103A01FBD5FB9F9D
68juqu6a0njniqj5ulnkgmekc2,5F5032507D0F1EFC2C2DBC5C17C11D96
4ck8rmvkl1shpguhjfhit3fduh,5F095699BDBE7A43904FF653D7CB381B
r570ifdufp1lbcqucfk44b41uc,5F5EDA7F032C6440BDA696CF26DA58F9
6g9c8dadcjr9hhl4dud2oemdfo,55FA98ED88764A1D82637D135F2DB18E
pn2jllak71g7cfamhube9pb0ao,5EA296A3F386AD3EC81AF4C3FB9721D5
quc8n56pigb1rndbq3dtih4nes,5DD87F034AC05DABACE5BE458F7E3199
d23imkesrp2t332cj7mvrenq8p,56E0FA574F77EA24E92C90EC684CBFEC
680mtr9o71brf8b92ovqhad7a5,5D905C10E82E001FCA49634562E67016
alf5a30ah771nebd12ke3ircge,5B2D49D41F3ECB0272B38F0766907316
5j6vokimma2emeafjsv273o4in,574B839ACF652B610AA97C5DBE2781F5
tivadv31svlf0p42ic7a38rp66,5C101DDB789E90397E73D60432A1436B
kf8ntrk9r72lis3jmc4qtp1aof,58F8D6DF99EFAC98FB66C687BC039969
cumangpum0c2qdrf50auatkvtq,5E918D477A5711F11BB95C07F3A93FA4
pttcta6op4jgi48lktf5te18i7,56411C4C2DF778AA0F0239C15D40EBEE
o1bbfj7tcrkog59j6r6231l648,5F2B011E039EBBA5313ABD5B7D5E9A38
ka9cn4crdr5ns5ptkmdh3uumom,5CEBFD7016CCA124E71EF9FF85F100D0
fpqhljlh6mmb5rjkeepmk1ve6n,55DBFA2126714FE70308198D5B516ABF
k2r2ipeemduivord3qhs24a8f7,5AD53329A2AE353C9EF692392916B085
9q8cp3210ij2heuisi0r1og6rh,57DE17ECBD78D213E5A7E05E5DEB0B29
kjgbrr6lvclqvmpct1igr4fv93,5F0FFFF55FDC2ECF38E681B5F87973BA
lj7m62632ve3i9t566rrh5l0qs,57A639D5DF22D6E166F507476A2D0F7B
tun469ncm8hib4kf9ki01nltb2,57131D9444ED4501B3A19A2EE0F92B74
jure1md5am48l2t51kre7fu21s,56F9348D57DD49690E68B05B1F9438ED
9n72c9h48dql21ss3r8eivvtt1,5616E12F16B33A1B3A0FAAB8C31489EB
3p5rab26q8f8rnnj82dj7jbbp2,566CB1B8A18B03FAB52E99F8EC0DE4D5
gmqcqu1e85s911dgoeulgdg366,597650CAA86E216A28ADC196BBC3B47C
ufbfknfonmft9sntobj1dlf6e9,57FB1E0F230F17103F6B70E50E319F5A
fek80056kv0ch28666diijlrme,59256F4E746B7E5BA12EE2973755BCEC
igjdetn3qn9ld0oqv7td0hvlji,57FDED57DD56FCAA7C5825599F1B555C
9t0dugapvevinefs26g8nvnu5f,5B4852E39E0D86B8059D21D10AAA9394
ive72jt6hsa66drpl8bepc1n2h,59EEA9E2A8CF3768E49593AB1E920F51
pddhk3g0epksb3aofddmt57k2h,589C6BC8EECC45B8DA8C14E9A06BA1B0
re92q7f3cdee9a8gmsao1p2b68,5D48D015258D0766A67E48CC50457ED4
n5m1je79ealgo0ilt0b89rinok,573A1C54DCAA3B99B1801E408D2B1CFA
qj100e5hlhv2mkd9n6ldghj0je,5803792AD4F2C71B05F661A5CD392F3B
vct13cedidskq33ah55glbk7v3,5E5596F0AEFF8D00CE04A2331ABBF28F
ac4jablme89tn5g7cqjfa24ooa,58BA9721D8136F4F6AC8CDC810C20526
o1pdifkfk1d94hdnircr088e6j,5E3401E2B1B71FC0E00D5F5A8965CA7F
4lgvsiuqptumg516ovhjmjpl9c,5FE8651FF75BB7459D978419ED196331
bifmm3og52l18hniie70kb4rgs,5C403EA5BEF469CEDEB27FC80C04A00F
6bp0jh681suf4ihfutfhm7ocs9,5DAB790C06A5B056373408296F78724C
dsvi12for23c94iioeg0eokc37,5A6BA744C2E5273FE7731EE2293BD1AD
uqp442b8a7vv7lfvdhd4gf3cs8,57007A27A894C20402428FFF6A4C9777
hsgvh4msin9gc0l59satkhu90n,5E43B23CAECF70657A4C61D7932C006D
v7jke6emsn4gds2qgqntksn7qk,5606F99F51806EC95A332E7CF6B14A73
goct0v9bqora4l0meerga86vg6,5D9B650830F63A01034F840832E02A50
4rvstnss0rmceq0asgcbd3okdn,5D52B28703D26346257FB62EC8E7CC49
aiohb6lqrgm6rbv7ksefud5nbm,563462DD4B6E0F7A1F85B2B17860CECD
ennd51ak1uog1ht5rtc61679h7,582F7D808BBE13F99711C4D600066285
alk10oacg2idfgroljhmn0f5m2,5D20B52A9F4A74A293BF4EE18F81B651
pa5omohsl10gnko9vrfihjks7i,5AF88931811A420E72B9075FD59C7EDD
gil8nqv0lgoq4ggju6aotredar,5EBF98900666BF17A1D6C9D01D8D32BA
tvn63pv9etnv3g0jo6s53c9p6u,556DE3176C59F9F8A3C5D5571B83774E
cnef03e56q2pm6hji93csm9ao0,5B4E883C00F25B5CB222FD2581937A5C
2oe6enhcllg2p9errul7bmhv5e,5A09355EA684D7A7408E8E89CF4F57BD
uaogifcgjegl904adn7gnhksp4,56B53653BE273CF25B2F2B65CD1DA4C1
uh4ar1cboje4rc7mp6mepvl2u3,5B67DA0630A44C1151D3B931CF125C2F
393qh5rrf1t7cendmev261rs64,55B745DD4937DFDC1DF9B5BBA80AC035
1knu540ffus9r6ak5m6hfbncjm,5C92F6041C478F42F40616118BF5CAF7
lv1sckfg11glvdtcgr7fh338eh,5B8915520D7AEAE7CD0961EE60398301
mhu7m5cj1rbptu09qup3ohmtjs,5FCF18B30378DCBD82564B5D6B09DF21
5tj89inugndov03tus3auft98g,5960A5FD022BDDB10120257E3CF31B98
rkapq071052p4onhnrl327knss,5B0219C30381AC4C3CA7431A743255FB
4nfkfd130gchoceu41kd2tb8rc,5FC367DD35AD0A17B5AFE9DA479644AE
2q1po93hdd8m3g4ie23kojdu9i,5ED8395CDA38EFC6467D051AFC245B89
fme66idejhrvfimnbr7m2b6dq3,5D764A2C7F2833901F23C929A67AF393
3eaqaf0l927tj1sk5npckjnl46,5D4EA61EA8640D671036F93F5B233CFD
s0r28d520vpmsv27itl45apvo0,56F95814000FCCAE06691DAD51E3565C
6jsk7aq7tko2n1kipmic85092q,5D6B8907861A00C6CA760862D48A44C4
18shmff1pqdd4ujs8crlgpgkau,577B0E709E44C30CA2FAE1C09B4259E2
qlh0346eupnar3tfb78b3mug8u,59C83EF682D2464BDEF54E41469B3185
e3sdnfjuucbb085d6bcjueb3rh,55C3BA3EB21DA85A8A6CE74CABB1310D
plhgd3ukk11lr6opn87ddretm3,5F48BBC2F6EE8E079E354289C964D154
f25slir2gtolvrp4skeqil843t,5FDA4CE2FA2C790894E78154C9817CBC
5dfcbbdgcscb7ceoelgrad3sfl,5EF171F46FE08A8E44A767B1A157EAA7
6fa2vrashtq6fj8d4ek9r7tm7h,561145505BE35B7757F1B11014804D53
up945k0imm6svo8vo18bvc8sr1,5D9C639C4440174D148119AF1432D783
sncm4i25vg0tns95q69oi8t3f4,5F8ACE9E9CAFE2B48E090714F9D2875C
jraq4ll4ihu32h8o6junqf6uuc,5DB251E12E8086FD2696223350CEB5FB
ibor0gn2aiunbhqof8tsiigvu6,5E10415A20F6E5BF53AE802FE116CC2F
l8t2b9uojae5poalnn0dj5raot,5C47EFFD006A7872771E8688EE3EEC6C
3tshhv677pl5amvsvtpetojt8s,5AF10015DEA0A44B396D463224C944D9
mnvei86jr5g39180ucb34cft9q,5D9EBD2D30BEC0C4B4845A8A715E91E8
fo5mlg8j7paj93tc5j5ov0lv93,5CD30E8C3E4F6F5B6E0123435155FCEA
lq4a7813ano7bh2de9e0bhbm9g,571EC2560D7893F4EFF89EF4A7DBC567
39mhuoli1g22vhq8r51oec0vrs,556A70A8689CB6701C4169D8323AFB02
cji0svdrtl61shtr1c7rumr94d,5E15AB1138A49A21475D84A3C2BB2E2C
amajhra8onkuru80ouvfvdudqh,58C183188E7794730447F4434705B0E8
v2glb5v2ptbp85goflmi9lvhbo,5BC31A6EB77A8806F1A1D6627075CA42
amq98tm46s85cnkd7r2qjc8ssp,5D7D260E8EE43D75883CE8EDFD002669
sdj7bunl08cojpngffe7ihck4,57839B9CB67F1986C0E34F3C1204790A
am8hc6vnbl7e1ds692bn1unr6m,5B74DD7843FCA3A5AD91E1B79DF99428
fsv6urqmls32ogpedg34sornqo,583AA6BE627DEFDDDA0048B0044584A5
9dj7nvfjgbkgkov3atofflepai,5961C9CF68470A69CFD7C12E7D50A32D
g46vltv4oud6mhjj81oha86ti7,5CE25D6EF88B6BA8A5E012EE675E3785
5qkv1jlhk6dibt6r6m0ee6jequ,5C6F1B552DD3FA99CD0B203A42D9B8F9
45j1t874hdqnj4e6v1ghcfcd44,5CDA34E940F5DF04DBE3FE1DE74B20DB
9k2q543sc6vvr0811igp1k8bt4,5ACFC4992BFB05C7EFD4E05E6B497895
pe6ol6n4q4i03umskn355ktkkv,56D394552D0AEC60EC4DDDDC29A48EEF
umfs3t10l7q2ve948jncalbdl8,5FF5DACE9CE1B32A84CC97F6F3730179
10e2q20dft66fmv4lm40l4cs54,5EF03B3C25F1BBD7E5B9EFFF78C6968E
jtd6tk64s7po3er5g604sprvtd,5BE8CAF3CEB550DD2BFAE105B93276A4
kd87baidanpn0ch94uaqlhqled,5AE727407711D65D8EA33998630DB8C6
hegpjvu5j1rct9f1lluibvadom,56D1B6D39CBAFCCD23D3FC6D5BFA4DDD
9dlcni8mkvsp8lkfl6878t26ad,58FDC6BC7A6181CC0CBD8AAE9B4D599F
6400mnb37b1bcibuktbgsemeq2,5E250F145710A31009C2339FF5D6EE0C
qnneu34hhi9f5ur74bolsipth9,5D4E43FA6C14A6DC3F65CCAF881698A3
o3i2g1ierurn4d77l71lv4s3af,5BAB3D0E4399958370934AA12CFA61EE
6fbl9pe2fogipeittm1mka8qhp,593A60F9D617F957A319DCFBFFA9E64A
jjq2e8ecgo8efaovg2fg2odrjq,581435FA1E82B4A59CC0AE0E4B344428
hvo7outo47b5kkmbvp2uvegbu,569047555B9A8587D005BA01F9104E2B
kdue0c6qbdu70pg8gn6flhu79v,59B07F6EBC1CF951B82DA5E3CDDE95BF
ht80oapctlr0dqrinsucj9cpkr,578C133C5F4DDEF0572A8188D28B0B27
puk3dib8sae5aomq51k6kghklm,5A73091760DDFA8CF5AC565DF30E0CAC
b3fem4jc3ft4b9jt0hk138epe6,5D19A611881293A97F1CB3553A8203D7
85r6rg9l2h3dnjmcrmc723qidm,5A5D7ECC3BFDD3A11FA1ECE394E873BA
o5j444dbsca08e0p16m8du93j7,5611F02A955BD666B41E3FF21D62A5A8
1l19v21iljpj37g9k7cb45m9tb,59351444E806F104334F27CC1FC816BF
q7fq63e9bbbpftuivocq86qq45,5F3CD9A1F5C62620E57B2A1B85B9B2DE
bfmsmknghbja50jqlgj0upuumt,56401A53BAF7B9A3566C7EC9D5079618
5hnfbaqkdd7kr8follonbk1u86,5A8C6501BBA22F9B1EA54EC8615121E6
1ihru2ss4ua1l2eck1mabsires,5728CFE2BB995D200C654625F935E834
2qjaais3jne40jufsel0m9mnq7,5D5FAD40960A7939C36891833F3AFC66
kb1oa826gsrv6ln99sd1tl54ii,5E998994784AA318A5DD821650D0BD57
tp5g54pip3vd4841abbj80qlr3,5A0CAC918B1CC0C5C176D2B1E8012B8E
hgiimljbi449hg2g8cbaju9014,58661ECEAAC962C2F1218D1429A2E295
fa5b1ul0bm1g09e164jgt87kil,5602FEDEBE6FB9E8A0936C696F588FF1
kvbvqbika48tu28qfh3dl6up5g,57472B78B79848BEFC1FD58D85827EB2
8edmgk22ci0n7be42qska5jeai,567903BA03FCCFB8462BA5B6F7C4D584
dj11p04kdkmivg00ef5ishvge3,5DA8891BF65169E6ADA2583DABE7418C
f1lo16rpg1qedfnrti8isp7nsu,59E2360B7B07A83A31B108182C96C27A
dp83np9feslk6iputq93r96tof,5B7C468975AEB64B589CF5978E71DC8B
utoi3jnsul50kk2ncf60984tl5,5CC39E2E639F70A08E3C8487DD40FDA5
uh0euaerp8lat2gksfs0qpqsij,585C3F89383C4D88E41D920E8AA21410
o45jeskfnc8m4hf3thm1p2g2b8,5FB17843077D0B24DA3E6971EAEBC990
r0e8lptlmtp28fe0r4kujqp2k4,5730F71E6BED80FB877EC7CCAFF012F7
no0og1fp9dg9tefn8mq9btrus9,56A80EC96FB03D9095FCD2DA9DD916D4
qeiocbkmnrja5rstfg5ndp9edh,562338ADF8AD1E9B9FB6270B9B59FE93
r0ous5mfhv7niepm4j68jj3538,5FD693A56ACE524C8C65C8C1A7CA0F10
dr209r3jq7uv1imsqqm8sv9qcs,5C69BCA35BB5703536C6680C8BDFA25A
qfljbnpl8325jfg2opa2braugr,5C9A2B2CCE79F201672FD92525EC934C
r6bfheid2c63utsk5v03rfa8u,56DFF1BCCEC6452F5FEADE3769150735
8e2dhclomim5jcnm5vn3nr50qj,5E9B9CC8A8C335999DA027393A342569
c5vvdsjuumf79p2kuoqgm6kf06,588AB6995ED63EAF8D9EBE17DB7E8903
3klma3ht43o66t5nfgsavi9t8f,59328C2E8CA0C7E784E5EBC9549D0014
v2lq7tqardibtq9kfp2qoljsoa,561195A98E222DAC7C802B4F6482FF6C
h5gl3n4hqgi6qg95rve15vtb96,5F668F782F6BF525B47E761FE3590CFD
ku4ik57e8te74r82shf29gh59p,5B6EABC453A26BCD1BC806B34438F698
4f3kijspb004p5s7jhj3vn1ump,5C6E3A7C257F70E59A1707968EA6E160
gateqmd00uesipitcg96k72ein,5B2B9BD231148A8AC19D5E1847AF7404
qp6d4ge9th2n8294k5lmqei30g,5664AF0FEF497E18E65F936C17A45900
bq8bedsuccup6r5fmgf19hvlpn,59E9809D1044A876BA5446B7DC01A4D8
j6poremt34dnajbde556e831o5,5FC7270146B16F90EA9DFAD17BFB0338
7s09kularhni1iikg9f7rrom0p,5A8DDFD1F692F377C05780A3BD3CF21D
cnst4unn76qorbep0cn1mbtpom,5EF04FF4C3E4214AE0CB6B9C49D52D78
duvila8e4vbjaubqimffnd10ds,59F9F835BC0120667B34E64D9056AD38
i4dcq33mvj0t9ei3oobsi0bm43,5F0C32078F1CD477F53DFD1AB93B9997
i0pc9r9ahgfvs7uchle452a3l5,56679FAB297E43C99B2184200B93D134
pcnghjiko737hg2vj2ohm0k2ov,59BB79328A18202D456385B8B54EC41C
q60h5tmvdskefrc9o6l7qivven,5F0D1FD64871524E81B92957FF572C88
99mmc3a7m9193laiotf9l76dtq,558E7B0E1712F103EB57E0B4D485A465
tid000k9utheot6clfmmj2fvn0,58968BA467EEF6051D76CEEDB6EFB6AD
di19h250ck8kselk9bdnovjlcg,565FF38E7C87434DD4E25D9D54751753
bipqa87g21mhb5gngd4p22bkn5,5AA0226AE20C268C0EEA7B91A4C04FB8
bu1l8fme0s8lqhau8uv8dg1nt6,5FBBE22E60744B154F15A079E0739890
f9nslsrqjkd0711befrg0akkij,55E4DDBE272E2ED619A8F6812227CE1E
l3or19hq98hlm7i0d29t6lt3s5,5D2F469870C85181BE43B268F3BDDEE6
6que3lo29ofi5lpgbugddhvmut,5CECAF0E4AB49519D5F72FE65D6E24C3
dg1u4bt5u4gvhcnolk06oktfuo,5D32CFFA07EDBACEFFCC78C16A393C60
9dj98g4ac8r22csav7qibdf3rd,593B6BCADF1AA41F50463034B9E6DEBA
uosc2l533tukptk59h2ahch025,5C7DD3441AF01F6D7EFACAA40D1724DC
mtsfl23vk074a9gbe503s7mgvc,5B327B4395E1AACD5239289ABEA489A0
kagdav0t5qsrpkb5nureu0urj0,5C427019D747EFF1E847338299B6EBCB
m7nvdvs8hl67o8bq57ikurol26,55C14A9FC98C72F874D9FE6B7A50DF2F
1992rjnh5h5nb6len33n618b3u,574BD2D05AEE84D1F6D6BE630EFB6E16
a3nfb830h2su2trvc25unht509,582E0CDC2FE92087C214393A64AD4293
9c3v0p8vtd4s8o0u8vouie23v3,57D2304A13CFC0E30EC7F5257A4FF32D
nqamltortqkholh5m8rkansa7h,5C9DEA6C075BDBEAFA96BA72D40AB7D7
t202l656m15bj8rmbmdeil29am,5B9D75BEF6081A289C642D9ADFC337C0
a58a0iubh95hrjd3ggtnrt81p3,5C79778C07D02583FFFB51115BE33174
vsiu4jphetbkug6214c4epoe18,5872C9E96152944B8437621801373C23
h8u1j23o2m3l7bsjaceejpekj8,5E376E988B1DEDEDE5673F16F60CFDBC
91e38gdn7pncj7pnm1626oeqa8,59B660402B792CFEBCCF63A5B66A4BDC
rtmjtfhf7kldk827s8atmvel9i,565B3E41B7F8A934C22617AA075CB744
p4ndn6qj52dbidnv0kvb7tqfuh,5DF3C4982DE151FB8ABA309459F77114
14nd8pr7lk8ms3grtob3svn569,5F87B490653E66BC8DAEC3C996808B43
3605cu8vi5fqinf2tsraqcv04f,5D2081D403E608803510BCD93C401C95
hrp1m1eumg6fckadvg3l4pvla0,5BD9DB725ECDF8A36DB8D65080CD942F
265ft76pugm7s7pr6jrfvmlrs7,58ABDCC2630A31D26E9F930860DF1B60
ispncsgfkdbbb0v1bsncbmpt3q,5FA0B1C7B9BDA66F3AE5A5C1C574550C
t5fgpuj2c1diboukilke0ndlm1,5A1AB8102C17473FE371C7EFDFDB96A5
vk9rrrdrejs8epte96dpm9iuu9,59224B2BC20580F7194694592D3E7D67
rcpi69vhc54f75l5ja0cu2o4gs,5884267B0A04FF54C0D1F8AE8C3B8886
93o7q22eqhmlobjovsp22bkr98,57D1C3B2F1DD504430FFC8D0DF0E2989
n13fmba5147udin8pbkj4a7gde,582FD40F585BFD55DF9F8F788BA9ED15
rmk75u1r5h8vd0b53i720liq5k,5EBEF7A7FC8779870A488052260ABBF3
vlm30553rae5r6frim3vvgr9rm,5D8AC4A4EA0734D8FA689B9D8AC14220
abc3vj9bq785g8uvdpb616r2tb,5B8EE27DE74099020EEB1D3EFCDC26CF
82qijrqhg5bjoafod5tallv7jm,5C0A74FE0EB98E6CA5BBA8C3F8DF2EFB
b75egmrb17s3trni8rlie8p9fd,58B8A4AE7FB2B2EC5AA7E85AF3CD3479
cksk3jkm2tikgu4egev3egnmd,5C5B558A9CEBC5FB1F94CF0E66E3D0ED
va3392qo8jbf2lun8m736jd912,5880D59F7423966CFA149B50C171F4E7
dhe3o03u049efktlbs0qqf7vdc,5E85498419FF32873E7906ECD66A018C
vroum8hprlhpt6d9jlmeq6f5bt,5A48C1BC6D6A14E6E1305C931CB3F410
hcb0st3c4arin2oh82ejo6kt6,5A60533C6EFE670328674B802D31F04A
vln3v9e65rha8qujn15chlqv36,58325F900A88F80A9476FD90ABA17C80
t0oevrlprqt1clkfcmpcl0j493,5CF1072B200E8F40AD403A9B15FA3B57
aku76kftkh8k4g455g1818t7jd,5819626425E8EA56972F50213A1249D6
6b1gnfsm5rdlmlt2icdd331kui,5E1DE5CBCB60EE53F85574CEA852B8B8
foie842hjuq3fhtpabfal9sldp,5C594666172E54F7C098E8A9A1164152
oli0d3nujgfnpc7ijms2iedpgg,5C7E255D529474B9078524FE471358F1
ldeo6c2fruus0pt9e0e5mofmg1,55B279CDDF4C95C14B02ED356A2D0E56
krrq3uu1knvn517luebhlote61,56DC3DF642FBE9C225E3EFA0530268D3
n8djsk2aab6gp23ioe8oncihda,5AB8BDB3B493A2642095C8780548DFE8
mcjj18j6pu0vs4ldsn18sfsciq,5884D11A1DCE2A9519CBE9DFAFFD7D5C
hrjqqsvo58inr6pn801j9vt9om,5F70C1D6FB04FA0521BC680A0A587ADC
eftladoqvj0s5oe56il3k0d3uf,5DC6D662E43D836AEA4A3042646D5D28
h3oe5a2lf94gacpg962qiansl5,597762CCDBA73CA94D866915CBDEEB09
hr3ma1o25lm59k9j8ipauu53f4,561B641C0A166F5F35DFE011E9B10AE6
90cdeut3pae4uijhp29g347r3h,5DE59295D4AE531D2AF4F5488FEAF963
aq2d3b5r9d2chdrmp1cgc7kp7d,5E0091EFF44CB27417080652A6843DBD
cdiiv7hlon0bsidi86j584r8b3,5894E38AF4BEE90793FC085257D7C70E
j3nqt10rp476cgovvd7fe28qga,578DECAB0FB0F1CC37542475849DD9A5
cbupbqqlj57ben58km0eh9bc17,586A4828A0B9EE4DCEF1C92CDFAD7409
l1hbuv6m16n8o1gqpm9bpshf25,5DECCC1033C08EFB006D6DB1FE93F30E
2769r9anl6uvf20c6bsuk4sqpf,569FEAE53D62088D991C727208FCCB80
ln8h4l9k9c3lo1i5dfe1bk8v7k,5FE4537B24E3AA1D5D41B16B1E2C5F46
snfni5elmhetk1td69ma815sto,59E4A874B6813DBA31CA81E44D74B9DE
q9epav4bsrovoa46ljrisf25oo,584F52D6FFDE00FF9593087B26A0CF1B
6vkd28dnfet3kdfts0nm7c383f,580B7FBB337DDD94952C2209549CB9C2
bu4g0ee337qjlt4mv7r6g6g0fq,5DC53C132177BD731C2B1A0CE0E2ACFA
cj5mf0bo7icb43nl5ujeth9r05,56DE942FE1836F5EC3DFB4F0D674EE29
d911t3k356jgkr14fhgie6mm9,5F62110A182172EDB451F6503E83FFF9
887p0jonte0grdffutu36djcn3,5DC52F60FB7C70502F557FA53770DCAD
dvebmili3gosrs419cd5v5ovnh,5C24D86740C3746D93F8B556597167B8
skdm3ffus40bl2ipe1hnu69vfi,5797AC5503216D77ED859B05232EDF7B
lkmmv7n70n6q2ok5k4orav94o4,5F965C7021BD4A8A82D89F6012F7369D
h4edj5u4e351rrs2bnqji38u5k,58BF571FC53060E2F609B971EB11D260
1raep0s0f02emuttkqr0srgiuq,567E0D1A8E074C002B9BBF4DED8432C0
pcjp6l9q67rs0ojo1pu36dn1p9,574E380A9A4D07B025F39CF384E0A772
4bvtqhjp49r9fam1lfemr40tos,5B1222D027AC93558C6B24F926706640
1nce3tlbjape2r5mq6i2572ca6,56EAA037617D2DA928CAE77EFC1C8052
218u7qkpvcnnhnjojggk82k6t0,5DB78D24A3DCA9F77D75921D800E227B
g8s0ufgm1rdalattfa8up7hbua,5A96DD2FCD1E2A01FAC8E5C1CDCDC6D8
c8napg2q0k1iqvrm01285gtv4h,5D6C965BA590EFB70E7A3C87176AAC2F
vhfiau65apijcmvp0o5ai1132e,575952043F89C2C24463F45EDD9C3B39
frmmba1bbagkuuit45ktsec3u0,5C88978CA5D0B7F0D822216DCF8FD3AA
4ct9opl7scivibgse2mlm6lgje,5F2F85B0CC69A6C7C3055A288762DCC1
urkv10t38bb1o4tadm5rrd764j,5FC3CCC4F9D51F07550C5C6AE283B21E
3n37ih41r6dem5i0bd8blt2igv,5DBB616161C6436F44B1B40692CBB5AB
9jerv0i52j9msc3jfnevvp8121,5A10B1F0C29C47BEF401227432894934
t8tvopj1g9v0slarc78ge6qpb8,562D9465F502E66A4CD57CD63FC13B14
a6a956p21hq6fjq5m7cid7kb5a,579112E3064E9F290B446ED79DF9100F
8c74585kno934hutt3am69rsd1,5F9C27227A830A374F786D0908F6E8A4
4i8ordg5e83gucsjtof541hjl,5A3C60C7F0D151F10321DE7F0C017B8C
l0oo4ogvlosm96av3c26mi1gt1,5D0EA48043620C814D3454EEEE652A6D
s24tmc0j29p5cd20tqe1j2uia,58E351C9FCAA7FB6157621AB5C0BF756
r3u1mmq8irglqbj9uivmn21f71,57935867589FD1722B6B36975B975AA3
cbojcr85ki8mbmpnf6i1sikj91,5FE6A4867902A6FFE8A5A74A29853C71
qud99qpl53jnv1idmjvufbgt51,5AF3BD9B16D8D4C23D262CF40EE3D350
nm9omck4ce5a59bqvf2a1htj8p,5D41FC3F327D08AB704FF9473AE08824
9cb1lqtehisp2f82ebaf1dd8ip,5AB4AC3113EA6EFB900C1A3ABB04E731
st88ok3mqr3f7srtjkc81v8r9t,5EAE1C379923E219A1E7D917220FDF41
pchk69n9e8ss6cugpulubamgk,56EC02F9BEB97B23403375DADE41D893
9fdorpvn8kcfaonsk3uhis5hd4,5F0B7246D8CA86F7FC840F5F9EF589AD
9a3hp8vaasgfn18b4ee9rhmrek,56769CB26DA7E394BC0D8F4F7A0D338B
bshajuq5f733tvdk7tf4fliuj2,5952703701AE8CA190A5F9805029AEAC
hcqk8fr31uptj5ltv8m6qk6es3,55B62773F546A349453CE56E36679F1E
mqv9dqoc3h6svuths3mls3j40g,5C9EFD7BC0472F8FF4213353E36334A8
57k6dl43tk8f1g47s2g98bl368,58144AEF2168CBE36C8610A691B6B0AC
5366norffkdvsrk7bnfbihhohf,5863F07B7AAB2E692AF8C5847E1C908B
i2f61be479oodrtfgkfjrkhqt2,5E407BF7B5B31A7FACB90A3639E7948F
dgb419iaarb80pek64652avgo5,5A0FBF596DED50F82B04032D8C4B3F85
ng0ushceg597eo79o2d4shvgfs,5CF2A485892D5C710A66A191BB7DFE45
vl0vad0bb0o8qcustrafvp42tr,5852187F07870FAB66355C8CFEF9A0ED
1kirriksh8rjo081vhid4sjr2p,564B3D19E48F15F0991101133862C977
alelevcml1acs72fegi868bl4a,5B3E7E22A948E0E8FBC7202CE42ADF45
u2k37lqk926b6f6d59e0eiamoa,5755CF1F86A0BDC72C4CBA43BDF401E2
kk1ltr2jc177nqg24mi5f6qs0g,5D81A2DD0B37DC77458A6BE74BE7FA2E
k6f60tbbb79lqs488u1ht04get,5AA9713ECB0679BB9D50C595C961C75E
828t9gu4q56lkaigq4puo4qfcj,555A993BFFB7819A80D8A7D54FED4920
uu8lip3l0rargvrjbc7n7osaf0,5B58D55A19A02314425A6967C3515974
anl7b92mpni6cu8rd8890s1hsk,58ABD52709CDB182601DF33D960E9DA8
gi2qs6n9f2ar8d5702fktp744,594229912266848B41F5768F09520EA8
aoi7kd4ui2g75p6075ckglh454,5F506B59F409221A83179B0E32DC1340
c2l7jvc9qv770vdl2ipcph2u4i,573344C1B22791ACC6CE6E53391F148A
qilc0puo1ou5rptqu5vf4pkb6s,5EAA2BF359DE6330C567CB81518A2EE0
53pp9m99ami02spdlngh9kl5ko,55E9844D35DD196842BA1814FB829CC8
mskpn2m6v100h63rmfuikgmbgt,55A26786569F9309E6D80C3D209B3CAA
mf56f1f32mlado2mv0bo8e44fo,5B17680FCA33460A8AFA9FCE5EC41B03
rf25sn2n84ru62c0e4trhae4nf,560673059C647E15A1FE26DD5C96DD77
qm08qtto6r135ec4e4684gg41q,572310A6D1595779C6404F3CB9ECE52E
40jbacqharg8tir00u3u5mdigg,5E4DB322244BA6E203DBDCC933BF4A75
lvr8t5hur13gan023v9u5f3ek4,5F88E9C9F4D6D55A2B716572236D3223
d54tuhmdhqut7ai4jlusj2p789,5E5A313F98F636FDAC94051A5F88AE96
nlr0videf6f5be68rli8lesk2d,563C43BD11F7BE7921D3BE22FF42E99A
5msdb7ftbjnnv5mhndddeni0jm,5E82C9E4CDC3C7F89B96459D06CCB610
c83rk7n8cobpd6vq7cf8fpl8b7,56163309B420692F3D2A29911170A3B7
8721a5b65dr6vsnn4s8oq4n73t,5A92280E62EB4A072643C27A0C2F1D8E
9lsj6grmkkps7bum6p3nhv19co,5A5CF77CF5032E0AE36B969B0F4BD17A
kin13bc0n8cb2sfi326r3pl4at,5662AA705FA4299EBD4A21B02DAD39A3
v6673ma3c5tfl2nue27rq5mhtm,5A6FF80DA5E21021329464AD3F9D413E
qjp2k8ud9ip2v1ce4mn5pfbin9,5B24CAB50071F68CEB856F8906A4F538
acjhdjpmtr3vlvvnd8jv19e81c,5B7CBE48DE116E72BC1177CCE2DDD435
mfd6mcrs03qi81680vc6vd13uh,558E0548C5793F0C4686EA2ADAF23C22
fo363plnvihcaqunsk8nctjvdm,5664E30FCD210B68693727D296E8DE29
h498426r34m7jaer1t254ruvba,5A3B216A3D52DC440B7D519127126BF9
q45s678ubm40qbb7bnsrsue11e,57EF3E19D2FF505FF79C83A984DC73D7
vh1dmkp9mc7d0jb9j352o0rsor,5CD5269984D207B9EB08E514646A7B8C
m2rqvigqegfhsfj5gos222cb60,58841536531982072C2E86A9202BE106
nln3oju0amod3gd2o3dggohvth,56A0FBAD6DB664E89715626E690B3DF8
htgoolaljl67lcsf90rnvh4gd,563B651F10094EE54236A07332606182
cpnol1e33gmhrubb8kak1qus4n,5B545EA4333D1A0E073C598A4FEF5A08
4ufioqpfhbemsm5ua04sufbj02,5583B2B084DCEFC326C4FE1810741A14
o8o8pjecctuvt224841qk7vva8,5768B46A9A8AA37B5D5242CC80415E16
rdnf068ir443kbh72s7vl2b65l,5ADA00A1C07D440217CC332F5FDF73BC
qcro314tfomi3pm2gnk24vmiuj,563B70AEE82D29E6D3B4166325948273
m7vkcnadslg66tujg0nbbcag31,5B1DA55D20078FFFD0A92BFD655334CC
gesmj0i9rcnpb3pfcdh5mq9uj0,5AFB117B87F7766F7F6419DFE294336F
vb671bll28mc0uv8ct71ika333,5E0BCF5B15B5AAA376C967E0CF5BD364
bsl5v2ru51t9pvi3uv8b6m6r0o,58AD11AD9394FAA15844B4034EBD438D
f0iooj8vt26o2bl636f0nn0bm7,5AF933F0790E970943556623B8022034
b8c6rt021gbj8tafn7tq9brm3j,57FEAF4DA52BDA3DACB6A2B1B6B45E0A
gjm9kes8vq6qkplklpp0k3qe5q,5C3D4EE1C955600DC86553107A078F4E
3sagtha6cspchplped5rch0m28,563A132F400C3C41D06FE2D6FB4EDB1C
tic0c6a152a5aaicn3gvbosngs,592B6041370DD797A51567C9BBF94949
494j2ht5mqaolrov0ivgnsba6c,5597B7940201D825FE33C62F9A4553AB
a5ceoqcq041s4p32k877bm7cfo,5C5F8CE5394B552FDE716C72F236D0A8
ch39mcgrosguavm269gs7rcvst,5616038956F87AAEC7E5F0A0A659625C
bnd5k38eklfk4a723d7uiefnun,574544C5223724A20B419D80FF55B765
lhuhpc36nnf3367i8507ifo5p7,5CB91BAEDAA01DA3D7F944A4ECF9AB6B
j4k4i50phqr05o42c7t62ds3e,5730D91BE96C224E855E58C245EA2EF1
5rv4nsihf7arrevelfeuch489,5798BB9F7374FF3FD419D90CEA2BE672
vekfrtgkb0h8fbojq007jl0fo1,5CD23134E076367530269FDD99A9575B
ai58gcevdn4iiilppvlc5vaj9a,5F605CFCD9C541CFE5105C7965BCE400
t9p74rft2g5jg8ncrrtqch424t,59BE7EA16991B31C835D2E952B72CB14
o3193ij7kbk81lmcs5o38gl037,5618F7237B624E7E7B1F6E3D8AB1D5B4
c836chn8m93ng26e76d8nv76je,59ECA94B1AAE09C21EC0CA9A8AB1BAAE
bsno6numku4d26iifbfv227s8q,5B1AACCF8E1A55A03E18E19CB9C835E7
96gaspgi02pnoh8poq7qpb5en4,5A85DAD9498F40861A8B3B1EAB865DF0
go2pi6j2dr5rpcj87mvhvqb7c3,5EE3B054924BBBC4ABB22F2B769F98B4
6llnnennvsbvvsol8i8068hkfd,5DAB934AFB2B3BA27A603721C1F409CE
51tbfkflmgj8c4qs7hkbi8bc7f,5BE7999D7C3B27830D77DEB011391A7D
ql8d2uelpr8n12dpqre8jf5kdk,5E37BFE32C33EB1E3FBB5A8031210957
q8li3j3gk5brh726p82acp6l01,5A792B830C030ABE13E4E06C4B331BF3
rfu3lkpcg1advql3rdqgac8gi4,5DF079F50F59EB675B26020A83BFAE04
hbn6istii4b1nbgapv3p58ear5,5B0BBB5AA5E0FD74A50BB9EB5EE6EDC6
dbdijkqvoo326bgnma6kh7hfht,5C638EC07D6AFEDBD916A85D85943260
6elk1lrt39scljfoant100s8ob,5D6187EDF306DE7C514D196160FBF094
e4ksqbbfcc47emog7v9347m5sn,56E180B21E594DB2621218EF3CC3BE3B
oh5mgk6hj24in09sukutrbp1m6,5FA799661253091304F837702BD095EC
cta6uadbjhsb1ofdv8rta5cn81,57E95474515F894962AB6F211E1EFB29
buag80dsu3np7cvtk08nrmsv6h,57F6A9028017D3376867050B004D69DC
gem71ktturjdep219lq7kgrpo0,57A0677948A2E733902B3A8CD7BB09DC
rlclo1qnfucnon4fs33940ikqp,570939F27866393A6DB49AA1992A90C3
mrtssguc40idrmuc6obuqo7urf,555A38091A911A003B78F8CE81C8CC12
vkl9i23v5scrrum4oge0h5ce53,5FF30CB4303C3C89372617CBB623D0B4
mra8vi20tg4h41spielip0hq0e,55936D8B3789B29BFB5D947C3A4AC4FA
q9s665ch4tu17cdro05bdjcsl5,5EAF88154FEC6B6B7EE8FC50E03367D6
vroku2n65cla6lfd4npe3vvabg,5DD4A3A6FF22E0991D3AE8B6C5AD8380
rkcanqhl91lnhi7irh94ekt2rd,57E91CA4C6DA43FF41A1961026336719
g86t7f6cqk4ghf9ncdp6c8vhf0,5B97AFDD1423B380ED679A67AF4AE101
573i3kb52o52ams6dgj1e4fu4s,5900B583A30D65A0DB85BD8780E5875A
55o1fufmb04srg1pmq1dauim8h,5D94C7B64A6FAB6CA294CD5C39962A5B
ijlmll9vfrm7mum2lun9dlbbnh,5CA46C81C886783FBF4532C09CFFDFCE
hfc9ct4kghu9fa6usb7f7qb24e,59F347CAF5436EC938993B013C33F2AF
4ht0gju3kt6t4at9if2q906gcn,5F6E8806DF390E7E33D67236D69BB2DB
qu29q6vk5153fgc2a7g9ijpl0k,5B9B07204E179A8A2225DD6F89D46201
ol3lbjd6sflo57rich69g2m6ml,571755F3D9E83BA180D4495CF75CE2A0
vqctvvumn31uf6kbf98d4apdau,59CE47BB1460DCAF19F1DB7A80334714
snnd7disb0karpocbn1h3o4qdm,58990FC69012585EC11C01AE8E1F5D33
3df488agaakkaf4urfprpslkat,581986DDC0D1271D132532E3630CAD33
icnn039b8taq77gm328c1ldqf8,5B7AFC3A8CF44B8EBD5A4AB2FF3A2159
ogmm45ajonlpgc8n1kcsnuiqur,5A03A8C39CC119F672D60DF7FE114AFC
egj401is6j5klu6630uq0kl6k0,58E35C7F8231DC500377A7BF0E74FD0E
71l47fin4950usgkf62shf0i5g,5EC17EDF1247F244059B42DD09F0C927
rnv2bbloj8egg96bc0rcjjhfkh,581B1D51BA403ED8153FA367123CB0DB
thnmod2qoji82joq4n2icjmfok,5EC687E11393162D5CE3D175ACCABE78
i0jk6nqdt9s0p3jqj3nk3d8k30,5571ABCF5F8D880A8B61509BEAE45300
hms55o9j5jvknjaobrd6ea7uug,5D935A7F52DC64CEB59F8BEFF38959E6
954lasfmukn15u6g270balhbl4,58076CFCAA1ED3EFA344FE2AC537945E
37r6pi6lnj3s832ghoofujppj,5866CCA1812FC3E0E94ECE16AD0D944E
d5g49qc6icdutvvt9lt664aabk,5D54E6973A8DAED6A04B1D1DCE4285C0
rtf903emvml0o38dcrb9o9gc7c,557F017863BE8F9C76823750A903FB2E
2gfqr3cv6msr0qlu1mb8k4a2mv,5C3282C55C02D7580B85702E3D906BF2
s7mirporujitqhh6uj3klv8qik,5E061B62E2EBA4CFAA3AD26540BE80AF
c6kjp5mddd3rehoc9v43cgta1c,58F637DED8E6F84862019837F9B4FF18
92m6dk4o8kaljrjght93a80f3r,5F505D1DD1A3089AFE05957F3BF5784D
l0iv1377ljakc3s9re4pftnmb7,5FE3FB56AD778BCE3CC9B9C084C6C622
qca91n88pmu4jptuhar0f8hk9d,56A3F7BBF2F99FE687051FCC4B93327B
entqbf1ct5pbpjrh9figq96qte,5CAD44A0BCE12688FB3B0A76FDB40AC6
bo6besjrmeveok5jp2fvuf9oua,558E336691F682B0234AF6DB4238E254
tn096f5m8btc2i1jmeskoknuim,5FA4A734F87FDDDD412AE47A4760D1A5
smuup2ssj8p9bsh48p0c08qhq3,59CB52369C888787B60410CA0E4214CC
31srf9r4ptdc210ioiv3ni92ij,591062BE0807F5CDDEDC797412E97E85
fhrkjk5t38ttv25p5tlcv74gie,5B130300F0BC459B0269015C3E016965
ecmboagsi5u1536l5mn4r7vqlq,59507C92B90C7F9D868E2F407E3769B1
nmtm3i9cck8nvefks7as3gkrhv,587EC5B6C3B588EE810898ADE1D1365E
e3ri606rn28pakqn4r9q2cnbn9,5CB150072AD74103C912C033972F9463
6abcu1qnuu6mfih6kmg3hjejl3,558017B2919A145796B886A6B44BFA0C
k856ghviqnrdjlvpl8fpc8clml,5B6E1ED5647F57DE9C6733465F627E00
p9c5g30h6me05aaokdlset3bgq,5ECE647F4C635FE98EFD45490DFDA812
ui9bpl7j7h2m9opcno06blijf4,585C305EEDDD6013F051462184C8135E
6a4klium47l2tjanlhn419o6u,55C9726F205E13E786C04CE45EF0E886
rvufn8ohjdghfraqc3cs4ha10s,5F9F1E741DE8395AEE9EAE6C9E909EC4
5jkef9htjd5v8du81tiqoerqbm,5B372404FAEC3C00B24C62264575364B
dl08s7p307aiiahjcrcna3l5o1,5BD230A975060AF538C7678F02712D08
cl5vjbtachfp5fa3t4365vpj2c,5945F0D0B7E5FA2347FB6AEC0144B49D
rkvre731b831337guhpunp8t6p,5A983BD94D80A06489F82E82921D54D9
uhq4m9up72h38pckuno16gporh,5CFC1AFEFCC20A63BB2828A1B14EC2A7
9vm3ficoqhtpjc1ssl9fof0bof,5A392749809C32C5421F2595A6672F41
as8smh45hn1gcueuvh4tjf8ub6,58A364F5360BDB1479B322355161059D
b8l60e90f9qmi9bkk9g16n6bc4,56BBBBEA4FDFBD0B553DC8692E51C5AF
socjlig46fiqk3rl6rjhvl6bg3,5ADBFC99EED02B4A597E5542FF4B880F
7rcap1tecke5jv6rtr2dbt2ffr,5A84318F2B89DB284F5FCDBA9A84DD3F
f2kh6oiablspkss4lkp6492640,5731A7AD5A6A31344DA407F9B0E884C1
lkpg682fk33en5ltdgremsk3h4,5F3713A379665402B3E55AC2166EF026
dgvmmufsdags49aaikdrbk581j,5A4C57DA4D2EC573DAE805A926728CB6
abjdp88fv50cag8ka5r7uoeh96,5A3A97B11470B1343E3F04EFF796000E
uav562mcm7snq0sepe84vfjrob,5AD6151F0A77B4DA6A5C79AAD7CA3831
jurk4e3slpdbv9v371l4a34944,55A58363A37C4CEAA376A9597CA8263D
rnpdp0j2huk8h64ae7rpo6k0c8,56CF7D5A31E719DD54BE85D7AF522940
pq8s2cucrst65n5fqjoqbflf3s,55E59323D8C41368A2FAFB189B4A89EF
2n1c5invndgkrm79edm8nq2v9l,5A429974D2932321F0ECB631667DBEC8
bpsilv0eo5kq9bdclp06nlq6f8,59E00B43575C5C9AC0D6FF0EDEAD3316
1g4bb5uct4hmcbles5qc26hl2q,5ECF070B4A4E0F66DDADA9F06C09DD44
t405vn6mdke5jifikrhect5ltp,5DA971CD0A5EF0F2FB6F70C930BE4FE4
oac3560mpkvspfb5s6n7i9v9v8,58A65143E792A6A6B788D96A08A455FD
ekvo0ko8217ohuj1hjmk435eb3,58EC03E2088DF5D6832223DDE5EEF9B9
6vhg8p41ulk3h92kch5hm861sl,5A753A8EDCB6DC2DED38E2439EBE84E4
hloiftlgq89ilvmrvt6u5d63mh,5A75ECEF13F996C37F5414484B572C0A
2gaueln6p9hmjnqg8mdlrd2i92,571D64AE92ADAAFAF6D364353891820B
tpfchp1andpcuipauf2262lt6l,5C4A70B59A4AE4476CFC93767BA8A297
4936jotmlssdker9tdh6n7d3fe,5C176ADFC9B3E1F7D75BE7C7372E8E00
io85k20vlj7fg1aa1kkb5r40pu,5702F959E8073889E53797CFB33E68D2
vbv3v8b0et4umvhsq4ea92lk1a,58D57BB86A36F7A1C803844B10A8C230
aae30rrr6h43nt5m9r9mfov2n5,596140CFA9079F43D5E7BF634FAC5E28
cpmjjl3lr2sfn4qv06uhdk2osd,59DD550F3E4DD9FE36CEE2069A68BF47
bta9gpabelu4norjuc95r3d2ui,59A1EDEFDD782621F257A0978469C5F5
q1jsub7uo0dptu7h24pjhr226g,59E45B49E9CE0B9F6EAD90059F334FF0
ja4kh7n9cn59ab0tcsv7pqmonq,5FBE325B4F50384626B36ED49D77C3D5
oevnkegib4r1uuie98l5jruda,5E4C71DD3CBEBF159F7D2247B0207DCF
2dch9vj22dil4h3uubijftmukp,5F60C3EFECF914DFEA8587B993BDD08E
sob39v503e4hupdn8fsjl6gmab,5E96154365F810EFD3F7FEDDB1E58574
9hist5r4si4h448kr1n3mc2bre,59BBA5481ACB1B0BB9684BD8D25D9510
f1valjgv5ge6ka5ste4u7ruufh,5F9943C591C4A096600CDC0FE5C2BEC7
3o0tftk7617ic80h66luqg049k,5CBF78B4F36A9C2F82355A39394465D4
2h9g3p3amq9iqd2eabs5pfcqtr,5674B78462DBDB3A68E036E8DCAA7176
i2s6mcupfl21cp021t8h6ar62e,58A18DA4418975485582FB41D709BB41
3v8tojcabb097frlcupela3nkl,5DE8C1D21482E97A5E25CE45E8AA7FDA
jh4v5i3qc5k5k2j5r3hkh6ht43,56C16DF250E66469080529103516F963
mggh53bnej35493ciaj2o7s1ss,5E3A5B8D25C7BA114F3B928122C00306
subranr6s26cupjiog63arbe4e,5F4991C8361CA07048D1AC9C05B12C8D
aj48qi0gnusst8n2ksb3ufb8h0,565879DF402C3E140C48818923036AF9
e5tph3b8vkg8q932abqtd8tin4,59A19A3A86BC1CFF1CA6AA1DE5F2F9F3
3a4iu26hb0sskcf48q7rshvg65,59E9C3E915E413FA30AAD9F453E52819
3q138b3gbj2f8entrvdt1e829i,5E5620DCCA621B8B598A4C0D532F67B2
3i1numjdm485jroilog45iik1e,559367288F220F3081BA89A9CC6B37A9
2g6phagonnijvtnuaf2rgb6jj3,56583170EFFD5150AE19E81A2DACA2AD
m8029a4ie2i7g5epfbensbdps0,5AF8A6314E7274123B872F8078C34011
bo0t988ddfgoteq8e51ml2hp1p,5D9AEBA3958F190CD52EB15C1FEF74CE
jji97udad99b7k82h6a3vnm4ie,57E4EDC32704DAC109AF4647B828CEED
r5nbquojq4rv30ltosil5mb1le,5C15B1A6C0709A54A6C40D4B540A6755
cukei72et2l0r1q6jfmi1aha7h,5CD01E6A80223D9D5F9834EEA94A7FB8
verhunp1etaimaghb4tu5fdbfe,5F82AB0CBA2132BE9F4011D6E073D261
efsqsea455sq945aldkrldbnrk,5D010705E081E3610571F539654D66E9
vt090d4t9i0ih8ehavp54du82g,5E0023F276228DF03AE308CB594D73A1
m6kl3jodlan7rh62ktput6a8dg,59DE17904C878D9FC1E28E287A7A5F5C
hfoeo4fh29p173ioavt7apljkl,5A8A3E8F43A0FC97C6E4CD7CB9420C87
4aut4oit7b590oom5bgfeapda7,5CA601E558C4B64CAE751DCD7C1C5586
h8voafd57i6gik5hm7hqki3c8h,5DF723429232DE0E578367C08B0915A5
3d031qq4lhd60koqjcm95uvv62,5AA84922BC836E0BC987F8161FE91D85
6ld0ip9n0ps9pnvt4bu7qrfg,57E64F68D4B4D8A712FD043B20159FED
5ln34vbcobmuf6t0qs4j460hh3,598E06E94C48670C941262FAB5B7D2A3
5ujqo1t0o021bc2a07lb7c6kqk,57105E5CCFBEDDF6EB8330805719CFC8
9e7hrji4903bog5rkkk4qv40n7,5796D0F3D2ECFE6DD984306B07467791
4dfu501pjm99j7c5e7a3hv775g,5AA98A6E07018705CBCCFD65D3DA77BD
drec5bgkg2nkvb5es8a0qb3691,5F1FB64D2B2881CB9B59D186BE7B8A48
1ls43fgd7t5g04dve7if5lpa2e,5E00AA0E5DF966CB4C15BF350CFC7F53
qbu2u893sp027n1e2drhsefbt6,5B88C0AD3E114CC34676809D28603181
kadug2rg87lv0janvl4obod37c,5B0EB278853314C225D7544DA290A1C8
mek5b4ecg6nvlvue6erlb4np2o,56B6431640DA168D8C71AA22B264AB18
5j1obpuhqnjadkpvgjbjic5s3k,5AD6084905A8544E676A8E3617F930E1
rbbtkes3kla8157ljsbghlehua,58C0AEF525C3F218DDB6EA05058267DD
ne2ftjotakqd0a68k2q5rgaic4,5720776BCE2579916D00FB2CB113688F
roti7fmrc33fimvb6g0f9pm4f3,58FF2AE70D035F7693A494B53799C9D2
r1ci7bieiti96ahn8ukoagi8t2,5BE4C1853D1ADFBBA113AE94C4877427
9las2s2vbeqrn96nc1daho8ohh,55F4FAA90D95A24A37B79B7059233147
mt3c0frehlupg6gm6u3qhd167n,5C9DFC8389A58A3064608FDD9AA51055
739t2rd0bqsnlm1jqsr4osn7bs,5F9DEEB695FEAEA33B68DC58F95D72B1
j34o2dknqv1728s6f28ak3vep,5F20B912A7317450BB6486D5107E81D5
ulim28p8654l1d2b1qbjghriep,56261373C79EA29E13944CF83C056D30
99391fei0uenphbqllfq5t2utr,5E4BC662931CAD5E1931415B2351F153
8co8a0mjp54cftmbtqq8ud3kbg,5EFCFE63903ADA20D3D10AE034D835E5
8r7tlgq7ei2p2qibs7qa091p5v,5F38C7E39E00F0657AE7B719C91C6FDF
fnc2nfm4vvaa5hgei5glv5v3i9,55FF7ABA6F42F08ED86BF3AB1E81B936
f8u160t6n0h22odlbqptadmogj,58103614584C6358ED5D859648B198E0
min0q4v0kmgiljnm81pmggk1pm,59ACFA1D4628EF79E7CC586B6EBD8EB4
9fmvbjvc28bh6spji8q1tvsgum,5AF218AE05AAC42D78A68A692A2A2912
6l0d3udm4riddpdhkua93536no,56BCCA6F08999A2C576B008BEF4882E8
kv2vi4k4qh55bgd1htsen5vg4i,55BD012818DB3F97F02EA294E3FFD3EB
cgtc8hhmctgkv22smif0fntjmk,5722EBEADEE4091BE0FFD338BFF0EDC7
6amo6plas909jf55pj2tllslgq,56006DA9E1340F2F50AB9CF1C7AADD00
tsvlk73u37c9qqa4a0cortpvhd,5D80077DBF761D81B67B36EA818A17E0
ensgiaf7fh8a6fophm9dl7tico,5EEE7C09872296C4CDC7B668CF689B31
v6k0g9v7nlhoj0md3umd93o67a,5F1F4800193169FB6860EC86DF20D317
llffurt79qccmb8fcvg6mtm73b,5EC584A8D8F7FE633B4CF3C435722995
aq9qhfmj40tbscd8kkmek8b4cb,5D69A142DB5A87A5744CC14B2AA82DEF
eav6rmgb4um00ams74qu8rqq5n,5974562422601C44A01C9EE3A5D3DF2D
d0jkg9p7mol1get7gvem2itr1e,5BD761CD3F4AE32602727D3C74DEDFDE
h0nbbqphrut6rk6rin5hlcr4bm,577E4FE04DECBBDEEEA19B30C8BE2A72
7vokudm3tum3gcibdfoqqk5qnl,596B33B55078AA686667BAE57892FEEB
1fmvc6ha4o0kmk55o1a3u8cor5,5631FA527894BF7D42EC482E6113254E
sfrn76cld8mt8il6br1dggkett,5B4FCA56935D03E50C5C3726A8B000A2
7ss8f1flunnhpdoe98n4nji6fg,5F938DAF12A03116AD037D50B686668C
lr2dis2n871vsaad2blri8sh07,5B47F0A7934AB13DBDC3AFD4807ED3EF
nkp05m6hjj6l1mnu29epkcupc,5A03EB6C91AF9CFEB45C22961D8FF89F
vq3heb9tr2fu1ncvc8l4sb0ktl,57096FC0E7F811E38A3CE91AB0767DB5
5gs36mnomurinsmb74virego3d,58349FE2A12C8EEA8E486D247BA8873F
5hiidnrd5lh19djpqut454v1rm,5F8404CAA2937DC030897884F27585CF
fv2v8ls15eo38eppqvcl9nv8vh,5EC6359100FD48FADA39D82EBDC8AB24
b4t8lir07637qc0vjpm3din3qb,570F792C25A689D568F3F059E292747F
3nv4dj3tgbn1bc7c9ev62ahfi9,555BDB6243D7B05D95CCB64F14313777
m9et3bnr7durm2mfm3afflis49,5FEF93F7E5255A3FD78CD96F9F40CC1A
r8rg4rr5611cspfvhlf2dkf7gk,5E0553C3BD0309396B7E4B880046E966
q94ojgjcg3b5q7q4gq5q5ik7un,5B168F518D7349AD9EB86FF62099DAAD
2kj7b7t4g7lh967idl24h65nc1,563FCE94E8EC883FC17C1E538ED40D8C
6gp55qpt0mq7h7d409och91rr5,5F7FC27760335C03DC451AE4DDB1F032
45hfhkrjdavvklm66r5lt1pk5,588FFC4037CFD6D3CC5ACF3739F2E84E
4fhshhmi5bj38lt9egib8mcvuh,5FDBC1A43E171C7472A1D31972741D48
fag46fnsaq0gl4sc0ice5ta8oi,586AA87875CED29279C333DF34C4453C
h9ajlmarboadqa6brnsrpp9meb,5BC4E6EF38B3001BBE94D9BF108FC3AB
u1157uu6tfslhdbvcmbm8pijft,5FFEDFAD232FEA444A0DBF68EF6C3CED
796g101j9941n0mo08laq5mcn7,56268A3E6715A106563450E5A569278A
ah1c73q34kafehsulmc7k04463,5BFCD81EAED33B1873CEF240F72DC037
vohm1jul2q0v3alqkj40j6tf21,55AB6D2A808762D4ACF3F523C14ED8C4
p59ere9l1vu7q0mcb8qq3tnhi7,5A69271C7A869518257296A4BF03D13D
lumriqa2keli65fjc9mrno2n9,5F299B6998315D4106D9C2BC4C0C8FAE
l845evcrmd7vgp4at704ddgjct,5B01DCCF0B5CA11A47CB1C3ECD8C8C32
k1va3o3uncc2lo0eikctta3ogj,5CDA7C0E773DA3ED6ACEC31A92783446
rq208c9v2fmudhg1lgajvr5a5m,5C0500B73858610C93A727B6EEBF2C84
akqv3jtoga0lp8lfsaeis2ohdq,5C4F199D71EF0864B0F05646688259B9
ekukhb2d9lcr9cg6kflr724caj,58ADB9F01014C38217DE4534471B281F
sj5npljqdhf8hci77o5fq5eci6,5DC4426F3960E489F9F22F9070DF5751
p2nrgfii0kom5v6eunt9mvrmi8,5D437E55E09104E194A559DCAF4F3ACC
k5drnas44u3rk16e99iuimndsu,593701AE581B86092626A7AA37B456FC
bksjv3p17n51h79d0sceoeeui2,58A207A3FA27528601F3135569F60564
4c3eb6lgtijkfrldkq50nlssjr,585E37CE7F3AFF716E14173AF0C068B0
jtb5apiav7kl9tn6jeevo9gkl0,5753BD3064D55A9E18DF0965C8E032A6
h02h8gmkstqd8o79msl0qp9875,5E3A553B6D4C9BD43736A5F92D3EEA2B
3e4dgekp5609ahgp6bjmn5kuri,575C4DBB21BA1D468E8CA46A1AB112D9
vpbnanbtvkloffcgvmk19aomve,5B798F27DF51F6496C376C0A48B155D7
ndq7u8n8vt1nlivutilj7n24c7,56D7C719BB7088E81A26ED577CDD1101
6u4qrvnnhp1nvu7n2dqm0efp84,5FFA5A8F6D9FBBD2962414F77B866F34
48mk2ije0g8pnpqco27hed61b6,5837C0C53FF39958B66F1FEA44E9C626
mamf98d99ddfn1dtbepi5ktj03,5639E2BC14E4DB640E4A3CF08517043B
6kv59vqaqu1gfn7qn13tpr7gs0,5F02E18D64A776ED43239FB56A417F56
ftdqiml1sagt3ob13tpmk45u9p,59638EECDA0E0822FC4BFCBD94530405
fcjro86vbihaghbcobn5u0tes9,5C0E7F22C129913303E96537E09856BD
56shupvif0k6eucu7696oj1st6,5D8EF9FF8D86A1BFF3CCF3970E8B9B36
mno4f8fbkmsspg0qn6qmj2rqke,5C6ADCBF6D77D1733E9A1F6EB56116D3
hdokpd22kas6jims8f9ulh0dfe,592BEAC7A87BCA032DEB5A97EDD00118
15vuvc3bra1ouphpb7k10cn8u3,561E15BCEBB0351D20C9F88CA4E3A45B
72ce0k1ua0qlo3nornfdkq1tfr,5C280A5F233AB70563D3D19A3EB278E6
onafkugcm88nlp7jp9fh1upege,5C6F4F5ABA093E574247600A5EBDE07C
515mnfaj4jnqcm326uie0viedk,58FF4D708A262F07C165F3E1ADF60D99
lsjbfbj6q3g3dbm9u038qj8i1r,58E09C885318A35AF164F9AE1F6D3570
pl334jl6mn52tqo1dk41ai4g17,5E50FB95F18B4AC68021205300A0F40C
rcggv3oc8ml94vbgenqfdlod4p,5AB30A7CB54E41A4CD5E4D5D56DF87ED
79mpd2ud6kda67jloielgcaj8f,55580AF35777F72236FE31C9ADF2B8FB
s9o1cn51csg62drisgt7966h9k,5E4C50841909E18816BED343D76F11A4
msqtvpjsctr499ttt4chj8qce1,5850543914B6DF5EC2615A77605237C8
652fpqf56g8pahf0e99ckf552k,576615E4CFA760776CB729A9228F14DA
u5q63411j8en6ma2ktb68ad5vu,56407A16DA43B4B5A0BD5CC375B5369B
f20pdghcteom8j2f3rlcjd6ort,58A1CD9EF5F742B9377CC454CC283AB7
bah6s3br5ii002c2ft94g0pask,56C3A946C4361B7EEA7478C275CB79BA
9rbs96lil021fia2ljs1bl2rjs,5BCD73BEC9C07DDACFC77D3A58EB7313
r82jtigabe2vfgqokl3pi3cah2,5BF62134FC4E442A420F9320E66E9154
615rchu2j0ncduvju3cv0uontf,58ACC36C5AD97C82069A0C9EFBED2437
g2gb8btlmb1lf4hbpo2kkpo4v5,5999BBE14085CB76FC7D629AC08BDF32
18bdl0g6eqejijq5tibve2obp5,5666E8E7C26C3DC5B93576C5F046B16E
bobtu7afdjko4p96llgcjg2k4h,55C63DCCE4317F2EB89295907D693F9E
cm83kkbf3p2a7jk76guv5340ll,5F81BFF72A290DD1490EA345195FBF16
cfej5na5r14figvtgolp0qgom3,5DC90DBB22700C797CAA3169D6D72F06
elmej2o8455ksdctlmltfc5qct,5AA459CE51E8731D1E95D694884A5DCF
ouudd0jmhku1q3a0s7edeg40bq,5BC1DAB3DDC404695C0B3F6517319400
sdhcpl4eimord9f7rlro1si9e9,5E901E31D386408CBC6D7384EB3E48B7
v617nggdk34ko8vhjovtud4ah4,5F3292D2F38B3228E808CB41DCA34FBC
adsdsdde1nqvtk7a5jn5bk4mu6,5E91B6CB22654868F58CFD129A923B60
u98rethlm9m2v5ug9islg2soj1,5CA90D09D42960011F5E33CCBBB329D0
ju702sfi6ur7k0lne61ao1gh60,5C1E839E4A32E05D7BD25887820E122A
pdsbm7i262tlhai46giu7uo95c,5B101EA37D8F485E1E3FABCF509F6C06
q3evbm765s1fg54g7me6iba5bk,5B475155054813F26682EA14F130DE08
eb56vrjt6qnnk4tq8578pf5e63,5E40195162F14D039CCA110C217441BD
rsda8o97rq93ssjfarfllkudi3,57F213CEB05A80D5E73164200CCC6D91
blsghthacg7ku5l408ticl5ur3,59565BE70FF71D991A26731A5F1C614E
t8gsl5dr0rd205er16nd938ko,5BEE29F790FDE42C70CD78A35B9CCBED
q424imcasu7pc9fp6i33odik60,5C78536B7673BC219A4B1E0945049957
ajj5trmblk1h9e9dapciup0g6r,5983E5B038B3C11478D41B9FD223AF1D
4lfp12pln93rtqd71rg5c501av,5F729194F5C967BA43410779AAD91F32
b60275edqbpjjle5usm21jp6uq,5F02AA937CEEAECB2E18C6BA8B171F8D
urdfuga8uen2vq7olkqd2ul6a7,5866DF4B9C716EF594A3277D5A02DD34
tcikodbr3o66tsffcsgit0vtpa,5D837E33F71148DB3810C7CA5D3AF6AA
gdm7166feoccqekjsql1t1tgbq,5A7B89635A7FF4D8147FCEAC3D590F0A
klrieprjbkku2bo44euogrcjvv,5D3A281A35CB298FA8B9A23EB37FB9B3
l82jdosbq999k5t5qt4ml3tgrb,5DC8920B6793E3CE529E84D07E144FA6
omo0bqro6oqs0r95h568n4hs81,5BB65A14835FB833DC1781A8F4899420
6kfh9ecl57mf53gq83hqjfp3he,58A63F0EF267D68CCF0E9F6B71B39D44
mj1eobelp995vs8k2uglh3ubvu,5BEF826C02A17E283C490D002CE275AB
v3fb32m187t1psngkvpihs9qa5,5BD6CB4FBFC85983485CFEE9297B11D7
6i7kcfo82lbetf3vjbk9186euu,5C9279C387C72DDAA5600FED3BD3B6B0
7m350vfr7c860md6ri8oarhuqv,5B4F60BE4608FD97D2790F79F31F5771
gmgk6u5oa9843ak9r6goa8eej9,555888A7862D1639E86DF9C1BBB74B57
4qmujvnvkdrkghr6pcd2jm846g,5CF44690258D3C12688267769C566494
ke3qbi8l3hcj7g6b67aqtdepn4,580E723DE2D824A66F421880156BBB5A
4cfuik162sanhcs4t4u3b47mb2,5A8B435736ADC2A5A2703469E058FB5E
rfjdskb2rjlbnarbpstvpear1j,59D32CD3E1F8145AC2CEB15B0378BCC2
b4tgdtc8pusl586crk630c3csl,5A66B0371206DCB70A13DB83196D3BCA
vtclbkv32ugae66od9dgj3rn7c,5859800581587628C024FE91090ED020
51djeqsp9v3tocta4v2orcci6e,5E7280C94C2044539E829EC2945D1E8B
b8190ghta3m9qg20fplc12dfg3,5557F015F03E5C6392F208140A761F0A
il00ce9tqv02eecdh1ul4n8t63,5F06FBE50B4285B9E3D49FD0156ADD47
ld6pf92mmfc54gmr9vko3i1vta,5AE60B18876DF12A7282702274097FA9
119q28ut882p47kmi1fvgvq83,587B5660CD36D14DDD20FB3520125C40
hess5393l1i5m3j5rsgfr4b8p1,598226F5BFFBD077820AFEE141BD24B6
dokd36qdaon601u3mndj90m8fk,5FA3341EF4EB6151FE71438EB06E7C3D
a9lkro06i5r0apgqorbb0fllh9,5A58C27568C837F08AF272DCC50F4623
hcl0j06th7c55cipdccl2a4kl1,5C1F40874E426111B4BA75C2E43CE1F7
9273rcgjckel0er6f61768iqr9,57CF82A3308B73266F42F6988BB58115
s1ovb5a0jbancs46pnkvmmjesj,5DC564C6C0BEB28B25C4BC1481618878
f0r56o8vjidkcm7dm3sc3g02lm,5874F7D117B94EBC9E28CA56251CBAC5
jjiqt2ois1cjjcujm98ht64mea,5ECA09B86103F1AB31781AC9E90DDABE
flvrt1pdi2peduj8ur9db8ttt2,5D52207BC3F67E51E7FDC985DE75D757
9qgikgit4a43msqfbs4fmbtr98,5F50B84A1C4C95C32B56E1B652FE70B3
a1lvjldim9laj04t0mm20thscl,5BF82008EDEC98F53C77A817EEBF6429
pfkultsabe7elrrklec3eifhhf,5C1A3FBCDB4B6F050603CFB32815BDAA
jv8o39avbda5kil72va1ml3j7f,5A62170F73E688E449697B5788CFE11F
h1ahvb9o07kllknrejpnpkkid7,5B4079030CD83A987601A2311D01AE96
7fdsor72ud01t73frgstdtsba5,593274A25988381B80A755E900A21E58
583drt9896jqfl34iibqbrcbja,5911BCA450CAB086B54520F2954F3235
6g07ljnfa8ddfcuukfct6mntui,57BAF1BFF667772014E711CB50763782
4opjkciehm2j1krfimdpl0qq22,5C441A133D0CCF58E23CE0F13D296145
ond8pkrn3okigdhmeeapfn1ic3,5E595B8A0C0B2AD08B8F207E76C7AB2C
4fa6u0u14jjeoijdh01b3tf0tu,581E571D6B0924F82071953E939D2EF5
uta4tjsvr5q8ancsfqfeik89lo,5610C0FFF1EBA5DECD5593F24A589DE3
i8lf54j0glci7c47b832oulctm,5D4D447E7E689C64A4C8D2A22E12531B
davg0df2mchsc8houe70i7u26j,582E52257EAC6A616E71ACAA047221D3
am1b24iiak79b2u4ctlft1h529,58ADEB251DA33651AF3FDEC6E83A80B9
41u3hhc5eujpdqm9sberlfp78c,56C775FAB7B3E6635935EDE5DC9CD138
13g3316stk4jrcdd1j0gt48lp3,5E048827EFE78C40622009D787A398AC
g0dcjl7r75kcqeghomnut66p71,5C78457131EB93FB3D23C0B7864367AB
eco8k29jbquj2db1ld8lcbi2mr,56AB896BD3B6E38D004787A86D25DC6D
pi1q8okes8klp412nfg8jb2acl,588EBECB2464C5EDC87457B169872A9D
10rk1ba9h0oar74ijlqblcmrds,5A77380F173F2208C4752613659618ED
n2bv0d4ij0pucdegpjdjjs33at,5962EC1D12F2114BD668EF80665E6AD6
haaf5cuv2kts47h6760cr923l9,573A4BCA564E07508D56F0328683DEB3
3mto9rltc0n9ldvvtf8dmtjh42,5DCB3099580ED791BA0D47A7021529DA
pfp9b4adcvhlqmns20j45v8d6b,582A4141886E52FE3113DA66DB84C6C4
5cqtckj4pi7k2rof8ikg2pmilv,57DFB3DCAF737C839BBB8DC53D625F78
ukj528vlt1gt605mvg5oo4fucg,5A81F50CAF7E02730CACE89110F71F49
tsklo3uekdnn4ioomvs63aknhs,5B1803CF772377687D5264F7A19B993F
ecq8obokt32vjflbkj5v67bk1u,5CC0A39643F4A6E895238191F5512E43
lbo3jflso9n7fd48q74mt5v8tl,589686E88B168AE0C7259BF331C0B726
ok71qtblvqn1l76vo3uf6qtspe,5E16461D42E5D6B24070FDED7424FD90
vgfo1ide9m1n08anma1p6qe4m1,5742A1925966BDCA71259075705FEBE0
k3pk3cbfng2uh39e3or3uhm46q,5839430370B504DDE119603DC93E5B2A
mmcrd421k103o3bcp58prn48av,586B24A473AAB97D5CD822A991645D60
7t2mcct8uk47hndh3t9dpd8lku,57AC4CD2B74B20DFD0F838DD7C14F079
j9csvbqbn02gd6vs2f3puceijb,5585DB39C9B58ED474768129D0AC40C2
4nk5voe3iccqg9q230vntvjvcm,587BCFA34489DB11B7AF5E081697D8B1
s5dlnfs4tkk2jg884i75ms7ohc,5839FB6020F8C75663D585A4A90C0E88
s60bfthvdgi4r4qluac0g37klo,58E45DBBF9B53A977C833D8482336740
mlkn1s7h59fvhu98sf1s05mlkf,5FDD59595DE66E630A41013544DDFD33
2tobbs2v1787sos6l6rjn7neon,5A377183718E064D4187FE8AA59C4856
9pib21f9fd8fp35sa8tm6rofm7,59C8284A87DFDB12F81C21D6F5D67FEE
cvr6vkqqb22dgjrmk6684vcj1j,58A34CDCC5A2B303F3F2CC22697D5C2C
9477f63rukdb9p4f6js69gcfgo,5BB5ED5EB2C0FE34E0F6F516618688DF
ttooafo55vahaahv6eerp2d66n,5B868100A8300AD475139DD51695B03D
i6u1c0smvqj9s22pcfqscpp5st,5A69814E51B8F5BFF537938935F5CE40
32n74n2girtt49sru0ua0n352,568283BFB2A562CD5D777A956209347D
t8poa46s7rgcdco8op6en1i6nl,5C92EA3F39199906E5285498723D88E4
eiintujk9bur6fh5m72bner0bh,56CE3FFEE4A625ACF56F81E7EA0D5814
vepd1ibf5q7hris1cu0akko2nt,5B99C1DDCEC1E42FF1A1891A6934C96F
k50k6regbnqqdoq71hhf8tibcb,5B039A35F3B36E0781B630D7E697F0A8
puha50s5o3t91ga8ii3bhq6g39,5970B1C93E72A693B2A04D41A3E00D14
c4bdjdfe68gu34uj12n59h1e2s,5B4726A04F06F64271F454F335F1D76F
b4t8vlevunsjj9v7s5jonrbti5,5DBA73E51C34DF16D402BDCCCDE03A4A
ati98400isu6ohk6lvt9j32ag2,5801EBD30539DCBE62873D3C8BB720CA
8r6msq4gndfjrmn9biu99nrofr,593442D468BAA46C9A60F6098A9D088B
6qujrf8letdq9dnqsb90ept6f6,5CE5A852B97281E9552338A4FBB614DB
e3asuhd24tc4ip3rhlegrpucnr,5760C148683D559C147B3E59B4BCFF04
gtoqhoj0ra8kitih9ntuna3t0s,5BC797AA34E1DDD83EA99B2BE68A2B3B
ve61nck5mfohk8foba87m0k8g7,5729F1E7EDC9634657490DE74409F2F7
tl0igtprgvgko42hgiq23amrum,5BA6F2F546FCA0A049CB095D5037C64C
uqusq8harkkek696iiofjbcdbs,5E2D6951D7A5FDE5792007E8836A89A5
ks5caadd828cgk93ukgc6j7p3j,55F842EFD71A4E82BEBF00D419B3A109
bap606b5ivbkjfjdt5sfokgrlt,5C3AD38686E2AC6AF78681D711E1688D
97qnk2basb84o5eltbe0r9cpvq,58BCA195F691C6DCE93066DE78872555
qgb1m3c0dkictmnnmk6or6os0p,5A65E393CAA6CD314BA7B1722D9B3EF8
nm5teh58asraba0p8s8er35fsk,5DD9C313213B0344D6F88552A7D2318A
glrj6hls1em4cpr3ma9h5ooon6,5A5AC618CF1D7C849B697D66FBBFD91C
bphujdcblg4t7cg6u2e429g34p,5C2B1209BF55C75106188E4D069BF973
ri95f7fb9teqqmnuj7t7jgrogu,5877A4B8E6E4AC60D294484825B3BF7C
7hchjd0crc2e2m45btaafvct1a,56DFA429CDD4B7B5642D86336F46B0CA
j2ue8ssgofrtmn6fo89ama0tom,5AEF46EF755405CA0F5DC1856B6C99C2
tan273b282ps44nv9n872h58tj,57E49F3E869E1E955677CA819791C8F6
i56bcq3tf0f4nrujk394kp3m38,5A36A7FC55EBCE7411BF569D418F41FA
tja0ngsmfhlog122l4o5drdpht,5FB88881935159B00B39AAABFC21BEB2
4d9fvg124jkrhno175edm3ej8,5B799C7528D38CD321BB8A66BA889635
3cfo3potjm674nsc2fs56gdmpa,5D64F4CAF2B321D099033505F35CF9CA
gvod5ckgloh56ks06qu01ccb98,5C7E269BB79E672348E48F3887E11838
9esoabj28hvj2tvlg7aqfv6ter,5855874DC787B69E5A2587B8B9AF76D4
m0afunmikondgfsdnsli7urgus,5ECFC11E1ED887E8642271ACFB036DAC
ei46qbcjpnr935saglcjg9e1vs,5C383B427977B8B67770944022E2CA96
huomnktfb750292c23qmog3dno,5FE5990FB0DCAB1FAA70B9D385060B6D
rllg1t50el9i03j5h2vv04l1qb,5B1E7417449C1EC5B9F838BFD766310F
gp4iigtm1l8nl28q7vsn4k4lb3,5FFB8496C55D0C0C30DEB10429A65877
8ol6d93doqtr72k8kl4v0c144n,5EE3EEB16D2E3C7B02837357D2613CBE
jv30ukfjo42ed2vo9vp1ib103j,5A49AF2C1160D8054567D3FDB59AC97B
46u810e6nnsa1gcbm1g90t66s1,55CBF694BC6E0E9C8CD03A98C8240D3F
ovktgi4aln3jib1atjtaqhag2u,5CB2FBDA0ED1AB12964D37B4352283EB
pnobthq0dg9h482qbnkqstvu5s,5BE5CE9BD34415289B4E083DD4AA0675
as5deuqs8b85cf1konveahaeib,5AD85EF2517DD83AE32278F63BDDCEBC
eua3a3upea54pl2im3tluacu9f,59FDB8D7A4D45628B49FC5441C0FEEB8
lpkjitcfr6hpjhvci558rh7bgi,56B92233C001E04927D3684D3D845157
f3eto8quvo00lgl5drjj1922ak,55949F507B338EAA9E8B2265F36BBF06
3qrvhl743dnonsdd9e3c2tun4k,5822C536D907BB49805D3BBF12EB1B98
bqalgfsdul2l1j807knc39ggrt,5A1D18216ECD6D018B6853AE70D317AD
1lp137hl1151s0vk2cps0cscsi,5C76CD7EFA052B5B2CB18F25DC0E7EEE
kh04c8radds8gkacsalr983eot,564313EC7AD9A0E4C41CB43C693C2A5C
