Key,Hash
i9n6v5u8545u8of6bsq2cqrtk7,1B4A2AB05D737284441B8CAF5B56A1C4
i486c40a0frlgc22c8ueqoeo1p,14ECAEA16C669F87CD8B267C737ED3B8
92d85akmqagop24d15p8olp85a,17061AC2D24CD804395371FE20BB78B3
cdfsfvorafkmvtqovki2mkmgnb,1DED995FE53AA0F343B24F1FB0BFC5E0
sr159ule5b10q0ugpk4l1futl5,1D0AF1E07CFED6F044B5413A9DEE4BD7
ectlobfmp4oqsakv9s8h7a73ra,186E53EE8DEA35F5370B65625D0CB288
or3pk9bicgj8jmeu4pagp5b4op,19BF57B3536818DF60E3D527BD04C57B
e35vgn0teedh7kmsiu7t1asuj0,11C89D99514E3A17C9CA4F51C43D73F6
qn1nsq82tkodglkp0irmihds4,162254A9BEA8F81860F08A716B6E4042
jbtstv1ner32l0kp8s3ilc0gk6,129378D7A3845DA4FA4C483265458A9E
puatgc4qptkgghkahttht2l9bf,1B89A2345DFF5ED1960375F68D34E1E3
u22q3npgc2cqk8bdo4qeig2pgk,1F9D2A9178B8A260E971AA2329CE8B6B
csvaebf8u2fchvq1rir16un97s,126084B70D531176CB4C4E0624DA3868
poe81ji25r96msgq92t9362neg,1772A84CF1412B48BB0103CF3324232F
6o8ggp1vubporf03gn4oj5soh0,1460B9D39CFC19004FCC026B527D2E26
c1rjl4ittkoqcdi5r8kc7h763o,114179AB9BAA70854D3F2E4E589D0DD4
vc34224gm0h6k3nqdmil2p9294,113F11F708B6143D57258F54F60CCE14
ghn0vrt6o0qhmdf3bp1nbd6vjh,1FE480AEDC70B9B46824E04C6B671B41
b8b854bpbpku44mm97a2kqgc25,1145601BA8272F0ACEB3ED28CFC931F5
pdh1rkbc3hkl927v1omrnk1p0u,1E8269DFBFC10301B2F8CDFF408C081A
vunmu33kd5iqh1r2g91b6snsv5,1EE50290339F4D99B3E2494830A57178
foqnuo1kvp3ie1dkc93kmhifct,1AEDB112A9C5BF87B43819CF0405191E
duvtgsm71vg8ucrue5olgpafhu,10981F160F30DBB837E3164E2224757A
j6bgrulfllltvllr8ikk3j635l,1A72A89D6B7E068D51E66EA322AB2D30
81v4sunnvuhn3sipjrtfuvhmqj,152F47E438CABDF013836382F5D6F6FD
u23q9jva1kks1ciq6qdrq2df73,187B22B6557E6671493CFFBC8D6C71D5
agn34tvapqcfqav9jbgcikv446,1FE147FC9956E6D974DF9563C157CE84
drd8nb94dmqjgttk92c5f0m7a6,12565F03005628BE4C24E6EBE7DAE98C
8bdn8a247s7bu9e0eogslaovac,10B889EF7A81A53461885A200C9BD1CD
36fh5jhpmftab3vhdkso98pf86,14C5730A23B3B779C96CC82652480E98
qgremf2sj9unfe7v33vgvhbjs5,1B2783E29D124A8E4FCDE8863511B13C
c6pdqq4o7dlcms1a9nq1ajfupc,1BF6E1296E3B5538E380450B67F9A939
takluh3sm4n37g7hbssu84vu01,17585642EBDE1DAE12AC5E59CE27E0A4
cvjq97h3r3vdggd58a85u6d228,1B166F45F3355F667FB57A07E7A4AA34
i95v4bdmeg284o6b9nmmo6fg7i,1994C90615E536DD5420FFEB7CCA058A
v9gbm3l22b2tt0i828gcpf4d6l,1337934252DE75DF2D751A8E65407579
vg5ghq7cn9s8otavjk6hufnbab,1AA0C6A47136E67516A4B77EDD7616DA
vdjf0ee9ehq9ivd2iu2glc9avk,1332C0A6DF3E8BF4BB61648D6E54D49C
oeo6rs423lklo5kgklic2h4d8q,19311FDBC507A2CBFC763D54E9023149
iskbq98557089f6bhro1oau3kr,1360647AB71D91C3B0ED75A6B49CB133
v10qid3ei80kukpp1cd1uflh,12F4BD85B9EFBAD32B02F6AD4A327BC1
96kst1cfkmguq5nios43ju5din,11E38B772DF80D9078B0BFC6A1887F0F
mc89f2al6901lq6m519bmqhvj6,1F6489BD66D5C5B9311445F45485C514
p7sq1a5fssg5tb7bl6929jbu6,19659ADDF899DCF92C8E8BC14EF34D7F
m2dbhbaunpbi4gsgkl3da2p1g3,107108EE6E74F37EBA6B5EA347DA2305
fv6ju3c2imtja99tp506g4ibjc,1A52E44775E2CC6A8462D16571C3F01C
1ck99fuk62hcjfecfqibacq752,10C6044B7FAAA8AAB9E321A72B4B086B
2vv0l2qlpaanpe18s996hc8hqr,1CE80685FE6F3D7FD0A77A7B37905D19
kvojd3k58tbvthit52fp75s7f1,1BB56627B97F46F91845065031C12302
2pgfgapcnbfiscdgp0vogr5ud8,18A855E03AE517B4AEE3D9435D590DE3
editako9jbpk5iiksu31lmv3n9,176EFDBBE241A132E724855A6F488D83
j4e2pkeeamo2ks90q2ovn1rj0c,138C3E6CC3FC2B13AB4DF8670C78B0E0
h2kg9q4nhpkso7hqfk96jn3u3n,1ECA0D95D7C90041601DA0ADB35ABD35
1sce4th5dc3cq8csf3me7ude6r,1080A796D4B51B93DFABFF51C9AD87D7
2f5egf8a2ohsq656sr575sas3c,1F87890BBF3F61100CD472440ABA1975
6aap2vhb10vnmd0skh24503jfa,156623B0E0C8540E2F2A83493FEAE5C0
ghunh86b184pd2utmviungn9ag,13F9E6B63F43BE7D65EB9E87CEE2FAAF
ita85t1bp09edgqm8lc4epqnl7,13A710335FD15A1C163838EC055CDCA0
5a8rjjqi820c3tu6v21ute987r,1FE17BC9D8B4C20B670C582BF9B21B9A
qp9r1c7letu849tgonkdd4bahm,1830FB3545EF2DCE8A3A13B4094C7342
hl9unn249nict2sd3o1jl3gk04,14D3F68A487B9921E7B65628A49307F8
1rptqe8udub9muuapsgi1ioalc,1D3B4D2FAA8F47B13A982355DCDA5B8B
r2g0qnfg8ad95ld2o2p7b2miqd,169167D61AF3190FD3B273F017AC188A
b01qc9nadq4395fc8r3of6k2ov,14E347E2F9715E705A2D2A8EA1FAC5C5
7hmeahg6cjjc6g95l0gqmjrmms,1CBB5C94051E84D93561864065E209B5
19qrj41uua7c0ieorcn2g8i73g,1FB361B90759A2F6C1F4BCA602A128FD
cgq54j26fq9vlrel5r25g8f8jf,1F12505C624815314086D0BDE634DDF0
d46t073fn1cp0h5e6jb4nn2bj9,10B19756044FE9C51FB28E20EA1A646F
5qbvuvv51gu2ukarlsagh6cna,1873192D18B518D0D37CF80C7E55A15B
33dom7q60vn3ltupablf73dkup,1C3B891E1CBF26BEF248AFC7656D078F
7i8n00lg5prahicou3b28f6ec7,16137F584581E7D86F89A04E7F464E3E
fhe65lff3dehei0iivf0a9ao8q,1E8B04337C36728DED80B1F7E23F95A4
fefo6pa3b0755n49hnsbo0ppnd,115B2E0FB87E07F87DB2820E2149DEF0
durkpglu5ncqdghtbvc8pcrn44,131DF481E61E1D395589ACB8B5FC7E77
7g4pjqv6u08pohb0kfsutplv7h,163C5C45C556882DD05D5675A0BCCF83
v9ii4hnf2atlgvgecjnj4vm632,1AD330168DDEE5027D6ACB647E0BB83A
afj4b0pgtg85ffa3qg3goj7avn,14F2AFC55699742595781F90FA3B36B3
59fjg7oi11h51nbmm7hppr0d1g,1CD8127C1882A04D0E0DA1F0CBFF52A9
a1gi0067acn34dbpe3ptvb0iij,1ECFFB709DDB57F446970A0E6452986E
cmc4kbirasn8nlvpdff9rqum0o,10E1311CFFDAD9549854826171C1006A
ui4g36rfv8o5oith6db52p0ghe,1106E4E389DC02B71CEAEEC19DA088FE
ubsil4089pnomg6lqumo1shrka,10C7FDA69F65A84E850584D3C823B234
b1sc1geakl9ksko1ee8ht1mafp,1C5DBE0B20AEDF9C1EBD441AD50354B6
kncpcj2soo18e5ijh90j8cgsps,108AE4B7B715B267580A403C1D4DEEA4
hd3rr1iteicde7ccf4uglh6rq,10A5CA93EAFCFBDC24C012890260E57D
7acrp7ncdal72jpodkclfo39f7,14F85738427193B722A51F03276FEDB5
9otum53d2dilq4hinn1iv958c2,1ED81947E46AA505708A7B531BA81347
mtdpa3at2l6rfap0plob237buk,1081D88B405227751ECEC53C3657387E
mu4u60u6p6ba28c7ed90e10v6c,18E3321792CD9BBEE83EC77E9D6EC7C5
3nejlhkkffm7odg660ped7ubdu,110EB5056B7490C8619CA479E1A48F55
1cbemv0pavipfb6dpvkk2s2c0t,1DD14B673B6A2DFAC1D9C2A88E469B89
2vag78da7njcu4ntajic97h00k,159329315DC1350E66AA26843A4CDA31
f7jefjf5b0u3fb81gnhlsru5hs,17C096DD986D838B300F4A532D4CD0AA
g7na55pvo1e72vcbpnp6sdo3uq,1097BDF3C10FCDDADD559E7CF96149D2
tpgujfe0aq029lit8oofkvbnlu,149D3353C435FD541A3D2D59F952B442
rf230ok0807gvv17j2qq6hrv1o,139A028EE705BD9C46E2E9A89FA7CBFF
6ap2al3blremdv06qjdnv1127l,1EFD2A74303AB087178BA8E426F103FD
5u54hfk988j42m4spom8lrm3uq,1F5BE346CBC969EB91F70412B25F22C2
dc9qm3uerrtml88vc0ttufpb4b,1DEA3CAD65F907D1F76C78C8AEEDCEA2
15jjo2dktqtg59562frg63d30j,180BAC4578AA399FD9C8BE97FE85883C
ii119aq44q8dh2967io7irclmn,1AF7478C94E5F600496885183F63D907
chk3pue06nhvp91s4s47lvnoks,1F1FBC0B8E712527DFE816FCF26BB6C5
jcb5v0aoo9fn4mrg2nhbjb5hq5,11AC336DA28597A46FA3BBE8737D24D1
ol75oalapuv8o0r1cpgsqgu9if,1F804C89FB752B73E0942379E11144C0
un1284s599n1rioo9qqc5t2pu3,1AD12D5FF9DB19427FBBBB9BE225522E
31em8k3ajig5b60gglaf4r7860,1E23DE96849EF4BBC2860252A7996527
hcaqh6nl0c81bmash739595v50,11FE079D0F566F741E6ABEDA690ABF3A
bgiej9ivc09gn5g9i11pl51itc,18095E60EEAC4C90236733ADF0CE084E
hgkrphemnoe3a7pdkjt3vdphrk,17B4431FEF61C4DDEAC78EDD7CDBF73B
hl275vjbmq1v47t5ol951h23vs,15B80AF6FF60F5A24632976AB4BA1ED6
nlbrgqtvs9u4fotedml1j7hf6u,1896FFDF7D698987774876F27B182194
hgl7n42snira2rbmcqvq3ev7ln,1EF8C97AFC0E63F1FFC2BEE9FA8D4BA9
kjb8l7g92g9r862tlj7ib8hp0r,1AED1796E1EF73DC867F3FABEE6E72F7
84f0noq238i438k7a9bmpql7o3,17D59201516E06A2DB9C88C2FDB307A7
pa4qkivuhdhe7d5h165a76f5lu,1FDE3A47AE234189DABA22C339164E95
vukbfr58ek99j1q4kltjod15nc,12A161EE0A05D2111E2AA3047C9DDC21
1mb8i21kpo0c2b2vt9npsaqcnp,1B0E0908C9643CC65111170ACB81F151
sehtththqpk2s5kg82ffqcat17,12D2D08A40B8769E42B673821D869B7D
1dijm40619pt5njdioqe3898fc,15A2406F7FC5E996E42AA436FEC98CC3
8h6goeovsjflvbh3hrge8asqjh,16F5C61813F18D227DBE71E0498FDFA3
fqc2dli5ge48c0cjek3d2svho2,13C2EE28BFCA30650B8AB6F86E72CDD6
6el430lo9nh3l36i9dshbg8mkc,1FC97E5061910565B31407C061D6269D
canbneoc4d388f0ga9s6scnij0,1B47C704D5BC1A6A9780A8177EB1E192
stifoh4f39ud7uut7u982f6kfh,187868EF30494C1490549C93783C601E
t00f7vcuru0r7hirq618vusese,10D3920E4640D3700E3305BAA8A231F7
2af7itr4hvtme7kei0nnuhtjlf,154859C9B9E1F304D7E450382B6D2E4D
197pu4gv77554oe1tesl31f17u,17A375AF41130F6343A40F04A3B42278
8spfdm7rbfqquceh0vk5m1qet4,1119AC9B627490D7006D2DC49DA5CF4B
54emvbncm5v5cgq47p5ol0kk2o,1AF728F5CD745BF3524375FE93331D3C
hakhhn1baqvnmhqo5dni3hfd2c,10507F4197A35083500B248690A91F40
6hafash29cr2nu3uvfih7td49h,16944067A80091609941B1ED280CD688
3254ljfq6989fh5uhinckg628l,17E019D397EDCD59B409A887A3DB8094
tu2ndndu22eaao0ju2n0sch589,14F8725799FB4B1C5519E5EA9198A383
e59luifcpdhp5vo759q90dhij9,1C9EDFC3238371F6C644B109E00A7848
hep6genccn23pf3pnphtlgstst,17D0CBEA275179D6D582A3F5EE8C668D
bh0noib4or2i6h4ihia6vkoej9,1C7A25046BACD0F55CC8CCE27990EA9C
7skdihfb17cs5rnnq99fn885nc,1699EE7E7D46D0578176FBFBCA19CEC5
69r600bngshs741np8i4fltrht,1483386B4FC83E3618EFE5264762DD49
6aeuch842ekekr8fa3ipmij70u,16459F39DCCC85F2B82D0EF4B63C1CFE
8i7thqn9o336q60813ic5lv25n,1B02A1829DDE72A0310C282B38690A85
s6j7i03hid4e6r1r1sloclvlhs,1B36B968532582EA679CEED1FB0141CF
efj9l686umm93mgo2l9qelsnto,1EAFE449405E10E7318E9D5C20988864
vhjpt1g6okthsftq5sdbo12cq9,11C9774C1876CDDBB6E132849F19C89D
242lssu3cdupv37dh2e88aqouu,165D4E80AB138CF7D476C322CDA60F9E
2uf1tkfdjq4lvo3v1ln2qkh77n,14AFE06902DC7C42C64FDB8E3319DC00
kbnsa4gmb3bm76a90tk3rebj8b,1625871A04DFD3DD47F707534C8BC443
ko9dq36ojssaen54rgqi2ch48k,10173B45F1176721B75B3D09ACFB1CB6
d5c57316r1931v6f9uqujc86nu,1AEB002424E3CBB033B5EA6340407C09
h41kd7fr8sekokcrcqlfpifkbt,12EF0B068DB056BDBBC5DFE80FF5F8F7
fovoo19oc00d54que7rtmdkmo3,1D4EB774AEA8D43EB269CBE1379E7984
icv38kk9mut58ji9q4ciqkm3bs,122320F84CBA428740866F09EF9179EE
uk9i7ep7etpmoog28ro3v5p9s7,16CA4018A240A48DD7B9E5CC640C39C8
v65i6dq1p9kci1a9mbetgu3fo7,1A2CE00022DCCEDDC9E5D822F85CD5E6
rgpc9nqdi2klcb6raoco5g8522,1814114818A69F0FE9580B79C09DB61D
jksialsktvsv7p4m6q055r9d13,18E7CF439812500B31018A4C00D499A4
4j1a3ne26bcno76cf0tg80fn2q,10A40B3B64552505D2023ECD4C00E2DC
f0urmnuod2ntaumlkcd3mdna09,15A1BFA9F32D6EA1B42AB36E5A69C860
q3vhk46laoiquqokutb4kcrbgu,1C712D816F01AB4D06AD3D623CB3F301
3i79kupei403gpfoula08cieef,1CD77B97EF5B6A70140D19D3D83C9A91
s2ket2u9dlbem7r45hf5e9oup9,1B9C7D8FBA3E2A9419B18DD0A82E82A2
lrolvcq35m4joud9o0hpt371c1,17383CA8B4E0AB938D1455FC1049EBF0
j18pe681tm9jjfn50lplvmh3c6,192AE66C5128FBD6B9C3451F19772F0B
d4l638sv0kfk1k582djgmolto1,16DF6F0CBDCCE6337960397457A2035B
irkk47h08f8n640bqcnmf8re27,10F91EA20A63E08C0930FF1113F7B4BB
4kl5be93q2lgvga4u8ar0j0d6q,14946A2A2C7F5A013F45B3F375C437BC
gssvv9mdte8lukab0nb17qib36,152B0BA273F6511DE1684C395BF7AB45
bngt9an953avh9rcavigckq82c,1F7A5CA653B2F77F918EACFAE113CD46
s6rpk6l7iqirdp20gha5sh20dg,15F56CDEA598150808FD767881D621DC
ulb4rel0m2nv14g7pl3pns77hm,14370A4D6D5CB0C88264DAB5781A9BAD
h0ncqhae5l1ikpvuaquhrhi6cf,108D5F92C6DF43A8B72105D8C89B4880
3bf27rhckjuen6t4j09liknpe8,1C71AADBC924DE522D1957618FC66AB3
nnhvgtrpakocsncg0b8ltnhpgs,1F8F1E0ED89C97295EDF4081A322D7AD
dt47ea0n6n3gvh4uvn5oa3p150,17EBB38B979E537E8601ECCF2D74226E
g1crk5aa3ii1plfsaumbvcjb3r,1297813FF9DA3ACE30A2027651F19E04
5ebl88s42belsgh3d46v18kdji,1084E152866CFF6B3905A2509FD3E447
3e6ialj9pr64p83hfo7a0kop57,1939B91B62AED9A39CF8F740E6844F92
dff4ll7srks4mnqve1j3odpc39,1C441B93061817482192CD74EC9E2901
2cmak9klgke507ihu1d031sk3k,1C89648ADF5D84BDF316A24DACDD7DA7
ld5eikk8gst53ahoo38pbvgjsj,17C097921702CEA9F62FE8FC172DA035
8fg5dj8qf80j5s6a3c9v4e1ut,1276EE2844E2985E1E85D9FBCFD67464
hhla22fjrkh86gais1820ebm12,1B933B6BF69DBD23CCC4A5822A3B8D40
rg3jl5lvr2bh2h8h21ubtl5khf,1145C6DC8C0CAD6B1F7613D303A2C770
ksbnf1i0q4fluqro2idbg7939k,1099F9BCFAB9A45F089DD0B8EB424B8F
8e4i5751tf03df816ht338n0md,10F973063EBCF64B0EFB46B8DFAD9B7B
fjcu1ibot9h23go1kh6rc44v03,192F9E2212340134B7957E126391E3B4
7mdvft5hda0pfq27j59vofgfs0,1D558C4C81B58B89EEDE7A39F6CCF6C8
qfcfo8itsgu3p9kaq5pcga4d2u,1D50756576C92AD6366FDB8DECEF2405
1vtt7uu8eb5p8a0eegk4ui1dia,1D196BA5B0C6B185007F674452760368
bu40i9j4svtjbubadspimcjdqh,18188047792A35D8153762D17E7BBB85
cj99ld9f3nitds567jvjvqonvi,17E1E6BE5AE8D311FF88CDE5496DBAD4
qq5ou75jiv2p3094v6adbmtra7,15B1807DC9665CE8991B128182CAF407
qcbo0687tg4djpphnrpqs3gh2m,116483595B7E2D5BC2CBB2079392DBAE
6an1ntkigq0j4sot8j7v05v3rs,1E83A548A16D73C4EF87BACE4B12873D
dtg7n5vfkvctob5sadkmnjtplk,1BB990D593FB465B8FEB6FC6BCF9A14B
bge7r7d9lhtn5f1kg975s0hok9,1F98E111E61AA2237D404908F696B78C
h4f8useg2uf7121k3bclnjjqqi,131A43682D3CB421F117A443F5DD3007
uaaa466fccojjgeue0isjdc1oo,11049054181EDA86EBD63081612D5FE4
qmb22mklsbhp84q7dmasedhs3h,1F7F4172A0407B19CD4C8A097AAAD174
n4tnjg5jstis20uf8q63uvoo0l,18C9789AD7CB75C32E4E5D99CDF2DD2D
r4lc3cvr3e9ro98j1rioflhk0r,1917A8348FD3EB3997F39F4AA77A1F69
l9fg2so2tanvqqfrorkqplp8hg,1C70A6183A3F27E81E7BC16D994507D1
sb75fuojqn78j4l39g39m98iea,14740E72731FC378CE375E749E988726
vbnevjl6vfdmtsaodkokjf9f8d,1DE47EDEFB13E00003AB90B627F23E86
f4id3uhc4okoltd76dh7co3osu,131FF86B789940BBAF31262D4C419814
ruv3fl7tdb0mul6ie5cad79ajc,1D723DC7FCB21E5E1D0982E9BBA0C5FE
96a9rg402fbq05j4jfq6glselg,1F0286A579C5214B785ECE3DB9230AA4
sei8epjeuue4o4kkfcoun6koc6,1451AB142CABF77381F1D10AC35501D6
sj4hqifgpf26ct0v5eai8g9uss,1FD415911459228318672F4974C70E03
lcm1r90g0cqj27u6cre3gv1pol,1EAC69B043D4EE934138F9AB2A662E9C
gpq9fahmkol9t9j716t8ha4q87,196DEE6ACF77FCE85418714F1F499921
35l4kqodn58s817hlunmvk87d3,1DB6ADCD86B6301FFC57E7F8AC97FB26
8gcp65nnpn1q9pg1imj3ug7m66,1C5B37E6B5C1F49B6FDA7F4311840483
v1vilk3h15r8gc7prp69g8qja4,1D7B6FED5B53AC9BC59BD97F708371AF
t5ggvainiarne93tc2cmi2mvdv,13E1B281B029AD46D84C518D044BB1BB
nnojccff8je6mn96urc0d10ju9,14D97B0F29FCEC57D4E39E0AEF44D3BC
6c3es5rqulam1g33jnucuc6i7i,13762166442DD89C59CB247B9F6D1267
g7mtb2hdol23ns1oafu7o0ovoa,17784F87077DCD1969CD6FF947E4C701
50rru5emsitdvkl5batp0g3iea,18FE6525FE038463E2EBACC1083107A5
3pvomjdu3gb5en3g52gnqi628m,1AE5335E20338F1F1BC99FCC7F281CF4
kt516scge4fsqp423u6brr5o77,1CE13711245688EA5C27951BFBE7CD70
kd36k4lo83dodrnhrd696oadhu,1FDB4EB1329F1708AC0545C4892D2FBE
a8lbaja9ilqsu8a9ha4ktaljgt,1496034564A17B69574C6FBE8C809CB3
l6cv3phshtp6qegtq4nbdse5sc,1135CD3278CD6018C4F3398850797B13
7vfar8o87o69pdf9vbq18jme6o,1F2BDB420499BD4B39E661FA73EA35A4
jm74hoav3186q12sdgdcmceigd,10856781D5B123F3897F1B7AF986C5CD
a1k111nf9m487b0n2ijstclcqd,1A88D1D8D0A611B4F14C350032D6BAA3
hn6rr3p6hr2fnbfi4me3qr6pr5,137545F3997A2D9CC863514E61B754E5
ejgd15vgnkatbr1jrpcsk2pchl,192EEEF6FC15D1D49FBAFEDBAD8B4A50
5sm7gl8s07vsn0svpg3fbbfuke,18BD48F9F9A3D72E0A47A34B969ED717
joh9apga6ipafc5j153ib0f5ik,127857B20D5B7FBB58DE1444D5300D00
8fc4u6fr2gs0ksjnm6i1ej1ij8,1E654AF058E599FF3F29823B14B0CF0E
ofj5a34fuihujgsnrcd22n12k1,1D962CBEBEE49C97DB27D0683FF937DE
7vmvt6lm94v0m9qa29to77clno,1278CDB364984D100577D2B46D2E5F76
l1ja5c9mhl94s3uqlf5pnoone9,1976F6D8AC7FBD9843EF15EFD6480F6F
886p5nfd56u2sgto4rp6qkas0a,1ED0BA55E36E722D76AB60C452CF1EA2
4djcs9tvhl2bndkkl0aer6jeii,14DCCFF126C5387A6944B4B6DBF5AB5E
nhi0d6bkhh5mrv4p751b32685r,147BA172760871158BA51DA98D902704
rhvf0sb4t11qh7h23b3fucv7cr,12B63F4B379891E1D03317DFE3B59DAC
gmahh36uhvdg4jpst75qtuvnur,14DD71B7FF767093224F913C56B32261
aqjcv4472v9u4pv1fsk10gsuf2,12E010858A82FBAB51873F5C6DF7B0B2
v6l0s0dq9uba8up9ocmj37uvp8,1FFB2A01E82097757B2DADD4DE56456F
35md8c5dmo1ohedh09afk2c8el,15E1317A7CCE512BAD779CA835BF66D0
phv1ktprsl68036cjn769hgus1,1D68170434DF9C82530A1735BA3F282D
of6gqrug24hpcdnn2hkm5a4rtt,186B92A2B0F22FF990848BFD195C5506
jheeva8tl8o47pv8ptmn00dkbc,1CD91E6247AA8219C3829E80F186EED0
ujemi59us08mittvon4gh1ghls,1D259212A799E3F8EE69371DAED85D80
u4b3u4df1koob169ckchp7vegf,1A990ED1673CA396BEFF0A3EFDB72AF7
pps2e62t801q3oofk9ian7kvdp,1EF6A6FF15E5FD4C2C66906105BD2666
et101eafb4e1e72020snusdjel,18F187D9DB91AAA9E3A2BD679AD6A921
h3logglhb4ea40dmq02io4er83,1B2D80518DF9D4C6D682B493C5EC3370
knavds1pm96j30qv2qmnjj3g9d,1D5CCDE1CF5541DB8EC9BDB9AA208126
955u4mtvoknboi59brnle4qko,18C66343C2EDBF012FA34D96A69AC4E3
jpdgc4vib6j390foukoqg23eth,143C24369905491C67E3D954555AE868
95ivqsm4ipb4rsmoflgnfa18np,1536CE66D6E5FA7802058053C0F4D0EA
6osf7klsoj75re71bp2qneq5fl,1E25B83E60DB09818DEE97A4A2B89203
cnhk1ou8vt2jv4rgq8ulb2r7f1,184172DA9F3EDABEDE035E60691A3A83
gtbn38eep8mpgqpj1go44vpe34,16F69CE5FB6AB5B7D05A680833CAFE44
an9s3a223evgnc0fj7s8k726u7,146CC860F5063BBBCCD055A829E9F7FB
l7i3ojueijpo935ta4r9k3ufhg,1BC3FD38946E80BDA6F04291F43288F2
5fgvpj7jupbprvb97bfpqqmmlj,12236D8602EAE244E9381554E8F4C91D
5560lstevs9hiig5663orplvp4,139ECDFFB0EC3A3B1E8218FAABF45850
ia5nab4qnima3p1schqth7g3or,1807ADE6791BC87DF2558C77E7A9B276
6eevl0b3jdc29u5k0os1su3urb,13E1BFCF966B15F3538BE1238AEC831A
v3f58mkqj7h5kusii5crehsh0,1566A62FC7EDF9306C6DCFCC548F2E91
l2k1h8avkgf73d33hi29t0ci0f,173CD591249F31AFEEE24455C048FA7B
pvnc9fokv3h23o8qgn6ui7tcrg,1BFB2A1FC97DB16EACE52278590E50E7
5l7e8cv8h5g5a2m47bbqlruraf,1E446A278E39F2E6BBDFEE62E0EAC423
kalfsdtmmtgasblm8f5tlfhcum,182A691705D7E7906945B9F15C08F739
3ios9rgauisvir54rttnl7007,11496301B27546A3BF571FB1C4908C82
a3dnf7hnq09uoke9qp6mkkl4nj,135107A3FC6A67664E8EE7EDEDE441D3
31d3oh2e4fnelo4brl9q4gn0p1,199B8DD74EA70DD0E7D90A94993F3F15
7qn9aukdmu9oupeo55gq6su7u4,141E4FAB03597A9A6B9B210A8C07858F
3hp0f9759ji3ga969mmjk8h0b8,1588B12E2358D1D94F38EB29F253BF9C
p8g9npdbnseas89cdr8nl9um6u,12086DCBCB089964AF41C1A1DA3CEBEF
qta6hmsndd32amrg99evn5i720,10C007A7039C8AEE5FF3890DB5887B3E
eahou96pls3esjv6sqvl61h1b5,18D2C2CEA7E0B70E1223246B66AF98A4
eet6k9qqv33tv8dvhr87fruvfb,147C4E3B072F4872297ADB695E7B23E1
8uocv3otc3tnch8f8scol9i1b2,1AB45F71CE375EF970067481AD97E766
et08cckjufv5f5vqb4mh8v9s77,101FA9362AF06F120FE5719244FE46A3
edbk1iu7ds7gt9g0d6591l239q,1535C1F4D469B3B3D9A16E6AF649B24D
8apdrjc00juc9oldkhd190g93s,1523497D29446F6BD5577AA3777879B5
fd0iqhk6h2tgia4d9ahrdo4sb5,19368E9B480AD23C3F5A99EC60CE8E83
e84uhojajlo7mos1pgi2j132ck,1AD8E7D4AE71F010E6A8B25020019FB7
4f34crojlouvhlqretfj9ckuf7,19E99ED2C479DBC10183113D86110C4A
evk8fjlqqcmbcufqekd88kk7k4,14D8763E7C293A18821D13D7149FC59E
9neckkakhcouklvikgl8n62hvl,1D8F7D225EFEA8FBD3053D6462208E89
ldk2ik902vrebsabl1q1s7rp5g,1D8AAE289422CA54696523485E2A1953
emfr6g7r0b4ks3rb0vdl78k480,185FA77B45C1CBA15AED0730225E4F8B
jqo9acokreasqtob6h1mija3kh,14D8AB82716FA87034463DFDB118404B
1lephvqavfhac7q7bp1tna7nkn,153BD69FF5C3126E9C15BF137A46E085
f7p2lo3kvepusgiqjrvufajneg,1E97A087DAAD9D6C39A19385D7EA2921
f6fobsep3q9m306t6gvns6vkpq,16694872F1F90CAE8725E76824CBA291
6kh04unp3rgqe5rq1qmui9vs6j,14EFDE5916AB24A0703EBD478DCA4B2C
3o1thtbcr5js6ntqjvonmvjpml,1F2E2B4AC79136473D78430B3FDD2186
4o4ju9p5nmvnkpd9o1b2os1vd7,166A9004A5943081548F6E96235AD557
knsog0a4e03c6rnkkddgmte8e3,1898BF16BA4675B1B8BE1DAFF50830B0
ck9btvp5bdd532io2pmdeh7m1d,16D703673E031C7BC43830A1AC9207FF
5relb42hb7h5bu0su3q0pm8mct,11AEDDD3ABE2A7BE87062826BD0EC362
tc5h17lkf42o8qdui5mmg4mj6g,1470EF60462F787EE8D901065C8981B6
1dgfarspdjjjp51j9ajjcq1483,17D008B3FBC956243B2EA9E50C2A9434
smv8e7neq5g1r0r9mflpgkfuu3,1811DA5D16121E7261E31E8AB75A65E0
sbg30b07skuh5no8vrr9au0r2p,10B6C4C53B5F3139814195E2E9AC6E4A
m3o43h1it9t5q9i5srirk8ldoo,15F985B4DB57277889C486D3033EDA78
hnj9n4tpugmq6t1s75vs08nukn,173AFA777D73763E5E21A549AC720D56
5ques769bnhspa79v949tjbv6d,1CFCFEE279FA025676991A3E12734CB0
pjrvvhu5edtle80o8k9689inmu,141DFFB674B7160C8D0916D9D6457744
k80a7kostpa960qgbpqf825fin,11047C06D55E300B9DFA36898BBB43DD
sll1s7ed5mdv3labf6ohok40j9,1CA95B0CE9938DAC04213E7C80AA2DE9
ac5vlu4ak1obc89kg6636scfu8,1E298C2B0934DEC9FC4446C7BD207441
ubhlr2u4q8ktgu1vh4dpvahe8l,1BF4BD8CEA93EC803936F66F5D8BCF31
epdf52hrorhakrijm0g5moqjak,10FA202682F39A910BB92B438D3B4B35
ee9m3bmpfvcrh6h5vbb24he8ts,1648E67BFA0003C5A34EAEC7F8A7FCE8
3hlt2j6qvjbcp54gcmu6smuetl,1B8CF17693950B430EAC6B7AA501B04A
fk7i1kbiess88urdi921rtf46t,14317289FA6F69791C6194DE65320654
5hio45ip2ni4ia3861d9fm6ej7,1362F116121E4E270748216C6260CE97
mm5uabi142etbf3unelqkbcsa0,16373E887DE100E975BAF863EE3E40BF
deva9h0g9o8iu0jfr4bsa2d30q,14B6F795F898B5CF0514E7BBD0191AC8
62pgaqkvln76qmbv7b9hsfseil,14824A6C879B08FB6B00F43A7DA5EDDD
tjs8srblnl8gk81mnh2084efom,12E524C67B578725ADDCC7B6C3F0132A
4u11qnr5rv09go7ni314vh2kqe,104320DF8422A69DFD7BF606B4DF713B
m6ogbsat5v70ko23inlp8rfhbd,14F08397DB530F337055F90ED512E435
jar72pctis5cbid9lvivapudj7,1DAD7AD71643D020531CCC516BC3227F
eue55fq9bl8p0slp463rq5t7d2,1CF79D9E4276C0C45C8F4AB6C28A43E4
219qtp4he1h131e2ok12r18ddr,100DCD83C36F203A71A41083C7EC4F73
kgf5sc9a9ebr8f01f6ehqj7l6k,1A2C0F7E31B469C7C9E0CBC24E4255CA
19ipqatjp981okrq5mpki45tsa,1FA62127BC2618E95DDFCFFEB304B485
io22v0ji470bd0a4718pm2mbvr,18E42900C6E50F1671989D38153D1460
c2mktvh4ttm0dqbgdq079t7g9r,19D801BB9CF70C3975174263536E51FC
5j2vpjg2rl11sbi1jj64v3lco8,1C3105B86E209093D8476D30A68F259B
867avjpick00v2fjnm1c6gph2f,1914C055BA9C67F13721D5839B5BE54B
89bvqr9gjlbk7b0l5gnanvhuid,175D79CCF44ACA4C392EDDA343543BEE
b2bqge1p4av547j164i026oi14,1854A353D5FD5B43098511A6B35EC410
q6k4j75dqjn3bdrj8tva5ff03o,1251C5507E148C35B9C8857757A1136A
pet22e52vlg9tomdfp42lh8bm6,167BC7F2145BCD53AAC365A1D310B981
h64q50j02itmj8qp30ggldm4st,1AFA34199AAB3E7C7CC3E4412969B508
60dca1907th2uvnl0na3iq8tnm,1EB776CAF977D0EEA3A0B8205D3855C2
uontqh2sn37enfpirqaehqccrg,10278D3D4B541E3CD8CA10EF261E1D36
jtutjkc7e1qrvtaola5hr3t019,155EAEB77FE6F0586BE0508316A3FA73
bsf51lllrsajbhjgjbs19n8s4t,126EDA5920E0D0F23D854385BD0207F9
v43qucv9klrrh86lk95m78r53s,1EF74B284CEE95C751405FBB44A5A5DA
q5vkfsn1bd85tdup1k724r7o8v,19598F4EBE1457F1BE9DB1F2C285CFD7
8b7bd38qck32ck2kp3rg6beb8q,11F58C377762DABC14D8F7E36CC91D9D
71tvjngv0dmr3nvua3ffmutcr9,17239E864041AA332095FDD0BD7F2D46
4eao2c114ga0cafmask230spnp,15BD6008666E2F26CDC2A2463F2ED0D9
t52dlhjhdcmja9diu8gate13r6,11CB82B7C800198F954186EDD9131B1C
t6iic5f7pr5bf9bq5g4bsn29hn,11499EC1D4D20D00FC899F07B042BB57
l3atrp49apu11v92j6nalo5vp2,1D60DCFC74CD637EBF0688265776A16B
heoq7tjr4cff67j787ofiv8ulr,1705791C07D7E530ED24158CB7E091FB
u9bp6or7laap77nl6rrh7edrbi,13E14AC7AB444420F19CAF1AE2C5E5BA
f4l5gjobnq2u7f7iqvclupl0qc,11CA7219CC458E89DEA7DD7ECCA61587
6305h3n5n7oj0in4j1tja4hmdq,12FF44B35CF5A011804F986EAC4C089E
f3ntcoui5u39kvvr23nms1bv06,12180E2FF4220473C857C160520EEC02
sve6kmidkq50gqr5gkpeilvpem,18DE288BCEDD843276E1FDD1E8048F5C
ksfjgir942u8j3i0epk8o9gc09,12DE35136E887599C4014BA9A0EE89F9
laoloos53rp95331e2va5c5p7e,15182DC58B3F9E6F6E395547A8EFC948
m25ao0slp75nbvkkot21n4eodu,152CF7DAC6171BBF8F8E98BF0CE3F721
hupi33kdruffa324v49vpn99pd,1313E0345472696BD1CE00AB5216547C
s92ik1ht774inumn9m588usn3j,117D52B5DD73C8D1F9D66E5AF88CD2C4
mre081q86ft2l6eqlhostb1i3g,1E3E4133837D6A591A8A0C6AF8E9E781
5bfqvlsh2k31lrq2dpdurbjngq,1A309C5F8AD014CB7DB66D818982830E
362r8ckd65c4b418i4c5secijj,1A664FD6DF238C1B9550C1C1012EF717
8ma1tla2s67id6v9nliejgsa9g,1AF4B1891186A39FDA172009BDCF4B98
el3r7r6aob2a3hs8jaogc7fak1,173509113624CB404D7B72199F68033A
4j0ht2vf7q3088dotj4c07v506,19457FD0216FF8A2675F172AE43C7846
kmqavgac02mj7cs0nm2grddcin,116692BD4085CF30815B75543752B4B4
shs5qqiedkrbaq9mkksfqe1a5o,122C338C7E8E3108C561897CDC9A486B
iagbt1t0kqv0s48adklmeo8ev1,1872D75A97FAA6C3BF35B7E37363E197
kf3i3hkpk9rqif55a33lvmucql,1FDAD31329F0DB107E5B015DDDCFDC8D
cnst902db4hl051moo1hf3k9ug,1AA28E67DACF8FA4EC9F940B115AB2A8
tnttnacqd5rr3qh28jr54b1jgp,1F8F57B312C35F5D23DB32C5B2E2EE3E
fl5h7k8bsms08dgt56hirqid5a,176783658CCEC9A23C074F6BBD524452
2v7ofdbo47m942umpf22n4u38c,155251AF33926FE01F7CFC418C62FC0D
ok0kmb8lnu7knk44pr29lsjigr,127D6D7CF03566DE9853D9D83E13F916
uhqg18n9vr431kt5u9hi514401,1AB632C568B38402F11E388317F49FB9
v78l6f84pj314mrhafh38mh264,146BC79F3C1EA86D33D30DB5C635AA7C
btrd6ackgj9mtjcml1kurk6kk8,17C1BCA1FA99CF2599E9E07C9E37CF79
qe7rsctqq5lhfjir6usibpqe52,12F2C61FCD6BF79C2AE38BFF57DE9CCE
prhtmeoeoesirp4sh334o3nkhp,1CB0FDF771D7ABD4B35EE49FB58737D7
ocle3fvd5i4ehmaa2mp4jeu5c1,13733D5847B295EF2AADF2B28D0B85F3
dq97ut09iscjqdji8t7gd8b67c,1DAAD37ACC755A5B97B70314B54CE405
bangk7p73sjp66n332l4d7telc,1D4B1AF0577526C3F5B9C11285E08B1C
u14as3g3nevhamgs7ff0hqmt8d,174E1EB0AE87206E33E2D3E69A0F5A96
a34tokrv3g25sh4svar263sr68,194AA0F0DD1896383EF8724387733335
k3dc3hk8gf03ak8oosanc7b11c,19AF1482AAE86406280F1A6DB940A3CE
hn9ni76pl9evkh737be04dpqae,1ED416B139945B7A13E8B82834743FB2
37ithmd2pajel3raq13nknmrd,1CD4D827C1BEE262F1E124C18C1FA135
cj6n4u3rg6tei9277pfn2l9v2f,14B18F31200B985CB41208D80B530970
jf8tf48030dvfqbkoods9psu2a,16F00A6BEAB886E33EF10995E2D48543
oi06c8hbd93alejc3koovh1579,120A0DA7CAFC8298517BE2766671A8AA
920s7c008b3oj7tk4k374rvbah,13362E6D8360F4CC0739C72C1E8712B4
4bosg4a049tpr6c9mif70hoft1,13201E5BE73F74B9CD9170CE6BB96143
nnalphdtmcq33gvits82106mke,124192B3CC3DB6A2144B2124186BEB79
u4m1tua2b9anpm11vpivd5efbg,17A63B619741907DBF2A90FEFF388982
j2prn97bcg7k03rh08irfa9f7h,1A7142782C2BF00107890E2A73F431CD
hu71h5ocklb313pc1j3bjtip19,10B889AEA3D7175E6303FB60D0064178
vsu7j7t2pgjfe5oe8sutf6frd1,17747C893F242E9AF27E78379CE0A80C
4iqhj1h7us0npaj07hd35203al,1FE4F4AE6A61D4933971529F9AF9E07C
kbhgiu2f712hsoe11is5d50mdb,127D0BDB0485EC5B27EAD0CACC32D426
tf86om52rkham5rb29p8sbfntt,1977F0337DA935162661F5599B029CC6
74ui1l974dc2dgvjn7bemfftdk,1AB0D17D4D5F1623886C84F5E84E16BE
4i03jeb2rc4p0smhf7e330nb6c,143BAEFE37FCDB20E7B3A4FF680166EF
b449uhd44nlv04i5equ296f1i6,1EFDE9C1438209E4496FE038F3C1C64B
stlop4qqm77stv81r5vbkl81or,1F9C8E724EF1CE2432CAFD6C400FD346
44c4t422stle76c5bfsg116u08,1157F270611D0E4E93CDB5481A6A72FB
cuil1qq17co54egj4fptt3vg9s,1498E67979CA7B85AC7905E7B308FF48
2ed3lj9brjr4mnuagdqk6prmml,136AF407E08D240232DC7B056E3308AA
aj23ctjcbbnpsn7hmrd4pnh559,116AE843AF906D59B57F080912D4A4A2
fiohf4lsvc17683u4r3fl8meii,1DF8DD6D500D14A488460B619FDE2C3A
qe6jbk3s8nvrncukavptvqfknm,1EF4F125DC159E0F5B2C6E0F01F7B97B
j9c179gc5g7e2lsceuqp9ej7k8,16B5EBE7C6C61109163399EBB18AD1CE
l17jsp8k2b1lt7k24cc6opgite,1DB4FDA50C1732A5B0C1C1F08ACFA8C9
ufo3a02mv9s8sgcm513q0l1dbk,1A72D1E90D16CF79C0183B5E65F85213
oqaltjo8sa8vj99q2sl57p2204,1B7B15DC8C07342E7712FE8AD8E06BCD
inc4oeeea2kbg382npga98e205,1E3E810B0EAD82340A9BE326D1BBA87C
41evr1jntb625dhkjso42geqnl,1F1773F0BDFFDD5B9265A4B6C4F3AF0C
mjpu63snr2dt117dajpislqgmv,1A9908A3F7433FC65DC4DBE78189CB0A
uaiunebluj3l294vi0luvb5lm1,12EB3E2558178038E174C6E8D684B5FE
3j8p3erk3j1toj8qa16n1h2q2m,1C26B617B532D3D2F93FC1972D10880A
o5oe7ol5ovnreu9uqd54emv5k0,10D1F3DE955327C70B1ABAF2132AC3F5
4f5adf1ib01v431d1001qq02n,1F2DB250712E40CE8B55C30D52AB8D73
gkkcovffvcm4rm21vipru96ibi,1E8DEFD6CDCC3B195FC7741D1D57FBF5
rfl1lg5d334p9uoa249ncbh6eb,12AA71BDA6AF6400425082E7B42656EC
bbp6vbmv8g9qt31h3ap9u98mc9,1B4FF963D2E322B3D548CC26D747491F
aaq9elpu31tdtaoveoqe565m1s,13802C39E4933B0C6FB9080D73BD4279
tnr1rb09t3i8qetl1770hluldl,15C8E2730DCDB84EDC51CBEF2AA7F6A4
ros466no5p8626ddpl94qhdjfl,1BE82FEE9E2A9ED29C2DC93F33887BAA
p1htbss6vmbl0u31v2hf9a5ued,1070497B6425B2AC0CD1D30925F239D4
9nh1poq4g2mdnrt10q3e6qne93,147B111EA811863041737418ED012899
eisn7mdmelib4up9gnjbnkpfpi,17054BE48AD420569D7F720B8442C7E8
aqsbjc85l67aj52d0vbmeho5nd,1767646C76A7D696FF6A5788FE5CC35E
epc0c9e7ghnqhuvru5totatfr7,1EA0050102EC5EAC90659FF8095ED2F8
2asim44cudap90jgiribgcmvdv,104B7EEEBF8F66C873B4CDED0683B2B2
2324ek5an48vqep0as5m4tlqms,1DF4C79ABCC8C2E37AD04C0AAC2639B3
oofvpr2toc2c40vuqtlf4s0n7g,1019DFEACFA3B52870C1DE7C926D6D48
g72hdlqn75hjubpc6vr93f2ksv,10D1E4A02358B189A055B6EF0569F7F6
n3mmqr80fumffa9c12jlcrc6hd,1BE5631CED3BE628123E063C3DD28EC2
35tsi6nl89okdb2368ucaims9k,19DE2FFD555965DBC1FCA7764120B399
1f6mag8492ivb7kdj54sa5f4,134D2E1A579E9F5A3786098A669E0B16
4imftao3r0arocb8520315ar89,1E024B38E917F81E5F70DAE075461386
s97esm8f6htr38sremnrd1umvj,124265CF6F272FA1D9E8EC4872A502E3
p56m4sd69mc144v6l022r61ole,14E041C9E3FA0F0B04A898229BEF1B35
i6h8r6efm2j7qoq6pg402m1grf,1D5465CCFE1C17634D40C9F753D36977
78444v64doutoajbertjoe3h6f,11F2C385B390A4BFDDBD1A9A517D183C
5utpi7csf6b6ftki5p1q4i8c9a,1B35A906A7D227C6AEE9CF12B5E34D9A
lj2kbjs6qmgds22begkdt8iipt,1F29F9B6657AF931742FCE532C233C93
e54t0qebdvktp7t8dqg2suicc,1F10A563EF3636DB55684D700D5ABB6F
4t2gh204rrtfvvg4hdqbboqnvr,1E44803712D7937513605CAC92EC4D18
1ujv09i4s5s55u5766n52r3h10,1A609D42AFA418B78F9DA1E32870BFF2
69nvn1fi27m8rn6nk37sv1bugn,1683EFBD6AA8C4DCE4C3DF914DEC2AD9
594c4m2sbko7updh48oms91d65,198442FAF0D2362CA60F5E8DD4326C6F
rlp08gh2vg8ufudteiulpvmm5n,11058954B4A5C4A4150D6A64FBBB796A
iddso1i9aeif7djveerc33t0tr,1454A89AB2A2170DFD99EC3725CDCD30
nnfkcn3d7g7d6es57ffsi7usdd,144432D0F3529AE8D9759FF6E85E7CC2
8l85ils1iqlq2ro9o9jsq1i9lq,1E3EBDF089832122C36C8ACFF660C9DF
1hmloc32nkfob8avlcs6ctdr55,12BB5C0D3B54AFD52F3772DCBD998166
itslni1q8nj17nudrgfoq5rrhh,13CE7683C6B02E7C10FAFB33B95A8F80
60iei1lskj2dvio9ran3p8tro7,1A2C10EE49EB694BD9B30270EEFAA180
2d2l1670ek3ddufaoft3a9tg9a,1C91FD2379AF7C60D6950434A902A330
mj2fpt8ivg32pkeij3kfi83r8b,10234356267C320FADD985111CC582DC
opj2icq8htchq2h893vgplfnu5,1370A92E6764726873313FEC8968024B
rvjsganlq7tmn9777rjoc30cie,1371039E748AADBC78BEF19BF4FC957E
eidu8nac4sliabihkosrj385m9,107DF51429718625AC38F7A3DC931AE6
hjp3gn7b73vsjnv9m1v3lrpmat,1BD7A2135A5F16041002ADDCC72100DD
krpfv4vsq58vne7ilj1dtua8me,1C5A544620AA395001CFE78380E2C696
2qt6g1en3k1rjivqgpbn1chk3s,174B327BECE25B63F68C5E98AE914916
qhdb578rtahj5s8gfn2fi6s1ki,1175989E5E8190D5898DBDF1BB028732
834heirrrtqmodbqt5m5ffj4tv,1CB52C0560C02C8F75C1144A76431A34
2ripg4sohpn6e1vsf55ir487o5,1326F9F80E38BB9B187D337EEB7503D3
s6fa559gl12q80he4ufave9s2d,167015A7E1F086863B0619754814581C
5ajuajg3vja00grq71tv25id6t,161AE8ED7AE2C506F83000E7FBDF892E
9dv21spoi87dtpmmqbgb5l5l61,1EF43DDAA73B805602C6CB9191FD1E74
osdla6eb2ga4acotofu3avkfqu,10659430A8377B7DA2641BF0BBD2B818
aeoojs30alis3bsntk6joet29f,13EC2D39F3DBA3D513FB3C8101719B70
6ls9n2q4pba1lehi38im3vt0gf,194E08C74F8B6737683C6A4142CEB21F
5545t5q7bksc9eibgcsveaauu,1D492631BD9CEDB9D69B9D2A35CD3468
plaeefl4ko31bvfv5fcdda36af,142AD652FA5DDF843DB399BA657165D3
3qcnm87hqcc6v01q5aagco3eab,1E5F93CC88B8436654966B6BB61238F4
cdh6jrkpsjl3qgelb1gr60rgep,1A6F62632701F004E65AFD4533271787
ejpcqurec301p26tl7hao0vd3h,173E08CCDA60318386144DB7004BF255
93pocrngisekctlqc76f7rgp4n,15986EC50695D07B7F111FB34B5A49D9
bri5sigeuhnvehsb8189qeb5vc,18F9C784D0BB23DC244634DEB9B22C6F
fbb5feo0pagr0s9sc6ktlebhes,10E278E9956FBFCB26C5084B3FBDE45F
ts2kp2qvkfe2j7opu61nk1f70q,18F1AD710CCEB155DA5F125BCA4E4D8B
epn9uk88i7g39qiuh1opaop570,11F9E37A6338A202332458C0272866EF
rfp9dbhtf4vima1ae09h1lg4ro,182F587B2229022D0DDF2C6BF50DE550
8eirpm9ai8lrat67h2pr77t3uo,1D7880838DF2AE76D4F9A7164E1BEE31
o2kkdhn2jsfirbtgmuob2stf1k,1E9D191160D4E52731279021C0453404
qvekjpp6d87e5aubflklbpal21,1F8A6D985219A3656264F4727844C79D
1f7m4v11m2s54qsgm5fuqfj46h,1FD0233411DDEFAE37B58808F7F24AE6
7mg0m9qrm29dg1e25ngv976qvu,1DA1AB961CDD6A75222D3878965FDDE5
sm8kkjgi10s4c6lj5l9t2l4mia,170024EEF9A39F79F71D294823A1AADD
du8sdvdn610tutjcl8phmfkog6,1025493EE89D645A344BB1B75F12AC4B
cr8f4dahh13og68e9qc9qj2iiv,16E2FC4B05AAAAAEB78E42690B6F1844
bsg53usrr4mrfqmnk8b5c7tsvi,15770E94B29836B4D36CF89A61182BB0
dha4oufnlsm4vof34b685l1es9,156BEE16EEE384053A08405BF62C1C00
aagvtcmbv1p25h8nk5efnkku86,1A0F4FD25E623814BBC1F9BCA2547652
ledahva7hhi5oh0drucpodhlit,128FDD403C36AA0DAA7711D5AE56C7BB
6cch38g7asl00l0406ae1ebmkr,1C6E0456A7532EEBAEF5F61A09AA006D
vndq2j53g33n04vjqcj3soo82s,1E6A8FB0E0B1E9EE0330F2ED96BB1603
2bi9lg07v50a0sl8ciaule0ihn,1B3F79AF7AFE5734F1350BB405B3005F
