Key,Hash
mjd550jf0o755t13jfa91q0s0q,4002EED214915AF043B500AA512DF8BF
f6itqmoj07hndg450ppppus42q,3FC55F92577034EC4C749C3379D1B806
2j4uphsjvf3u82obs2rvtm98e4,30534421F8830EDB0B66115B8F7060E0
hanqpkbmpcrlfep9unjvcc0jvg,3114A9C5A48579673A10606D27089E58
g2tnhki9a1pvjpntaar9e6f2mv,3B5BA49D7CB87FD8BAD90ECC9C361AEF
73tl9asob1e706ng3c6187kc6t,3213193FCEC9B4FB19F5EDBEEBA68405
cu9suj4evba1856ivedni477ct,3AB71C6FE04547CDE8155278A44E00B8
cpsrukucndo66t3589vpea8tej,3B5E9F48E53A3FDBF0886060FDBBD6DE
ndovrqvubrpqcff4360m045iuu,3FD5BDEBB80917BECF447BC20A114E59
bla2a8q50qpol738c9fu4nf7k1,3E6C52F66AA0A66D0CF1B0C5F02AB68E
hgg4pbsvepmu7dipp5d4gihhg3,3976FEEE1340283CB8AD40753EDCE459
41chrft72me75rjg3d8pu83u3e,38456101F44211BF2977386F6D4411FB
f2trg89lhgqp3n7mcppdumgin4,39317927F0A0CC577FFAD57A0CD1CC36
en11a01c32nqo205d0de76kpnc,3EC3B00EC69359F76ED176BB361E255B
t4gjn0vfruaess15vp44dlsgjk,3826C7377AC2875646EFC19DF7A28F2C
ovoo1rrc4ha0jkr1uc2s3fc3tl,3019FD91C2091571A0A329B4B5394897
mh8gsqqvr92ec6ireij08vq89l,3F969FEA545B6134AF2F3254D19201F9
ght18m7g0g7qd2g61sg2leirrm,361A92DB266D5CFDE37A0AE9EC95C70B
gi9q1fjbf1sqk6ilfp7hh08fk6,3BDF4FC3DC743C09D472861DBDE38202
8jkfiiv9peuvkhjglui97cvu9c,33EE44D0764B3AB1C9EC51F35F544156
i7k8sqsucd4p56uodl6md9i7l3,32A61005E96EB1C4A628F2FE6ADB4196
d3n77u73ouotf0q7qb7l32k24e,3B57D1DD77C0A09C4385EFED56A985EF
6sulm8ggfsdj3c0f99q4u7pfdg,33A7AEB1B394A376F5F6EA89ABD422C9
u1ulcqvqcbthdvspin9sbvhh02,3DE1AFCE4502C6A1217B52042DBB05A7
sff4jvld7jtcvmsrfl7rlmb4vt,34B411D485476AF4E5EB8BB35ACAFEC5
ra1bv1ojk49teo3feheutfecto,3F7AF5B927DE713BFBA678CC9B13F25A
cbg2mmp3iafck4uuatef9sdrgt,3ECA8A6B463E65DE5E512F02DD165213
15t23j0e9t2qoeh36ok7q30s8g,395C93A436341BE64593F93982CBD4D7
k8nbl33tfq80u483h1asii5hkf,37CC0196076A8FB37E2674FB98443C37
sltfprqmvv43s8jjk8olbhgb9u,363DC16345F091C09AC705F1F0D9B5F1
tjrbdagnt6elvsg5hntm8h1vaf,3EEC7D3E10E9D87A284BBDABA87CAFEF
ej8kv55k8priiul9cs2t04nv72,309698D8E57EE65CD2462E5DC26F56D6
93rf9e1fr6n2iv0m5952ffavq9,3F0BF2573A6A9BCC4AF0C02ED9D7FBAA
es1s0mvu3jsger18frqacbmr6q,39E8075D18700F2DCF1F2A3445F8B66E
7urq9sitanop6s8a2e04j61k99,3EAB8B2812FF063DEB832EDE5080EEED
2hitgk58chtvq0kk5u4bldgguv,3E1D634EA6E0E5C46397F96734006296
n9cuvgm7inbi09isehnc7i60u6,3EB81AB5937A73E3379B5634E28161AA
5mih734op6bav1oc6tiqn44rlk,34B3FAAD203B5BFFC2B6040973722FF6
5g7hmif22q70pq3bmddbm84cuh,32AEB62B5C2AD6B29660DA63F0A8AD41
1f508d38284e6lh4remdaek9no,34A65DA9EC68389797FB5F46BF1F57DB
428nftf1e9h9pjnjd18me1t753,367AB35E6DBDE639E668E504EAF31FA6
u4fucemuglpno98kem7im803gk,32BD7872BDBB20EA94E4A42E6A40753D
t6cf7m22m85r6o895kn5qocqd1,3A3124F4FA18453F60B00C250284B188
j38dbst37u8jmgmdagagc954gf,3F2AECE11E477500E9064D32823A562F
f853lufkqkhq6fttnej64mutk1,3655083997C5CAE89552F5FCB3910915
btv92gv2ecf2tsv1sbuorinnmo,38129DEF7461DC5CCC595568F93CECA7
v34co0bsm23537s4r3tpippidn,365AF9B129901F8B726AAD5196150FA6
n089gvfkdjeuio6tp6vv211fra,3802A21F3A90E0D100DB7C5708C8F261
pve51nm2s7s3alggis1h4s4hmk,34F917D1A6CE7AF52251FEF4F6642442
hrt9ife6alo13q1u1psqfp91ft,36CA3B4B7C1040D5E11BF91D157D913C
bii3pmdatls64fgj4bl68squgm,366656DC36FC81F0A3A4EBCC9D6E3948
bh7dmp5t45u608rsoums65jm15,33A4B458E7AC69ECB53EC971D24CBEB7
amto94tpenrkr65oca620kdbte,3BDC1C2B32F343D2E55F46944CDA5523
rrqfifeb5167aiu1fcss9cacn9,3D9E3AB666AA69E916CCA6DD3C8C30DC
9mn429nqsvsc20nc0qbhdi5qkc,3A7E824D4845DB8C041532880CE3E102
rcgh26c0iaj70i24mrb72htqcf,3AF8FC32A61AB98E04C3BE541424B002
26qh1vkm8mup7v7r2d9lst6n6j,3E00EBD12636165050FBEE4C405BA458
c9tmhtqf2s0rhu6o661i86hi7h,3DF58EDBE71A9203ADF280F02CADE013
dimr7ousq1brd88lpmtrsi03e,3F69103A3D77478B1686B318E549E23E
fdn7v68epbvpqtkoqo0fff2iak,3ACA22E5DDDCAD2D8323AA70F6A9B6C4
8um9bka3i5mcmqc5gkbu1e0g9p,38C291E46E48B357594FC843AEFC86C9
k6sark5ee24hohbvfcp7a8s8ie,398F970A5FE8CC5F837E3384F362DEAE
mg4hr1rrqtgf600qt6t5nc25cu,36717CF1884CC47D52A534CCDF2216FD
an6m8qi3eqeh0uor082rmkm2vo,34BB670DBAFB09614BDA040C96601491
q1jn12n8umhlm1qop7fln0s7q7,380EB0DD98064720BC664A8842CF9BF1
lth1f1r0eo24sb4sk5igk06mi0,395A9DB62B8BA773F70EEE3AC68883A3
6ttbk7e61i3ekgrt5pqgqjijqh,38179EFC7F6F2BA31B5B795177971C83
thrc9m31cu0pjp7s41ij1vnm5d,302D935FD824F408BE4457610DBD4730
5c69megi17qaalgqifi9a75mnb,33FE0402F160B87984C34ACBBD1BDA22
vfll15v8e4lfenvjg3oe08o223,3580811650A62397048E1FEB935FBAB2
14fcia2icevqias6duc1312etf,3F1AD8DA99890D3EEC6BA703B607DD83
rvorp595gs2t4n1i465j7vluop,3631C5789787C01D9156CEB1EC91E393
l1shnnmtr00pqlpmaaskm8643i,35346DE80037439F90812706D14D78CE
iavpq7vn36bdfs2l13mfodk8nc,3E7AA73F754FC297EA983E6CFBCD9835
32nip70hqul6hhgqokvdpn9hol,3C8FF9E22CE095837B486B9EBCA19407
v8e0qmfc805ckdl3rqqg1e5k5d,3F66C5579C3AEA0FC8CDC7CF561624F0
6lm3st53473c0oplbkg1uammqt,3AA6759EF76B40FAF9840086FC1624FB
d4et5v3864kghqa1o1vsip5bcc,32B9F8EB5FF39289256B506DBEFA874C
frvangqkbkdmni2trn7eqbhueq,36B381E1DB947C16FFCB68429FEF4801
5k3i4qlgaklb1nvooit5e4m483,394747C1B35459F0C9BE791FB6830258
aogk211pgttcajlj9nepg7qhgj,37C5E466BA1A309908702E944908A708
stgp9fdltsuoe8f8qqadtakftl,31F88D1A485F9AA17474D11872104554
7h8cfq3j8a49ahrv4boupm2d13,3CC3100D7D1D75374C0B07074A00B816
ir2ct9q0hmn0f0sp2opfghollt,3875BFBFEA38801ACC2A456800775562
3oi9m8ng10ocuglclvlg1ufa24,3186107424AD2F0DD0D67D644BDEBC62
cl5f0875foee6li9fso9802p56,33BDFECE75044489D414A915E90CCEEF
fd6e3f1f05vfe9qo1cup4khspm,3160DCA1261E7874C83A986CC1EB0F81
o0dro38tnbrjpb7g716aq8a2l2,3358023A7B7C7E46F75410E70CA21D4E
ieafs6h1ud4c8ad4mapu1do6ue,305535593172C1D0A32A4C417D833A89
cdj8s670hn9af8k3nnetuuc797,3AF38AD8FA8DA4449B656BC944B50F58
85s08langvrhlm9884qsapr6tj,30C37E8DF4E3232D1A2A3769AA7B5534
4816ndihikp267b97v7bnmikgk,380E0D00CD4831641B56ED8123F4EBAA
gv73etdrsfvmiujpj1aartfpgn,3936AEDD57EBBF974CD36E656D247A1A
vfpplb3je44vqhq18vgb1os9c8,39CE73564B6CBD2D6A66CC6CB43442A2
a93k7t226u4hmsaedm2la15fg3,31B40085A7F8D8ED7DD8D304FFBE6A04
eub76oe9m19iga4oqqdmhq46gn,3C29F9B9E2E890C27BE4E46467A6A290
p48rfnjcdue3e2d8nrd4hehbbd,3F2C7A5E98DCF8E1CFD1813EE2D3A482
4drd3sg501scn5rpo9ikrjd7vb,3AA68AB4C447ED338B1A27D3127F604E
lncocqjdei9bufaqtmldpv2q87,3D4B40C9F041FD564B65F6EE319230EA
nucssa62a3lqtiv71gr061hqbf,3BE9714819315B9FB26C6F909AF9F47D
td8daf4q6jvls77oqu08gaj5ib,32DDC5A6EB0ACFCF92546447437B4E73
gv1ce60o3gk7q4mdjk222f6ggm,36FE104D7B5EC08DE77401E832586E80
vbmbmghue2f5a1naud4hh3cq08,3F6B9072B69D9BA44E38F1ABA526ECD2
av1qschpe5nanb65keu4fo8bao,3A59D5197954A7A3439BD930BE8E4D3C
emiqpullc5s7elfodt8t2oriuf,39763D69FE9F7EA5B66674EE3874F0A9
nvro2od6uji370na5kprr0gbvn,3A83CA48DD0D4BE70429E0C1671873A2
pqb656h14ge8eunalhb2tg28s9,3ACC4E0FF855066D57783B54CAD33058
5ii79hp2j6km5q5mm6tivkl5dg,3D26681FBA27AA4F4B085DCBD5C826A8
bo1nk6dlp0lc0lkrbkpfg1q7dh,38D2CF202BA55CE9EA1C34238A8CFEFF
hkeari09qru4fn5l7ujoeqfai8,39A22B64126F5350910F03D08675AD0E
gvu0j61p1dmhou1ablfqkrgpdo,3B70E25D2E5DB95E2084FED07598B84E
a4hhdvdt92tg6i8b2jovsv8ftp,3324CEEE970EF00842A475B391A6852C
3n7620cdkbjse11i8giku9e2aa,3335C999DD47E05E554E28AEAAF71007
iqcp0k2d8nfablfgf13c1e4i8,38DA5359BEB8CF3222B9907C277111D8
i02t22s7479opvot4j6hhp1lnt,3DE3997EE09147701DCC433FB2E37C0F
kg8c7d2gh36jjdpce44d51mirh,3E003B4D12DF4D14DAC75B7315CEEFD4
6ss4nob4q8jrvehft1f5prit7k,3D2D5AEE7E959A73065E29EA3562A7FE
gcduucofsocm3ootisqkmqh7u6,3551C743F0A0FF9B3F247CE79C322EA8
s3101s7tjvoo5bnaaiech6k1gv,3950ACF6FB474C63B9B45731BBC3741A
krkno7n4uqta6sqkjura5bh7p2,3FDD30F5BA50455C41BEC4C8691BD3AF
tmh50k8e8qkk7ad4mj8a2cusm7,3E0C5DCE469D15A0326B9A5691D4432F
qpko9tg71p9v45dsfripej9tkr,3CE95D2D8A5FD3C584C7BC864DC07810
et3fer264i6l4l4oito23uicut,347224EA63A4A539725A18AC72EDFC6F
9pqp9sb7jpaa6tfkk8c521v41a,31771EDDBD66169F1381DF0D972F9AF4
48tinl1ib29erfmpj288vfsg7u,35A07438F10F46D8D729CA7C4B975BAE
qmatu13km7gu11grvccthhsh37,3EB3DB27A1FD2C163AA557B284BC8FAF
1ebu49kri8nklc15msn876huoe,38B8486BBCFF09990AA98E4B9DE3AA34
71f7iaq6l7cffnmg71jv0g6qnk,3415C36B62E147A8CDA387D3E4A8D3BD
r77kod111lqbpo8k4e8k9rvikh,39AD2C4B4B12620A3987BC1588FAC6FD
iheei47hsb6em0epug1j7nla5i,3A9CA90B953A9EE06A0AFD2C3DD32B88
cv1avusbbg9ccidnapvdlcckqh,374022F73B4A74085AAEE95B065373D3
3jk8pr04ifihh4rki7uq4h4ivn,3C19D0D33F86B54941308368F123211A
amu91129jgg35rt2ectdfb89t,331453208F877F1CDA2647EBCF7C37A9
4064j1l1qoh86q9irsd0cnh6m9,3D94018AEC23AA5922B0CA0B098D0B91
4u6caaf7sm0d4suq3bgm7mq4r2,37F93D134FC4D2A115892D7FA02B4347
qskqch15cs5goitv4s9t4k1rkh,36B195EB188E69A1FD94224EF8BC8412
vbft24isk0kkb2tuovgi8r6m4c,3E40F17CFC99777FEDEF9EEC215B8132
u2njlglpbvq58rs1qm38sfip28,32CA58E3AE6D1CD697001AC3A33825A1
3c87plphevp692md80h4ojppge,3DC1F4D79B05FC95B515D645D4CBD2EA
ceg89mtderbtm84kilkapu5c2l,346F0B4EBA19EF6C8A6CDBA49BAB0AA2
rbnatr9vrr7v37snc2g0l5d3tr,30CEEF5164555D26032A53782EAD3B5B
7bi43jo94tmg2cagptdrne367f,330F874E31B8C318906AED3C0E42FB9E
vs2bj1kngr12lo780nloepuq4a,345F1CB54A6AB0C7F248442B6D5F29FB
g002g92uofa2ffn6dahb7d5c5q,374FF8E9F3820E0A7EE888ADF5E682B2
n6iapju11cjpoervkrtvg2ndhh,36A8D192D37E0D7FF3FFF3F82402080B
dnttl5n7506fhbvh69dnkfo0e,382BF6D17C230064B2483BBF9EC5F92E
m3kbq4gq62ojpq29lufvsgj2ko,3BF9F5DD8F3614E041C1AA4D843DCF92
fe751gqmc5b84ll3jf13ljhui0,35994089A4321094673442EADEF05EEA
dc8h0sit4bc83938l6k6m7ajf5,30C0800AECBCF6668116DC989B07E8F8
kufd0gqkfkf6kbhp6jf5tbochf,3DF45EEF8EACD2C24A87DFDE65370CD9
e4k1nlaphgjn3q7ga4i6jb408g,3D545DF1CB63EAA9D94899E5D634F3A4
ivqjefh98gejofct0grqqle6i2,3B6A1E4BABF6854293B68D70996C9D09
gkk2uvmp69v0nt8p0gn90hl06s,316CFC7A25BC91CB22FB8A0AFE925F52
pm43j8bfned2nmp99045r01dv,3DC35E6139C76BDEB9ED3FB3C9CCED64
j2s5r45gukr2ju829jafsh2fft,3248BDE8F53DABF6EF71797A70E42614
1sjigd5397as6n3bp597g7ajbq,332B1BB2EB11F77CCC18ACDB1D255E5C
lrrkqoctrhlitnqtlgpgfmpa6s,3773CACA830F29A622B87E4A4A174160
qqjhrncpfsl8bs7g7ijqr5p394,364E3E86C47356D50EF3F4AB5C41C26B
nvehsm44vtksd0h9s6ns25f1g7,34AE800786B4CAADF7016ACEC3DCAF12
fudo1d69l9aj0r5t1ddelldk75,38D91348882D1C04FCD29BC6E44BB673
ih7bqb1bolrog5br2qgv1ugiha,322D94EB1CA2A6CA6EADD147BE8C0494
16cet8gb20dja198h1qivbvjll,391B97794012BD245C167A30AC80C1DC
7tlkcheh7gt8hhjk6268ltarhj,3AEF1F57BA95583AFB39B417B6E06360
cebcds5514urjpib5tnk2p0rvt,3250524BC070097464C83CB7AE87006F
9jghdoc4o6ishpd3mk5loe740f,3A599E38FF2F83F03D8415FA89D87FB3
9semfqaj66bid9o73gt3lnsim0,3383CAFB47B7C38BD13F303C586D6298
pbut1jgsgf6he9v79qs23v9q99,32CC64B10BD7A6095212D8DEF87DE3E2
a53uhk6vr0dtj2peshp0tk29pi,3A9478DD57A0F3DFE6BDB1D275A63C7A
5kac2hc6njt7a0am6e5u2h9jv9,3D0ACCC542ED4E3F27CAB272631EF5DB
3ajthjblnof74evgh3uk0cqhg8,317877E18DC132F9858400E50C738017
mkpn0a6m72l0qs3cj7pcbe45he,3F44BB9016E320F42712C5D6B0862EDA
cvggjc68jintk5rm6u482isqsk,3A0E0015E6E3A5423265F34F9BAF746C
qj8jqsh1252jir79j52moo2cn,3E7081CA919D9274F7093FDC2E108519
v4fjfp6daj6aer9m0cgjno97ng,3304FB9AEAEF16F8A58B68B132213C3B
t9mbnpakate6uep68c2i5j5aee,30BEE8808E11045BFB174DEBBAFB761F
7e6ffkidj4qpp48ndk5lbg10j3,3FEB3E3DE301F3FFE358D4175948FD57
mmi431g0v07lsmcp0i142487ds,3A0CE0E71693B2E83C9E100A0FDB7443
k0rrjhc2b23fnc9a6t8cdm70o6,31CC7F7711E6AA8FA2CFBDC3CCBCC76A
dujgp626ejdr70gifuvjts77nc,317D7BCEFB90A4AA69BD43BFCA809C6A
f65sovgbvfj5vinfpie03j3kji,3DAC9806C10BF42EDEAE7E5DA449AC47
ekbqijrc9nb17rushtqbmbjjfv,3C274EE0272EECCA7287C400389F1054
cc0caftd2j1saf74bpeuc206la,3AF42057F606ABDFE58609B3251931B6
93djilqv6ip5r1q1qqasgcje0p,319EB652737A23057CB87F7EE2DF9885
cf9k0ck6k96gjdtrfspdahc639,3C7EB29A32108481BE9CB00E955807EF
lv1eapa6cnjg4u43pchiujn8e2,33FF8F16D2A5986212F0A49AAE506E69
hajh0u116umkcg632eeoqv6cfl,380582DABF18483E6CC9EB9DABCDE5F6
qv93glm8aon8u7be9pj7molkpd,33D2E66E80CF75D2FF54DA607E17BD7E
2ji1anliv7gglk883nsnqlhd1l,3A4E647D0224916A49D24447C2A6FE1F
3d8br1pjagb6kn067qk4u7sbde,3091E9E7A1792DBFE48F38CFF386C502
vdhje99haiioejesh0hp58fsl9,3715A1638BCDEE44FBD7D138145C0320
4uufvklga74g4jqf06ud8ecbth,3E39447AFCA3A866A80AFA7F5DB4F879
4nvtnvtunt1kmm866b7idi7obg,39E74EC018F6878B9F7BA04CF68F90BB
bepojqetb5q4k6ru10klp0993h,3CC9D19F316AEEE3804D84BE79A28430
742k50u4tt2p92r5h8stpg124d,3D13B41718309C84B053003651041E45
9b8vorielfp1b4v4q7st38t9mh,37A24BF74A9BF52AED98F6A033DA7851
qfog6v98bdp8ns3o18csr2eeun,3E104CC6400F87EC63A328A3E832D596
ud31f0ncs0lkglai44ukpghq6c,3F198ABB0704C71ABE8000EBB75445D8
nhqo50iiju34c46l8ha7pumonj,31F46509961429D2D88064130C652526
b9fo4ld1qae4m7u99jsr9uqrt6,30289770069FB2245A7E8B55BA30F5A6
p2ioiidopl0bl7t7gj9t6ss3aq,39B5A3A63082F94AE6F4F60C976CD98E
e7ssa389q5vl9bu5hv1o80of33,3A109CC62998E86CEAE611ED15FF9BDB
p7n0j8ccf7bjc6u7pqnkvmktpt,38CA06FB2A5E93C5A41F6C6D0B159D33
16aovnus5icm0rb3p22orias88,333302CD7A81EFE2F8A09A1E86EE0CA2
5fokdphgg90elj46hpb1sa4pp5,3B71AD03A990929464EB987CBB5A2D99
5d7lirtpt7uo52te7e25bs8vlb,381163600F68E06581912805F6C0D129
7uftgdn3tiedunv3autbr31iov,30E7603801FAB2894CC219F5ACA630D6
huekcb04lmnorkvp282q5ombk3,35B6B05F4288DCD5E07C052406901C7B
nfit6ah34iiui1uj051qtf35a9,334E1150CC3F58637376980DA82C06F3
sh3uh0kao2cpvgaj0n66aebock,3D5C122CA4860C63B80231321313B8F5
6e3ona99dj950k58ou5v2s7ge8,3A7341331664FA603BDD5092B9EFBD77
fgn8g8dros7qdj9c2kiq8allmh,3AA2CB788AE52F9B03F382178BF31222
lmq83p0464adhq0jefrjhs0s2f,3D59937A6FEEC3896F4DCF0D1C1FBD61
kpcng5vdfgbi1so54el5bhvhqp,35F7CAEEDBAC4704F54D74860D5A2827
94gb22cfer2q5teiielm4mf1br,351FB7AC3177531E52416C6F7EA5C402
bft6g22hgemsq02snqduvj8s48,36940208C4EA2D17FBA1B461EEECE8AC
p7b7oqds15upfp67u69o7grvi2,3167B7CD3DC3B382074E5C6C1BD9FBEF
vo2cmntsln6d95q7417vlr496q,3356E6914D7A652B55230DCA57219EAB
5ueup6qvc9odkm1gtvrsk6isu,3D1251AF13CAF994E809338BB2241346
8t8j5ckpkjb0n7a46vu4qmr5ei,3EBCC461614A9B78C7CBE0F36FF0DC54
37sfq2mb2ve28jr5m5f3mmdbu9,3A7A39F5CB35861B1578E387EBD690A7
b400cfaa3s6f09ng9i2ukk33fo,3043BCC959920A3CA8BA7B5376E5F5D7
rvs5de238ag3ek2cushf4aip47,3DE09231A3C9696B180929411F7E235A
1i02h4hv2afsdfb00inghud971,34996048446E707D65CC2C7A7980D2E8
94v9d3om55s797lpmb6467o14g,34A413864D7F551293659613D2A612B3
jl9m08cnafsvrhh107l32jnjb5,3E2A6429771FCF4E34A6951ADCAE3BC0
bllrddtjt4qt700smgno1pak6q,3466B9798BDCC35BA0671A8F84B42000
n4ee4tb4db3go9pdqprquf2dh4,3690B84EAA888D5DB4D6362E4967C93F
hvc59alv1d6nu0a6eqi48cufsq,30D989E7105B1D586A40F05F51C84D6E
6ilritebdcgvoeia1ldr5agbp7,39CB6F587D62C56C4A34C801E2AF8CC7
l9jtm0uuas24bmki0vue8jgcvm,39799F706AA88A8B4A24F126762ED200
fh7d85jncujh1q8b0ku741c3ic,3135CF29D65CFB1C6387A714AF2F0D29
r8mef42odd9m74stbol3j4ue2q,382B0BD1843F57C7EB45AA5464329E4B
vt9n3fss1fsadplhv9nkog37du,389C178E0CE14F96F517909327E918AA
30qha4nbrqfgfd9m1bs9dpv463,37DA6CF8E9CD443C3CFB535C1F517970
rtglgq44cqrrcv2qb24714ltc3,3EAC15A96A18FCE55D4CF21EEC763D99
ba9qsc06q2gp4lmj7so9i4ugou,3448793CE35D193FD13E9B802DF578D3
4repgglfmv6on97jsnd8bsq43e,34F83863EAB66BE9D6A6558434B25CA8
lb24q2322fh1qhpq3f4bajc74p,38BDB9587E6AE7C2584C22C6F46343C2
hoja0kcni2365mr31qaiihdec6,31CC0868D7B89450003A67D47CFFEE9A
4g1uv9nmbiujlnev097kfhl09,32238F5ABF7A5026D1B139DA0CA6B4AF
u2gp0e5gaofukhebstq6g3ivs1,369EBA9F88AFD70066FCA3B8D86502EF
1lv3cf0qdpiovfeh2i8ikog130,3FDB3AD54B94F6FE11B71234FD2A1A35
3cvejh10bl50v5q8puhbcehbij,3176A2BCF8B04B92F3B04721CE89771B
piujeabbr91829rbsdindsckjg,3CF86AC5307CF202D1FBF280CD6A3392
mtqsgabccop2pkdnjbii79g6vj,30E9641DA4BE0EBFBF22A2CE98C3BD01
sub69dogel1kc2l38kikic9la8,3164791296A2729299804F8C50291884
17oc4l72chd7te6m8m4rvt96j3,34677EA77015C7EE119E7C38260B2279
9gjl81cjh1mtkomihakfof94p9,36B6E8B814166B73ABE14D3281AB0C2A
850pgslied80084r7973p3vl25,34EA23B6560D359FAFC4507A6B52B9CF
6s924ncnlg381fho4glhfltflq,3675134065B618532EA1DFDB8A89A5FA
l9viitvffppdhlp9rs2il9hf2c,3D8025797B6E2CC7CA434E373E232496
b0ueocr270pvf43v4cndu5nmru,3412641DF1CE32C871D4B7E3C4F6192C
21kvuq7ln6fuhet2bk9o09simk,30570BBAFF3BF8716CFD312F7D40EB81
7b4po27k9u7b0uj0ffdp0s51oh,3C937920EBEC70DEB8A85C9F04B9B829
lijggfuk5po3ufoq65afboa4fb,36D06CB66C03D92564A5A7A9C01CC058
ilcv44dh0v40tchj28pbplsl1,381EFEA3A3EF503404F464C5BBE52D78
2nbrr715omkniq59602je89822,345FD7EEE0C6D8FE88C1A3C711BAB695
t191jq0dirj1sipn7ccip21at9,39165B860F5F15FA182847E51F53B046
f4sht3nh6r4gebbvgo3h67mf90,3331D4FEA7D743B61B5BDEB9E9062B2E
fdt79i5qjkg3rarqc4su2beqvv,3D9AD0A46B36157AFE8C144C8B3C8835
ri5f0mm6658ikedhk5v5etkpul,373B4A8EE439B8F2F9260A4AEBCE11AF
bu0sm4vbd3mt9i340lk0g0r388,348EB01675BC3A8F13F3E3F6EDE6AD0D
3u808if0cptrdcoa943aimnneb,3A454BCFFC4D1341125ACBC7CFA23C36
9sigvgjd2c6h2u8ls5vuftl07n,33471DAA008693D02E7D709915C1F455
v70179tpjjq0ilr5mpr268boe9,3832DF96CC85CB8760AAEC5118AEFD82
pos1c0olpb6s6rtotq32b08auk,314BB8143A07DFBDFE385E93E0D6F50C
qb7o9n018k8nve1p5bn3deed0p,3D373D9BBAA8C89F3C36D3F00735947D
t0p7hokngkhab2on55q2cqt4mj,3047D8BDFF9A551AD191BABD6F3C05F0
isjga112og8u8pkvtd5fp3t6qh,33E5DAC10F145B40D1B2CAE5E5C91E28
hr72pafjbjquckq7algb7edsve,3E8AA4D41C3E53C60ECECE9AC641FBE7
ntrnealt84f5k6u3mop97qiq4u,32716CE9C8951B98C302C7D93139D413
tjatd1jrvgctvlmlq7q7ptn4fa,30B7A253DAB54DCEFC7F851480AD1DB2
pqi6ukkj8gu8nuduvk49mst80l,35F64F7C9186E603E8191437E4FCC961
66sj79otndm8o52jntqrpjrgbt,3B625FE84059EFC0B751EA87064F9AD6
h1ehic83bcu3faair8j2k5vb2r,368BA00228DC7E87DF26CF1FF0BB2A49
s6khoomiubhk5fsqh0go46vulj,3959274C507BA71A4C6A05C6DEDB0617
u7tqhv07l9fedc290eg0g5jn2t,3AB111148AAF9FC5C6AC52447C7FC70A
ef6jekdth0sn4bf1ua02bir779,3C444E144F38EDAD3CFBED15298987CF
6jflccumjjg4p8dbvdp836ashq,3CDC6CE726E66810805C38A86426068A
nnjb88r01h2v2dn886f7rp2rhc,3E9F5003E94F9F0963566E46E1FE37A0
no1kjhgdod7mfnuulv5blbghbs,3A655302AEBC26AEB5576ACD1A3861E5
jg6e0oc808roatk1ookef5tgtr,3863255DEB294FC1F7641FDFEDA5F453
fmrqcvjm2n49rt4qhimsse48fi,3E2DDE37D6CCD6C375B6B4BC28BE4763
f4tv41uk2kvo8m0lijb1fc0a64,37A204841E2C6B95D7F6C7213A8DB56D
foqt8au49a4l8ov5pthfqmvb3e,3545C1619C9A2B0EEDFCEB0DD43D0B9F
2a2hudin8pd6dffk4m2khsqbci,3471044356699CEB46245554419A29D3
oit19bl3nda8ela18r94939gve,33886DD7F60D024BA90A4D731B481A27
8ntdbl2p20kisa3chh0j19r782,3964EB607082EBE44DDEF059F06597C4
2hu54k4m8e30qevd06h75refq0,3AD41B4BD7526B47C859C58B0EC2CB36
h211mff8v1c307ihbfb8dgja62,3E3BEC64DE3F12431CA8A090DB364B91
u725oa5qbv9amuo82tnig549ce,39546E9B5BEE3A6CB45F7B5D45D4CE85
2tsrkonj6alat7n4db9s6ldj3,3CBABCD363762C9628AE1CB6343B1818
pudocatientmrru5bdg64ro7cb,3BCDE72DC65CA6648E499E4FBDD6B1A9
q77ea9um164s5dfc6n0l3ogkgf,376CD70159AB74A43187AC983DB8C576
i8e1edhp6rjvapa6as6al46b7p,352A9AA6FE39D053D5F09277E49C2811
rgnoql9faof81h0mdligt1joii,3D2227EF68CDDFF54E3942581A75A956
vcnrsog8kp12mkpa8ks3qaf0n1,3500155EDFEA45FB2DC1F0FBEF68FBD8
eqc4hfhtnnpbuh0i4cmbj1te33,3A806BFD746E4637395A1B4BCC0196D3
urgn96uh6fc82o2nnaim75q4ra,335D4145A2748C47B621C064FD659C2C
r5kfloj01an1qnl1j1tfa3ev58,396DDB0323270EE15AFA27588A459FBB
tnbs9mg69ciql2ebg81s91sbqn,3BB8414AA70FBF1ABFE3FD41B2637251
l04fjc82md9ufejfmcths0b9gt,31FCFD4AB3F80B0BEF667F430D13F6CC
eek0jqtkfci9qnhhf5muuhjvpa,3BC1F7608140FE8425149D628CDE8ABB
omauqsd6u6g0rctfuskhsi70ib,301A78DE405B9C0791A9FF00157270E3
omubato7q1anrqjgjlfmed38ck,332CC59AC8F36C3BFE48B1F55E64B663
969lej216qggfq879qaphie2br,3B88EF49FB66C14298019DC754976F24
insq8r1md1s2777j96sjhc6pau,3563645B61B5260FABE2523A50D353F4
bcenkb11ppelvkjhr5vhkd714j,3444E2971BC992601BB08EE550A090D6
i7ueehsk25s9asbl3154kme29o,360D80EE802F83759B2AB63735F597F9
vrvql27r7v4bep2r7tfe3mm37l,31C0FAD61E5D2DE66644F5E777E7762D
u3t50t8jahdpe70ieglahrr624,380B5980AFB7895B10D622582C6453AF
264oklp7c9g5nq0mfnsiavh91h,3A59DCB162E16D1ED04EFFC5D79314FC
i6e6sph9469q295g3ts531tupr,394B41130E14A80780D3144F4DC69B0F
u79qccqaje9g3k16lf65tepkl9,3DD67D05383B49DF04F11FBFAB71D6BE
tub0dql3avaat50a4910mn7gmt,3C2BAC23499506DB9B6B572B91E11D94
lhk3247ifn964qto26481m19pj,3C6A4D3BE94A19A7FC6BADEDE5332089
nl689eksivof6msbpcmvmjbt52,335FBBE702908A483648BD50444901D6
5ljakbmfel5hijvvfcla6tbju6,3B2B00558C96E054A9529FA2D00DC7E5
i7vsgmcf5mne6d97ucurfa0dj6,3EEC5EE07FB275C9C0CB574E3141F559
v893kee1esi7h1592lujioq53f,3F66E24BC0DC9AA0B31370E00CD450DF
r3pp76tuduqq60rvd3rm1om7gm,38EC6046408AB9ACF3FF11CF95E59819
8532buk5t2ttv2c7l0u5i7p7mq,3B86ADFEC985AAA9CD28822E62A4F637
97rs962khcdbf7v7rp8hqd0aeu,30B9896AD3316814F10FC115D5BD5293
h8r48f78h81qdtlfvm8g81iojo,3E0657BA04A37DD7796587508188D937
tnj1irha1g48o5cauccmhclf7h,30E94145F8F8156432CF560BA32056D5
73511rq72ffu961lc4n1p9nbet,3CB577207E368B31120042222BF571BC
mbn64a35a931uca7qqhtb5boi,396AC8CA5B4B9A6B3A3CBCE05F695006
jd14mchkobuq265k4vs557u91k,3779FFC514E2BDA94165CE50111F6A26
rgce0jvnfst3pcp02ud3a8e6ne,3E0AAEDD9C350F095165B4E4BA66769F
t62k197fuui6l8gd6jkgdg9761,373E074D129D720CC8D29C9E8DFFA5DE
kf0khkdgsl4joge9k496bkej4u,3B46CC0E6660FC417BEA360EA203BB72
fnitmbgrdk86lalmdc4e7lc6sj,315743AD1A9ACF24F2CB99D19DFDA143
af82v0l4jt0t9focleapujuu61,3B3428FFD1578D201FCEFE8B9C0CCAEE
3dfcmlgnc6facl6rg437dp8sll,3B2D797416F4485E96ED66E63A036A5C
9unbqqh0lor2psk4i19rqhsfmf,3F32D513CEBCE446D9C8E19ECE077E81
pcgsr9tb2ng7p1a6bdh38lvnof,362A186D7BC07F868934FA9146F9D613
6s841puiesv5bob010n1l2s79s,36B9E5DEE8C1FF8409EA711308442D39
488et988namhh0etub96u5ishc,32B8176D41614775037A78D18A6D9BB2
em5ldd0d1ji0slcjee6pqiltif,34AEFF8642FAF9E85E82A930FA67A07C
mkovko3er0gvd1o0lr8utth6vc,33B3AA17FEDF3582B5C3F2B33C70B8C3
mdbkhrn2u9f1jqt3ilqhm30qdp,3A940397F276BCC51184DB9D8AC1C047
ecu0sj4gm0nvvaqpiqodc2g3np,3555D2007DA0AFF2F1DA50EC0B057F72
7n9icoo7aheoduos96167e7k0a,3928FE54F9DD4B4A004EE662F8893452
c9v23pi3r7j70dpg3j3g8okfq4,316D2616E4E7AE0F0F63C85E55E4DEA5
7qbehbdirkpd00613gbrmfu1k3,363C9BBD107BEF8563891B399D6EBC82
g33co2nplrcnsgiuf92f194h8o,30930D59FF34242AC87D407792B24D2D
91n9fqq13m0fptcbflep9rf2f8,3E9472A4653E82CD01B20EC80DD090D4
d1ci2lpiavecquo7vrg3cfao53,3EA07DC514C4531139F441B2CA14AABD
ihs9m2bk2ndrmq7nurcp82e09l,3F370430414A51F98D3DFBD2BBD1F121
ji8jthsfounpsnfcagh5qnqak7,3587989559A41331BC741F724FC0C16E
2nov0ehi3ldf078hmr3084qaoo,3D3A55B944FD488F038498C65346879A
movan04si938r3dlr6459gmi49,3C0FF90CB3FEA2CABA64F6E3F159A2C7
3efv7um3g113v41qactjlggsv0,368D30BD64AD204E10A09EC5B07F8FBD
9nrdn84t5ojorht6il0pmav6os,3DE405A2EE67DCF42F343E8E9DC02D6A
pe085cqoqni43d00onf3cp1g3,3A82C528ECAE570B5A074AAE0FC8FBEE
p3qk3jlro9lmmj6fl5p19mef2n,386A2A607254A51A73044F35F5B38765
6cjd044tv55egj8nlgkiqmjcrh,3D0CC7BA28464C6AD7696EEFBCF92E4B
aneqn30nag19db5rhobfqvsa2f,3AD090DFDBF41627B96440A42A31C58D
dn9uk6imfff5f2f3nepd1ko3lr,351EF4A5F6B6F065572AEFB82047526A
fdo39goap5l5c18l8osun29t1b,3AC3C58B5147C544073DE7FF893A0F24
ec1asoft4tm96q61i2lua8n9il,3A1139571409B68FA8AF904012D905BA
t12h5uo17bediu6d5os0899sbe,3786ED5C4F3C5061A3129A041E8C44BC
taha302661r2nulk2st9d3st4l,3B4FA4D195A99BF86B0875C5EA3FAE28
3gjfco3hnfr8phtjvl1d58rt5c,325B65689AC3B86D74D78FA4734CCDD4
jmrep3vk2rbi2kcf2npc3rg9b5,35C76F2EB65617DBC44E534F0117541C
g9r9vmkn8io2e82b0j3lmsr0iu,3A067EFE51F101FD553C463FFFD200DE
6gv7tgfv4k58p9g43h46olk6ji,3E65AFF65E5377EA703ED99F6B320133
a0vu5hv0a4hi8futa9eac3llr0,3B595CD3D61F076B165A6B82747273ED
mh1mar3j4fkek2f50r84rle4d,37A0D5CA26DA1D625CBF4372E1EFF48C
7eggj92knamjvbtuoqtkc34ai5,3579EC83AE8199C13E35E2E8F727A876
t5oasvi3qsd9embmhod6dmcvnl,3A3778707F95302749CB5DAC8B3184C2
1s1e58265v29h0sk53riqks250,36D73F6454DB07E10551223205D1D72F
dk1n8a1h5q7tiit17ja1rerus,3AE3D72C85254C093758CB84E3464BBB
rl3skrhm1up782kgu3fljat9cq,30B584F263814E8642374F3DF3F99D76
ng00f6kgpv4402cj7l0jfcomft,3B8CD73E90C395861E10FDA501DF48D7
k4c9etc321s56sjbem5meu2u84,325A0EE5922828F1787FD5FDF610C0E4
7qunr3claqk3cggauf93u38vtt,37F85641BE460432066D846B68C47EC8
r2qtrrutgshsskdauildd7rdj6,3800CA7AD1B8475AE69C5DC89BB4372C
mp9qhkvtco9gs46n4j5leul4gt,30F7D0D904F8E69784D32C8565E2085A
6u06ru4p03gkbs9rle29319ml6,3DA9C5604B27F08935A999EBE61881C5
3a9ds3rl9jtbc6itk8o4phmbdg,39C741A4216D2CE76CD6EE86D78C2DE6
ptvu2683g7rr1puuiq3lf54hf7,3DC5D1A4144180F864D7B123711A34E4
rqhlth1nv0v6deokkc61m1e4in,3A2CBC64AFF88B39FD14796761FC10C3
1t287u4046jahneagtr2nj7sr2,3EBEEC2F21B263C3616FF095673B25C1
3urkq2ufc57jgeo2ih57okp6ln,3C6FD0886E8B6B741D606D8225D9F1A5
j75nv192s5iacetrn4g19mfs16,39AF2AE05489DE457B1629845F2A9D12
gqi9cnaajt2sqbkuvtlb8fjo7v,3E37AB6980D2133DD87197EB5807B3EA
s83l3v7ukde62frnf4nnfbcuu5,37578DF15139DC7D16578D4D7C5589DF
935550q33ecpp7knaabckqrrgv,35B2EE0FFEF129B0B9DE90BF2C3BED8C
noqouau234hjactbhvsbang6hc,336227A5A4971897EE50B8655822F766
mccqklleg3c75r2o6c1kqipd06,37D3C0A00FA1CA7C2EDDCEED8BC36CD5
dvolql8gtpsftjgoh5e1j6g205,365D8BF07D2DBF9DC89751C1F8013B7F
gkinefdlt3pa91m3lvf5ojh6f1,395126D7D2439FBFF7121E018451FF89
rc755mneo4qt2vnr887nq2821o,3A896979951742682F08BAB6450B549B
225r63oac05ab2fj2ena6rm0ge,3E89D2B029D51B9E43D8C576905C99EB
mgojl60cacbfmtb8p27k8om4nk,3CD633BD2FA2AB9A5932A2B43C26EFBA
fou332i38dhvnr8ub9ugg7qch7,3B95044BE8C491365AA91CD144D5E799
2npukgjii76tvd6lr2rdsvmhjb,312F4C6A8DEADD8B6C3E5A10647083B6
9qfrptsr8k2j04p6gh36ram7gm,3B2248FA9FC48DA81CD085AD63ECA0DF
49d58hchdq59pnnog8r9rv6ara,3CB801DBCBC45AF6DD232DEBA2DE1E38
dn43pes87j9dofntv3omf09545,3666FBFFA2F8B88299BF62172024973B
siutdpbjvbfj4f2a4bkc4en261,3FC78B5D6141AF69C05E9265B21E1DDC
od28hcgisdrael3547hakt06vq,3DA3AA581723BB341DF29CDF92B6F243
8smsjij4q6usositbj2iv4t596,31D7FA0DC63B7517FC371FABB561E93E
iiacah6n3ljkm8a35280o18tub,3233D9841A04FFBA86C798A41CA89629
vrofcr8uoceni4iahi6955ouu8,3AA328073014CF0DC10BE4D53391CBAF
1krpec58c6thk9t28u72d3s946,3780FAB7F1D5A4A87EF2D59BC7682F07
ah4vt5dpt64ba4d3f04ut7q9la,384979C9675F1FA0C283C1AF9BE492A1
uu41utp36jg0k0goc9prlpnkc7,388DC34236B6A7D158221FD3C1313D88
2pimvfvcal0qo11gb5ef090v1p,3DC5DF2E199AA288ED76CDD72F34232B
36f5kst0qt7r7n93ghdbh1p37m,3BF5515FD89E6E26D8BEB737E1912153
f3rjjg4dq91knmk0ue4f3140l7,38353305D82CF8EC9B2298B67D016947
tlbd7q78v8abie5pgfr291bqeb,3B226F3F07C2619A79829E681CB8BD60
qv165bl7oqjr6ltgkvlldskbhv,393FFA1F67C721D23BFBB1303848D600
alnh0mp4m0vp479k4250gmm4is,3B6B56A280264C73E42EA7A5A055EB1B
p7nb7nnc958mkc2jskkjjgqevd,3165BB488045AA745339A414F39CEA5F
9727v5gedsnni4le7tt1e05g27,35690F18089C7880E543054E1722DD29
blutfn0uock564shneca9c0kam,380A8FEDCC04B43A833C65F18AF48EBC
qa9rje3n7mt99fr570016d595r,31D6C94E6C21FA60867A5B7EC44AABF2
8nt5raescgqtp0e0bpuobjk6mn,30A9A6212C3BB7F563E94A9D2F598D2C
6gebenqouqtu3763covcq4t4nf,3871DA88642DF070B9A25434BF33ED1B
ctj9s87cc786l09ujcguas7jc1,367619370DD2E167C940BF5A67A3EAAC
oq8hbc5vfg616fe3ko5g6r2btv,362DE96AB00E32EA7FB7BF3A9F8D4B5B
5mi16cdb10reb0qtlcfdgkq56h,3E26AB25599DA2F45723CD7AABDB9A60
3bglidgo7ui9utftss7ftmn0ph,36C5EE3156F992C492EFAC6034C40AFB
9nq1j17v9kna4lc5fq63ck3i0p,3F5FA605C444C4E784D72B7F42198DE1
amp2u4fgmi9l186ds7krt8npbt,31E6B1D46CAC9958C1A50DA658000981
knvp68vvdl5dpk57dua4girphi,3ECA4894B94258E6248B0A55AF6156BF
nb7qjd1m15826obb6k08h5nuq0,3AFD63B6B38C1DCADC7B32715C7E7AED
d52bf1h975squk8o5d39fo38sk,3FC3ED2D73D22048AE44D0C17FD6E8E1
skbun939itv61sbke3db7smrig,336DE0DA84E4BD68311B4C277C411BF1
oc0uht396f3cnt9ar0550uoe3h,36FC1D18192938D3740E28FABA7D153A
6h8317peo9sp36iniv8hl8phtj,35FFAA4F8AC8ADFC1B72513B24ED4389
i7q7m0jc8fpotq0otckeu2icid,3635E2C3C4C3D48B7A0EDC3BBC5F8DDB
9ictcvcl5q9uikm236diral829,37E7570EA4DD225314624CD530065D4E
nf8visbk5babdqt1jo2krfjll6,38F260D5BFA58F161C44D3119CFE8BD0
iv64snmfvg3j2idephslnvbpv,3B2A22DC4C1B7DFADC888FB17D3A1A99
866djblfd3gomgtlntl7c53kve,386806AD5DA488B17C995EA5B6FB0BF5
7dndq05m88it4qsbam985cjd8t,35E84298DAA6197E8805069A7D1E854D
9pkh1ujp21pf2usmtefbci2qdk,3A5D4C0D0920D7D0CD7C14C5FCE50B42
lulf9o9hpoqkamdo2286jo818g,3A17E291D43FCDA98E4E5F90C19ECA6E
ppfqfj8cl6h6rgpvn08rtuhkdh,3308AE5362C6E7494191AFC930C7DE24
6ub9kih06j8lksmo7dq367i0j0,3A43C59E0A9FE04767ED022A2A720129
psbtdnif921ghhthf82fv2hhe9,3D0E2728DCD611E8C286B00F17EDE9A8
b2o8onue090koh60tph3eqmmht,310DEF37F852F33EF4CF757430F533AA
c95qkbs7tlffur90mfl53m5tv0,324D0634DA0A5605B8EEEF9EEDBB2AE8
peqetdnge0fdomsmc6ld7buc1i,3C58E61CDD84FC6866C34B62101A88C3
vphnljilgmtoosdo4sbagaanlr,3FFB8050FB691E7C70DA2FDE7C86683B
3tl1vkqa4f46540jjglmviv0so,32E0A78D339BF5BB06F3542D47CD9031
a907ljn2gkuaue9s4j1tmd4ona,38BC88BD35FFA22C2E270FC093D775E4
q99v1kl86nd9g0cr2tfrfo2g6b,395EC94B6BF00A73164E5F697F4D2139
fs54uu3v6acbtedkjtjaqhr605,3EBE59F85F6BB1F2E468C5A70CE10459
c7iq0ir65ovhierp7r0pm4os0,3A97BB52A8E1E355AD03D4E246D80158
kjhbnrvltst6fftffraddm589l,3E4707904023C1D0448DC817791CF1D7
17fn3p2068d9e05up7dsue27u,3AD5961DE61606261CA032B8786B6E18
ffuvqn3ncb0rbbqosegtpddseb,39A5EA6B053E0E46CCF36D4255469926
q932rp8k6vppketj75vmquam9i,3080284222DEB043587067073466694E
9tmita3jqjt5u1ks6rnlmabgbr,3F57D4C4ED695B4CFAD21487795862A2
m9e3pth5gi5kt8kskf2as9ie66,391D379C92FFC3E79BCEA9D039BC7E5A
apa7jtrmq7bei27un3b60toc3b,31090EE49C5F14EA8CFE5CFEF0B83999
pla9v61se7ndf8kip2j8e5ucfk,3990A4FA43888FD48ED073FEF67FC376
vbsj7hl4u9aht9dvkspcirm7nr,3392EF4D4B375C5CA6995E9C0A0B2A9D
4t66v3tnh10j3ia2auaer9puh,3BB88EA1DE02362C646DC6BAE122DEDA
bsndkq7ipjctha8eegikv67gu5,3B1E0C3DEDF0D6CC933D40C3928EBE94
r75dremtk33l9h1i2jsnva5ar6,3459E44D2E2AFD56BF21FC4841035F3B
23841ofus89lo21vnm03vcms5g,3BDCD1AF212720B9495C44E5DE891630
kdtsnbjmlfgdr49tdp2qfivpoa,3CD15242DEF883E84D9ED733FFA4BF9D
57hfghte17pnce8id4n2hh6g84,3DB82A1B9CAFDDB0F359E403058BC4DD
emb6bfj1gik774t3agithemnv5,387E70957BA548BD4804015D843004C2
l0b6bk1j1p5qn2huvs2tdcpbrh,3F428C15A03739ABF7532ABA13B094D1
c78r85ejtgk0m8ch62ffg0sh2v,3DE6DB1B7C906D71343F493C57ABD255
74qnifd2m9dd335bkbqcjoue2p,3B8D9ECD02D384A77DB9B4E824A29CD4
m8aall750mesab08vpkg6bn1u7,3D08B0F04E20ABB1A2222DCB94F565DB
59heme948s7ah1ns7hghod5vmr,346A871A1217E309D69AFD94F0CAB936
dr0r8260cs6ce385vbof5ajf50,3228E724318CC8113F5AB23E719A9649
gg6r38mur38gbhnjhrr69cce08,33C5558C65CE2B8420525D2054900C89
omn325vn6cvree2ehkv9h2e4ni,36058024E2393F3CCE43F330EDD387FF
mj6685nu43um58fagrcmhsvlps,38FC2C7BC315B657106C480259A2045E
h9ei2htpln003hn9d811vpc457,3C858141FF4399112D6F31E6985B38DF
831g76c8rd2h7nj6qesk60jo9m,3BA2FD58EF78E1E05220ECD8F9B48A0A
536n5uie7u69d6lismi3htkftt,3D78F0D5C716EAAE8C8CE5DF893A687D
cqtsavhhrqn5lihp8tu5q1vqjr,391CE2776A1346AA124BC0B2EC72B92E
bdo0u4j3s9793fdckmj1r0e4k,351A304F3FD5537CC1902DED1002C545
dssec5dm397am5khdlbq1q272d,30BE62EAB15D2D7EFCA8A3D3D82F6D79
81s7oll8ucm753gs8vdun21aj7,3B1AD0715F6B0DD15666190274C5E1FB
b08b9qducrn7clm9ufbil78hhr,368E813A0360EC86F1111A0CF67D3D72
9b9ujmuog8u7q7bgf17590l3uu,3FC3BC78AD82B86E24E3D8251EF2004D
d8n9hbsjq0v4pfl9s7bpefc6rs,39102C9E48FF248ED0A2399B72A866B9
qnd8ftuedb4qtgdkap0ousqaur,31AF75B6FBF5E132B146D715BB4649D1
dvq1qcs1p750nghe9i0psvai6n,39CFFB18DA915C4F53A945B2198BCD51
o3cbvioljjp9mrc7ra1tm78h74,34237D54CAEDCDF97282519209A2C3EC
j07j17182q6qn5va4dvms7uc9v,315E13E445E807276248ACD4423D1FE1
1qas3fgus3lu8gm82pnnls2ahf,33EF3EA2C18AB2E2E6576BEABFCC5963
u6pltffo6ag28cv2kmnn51l7n5,3D780E9EDF16A161D49643BFDAEE27AE
mjku4o3j044ugsq0nmsq9213g5,3D995795BC05F4D4ED8812C3D2FE5B33
trlfqkcvrop3re9epngd23oj4k,387DE207396C4869DDEE3EBDF1D82EFA
l5l3vc4dol73olcgo32tnijqi9,364FFB00C90E347902213BDCB717DB90
h0db51kki7qerm3j8s92mmao06,3012814F8E528025C264524DAD8F8A8A
3ca826bnsshupbg6g0puqvq7nh,3668C671294141558FBD0209119B4AE5
pvv8bp1742s6mvge2qroqrdnp3,3CFB262F73DFC8DA78828A5AFBEAA9A9
