Key,Hash
r258vvm9t49ss259c3t28n98jm,54F1252B2C269EC53D3B1EBBFF187FEC
o2q33krcou7mqj6nem77rhpsie,5517A345839609B0DF066224CB063AAB
4cptpp12gj9dg1iqf97q56nver,5D962E9217E4EBA8CA03F72AF3E3027C
6v9j4imdcrrg8otn73ieevav9,5663C6FCCE3DBE1C93E6232D84493211
1k123ft8ki3bgks4ios6abtju4,54BA301DB4F797F3152D4B96EEDEEF11
7b0gs67r3oipuqf694mc5cn0vl,56E4975DC6359BAA9DCEBBE059BCD403
9nr5mb2g1016k5trsooks8pvdm,580960587035D89FB061B15896821405
kleeqo4opmers6nmm86fh5g1n2,538771EE5C2DE1E8B1061F19CB4C9AB6
9sp2pc628ud20sfnp4ethd5coj,5072CC92B4E1DD9838CCE022E363FCB5
p2qn9h0u8ceb3ck13gekq21luo,52573ADAB273B3C5E2004A4F8E3AD728
m0lkvg1h6jvbd78krdqrbl4f8q,503FB23777FDBC5E952319E2855B034A
hm4l3hhvj3vbeel74mpgkqi4fg,58EAD8F7DF0823A7F8F9D177114DD7B6
b2r9n97i5r4hbu5b447c57lo5r,50C7FD153B92C15B900C86A780BAD3AC
kssu4bq66c65vhrj7ocvj3qpjq,528101D92DE117459566AEC38015E60D
i1mitmbi4bvm0ghaqn4kljlfpd,5A32D8B77F59CDFD13557ACE6472CCE8
qhvvb1jtpqkt598vs1a97snbbp,5F477C96A26AB549A4A25F4E1BDEF5D7
ra12su7hjhv3gcn67s0ds7o3q3,5B1CD9F1F654814D3DF08DDC715BD1A3
brn6hphvr1p3ke6anh25gmjdio,57E916777184B9B35D0D0117A5FD679D
2cu1tl8ij5s2nrajidr7vim0st,592C5F5DF7A0145908A933E294A4291D
cr4vjpf1j6injk7v725p13909b,525F2D1E48BEABE09894220876CBC269
8lohc6huvdas37krrtl72qh0gk,533599730B48AEEDFE9AC5473D256D93
ih21qdof2df846grv7pv0sutdl,5E3CDB7FB28009A337D2F8A98EF7B95C
hojd3e41j4dcgh024ikek19thr,545D2BA6905D22B4BF195BA4611433D3
2ut500rbsjeruvgl2q5j9af54e,559DDCA83308088246226CD5C367B560
836grook2s4ptvdeseos566krj,569D5E1077A2CDF0A2A7378C5F9E4C42
bsnks8uvn2dqalcogp1dlsfvk5,5124FABFEE0DB3C7AF1DBE536D735849
b9ni0ucbesq13rcprfb1bcap1j,5CA51374566CD8E8241CEF358054F03E
5d76lp1to5s55fd7v7bojuoq7g,56BCE0E5E77EF4CF1BCBE7CFEB42F184
am9gvga4ko31vsgsuo8qnamvte,58A883F33A6593F5A6F612F36783D7E2
bl07sjrbuu26pf33lgu75fdcql,58C851BD85C88B8438BC88846E8380C1
efi3ke5d7c1gakln4tc3us9193,5834C27A506A93DE0508D260A491932D
b6obq28khluq3an8vco7385c1p,563F029773B35F1FB320E998B63EA41D
n591tmp1kloqr7eg4ngd8s2kte,5A7D4B7F1D46F3985E25B40078B8D459
5jbhdc7g0cm7flhl3f0gj991b,53510BCB5434B28097B23DBA99A4750C
r64rpqjeh9rntrhujfq31n5q5,5806EDAA328D968FE909C6DAF3676A53
si4maba3n1soe5bp5riejv61d8,521C09E9E72BB39DAC0150ED153C240F
i3f8tplfakugkljbdk6a5uuun5,588627FFF565F803E9E996C343EEDCF4
rtse0kh82mjf3h09efma1fla75,5FF32E77DE304A1EA848110A548EE23E
on798tsnb55r36tib6iobfkoao,511A2E95B3640A10ADDE1C2C7FB6A0B7
6fs9v150aks4us873adlem28u4,58D5394B1E17D1A9C95F37D6298B2D71
ltd28ibvvok9itv5cgae1jnen0,574A40A508DCEE9920C21DDCF8CAD4E3
o1ogj9e3nohjc3t2mgtuq3b1t4,5C13209F9F5FD6023C55CEDC146975FA
fh9s55bmfje6ocajf9b99cq75j,53F0BDEB6439D90F1A4C4E7F448DA146
nsg6hntd48cla0jhe9ms7d7oe6,55B436562E36D052279D27830503C386
52c83lnctltkc3gqurf3tg0nfo,51FE475A76C854D0EDF0B6A4E8C93847
ocet7ie4fkipfarufeqbbd9lpc,574A73A9E3E947D6586343B6D09E8DC8
6lq3b8utjecl3j2u4p79rvg9m0,56F02D8011CEF7F9AD90105B9E426D5E
fn04151cmvvqbs3f6j1ne81ne7,527295CD4382C815E041E0BE6C32E9D1
31jpin836dgeu65i0go2o77qli,50C362E1186B4658A2E0224413E6745D
olcaclnajuocoa98eq19obcvjk,5B9260E5FE6EB571EBEB27BA60E49426
v5gqv2234d1pi32m55aj00ha30,5FCFBA284273163A19E51893CA14FE17
d6s86ebecg8eog13sl5ivav9ef,581F3B88B4565FD4038149D0A7CD0853
s0k1no9v29iv2qqa3dmvgrcprh,5CE55E9FF9B876CB31C043AABC4BD143
4mmqra6ifvtd5rbparva5hujf4,5CCF26EF54E52A6484ABA96EBAC89316
cau808uosoch1odv6dp3cqm45t,594BF5B4C2BCCE55F63E995D2C33E387
3pitk4tt4oa41euv7nf3rb2lq5,5A3DCFA9392429CD945384C2050CCBB1
vpesb9j9qhl4rn557v2b03l3kk,52885F0579C43146E88EB78CF4FE8A6D
qluo68j6dq0f25nv78uaokbekp,57034CDD3DA7BC7218848B65B528FF91
c0rq3i1s8vbh95prpv42ifolh,5E81CD9EF7D39DC5008B0D1FCAEF015F
gdi4vjmmlf66bn8aqtcjp3el9l,564C91B5EEF70C09E81D8CDFBCE3C7D6
2j8ps45c00brdk6b3f9dgdqfs5,51E6C4628E09A45D66CB70F25CF4DC70
o18nb1777h74ttmj12r9jkj0it,5DF45F27CDBEC151D8C56114AE8BEFAC
9ivjb8lek59sce8oft89o6buq1,55516487FF74B1705D961AE8EE3FF7C1
8cfcmht6uatruhnpa7n8uc74cj,548B88A4DB983E3242403794FA0CFC63
l56ao5ep8t7sksngmdepj7mvuf,571814722C8611AFA3A7943CD50DF81F
37osf00fsj11umitum03ula3fo,53DF3F4358C01559895F3996750BEE12
2jjad86428ns73t0f9tm4kgm2k,58DBEFA8EC0BE6F408878DADB114CAAC
km4brlvnn7m77qr6nt38skkgka,529A674910D842045F86430EAC776657
5lsnto85cntveumsprue22afoe,5E9E75D00F468EDE2E244E9329071592
irb41anvdchuelh571gn8cbprk,56CF2B4C1280FAEFA6F5F77E7F001D9A
6093bfcfka80ggaobii5cu5pon,59A833FF0013B48826E226E62F5A1521
e8khnh1jvcvnsjhi39snbhh341,5F9E2C677FED0528EDF6FC3363531B97
5km2jictl0h36a3iiba6t3984u,589CF92F887703944D7C4659A1BFCB8A
1lhtn90jrjioggf02n7d3ij47u,5DE5574E737C03685E36ED3015A8E3E1
b60cgpl234358m0lej7ui20oqj,52248E93A994055009EB0FD2864B0BDA
9ds5gv08e1g19rrvlgan7alopl,571B1BECC39187D34017B60ADB58AEC2
e566a76ks9tghhrlqc35oqffjv,58794F05BDEBA037DB162653735E535A
lviajq7lp2t8b57d9bq1oerr0i,58552B254988FEF94875FC1891FC5181
ulgtm0be548sdtu37egauuubl6,56C3DB32337935AADD797BC9CF67244C
anl0ou80celfs2a3p7lnjp99ai,53A2039EDD1D5DA77B3FBF6F1157ECBB
nbptuaa109fjcju3531mktf9je,53461DD42E05A043F55FB746097E0519
k97u1697qgf5jti9e6nsin1kt3,5906718A54BFB8004EF8AC9BDDEBF2E3
r5u1lp9cauhk0b9bekrj9berks,525595E3607896B5CC7FCB498FB61776
dd22u477pbsuu7atjqb37sabs5,5F6812EDA0EC7160D4FC02BE8BE68EF9
u99avqg9kdfkka8kgjkv828ihu,5CD6F395A0ED1DE9B39B84A7E47EEA06
osp7bn3qkflu4gs288va8eetcr,52211998ED1BDA11B96A564FB0716D18
kof9tf28onivdebmn3ca5olb60,509E7DDC6753AEE874513CFD6F6CFA2B
g4feci09jein6e3kq8asjmkkok,58D78A9A12266141CE0A6CBAC00116CC
1oe0dh1igqagppe5iief6tmd61,5C80D55FAFF0A7B9C8621CCDCE6360D1
qf1i16r3llgjnphgr9thmhgnvp,5B68850FE732E7CDA7E7E5244ACEB435
c8m7c6nrlkjcd9nm274eqtp8sr,516632E2F03CEFC5D6DB206012CEA4A6
km0scbuhq6e7hd6ujrdtl019mg,57663DCF908666D7E43DCB5FD34C71D7
anttt66hu3egusk8lppk8g4nj0,51B7C7F5293C81F746C671A6883F551B
h423uip8khq1g2ei7pp7onfk0m,5853A570E6E7E1323E2334052C802546
jv5396bha14e9gceg958pmgonf,50B0EE77F04F58A92D5EAFE2D3911EAE
lmklbr6bumqt0u5lni12uj6q35,563D97DC1A92E786ED8705B7A08E74FD
njg41pi8k0b0pppooal05bmb2,56D1DDB4060F16C4A0A5BB05A95F0892
9e2q0h0in6vr1nv1tkkvda6441,522B6AFFF4E10FA3F68C70BABF1D48A1
4rlbcg4jddqjp33u97luaa53sb,574DD3D44D75CE63DD99E616AFEE22F4
mhtufpdmopad0ek5hokk6lk6v3,578DE1399744AEAA364162A82E89CEF1
rr2o5crcgmu13uiruq0vki0g4,5ED83344BEB765A543F183CA75FA55DC
fr4jhjqk64gebqq89brsskh9i7,586E6D34878F37C5D0CC3D79C248CDCF
tvk6fjueqafuk08qnctrlaoh1c,5A4EE5FBE3A3BC0DB806F60FAD30A2D7
gtduv4tfpojoes210k079gemv2,5F8932E4667E923F02FF093A7DC622EF
16025e4ubfgo9ed6iq7tjfg2l,594C8414959CAEB319DE496AE30452BD
303qbke0ubb7mm7nkrkhra0bsc,5E081776BC2CB5AA2B1A68702FB75DD7
hiskh4cfbqk74aj8khlqtoifb,56DC41D94FFB4DD70F67593AE7BFED35
ekqhu0vlkb2gjs910pmr8tr67g,520A59012467CAD581B98A6BD4C1D0F6
b7ecqpdcalj19qbrd15mrsnlm9,512CA607EDAD1A591CFB26895B00D9FB
dsac703vg16cmp9erq9t3l8psi,530D6A9EED826F4439B6E90C1B42469C
5p9qkk33qiseb63r24hbhdaa7l,5050881CF0BD66DFEA1D31D2C10C60E5
fq3jmhqlj9ad5so2dnvuvinoee,5A9A3A3FF2759FF0C51860D4053A7E68
2trfh93rn1as5dm7strdvukkuc,5EA81F60C232D2149CB517D55F30AD63
h268dvn6119e7p988sdshk5nj5,5F175AC420363DD5CD6EB32888977125
ehiq3jai01jbepuh83c8ejvsi0,52FD1FD5CCF30D913B3C923FCA94AF7E
s1o5klj7ol17ugm71903snumie,58BFC8FD0AD3AF1C7E0B5E7295907F0B
gvj3j288f3bvar5elukga4re2o,56FE6EE86BA166E6090749AFB6715866
fnglnimv95o0l8josd4isrn35m,5AE50737F825EED28FCB674B32830584
4idh7ef2jjgoqf8becedqbtm0v,5305CB65F6B82676651B6C12CAA74AF9
2lj11eebcn8mfcc7t0iqhtcaqt,5247CCB7CCBBB829D81BBE79CAD60E08
2u6e04tklv09g4ccjbjj0bgfnb,5958956DEBDD837E61CE98551569CE9E
i0hu9hbsfamgcjt6g1fgqu1gg0,54DA5BED7F603398000D56B342E997D4
sfj7rab0rn25jffnbqhehcfl76,59E1D4FDA1EDF6B9072635225D29E0B0
k1cq7g3uu1fnl8voph9rukvq5e,5781CDF50B11FA7BCC7BC2DFE35584F3
9gamf754rfr0531d9llt12m3d,5974B506D4EB70EFA0DE38B575084D7D
nton1o1huh6q30a2fl4760q31g,5E464C2C2618A35630A2B024290EF412
a1gccrrbbga22ogp4recnkkd9c,5B30045691A148664A1FCD0D6F04CDE8
pld0al2juh1qa06n9fr10qc0sl,50EF4B4503FD15F23A955C4D5759B54A
6ss6m891etmn4nrr6jer0j65kq,579A81B4CCF0AF1A4E530BF8454AE890
3l3n6cinh7iatkucvp2g6lhh85,5FAFD03C68F9B52403FE9693E3FDABF6
lp9klnirmoqlp4fv5a8cts648,5B9F4CC36F118BC5E36ACC559B7A3F95
e0p5dq066arp6vl2k2480qvqu0,5C77BE892159D46AFEDDD8EB65CCDD5A
qi0al4ckn697nr45e2ec39cvpc,5A19DF0816005232848B77B1461A4949
c2pvn410fq1qgugij51vtjsfnp,515DD6EFB8C7AB7373FD08C8E3874962
dmlf6bcqmjmt2no7dtgpqqeu1k,53CD4C4FF7AF83AD858731C2F1D50F25
g17lmuuudmauddrf4ibu2e7f8l,5BE88FE3F13BC986D65D61709A5DADB2
23da4l31q8jdbmnvq22ek7hlc,56B58812FE7B10037B0B8B7B6CDD0FE9
hpnm4u0vvm4g5tpns26hrtft4s,51C7C4C4FB8D096B4BF511F9A7CDA045
hkar0q8jd2ia8bjiu7eqnqh171,5DE977678DE44351D2799E0D8764CE2E
nht6ut645633jumdqcb5ussjbb,5227E22690EEA061FC27250E2B5F2D56
253or600e5n6ivfrllk0d3vc1e,5C6B7096AF7544BDD0E6265573030748
dbiajqhns7gsl8p3mndb3p8i4i,508306F51E572EF62676C3B74B588168
4ne7svfi9jm2t9egifd1efepq,523D1808EE43871C10D4F5F78A4E4F13
hvp2jrp06a8ufanch7s9pmaeij,5D0560E7F92BC4F817CD778E725B9A56
f7hoaggerk20i3v1cjb6aepbsn,50074AB9E0A69EBD7E0637007B83F33A
k0a9t9fofsv45hrv1tmtlt9bc4,5BEAA2D212B8C08B562D79D8473511FC
mlvq1rq2vemndugqupjl23rb54,517410EA246D802A33A39835CCEC5EE3
beu2nqnhsdo9qo9rcmvk01ljpv,525F3E1116F1B43EC5D3A117F5171BCF
59f1hpuoroc2oe57l7s4h4nu5q,51ECEE2D5D1BA515EF3BF86776DDA2E2
2iji04enu26f9vp73rbr48mavq,5338AACDFD4DD424619008D7DB4EB01C
rbpt60beli8us3vpg55m46spr0,5CD5F3AF4B9D29D2C0190744C5447F1B
vjs6b55222ci7h9oeagqtrgnu4,5502F9279FC8111FA5C4C58F5749CB65
ar5qukakdaj4k38o30ktt1db89,5AAA0533AC3B5EC9804443BB1538DAF4
ojbie1idv480eg42o9jln4r7ut,54236BFAC910C1A06E43B728934A7463
ejf3bljkfbjhsrorjjrpm401dc,5C0C4F80A3258DA90E14486B46922D42
d39i3u7k5pjah0th0ejacmoct0,57AC6EE7BF51229904E899EC8ECE6440
lti1aieuoe1duvgguo192f5rea,50ECB96054203F35A13C9F83CD3CE401
7h7i88h4hclmhfkkb5hu8vo17o,521B744D5BE955468076D66D641368CD
808374stisquf4mqqfn9u43u1r,5E270854E2407EEDD23DA21C9C7AB7EE
47dvds84jvh5f6ij3bdefonaf,53B636B4F64BD59F247971300D28B498
bbg7blgs30mmgpbqqoo1rpmc7b,508325772B157A934CC1444B19466C76
f5f1ajimuvc23rp5ti7uvlghku,5E07DFBF1B7A80752BB92D99DB5B9FEC
11gr1urs2us12o9ri7p8tspme9,53811628F8B0D66104FD7586F0E9B187
n7s9lumc86bkid17qj9kvtq9u8,5A6A54D27E5595307B80ECF52B96616B
8r79k4oog9ik2p0sbk1fja7k98,567883C529A8534A43A60829BF02242A
1o02blgke7spdibh62nofro158,5B903838252CEFFE4B8943418B635640
425kkd4do9vph9a5ft7far31vj,52AB468DD092597F5F6215E868AE455E
p8krtkkenbh85o5iav60rnd31o,51E4410AE78F290BEBD5610F55A0D3EB
co32ga4rgs90akne4cd439dnp7,549F6D941DA46853150B5F57E0265B27
irsf8ihen7fqjb8k8ebnvvkejd,51BDF2477C6DF28D8A904164FF38C5B1
82bdgcv53cgt978232dm9mda7i,5CBEA8061AB3EDBEF28262269B554122
o7pmh582elkbl7347fr7oob120,5223910C3DFA3814FD60BE3CC2B71DB8
tjjjsc4qt9kai1fk8oh2bove0b,5F370F63588C6BC6083FC5F6F8085E63
7ut3u0kqor9tpg7b2jug2kjrbr,5A0032AE84B7294B5BF200535B4A6EF4
ejcuo86qf3jthsf92lh79ndvb8,58F819FFBC6DDEE114343934AD78A785
f1jvqp1h7a341r575vquoa1tvb,5C4AA880662F199A6A7AFB8B44EB50CC
tfmavdqt5d3c2q1tsp7rejt5v0,543ADE81BB41B8A536554CC1D5E2B1F9
blil402cdh1ocd3c7osulukssl,5AD3B2128646138EDE6C9D52C3C7854C
uqd38a3gs557m5rae8rlts86g2,574C29A98784F6F7D0BC9D9A995A9AAE
gfa8d0fe513qs7f3cs79f3ir1q,57AA74F4B8DE0A1B83B9FF6E598B0CC6
r22ktffgpogrlj1v8sjg0u09ir,550958529B9FCA4ABEEFFCFE14D9FD94
64pgsobjt7nua5r8rlm591a7eg,5DE8ECE9EEA99DFDC4B9D3C4260E85F1
hskgka5b5s20gg27lskln40drd,5F2B89E90D6AAE8479D534BDA624545D
h8iedvb2adjvd97j088hf0lb9i,58F171C10653F6D04D867D12F11312B6
ip402lsne7hmag1s5t4e6sc84r,52766D103BD1DB424D5DD4EDBF3B396A
5e0b0r3ndvm5sihsl0ivr7tjov,5EFB92EA5A3F09C3B3FD85AFC9BA45AC
salgftaqe9h6q32kut87soffhf,51A2874F2CBF08FEF7746D3592C3EF24
m648tulns0hle4tes5t5donp4e,5D3097E63149E5122CAF46390E6068A5
8pe9siu4dt52cb8mnn7cb6gk8g,524388667300307721D85722F3AFA9D2
u8qgiaai0b45q63dmau55ba410,59E211004EC111A7581ABD64C29A2EDA
1dpgb13eog6bsq66r7v65eq5rd,5EAFBE435EE1B57B34D786D004B6D0F0
bajvabv1375c0ooifusnvlph5j,5049F0BB01225EAAC8F83D157F05F692
ac5ou7rmcighqcd8hbnvfgmng2,545199B34BE4B49289772AC5A0F5773E
dfc8hld8dkr74au4auetjeh1ta,543A45CCCDA1E5F4CC12ABA152E77D15
tctbes103uisqlnf5cstts06hp,5DB4E98EEA691BBF8468603997846ADC
vqeo33shu1nc2obsuiuj4ehc9v,5DD367A6ABE08E8301E9611B654AD115
t02e5rp2gko5rcplilneaslafr,5C57BA2F8C59C12AE60A2722A9DFA372
cjp551aomehn7gbdtiu2pa4nta,584996680667BA5AC489BC820F000201
apfuicmt15et89llhq481ic11o,5CC74B41CAEA2F1BAE38430FF294B108
dooioph2a0ahobuifgbtdhad8i,55FF0AF793256FA856A2BEE36A6A4B52
6f0cjvr00riv61f8rrsc0gilu5,58AE90A7C7D807B3BA5C100D764FF500
frpkh3otqa86gsvftv7cp23djc,5547E31E7510843F3525954439CC6C58
5ppcl2mub4349dvt4v16h13pj1,5ACF383A64B8EB9615FC4C0945408BDA
5nigpcf5fbnhj1jsovknkm861h,516C6B27568044D5EFA158936B5C1849
vaj6hi402gkusrrq9njumvkcmg,5105AA0ACD406B84AD8437BF7CC8FB20
kk6iavfl0f3h55r70e0sdesqe7,5A2A7AB769EDCC7961CC8E8337F9095B
66creehligtnlchvt7l4ug8nmd,567C5B2298E5532600110B654DE6D916
hum9h2k4m9s1moge20vjj2duc1,597DA9E629A7D345F35BA68EC7795965
g65savohquq13sfchv6oileod1,5A560794382010FBEAC9B09D7D865B98
a6n67kg0ub4l3ur4eov4fgrpur,556F5639C48E04C38A53E458A6855ADA
9rmaj0jkjobvectk1vgeldf7i8,502D9AB457C68D4CB7D31452879C7EB4
4r1bnrafsli95hunqvfetp3a17,5D676EF57C6A0657E51FF0B1937CA5BE
8hvhilks6dh6qaf7h1ulg55suk,541888D16610FD23DAC97F781F884505
7rniou0711sopmvp1ogpf1em12,579DC618675690880E59E44951E20007
m4rommer385tm91bpu352tr40n,5763F39597E4B198221827C95D442A1F
6q7sellmhvuk328508k92nd86u,54B5B145824B2ECBFEE07B658842C345
nn51as7a13hsk70uhdrrjpv720,5B68C3AA50990B662F1B704A0ABC7955
is5cqqd4fu7ggojcko1ovr60vk,591B52F5657BA3D1DC54410A027B0025
dm23uf0s9cg1o84vacsfc3fb4s,5213F6F229DDDD0AF93FBB8804A8738D
6d3gopm908mcba0up7tkr1l4q4,504D7C2969D12FC3B77598DA4A7F7C91
5hf3qtqgpcefn7ap9v8urf23ku,546BFCC70C35EEDD204E530417C70C0E
t0j7n3pb9dnc8e8r0nhfpsscef,5C0CBCEAFC291675A4D951C435B918CC
rqrc14f853auip06ihv4tk8rff,5F978D605B30A1D3D4227CDD4332C7B2
eouc4k219vub2sass7e9i9hqle,5D8F8D963AD889C5E7FC24B2641C9F16
940oitp7aelhfgqam658hibl9d,525743DA3BD203FB17E27B4439C5BD71
6f203qk2g76uog5lupjlkn5qgq,57ABE93C22BBAE2BBEDF81DE11A8AA36
kd6a0vilhc5a1israrjd4rncs4,5DB39997C6A75E2AA26035FB7FC1528A
4ivgvme9e6lv0qpm8rpqsarpqo,5547537CE9E9D0F6113492A52769F4B0
orldgrdbenuu2ijaauf6ee7372,594FE088786A57613A96F1BBE1E1AF8E
8ujts509qu9sb97o8hfcoqeehf,5CADDCB3DE5755103FA830A9803B60E3
48b8fqbcipo7b6n3ka989bi6il,529D7026C91C611BF71E0E7F08A4183E
ubqs159404suqdg5kj0c9tss56,52A8D0CCCD4FDD209E0DA8A09221751A
onordg5jfo97pfnj9bbcis1orv,5C7A0E45483E1031050D9D52D682F33D
6e3282ooa9jhlpeghnvccic1hc,57C396126B5FD42F8C1F6F09D833FE75
hj5kvh93ftobbl4eq8trfpqd6e,5363DCC15C094E220A8D799B46B39768
n4jko1fa2p81ie8b3moatlbsnt,565FA9ACB97059E5DA594E413DE7D371
dtr49svr6r4k6v9b6pvb9o9lra,593792ADB7DD6A108A768227A6A66D0C
f7r12k8usjh81me73sjenj1k20,5F5D769B7C7960131157E277CC1C656F
sl57pkomg1t710a0kfp2jqtmc,52F9C6A29C1888C75B97A9CA6ECF0776
ihdsg92d92j7mktrgclor6gijs,5F6F0F57557F46BC8492D8BBC00E6453
lapj0ae2ehh09ee7l18r2vrvke,5609CFCBC74FD7E1C92F3BA5B1DD16ED
ac6lekll1nbol6acfpdp6g1aqv,5A1F9695BB5C93B1390512EA4631D42B
59frsl1ehgt8td6dejfpb8dhkh,50A70CA96CB19511BD83ED911DFD1820
2mdhk59gqs85rbg4jvls6khc9a,51C51AC61C9E9798C31A502A122093A6
qq4dddusqua2gaph9dqg022j6t,5B9B1FC2039B375B23C55CAB39D0B557
7ng8vg00ge2gkhl7u7a3b52pa1,59FEA27FE8B8E8736F8C85705317BE22
gsipt449gd2kloptqthn9mbjpa,525766ACB4FBC81D320B0E56FDFB8F4C
hnvf6tusolrqh2dk03hkvacd3s,57A59216C03C9F1EC0EE93468866AF60
hkfkvufbkgq9unbkm0ec9n1vct,5C4EAD28B215B5EE08967CDEB88DD208
bk19vg4n6car62j1jptriifecq,5F669ACCEDB7E1B73C8AADD77CE07DBA
imqjvgblr4nk7eo3q03dh4amf9,5EEDD00E936A8A9FAFE46650503F44A1
g207u79fmmvgberlpggurq59sl,52018AAFB496CFCDF2F2E3AF18B64890
deo8mr9p99u22tgtcum9rn18v6,5A0F0434DA1567D0ADE8639E42BD94E8
mom2ep7cvhb73gsansjvv0ksgh,5F1B77D577955BACD54E51DCEAD1ADAB
qg4on823qgojrk4esekrfhmcdv,5DDC0C89D3761BF6F06EE4001CDCE830
t22hdgkbjridktg2b5c3as2rie,559C097B242416F6556ED488ACD55D58
uln4kc6hualgq0pv7jkk74rd06,5BD3750F709B4A10D4AC6A0D35DDA10B
r7slie5t0q957vthmkhii4s9j9,5009BA0E9DC0452016AEDD0FEA1D8896
jh0fm764p09kjq39mkpvdq8a68,532668988F949A70684D9C3998357049
rkgrec8cpct0r4hffv8a5souf1,52BA7E69EC1292D288514AAFAE64B253
oti27uj953uj06h7oek88ureqo,5D45F3F38ACBABFD907AE86B5D9FBC67
vham317au2hat4vdnan83hg118,5F3BDD021FD22F66A664D9E2980D6412
c8h0u9rbtqlau9kc5atkdd2dmp,5C69CECB15E82D11F0B250A7B62872BE
bap80bu825attbtaije8t6nlkl,5F14CEEE205D99152120FD8797454E51
9vq1euan5vooi959dq7r8ibekd,54B7FA68757A7778AA114E686B0F3417
d2vas8b5ptagj5qk0pjbqmfes8,5CF422FA79AE234BF1814E0ED5BE9F12
bjklnfj42atb0i60omb6so4s5t,5EADEAE8E49F2CEEC662F34DAB0312CC
kuietggl3330rjvg5bonhljgvq,5C8AD2C09487F6C5B34621C4EBB7F023
rjn66939hljc24e1djpnrs8ha6,524C0668D700F2AC9075F2089D829FC8
qeiljpj1snfuhb97l5092i8u48,50AF7F56AA1DD4A7164F05106611E5CE
isgkur8tp3lms2ji5bu11e2amv,5F74B48CF52BA25E6B335F18054BED54
b000buf0h5lc2p04sam5a2fvd4,5C2DF53CE4C32AB44B2E619832BC6CBF
gll4eebv4n3qs8ojsstle1a5hh,51DCEAADA3A13C71B6BEF264C1F2421D
dpa2ijqa9n8cj3b7m7mpe2legq,5EF49FB8A473FA8DFD09C335C1B33F88
iif9a8mf9ll8csqd9aijok48k,5F4B7883B44330E2F9D38AAC636CE4D5
6c44v7ev7s7hesq8h6j5qsasgv,5CFBA5B9889260645BC9F4BE2DAD5D15
rr80pdr6qhbuaumkq72quaimpu,59D2CB10E3C1C51C85F071A3571529E1
kj1f62n4jnirrm9uhb1ehbgqfl,5B064EA951CC338EDA68568819715ED0
8v4bngkt6iqqlfdkf1affrpkpu,5A7A9370DE6C9B6847399EA4333A7E4A
vmq9dt3f69391urrnt0ql1gm7e,5C50CB5B052C2840EDE8A73FE3D4EFBF
euvns3p71c55aooh63ddj03fq1,5E69FC15C1C972B166610C8CE748F41B
c1tqomecbqonsipj1c576r985m,567FE15211D54936FC68F05546FA50E9
40qrlcg1lhuusghde8ok1hcm19,57592F5F6F059D00F819BDC98A55A4C8
dpdok6udfhfdqf35nf6ldsmd3d,537A4A353BA4EE38B16AD5D0797741C3
3lijuih7s9pcgjdcl6tuuep00k,52CE47D5C4C39D5FA38D7A2BF8FE4BC1
gqbm2vfslp7mid40d0s99g4lsn,5D51903F1E3F963A13808EF23D1D9251
8f5oq96471snqi5jfgboe2rmr2,587D91B72D65AAA67D6E878143EF5663
fnad1q6r2np69l82oibf5slpft,50E0FB2304022DEC9A323620BC70E88B
m1io7o6ciqoas3podev66msci1,5C9D55B426C649E9F981A6BEA1481D1E
s6qmk4dk4gnteb7i65el2da35r,53CBD6B7BBEDDC5327314E969AA01949
v63n938mebre2dohk5u7hljmq2,569FDC9552AA029722E1CCC91E4878B4
2f12thn0njm2crevvsjc79pvje,51927F5EA16F1FDCE561873F3A8E3838
hntn93bakni4ppo5g7fms50lgj,5BFD1D8E03B182513BF2C6A6FC674FF5
2m32gk7jcr3vuvo583ckpa1tj6,5DA163CF44271E6CB0969C1C215FAAB2
lcups6djm9h5i3ptgkmmbmcqgt,50DA8E14CACA21B84680A2DF866A9FF3
crd6vdms757d5lonqsrm4fdlr1,5F1AA2F38AA40819603FB75CF7259CF8
ti3nuasg4rq3h5j1qcim4i4rkv,5ED3BB735704C1B8994D1F8E0B5F0416
ilsv2f6ilj6ue425bsafqnbtf1,5013F0BDE1F34AFE504867F0C62E9CBC
4qkpqd2jiv392calqm5ellct6t,57293A0AA04BBAF367F7B41E996C7226
ujv1bua6gjk1cmgnjveor8k703,56851A8304BE0DD59AFC0553C922CDA0
4sr9upjuecmt122nf347v4ts6o,54D421592C5843E9009C33FDE0ECC095
l0ah8qitji16q6i2buuo714cjc,5C021595DDD13263CA27EF1A725FB9AC
sof8gp3f1cv29d2ajfcaqngu6s,5BF85F4D097E74E303F484C6D834841E
l8hu8bvng02l6f3avm0usevnsc,583DC9496272EA82DE0AFF1685A4D8EC
l4rjesrehbh1gkkpr71uj237p0,58B4495148B7D98AD7983DD66F587086
i8rgqi04bdohtcdps3opdqofij,59633A458D05F2471A2C1E1424A5F905
dg7bja5v1mi3bjnr3sd0mn0obe,54E0C053DD560EACE2C9DF2B03611254
4mqpaha88bkedbb622vopounir,5EE9064872F25656584F043C159865E7
3had41406a7kmm5rmaemqgasbi,55C76AA3E274786A7DA7D4D86179CA5B
a3umm3rdhcbkunglgundkc9t7i,526EDD50C05BE5263F1780D31BDA8443
brbp5h3coi5q4apm2d8c9lsjvd,57137D4AF952A151DFCAC4A840AC8F7E
u9db8ird0q58bu9iof7ntqas8p,51B9494222A33521EF0CD5540E25998E
8jd9d928ri5ecegj6c0fn367u3,5C9074EE8FA6E8A6946E20203C21BD94
m23obetk7um7b5mo75053acipv,57435748A2F3CD401D0CC9A1A71C391B
m5glo2vljmrk6lih6771u35fl1,56CF38109FBCE6DABF760E8CB5AEE757
sj09np6clr9g7k70lmip7hvhiu,5E8BE7587BB12294A2CA6AB11AE4A7DE
1rjj4h396p81b31l9gre9btr95,512A6BED10292766276F50E112549EF1
5f1tf1kcl14kl8f3cqmiknb023,5FDB1D30D785DE2E62472B4AF9037829
hud9kf10ms1a6v93f4411aprlc,5DC8F235BAB2A9123CD8403C5E6278BB
eo9jmp87k1rr31rsa5vmt2jl86,5230EC27940EE864263D169DCA74E3B4
3hmm554ggvavmjedmv746f0mf0,5CA8F1F07E38CEF3736040DA68A093A8
sobi9gtt12eop02rf7didb7c75,530C06CDFB6918E4ABB1CE326EDBA90F
n2cqs7qc0h30l5qakbh6bnrpu7,58631A2E6A5B6DBE9D5756494EE6B8D6
nomkicooriir1d5cgfvqvq3io,518A1D2A6EB07F670AC62BDE18D51279
j2aef0vvclg9d9r64jm0n73u0b,5B1F9D33394688C955B233967595D8B3
bod3jthrl0h3uqfvottc8tf88v,5E8E559046D2655EE2DB5B19E9EBC228
pia49src9eup59d0r253nodb4u,55F070815A7D769C615EB137C6D2D5A7
fes5pha4u368sp5smbooj43c3i,5C03110EE95A6A9327F2E89879B071F2
fgca4tcnrm6ngpgi50gb8bdrj2,546C04B96CBF4EA5ABEDC5D9A4D1DC80
9ssjvujmn0du7m559u4ti288lj,54598802BC8D876DF001C845B572F9FD
87kuji47glq03qjkb8heri3lab,5141EC513C5162471AD0D245E3F624B9
753fcksvld5kispjn3rgblc9jf,5C54E9EE16E1F8BF02D6C81796A4781D
u8jqc6r12504j57oao5lm3o651,5A00EC490F7F2D3A5A2812E9584E876D
tbbe9g4dde96mj6ppaf5m9l9fv,5E2E3C1CDE5517A8B58AE2AF10AFE0E3
hvk643ghs64de072m7455nprah,5A3D538A95ED5998CC391C9BD62127FA
e76ch7nu3c71cmqttmurji4odp,531022C013A89D1B69DBBA84B360FE2C
dceqer16etjjg2e85ce2m3mmja,5B2FC8E11C6E0B33AF96FB9F0978F3FB
rsv86paf4o5kq7lvok4lrani8f,5D15F4C6DF4E6A609D8A617669B09630
3jgt85mj50fc0nv5s4bpce1i59,5D40B14E2659C79EC93C301938AF5A38
6ojdha5hsoo58qduhcco0n1r1b,57F70CC86CA3C7E983C861B8BDE93A26
dqh7l89i74ivierhk51vmpmvvu,54FDE434E44059AD9A9C314F515959AE
6nc66pjmuv07ak7e07pv3s9at8,5F7D70A833D6A7D78AEC107DAD7599B9
1sn48ar5s1pm5dl2sgjqmir3en,54B1B772F5CB1654848F9A2D3AEBEF7B
cgehr3b31chgqkg65lktmatbq2,5912E4227A3F602A5F806C84E9A50BAB
9413q5tcjastpm0l8tienn8uj,53566FAAEDB3A810618A6FA433484976
35j436eh441ppursoetje6d30d,59A88CA974326ACD562FFD4CCD05C689
tfauqghrdtsonnc63lsq8o51dn,56529CE1819F1B4EEBABF64D9795B64B
66oh2rntl9mt0llg62udvmuocf,59014BED0A6666EC388A0E470BE94E72
1t6oigjul8fj3qvnsu98b7p2eu,5D15184332390EEBAAE8A05BC399D0F3
i82kg4dasv15udmb50cd4c81kh,5EC18039E8879E40E1E95EDBE5D8A924
q1nqen0reef45jhe5k0mqk25r0,54E1857A9A9AECCB87C74240FE7F2139
ck37hv4n90te9ijajq4htf5v2d,56F5A83C30528171B9A4A01E8CB2F39F
q3fb84rb39tr8l9blf7hemb2pl,5E746D7ED24B5FE6042483A250FD91C7
avo0ghrtqk69ubdit2u5t74rm7,574F05F992943B25F5F5C6B4F00F7EE1
3s0eg2dm9ksov1tpbp2cj2n75l,5EDDCF8B6EB513676FF2CA275F5A6E19
5hdmfji6pojsvc3gtg18tgssns,5049F550F72B48DB2F36F6526609044E
s28lmshj1d7nbk530lgijebp6b,50725576534E1E8CDD70A123D2D3D034
1km62m70bkd807q0geoh74mqgg,5AD1E1EF1FC93F73CDD35FC965C0D79C
v13nuegmq2gcgfpq1flu3pk98a,5D64F0726434E7C3C4CA83AABA59722A
v2al7lic4qvsu2ctojoni903n4,5CE67F7A338F4C939A7616CA6268E816
reafb7butl91ugjgkfcc2lh96b,51F4D4F3EB3EB0A9EB2C024E289B9A83
95gtuvfk1c2op39rv5i1rf1paa,58B7A5E0B37CC3C63540504D542FB3B4
7nk2f6pf8dk1luhtqu7f97qftb,5B1464293CBE4760E3231567572623B6
413gc3e8svdedc6jkgmon40e3h,5448E983991B78346D8068BAF3336AA5
ojin0nqlr59gb4hbmddp3kof69,570E40F767B612437E65ABB82BC81F98
e2g623ego3vtb0bf5d44bfgtnb,5E9726A5455440D1F3FB6533714FD010
t9ldg0jpn144jjd54t21sern18,55ECFA51B62CC6A35F3BE415CB59EAD0
5h37pk5ji7ivn0p89mujp5mvba,572681A34429B2C82D88F7F60B60D349
jjblhl73s4q6073hl31meo233c,5BAF515A038C9588277ACEB9CC5850FB
66i6c8d7ahln1gbc5bje2t5f9b,58DF58FF94DF1E4D62CDB184646DDA9C
ovltf9m6tj7dt8dgdi9t9h85rg,5936C7185906778348385DAF48F092B0
2ladj7f132e8blr8neebhisifm,54511BE848B80D7D9094C7CC9087A4BE
3vp3o8pfdafa92ks91ct2nlvg9,593AACCA598EB13DC5469E42BB099CA5
vm6i2p65hood4ebtujeulivqic,53651EB4A90CECD5855C80F7ABD435DE
6k764u8t4cn6rd5gm5m6rb1vjd,59F210F495A4F6D6A0F3AEA308C91B93
2pd225rm00b5oi5stgp421j7ig,563C67B354714408955F975A82EE1B27
honq41urmhmps6mqibdi996jrj,5B994F2B5E0163F180DDE3E0B69F1BD1
1t30jn58dk0lmn87tnc82vogs1,5C202B446309DB19865425218705569A
fj5vcn5juf546t770da9onuejo,5A023DCF097943BF66C53F3BF8ACD07C
45d9rvc19iidlm23tkt4nnq7ol,56BF81BF6411A6C8E611EEF0E1ADAB6B
i8n39r4th45i88954j53t6cp62,5B0B1A2C48A86418927780B5F8CF3D41
fpptljl77j9h18lnso5pc4inps,5AD7E76629E12ED17080BE2B56FEC173
id25gt04f7orbc65raki5rhv8b,51DEE1E96461B55CB757017EC6F893D7
oncvcj0siuf6piqhv8pgasg4m9,5C6570A03CBBFCBC464B0AFA011F5842
4dbihl05emdukq4vh5spdtmtk8,5B8B148F439096A63CE68AADCCE77021
pe0odj4hkbeh443a1ulua9kr8t,546AF3C21A1A3C56EF89AC646BBB24A1
fll3ai8g451k7ab5pguq453i0h,5879E204E5D6DF5C15A6F2B55DC2B34C
1up8flr3ou5p0tj2b519k8enr6,5CCEBBE9D32FCF9B6F2F7D4226663A96
t3ackevtg3mlpskdjv1t091pdi,5ED24E50B11F02A1B5C8D8391779D074
kjf4qmequcclr8kloonrnd596a,5224CC88583CA653E86F238D188DD033
sokvlhudo2qcb1bal42ut5umdo,5989334BB5073CDD3238C33E866BD7D5
v2hcsbn520j1qn2vslhus781lu,5A9605E2ABDA99758F7CCD2E105C821C
cmlkruro6qp9gf1gh5u98rrlgj,5482E9935AB58A3216C68CDCB26BAF0C
85drn764u9beqfgf1uhki1c038,5DA04C4818A804953407E175D98FC232
r6e7k4ngvtq84hkqhstoffm21m,5116CCD141A3C47CAB592D1BB7DE5514
6k57s8m74pt4n9bsaonv6p8glm,536B3BA4CD6C92E716EDF604B746DDC0
djb0hnjdg8m0l6nomknejkspc2,5DF4251445E89DEEFB4F3A6C8B8695AB
ke5e74550omrrrdlnabkufqe0v,5E49FD397AC30F047B7E8DA6EDE545CB
5693ksrarg8fldckolscnm3du,5C3B250E6F33ED5BD26C0291F6815F5B
d4h28dn3nskq8oid90ckjr57pl,54DA71C76CDEFAC488969D3CDDA3EE5D
nul9bmm3o4dhvkaghk13un7n37,5F65B0A81E4602474FBCCA44221D8C19
1cgsnhh2afomelo3itah4hvuop,54259C622F7C9FA677784705729FC0EA
kenhom1o0h0u3jdacjhme2nb24,5BB0EB87C001DE337B8257BBC2009CCE
20f4k429c4f1q6qh40fp4942pt,5E89403B125A2746DB0440264A73E3D0
1ogmn89eo6vnev93e12765bb35,5DBD2E924BF0654A2DB101369EEE0692
a0040vkvdgikg1r3fq2pu2e5oi,52DE2DBCB751180E86DE9E880E8FE5C2
gduob08n3io0ttlu475cnkl14u,56AA2AC335402A8DFA07B88AAD765EDF
jq926cpt85igntnshhqjeoh4ip,5166E667CD9A385ADC295459A56FD9A8
fur0jmo0hh1musa4mqg29a0js2,5EB7BDE5BC92E8CD88B81FE83CE6B919
b98r26fpgnrsj1ho7mulmo1i0h,55F70CC2C72549352D88FEE051B2C76D
h2bv3rbogr9eqmef6oooqt8fn5,575FA93C19195B862C147B235402E8C2
4kotvl5alf34n6lbrg691m396e,541F00BB9BF7AEEA38AFA4E4B0A83E4F
4ln6bpp2dvgrvjhcgpb7rd9ke9,52CE2938E8061163C5AAF28F3CAF6E40
h7e98ersq4fput1nat7v88vp0n,52F3EFAD2F0EA6C002883C0721E0C599
1kke2g649vfk7uohro3tg16el5,552074073E28F28EE9D3BD7D423660CB
4iasumskqrph804de138fpch9t,5E40FA918D0E51F4BE311EA8B13043EB
grrq8ec8ohqiuf0gce3qsp1tg6,5CB8BB08C13DE6BD4530F3ABC14ED0A9
ln6ib188h4mnppgd0ik6c9i8cp,59192EC7F7A592ED095C2E6D5644CA71
od357fsam8ge84bag104bkh3q6,5E12D770BB79DA92574F91248083ADA7
99oqbbhhn2b00huodpqtr9k222,5E68FA95137A43D597833372D578FF11
fnmfba1baahal4qv9a21neprs,59EA23F22EDA92063177F260B0CA972A
f2mk43u2g5iubbo7a2rd262h4q,54DA9A3EDE37766AB91E80AA70795EEA
t00c7pqn57mcjm74es3lm5uarh,5E6B5E5B05FC15C9F839B8EE4DA4AE19
m1mri695rtf4i1j098tfoh9q4e,5C700EA0EBB3516440F41BBD8B6D4AED
qtrc86gipuubih0pl0hl6ffpr1,5E13C789BA06F284C13C3862F0CED580
tts9hvnhqqa7cr9v1ta37eejg1,5B9EE00376B41663DADC7AB54C224C20
s0sjf8qvhem63l5luv0e92hb1u,5C802EB11341DEECBAB38F44B3D51B2B
65nbijj43edjrajul4hgbjercr,57FB0DDEA2E8E44C62B62A3BD66B572E
cnb71n65g7b6p5tallvuln6snn,5B4266CB4963DFBFC55E1374EB2CCB08
36bfb6c92qe4d44d66jvr0m8r4,59A75D78B6F7150A5F46B607816DC63D
6u4jnjtl7ohaf0fv1gubnirkch,5FB43D69D2A120CD6CBA27ABC4C186D4
iq6vaovl18npb03qo212gs1359,5A68CA67B4134BB305655A41EECD09C7
ss0nul5lqlig3jicg6d85eb5sf,5269C92FB252EB351EEF30E284779B04
q4p9j189em3pbe18k4g8rhie14,5501C98FF938F9EACADC6EB39DA46076
saprteq8fmmdonmtac63bqkkl0,52E38363F53EB33000458EA50C3C1EC0
gom4kgnvth5e4m0a6e58aas6k8,5CDF5F9394FBF4C8F994E883FE561707
9trdpt8nld8n2o0qmjnp0c92bu,584632993AE5BB157995C9D7774BDDCC
8norncso83da6lla6jdel6u0nk,56A097E74788596AECF3226BB4C7ABF9
fi1b2t9oidteo9fllkihd5bi4c,5590CE883CA52407554A07F3970A8EE3
vp88qbau99b76jcomid1eoptok,568044C888F52E20C66A83470469FCF4
3pfqrmbdmvtrd60kfa5ovqp4ch,54A089C451EB3342035CF8BAE437DA68
5g8o0dhqslpg58kptdorepefoj,5965965973943D26FCD48CD91B787221
j4nbg4s9oseallcn6d04n4nplv,576DB19DC2515A8BEEC611600130AD85
aofr34oa3acmp0geacetj0uefq,51FE342293461D0AE5D358739E385849
f68hm77j4fnue05ibr1jri2atj,59D6D22C5CB19BB328FAE27CDBD1FDDD
ffcaau3iiu24thrc4o99c81cna,5B52B5437C5B84650114E1B84CCC8396
r578nc99t4vakmo4i8ibqef074,5FB749EDA4FDEE25550C51AD2B6FA9BB
vai2o07rdbgou86p3o6q2cvib6,532F57483C7AB39988EBD69D64242BCB
lppoa5lj4p59nuprq1fdmid47u,56A957DA0FB7814831B47BCBD20291EF
19ivfl2rj06g8rcesef0eumojc,505A56CE201668D2497C07A8944ADB29
kumkpfkhm6mlcpglfo86bbskee,5F7CD6D48746D3F2F1D8144B446D9C27
4ep4vhjcrarlusa60me04il1tt,5D3D6E0AD801B451918696E3FDEDB9F1
aagepjben22vshglvp8fibk5r4,5CE6551FE92D07058CA5136DFA278786
hku8vuvq5o8obqafugi9njf2un,568C7ED7224F637FA971A2AB53C23031
47ctrm51lsvq4uefrljbgr9b95,5A3BE1EA3EE85BF2756986DCFECB40B3
i55hsk3lep21jecn15mv537i7c,5575DEF3ADABAF45620EE52194C4D8F8
3fn6qjdd03umpig9j46r88oj8t,576ED46319B5100B588A70151BA7A89B
jd9c1h4rk7dmj1p4e8ru5sa188,529D80A93BCA30C20FA24F0475590B1F
sq2j8h10q6v28f7ll6d8u9fb56,54F336C4717285D9AC5A1C7B6F9CD820
e6pd2a64m4aokbiopkfkspb96o,5D35A79903DD3D139998AA6142E9DF68
fe401aqb65d9opu888du8tqsmg,5CB9AE878221771909C41C5E3A752392
7e0j4rupqf87uvk4a16pvl9gpt,5DF726B54B18D43A6523784FF4B697EE
r0d01m40m4qb8cq6mfrhm8e86i,508747865DF2C763154C05DEBCEACB70
bvi4a8dr1a75kei0qjp4ijqs3m,5B632F75518970B2094EF05FE33F0FAA
gh2cinchldk6n223k5b09ur4j5,5D36D8B3A5EF927509AB163D0F3215A3
qik7icb1eeibnimudk5lon2pm2,58BC34A278BFBB4980C185FFDCECF7E7
ca556tpc33gnb71c3sgnrccpe0,53A059F4846F05E3E2C1F69E5B2BC700
4t1jlbqb92nasjife4cgbc7k,569A355672FBD2A6E8DE5F8DC08307A4
enbsjc8r8vlu6vdktf74h68gou,5F960003C2C81C6E49EBDB0C8D311C0B
a3748e9hn632aumj3j98v4vavd,5CA844083E8F03FA338AFF7FE80FD2F2
1nne2apvppnj14b3qr1arecohm,534BC604EA0BD21C300D2DFA5444B9B1
ttmr6uuob6c6tgjnu5s75kabqq,537B6F98C1E6B281404F9B8897D5ECEB
kf3n5ihm6uoai4dc5up2lgla34,57FD03C42EE0EE361521CC84F7B2FD0C
525l8f5gva0qipgp4i9rfdeq9a,5149D8841C90FDC5C0076E202E36998D
v4jjp5phdsp8cl08euc74jj1tt,5C61AB3BA496041DB8EB964A6EE51548
u6moedd9kmh07fp5h5o40mj73a,5E2E355F8E25FAD9CBCA49F200786600
ulpn0s6rq3jefa26mg1proak2r,5DFB11B7CC8355B58ED1382FD6482E0A
4mbh54u2dd771tdgolimvmr6gn,594B745C41F009BB83216B1CEF251487
gvndfg9nnlot1fll3d0mdl2g2n,5373E96E70AE2A111BBFF95C002ACE53
s7tiroirf72rtsarg6g2fa163q,503474D04D982B6022A12495B428FCAF
j994eebpq83dchjlus7vvsk985,599B03AC962065DBAD5D4669455DDA9E
vtan3skn68u1turjcs9r9v7eb0,5D7B875B85924D9D11419FEBBBA6A94D
c11blbfvsagoph451hp6soqvbr,5FF24A0CFA9911478D0B7727F719B769
f299t6it1crsa71tl2h0lvljvp,5A9959DDDC45669E568C30FDE97E56BA
6e0fjagneg99fpsk0558cj6556,5AB151D13904F9F05DE22233B1936A6B
mgpnlet1ou54tbe197e9rlpdkj,512007F4DB0C71675FBD165086FD926A
ov3qq6t9phro29dva2iq80bt9e,5532C25CD362AABB72283A08AD8AEC99
tjeirvo2mfgp9gd9potc1h46kh,5F7D7FA63FE4371F8C103DBBCB0D1A02
84qk1kath2fq0k0vtg6cnvitt,5B7284C1549C6AA966D68653DF5A23A1
kh38i0sj259it0k2p6fegh77s5,5688B567C8FE0FD49E1637D3B8B6C749
udc4rvaft9t2sm11m1095h0hol,519992F4986E238607C5DCFFA4D109ED
5g5a4olb2d3rs5bgvk5kaqbvtg,55BEC956AE6C36B022A9C30FF85ABC4B
b301o60avtach2r1ldtfd2r0bl,57D9013F9EC96EA36528BE77657DB479
lsmr1h8h0hr80rqiosv1ke4nb8,5100D370AC3F0AADD54889673EC63BF0
clnia6bhnn2u0520uq6qjn0cbo,5C833449D20AD45D58BC3C945948551E
1102da0ngisdd50cl5se6dkam3,5EC1CA4CDF45B0CC138F8B877494E8FA
hpbtkca30jlkppto3aqc2qm8oo,5B611E63D98E9561F0C8EABA6733B840
653v1d90fh1map0lgh7hm075t0,55D4E2E200B39885D410017986EC4B2D
7dag2vpc0h3ocba387lngq0jt7,56C598421899D2B9C99EE8612B7F0974
14p2err7lki5q05e4qrkoo5hhr,5D32AD87F958EF979CD1B420D253D9BB
