Key,Hash
24qqpgdcn9pmbkq0l94jfchkkp,12C17D86B0187355D418E6D03F285D7D
vgg3us6sfderv8k8eatsinoemv,151217DEA4EAEE56FC9893E74D410B7A
72n2n0snh42omtenhn4me8uiee,0DB361E0788F89C49DC9BD4193019CED
vnf4rkcrq40gs61hveqessi1fr,0E3BDCE01B801223E0D5C57B460A2D92
t14pkg1m0v9ji8hn3bvhe5ljek,11E4096F57BE2B433D28748051128857
9mlqnsjrf4hvbver1to5ih3tid,14A6EB0E6D4928BD219F5F43AC60326E
muv9c0ehiv6vl7o75m88sh4h9k,0BEF7BD9306FA5B59AC58D8A69B792F0
sh6o9aec39qqo0km3ae5pti8qg,10873F856F55F1195BCDB9E83B5ECBE2
ttokugneqm6v3ds2ngr02d9ck4,0FBE48C6C5923FF2822BBCC63DAE5090
msuh1tb8fdfsboujbutn8m5a4u,0DE412D73BF9D1D6E26F58CDFEC9143B
le22paur8u9p9vogrikpt78q9,0EE8FAD9A1BF30210AFD94B9DE9C7E31
afrnc2183358dtdkdo66fvv524,0F4C891F63B94ADB9D3A8D5163881A80
4voiipisl6n22aphd18933ij6o,0E883FCAFBC3DE361933C0965A27BD77
nniv8om10pm5k0ofcsscm2g8fg,1288E4D9CC683364B239087625896CDE
clgdbrgcdgdt071m8ru65og3t3,13018F7EB1F8E3B33A81AF33834160E8
obq5dm0sf6re03hnkt2ubgi8k4,0E292C428ABCE4E69C48F90E1FBD66CC
sqlkqho6ib9dqlbnp5j6brc5r4,0C520CC934F503D105753448A36FB956
77qjopemotb0ajbcc2uj3tkgs8,10DC86F22BE04EB4FEFFC03493E6B9AF
5a6mf8ts5ev8koheoqkfgfja2r,0DB2724414D67197E85C1867818D4D27
shgkdq8a8mgds029op9do81gub,13E30F01977AC93FA4FAF6E12CA55BA3
gi30h94kum7frj93690fnfgc8k,0B907360343E111705BC2FB112C16899
a5vjvqj2l5ce4p109vn1u46l9p,1097BE6D81109BE3EEDA356F7264D09F
6qal6d9m6cmprqjhclin2gq2kh,133670F231C9E761EA774B44A75E022A
bgmm6phbtkhss7iu9tgnj2ufs1,0BFC628618D48E1747B9A54C683B4F88
8jbtd1rpepkrqng5hc2gtoj997,0B8A2E77843DF7B253F73432C06488C0
qj3bqjs35bdj89tev3qge36ib,10E73B916A4EC1218C4DFF3BA23A289C
276mshr2nnhqukmnok14so7d55,0D9DA52F8DA85C38413D66FBDB88E95A
edjf2ava1kk1dqk12pol6for2l,0AC8D41DBBABDF274A6B8BAA894C31B1
hasgn0shuqsrhbs9dkqoo4cp1k,0AF847EBA41209B236B4895F16057331
cgo7l4glvlguankjvj1r5dh08,130891DE3839C01CAD1C3C08B565440B
u19vblkr71mvnv59k66fqpvk5u,1480C4C5221A2186B7DBB9B5209519A8
ir4lpguuklm94pd8rj2vacjqpo,11BE05AC7E5BF566450A789A7B22E190
bji0b1qc64h0cppte6mao2g7js,141BE626A6417C84DA5DA4D31523380B
nro5mct4l73e58kme793ojpfmi,0E749940497D282613082EB30D9BDA2B
b8lk6obtuupsatqunarha1fgii,0EB78677B980719C7570F22A3977CD4C
h4aqvge2rav2scri83sqvthqto,0B7C09D0E39D09CD04FFA0AD385EE34C
lk57gmigffkbdtf4bif3f5mljn,15403D837876D26A455E54D55610BE2E
di83tiivocp7o9b7tkjf92qdbq,0BD4EE182E1878DE573C95A2CA565D37
v44gu1mj31hjjilppsf6e0oese,12D58595FEF61A7046BA823893B1F62D
h3oilb88gjt26tmvpcct5k2os5,0BEBF238963FA700E218B6F37AB2CE0F
sdmj0gmsmlfdlse080fl0iq3bc,0DCED466647A6CB80946767003EBB245
cqfiprlqkh6ak3vv8mkeugk5oa,103E9053382499AB85817939835F0370
9o5jt4vov8qbp8hkspv8ulbkn8,0F2678747538593231492A3BDDC7783F
okbsjdn2fsj97httbf159mli7t,0C994B347D45EA6166FD15061866DD8F
22jc76vf6le88lc6ahgg4hemp,1551397D680B9A8AE53B91D84EC9AD38
v7et4rlp0c30p9mutaln7lhj3v,14B80DFBFE27565D1DF340CF5631BEB2
ddt2u72ahnsp4civ4i5tig4m3s,0EB6A62EC833229D0B6E8E2EE8EA56D5
457b8i0p4u9hfe063iv6t98pui,14E9064451EC0B7A797192B85A750FEC
qbjidq634vmelfkc0jpe98nm1b,121ADD968F6A112397924BF8316ECD32
r6k1rbap3e55o1ni665q8p34be,0DBCB6D7C6AA9ADEF3C3635ADB66B248
9j83f7bvkvkeltj8ucg382b4kr,12C38A2311A2F1E337BB22C48879EDCB
r41s1mo6041s43arerg8dkpmd7,0BD1657B9F0C23D629DCD3B19BB83E80
9gngdvffm42bgpjpkjkg64cofq,10166A9A80D346FC503E1B05018970D2
sbubh82de2fdsple85nv6emuv8,14DD678688C1A39FBB889308623A1FFE
hgim5410u5irtqc7gvjcqf85ns,1323E662F5327233C28690EE355C61E7
p90iv0gdplfhr1hrgm222ag06g,0F8C484909C27AF14D96A7F2015AFD00
4afadfohsj2i2jgh7gu2tto7je,0FC61F3E80FB3D3D1AF9C7355F3B119B
e0adkvcq2gg2b22vk4eg521etu,12155909A9ED75FE82C735D538E72532
pttkal8tohp8saip7977gt14hc,140F938A634D064E258303496794BC98
98rtv87c36jreuvdo0lvpkobvl,0BE19442DFADA19D57DBFB25BD327622
h09jupuns9nvrmnbmh6lu05tdi,0C29A76A1B7D0833522B42928D3141E3
58pfu6lvase6ahqei7f1atc8s6,0FE9613B4D3B22D81A6DCE0DA430F3B7
iosmivaocklf67u2rjnbo0hsop,15295FF2A80A83D082143EC54819BC43
kotv0nsas2ko8q6jas6idsb0ed,126D8C865F2CEF5D62DC76C6093AA753
ma9p8vbanh71aicll7k4qb00dt,12D5C7B66065C7F891233E4093074922
e2l1ub0gm9uoj6llfvsdom1pq3,0ACA07564ADC84195CCF1F6B15C0858F
m2kq4rveibuapg16m1e569t2t0,0E33279AF3E8DE76726426BE0F4ADF78
1otcbl30jpn6hkm5br5mnp47ki,0F2922601EBBAA9FD21A5056AC6B0D9D
g0cpinh954aavf23qask9m7e7k,0E73FEACF8FF2C57695B36DDA7E08693
4v4tq008kkhq1i240m4si24p90,0B9E9614BBC6E97DE515F13DF52CED2A
j594mu9guj3ullhg6trqrnu5tb,1441A497C2DA46CD676BD5658E3CB036
rdml291ipv07ut7ai0cj5q39h,0B0D07E62E071F4635810C707BEB07D8
vj63ojsnac6bn331utgep5v582,150DE1087CA8FD12331A2318E07E6954
oim0d5l9diheuabesqatch54hr,0B404772D2AEFD351ADE5A97CF80A5A9
dpclltr27ljo3j3ta52ha9gha4,100BFBD13C064B23148E301A69678670
9iddlt6270u9ptcstpq2aq1dq,1241B88DF6A551BF5FF26118A969B410
2b92lqj809obhb069v9pr4srgs,0D0D22951439B8C8FDF30B9C70479CB7
r960rqo2l9r37ju2vakfi7ib7i,0EA2279AAA7A0CAA7D0D58B4FD1583E9
en6bppfainnufdknekr5r6avuk,11048BAFEA27A24DF63322DB64208163
822v1v67vrf7uakeoqrqdvngm7,0EF0BE0439552CC0117D0BDDE3956F39
kgq8v8evfcrn2gjbc9c9d6n1ta,0DFFCED97DECB2A2D480A07A812E7876
t773jd9nfs0pdopcu5ehupg9ke,135F7C4EA735D5E368BB2A6C5FBF2026
tj8ukg321odoeu90tsa8fes466,0FE95D11CB1A35726E0883D3F6BEA905
brjr4kh7ovvlveov7a8hpqsc7r,0ED48C0801C18586EEE79FF308E0F4D4
k290dl46klprg4e6ur9lig4efb,0AB946E816F3FB3B8649A05A9319F6C6
9kv95bc4rt3jsadpup16cam6u5,0E2FF68C32040CF742C50C83DBC2C5B7
44l0voathg46mjm0n32ds636ta,1457E600F9CF6B39B9B6BA394BB9C8DC
2vjeunpocbe2k27lc6mdt1572v,1249B8548214F7C4F106336D3462A2B4
bcl22g1us11kv77jg5b7bnkalp,10CD6E25B8181DE58E4088F8CCC7D446
ei3u966gkv3e3mst7fb1tbuhn,0EBBAD7063C92C7C8D9FE1A27841A11E
gt78pfb8b1pt9p9l8dr0p2ufjb,10CEA828CE9FAF05DC7945848D449F36
u44nqvonka7hea0aokin88q4hk,11B82B5EA73A1CC4B06EE69C7E8204C7
oq3ga6isdnalg8tqjbsk52kc9n,0BDF368CAB73AA88DC00C79405E37792
sci4m54h0cu6averj7vamu806t,11ECA207AECD4F50576277AC9FADA411
nhd2g3jm0s6lpjbkkhkn9ehdjc,0F45331B681FB2FADBFDC00A55CB6BF8
4984lia0bh4c5r8fl3qnl1h0i6,0AF450994D3D875FA6EC7BDA2ABD3FC9
187to57leu616fg9btb2mek0qr,10B7E41A3CE34AF08D85160607A978F1
8mk5clhg6c3q64tatp8dpp84hs,10BB5F39B7F345DEE5F72D864FEDBFDB
qctvjsn4709die4jpnneddeg90,0C44E04D3417ACE4EC56F95855A2A347
5g5404qnv7nl6tj75poo0hfrgb,0AF7E80FC7F66516FEFF81EE6B46BE43
mtu80o57bg4hpronh2siolbd7k,0DCBFBED3C8D46800EEA5312B645939F
cleojgm3ismjv8029rb1s8d8ob,0B2373D16D92C93FD800DFC493E3EE1F
isqt7ro99f0612q38o3lc2e43o,0ED91308C5A5277677DF7202EE49951B
hjlf6f4ddfk0i1jhjolg35dtgq,109EEFD3485914668C2A7D071259543B
c8ts7ikisiae776fla7f8ujs7n,0AEA5C427E6C727CA948F446ECB6C1DD
jtu4l1b95uf8uija0escanqfir,132A7198F8E3FC07F706124BF2BB9C46
rf4s31vomgehfr0cpfj2inc760,0E81CEDA649A174A4A1B9393C61D7229
paaspabo69ieko762ai7ttlrc0,106925357C71C25E4BF71A694F54500E
vsa0opla1nd84t68of316l7iuq,13660DC5428A53970929DDF623BF19CA
j2215nhcu9u5rfccl0ovb823r2,153FFEE7DC90916B7FE2A13FA8429A54
u6hfle6s207pd65usvubaev84s,0AE2C977B0A2A7F0046F94EB33C2CFCA
m37ig8mb4oagfg93c0gobnj902,0FA73F8554D2512173D542835676E9D7
todnn2q0hldta38auu5027t3sn,0F96CB6767D81F4A8133749417EBC273
qcg1h7v1g3tsabli7q13ll3vd7,0D180819092E7FAED59250740D322401
ig2dq2rutsbd9vma46bjqvde8q,0C702800A7DA303A8EE865037EA8E790
v69bnt0uq6pcjsd68p24lvfe17,0DD64F00E37A9A4A413684F86885F579
5gm7lrpdiauigb97dgiq8imvo2,102B2DAB9520616289B71C5437677473
vi7nfn06k67ce8pef279eualdu,0F46FA00E4A7DFEA38BC7A4F5D937938
il0a3loflvc769gmto1mb5si6l,0F039C64F4351868B32A1F5A0D6C1BBE
n7hqvfr7pf2licf5lk0ahi75co,10FBCEAF42337FD8BA15746819D7C71E
tfjsbcpmsmjqvf54ikdrnhh9r9,0F317D555070E0B5D110FBB6AB61D940
63doqbgnoqird3dof5psho7c6q,13656A5F6D29FF6E332D16B54D066EBB
9gutnnd2rjjbs2ok0m6c8mebo2,106EFC117FF56DDA5DA23657E08A4DF8
74gnif0skr7rklpogts0a7n2md,12199E1B18C351344571C0B85740AB15
f85r4kh776glve1fbu4nfjevv,0DF40AA264F9D6CB4C37EB77B735A6CC
ll86ovia7oi33jpsolmeln947j,0E77D394E7BCC6DB646F556852FA91B9
nq2fuvi49b6ak1vtb9v853rmif,144A2AAD97B1D5F5EAD4A3F3C60FEE32
q1bdh8rnrovu0lr53tudo2cqcr,0CCB8A3CD40C201F29C4D3D49F81AE3D
qqb8k4s4nesj36vntjtinsg50c,0FB5B4A5BA59CD3B8AD478D9196DC25E
fv0e79eutog7k9hl7apv0957n7,11C4FDAC3EEF836B615E10F1E0A2E06E
15b185hcfi6luuo44dtf8fcpos,11C6953BB963D3143CCF94E911BCEB8C
b3nib0mudhbvehqgbo4vd5iv7f,0CE62497D7DE3106E4D23CAEF1E49636
gtkv0t491qd5kaofka0lq8ahla,14F59C1E5B782FE638A74A7877E1FADF
l8vn1bblc35f6hcnbuekgt22bf,1422A14BDBEF1DA371FAC42CB6BB5283
hd0ba0o16rtrnmm1cq5rimeg3v,0EC4C31B4F3011A59F9149CA539F01B5
nqug5sgnobiejd340h8600cije,119B4F0AAC25C870C24F5FDA3AB3993A
unbveetp4b0lvpa43vflogsrvn,144E21E144E3ADDFD1A0C4BA5B211441
ld68lg5e0encst0mfphq5qcqpu,0FAE66A0C004757F68CFC7D60B7198A4
mcjqe1cfak8q8it805r8jtojs3,13B37D559B1581BA6D5DAA49404234CC
tmg22cfp6cfem24uklfe6dm9hf,0D3937C141F6C42E01D5E02BD247C85A
v523eia2srod5of0orauqojc71,0B346B201EE628B85FB0E6A868568999
4c59h414l2qalri4ogvjh63vjb,129FA90109606D8E27D59BE0F8F1A4B5
lq873rorjdcqg7qlc63c33rp7p,0D9CAB851EF67C972BDE7A5C25D91D4B
eicaljnsnvm3c6po4lr2tllu7h,0F153FC32600EEAE53D7832D181B3EBD
5g5fb25t5t2kqql19l28l3t44s,0BD6FDD581EF9768709727F37F6C62F0
pnki6996j6lgdpj5gjvnt2a50l,1497D305A0E42D3275E17D11B062ED79
lbls4o0ei798ev5jrlrgga20dr,0C7D9DA1BDE2DF4464C53501496FC4F0
f6dnbhqr1itmmc3h83v5ro3d3g,12ABC1EB477D74D343564452FEEC4488
mqjlhofmf3kljh33iuntpmk95s,117872053A2AF1657678287A5BADB630
4n6oaldu599sv157llbhaoba1i,122D4717ED1B79F4BD6F6E8F1E19268A
iv10pgv64opuatronsofoav943,14910F8C036D27619B1F42FF61952B40
u296117svf4h0m57lm2onid260,0CDB2F2B649A5AD81159B28EA75C4F92
fmptpui73serigcn15soojc094,10A01C9346D634A0532450ECA39557AC
9p53ipgdibe64u498vp7teg1ud,1445D3E2E29C24E94878443A1038D135
rp0nnfu1lflo582rt8ikn2ioi4,0EF42594B6EFE2985E72D2B52CD90A9D
qqira2tutp9vkbmrmh2h3lrcls,136BBF1AA1FD58B4FAD63836FAF0B559
77ulsb3a05jmspae3gvri50nvl,0BF7A49D36BA8799D3BE48105EA415CD
jbunmkjnjg29e4lomrqo8iop52,0FE5DE6E4B3ADF09895CD544024E44A5
k5649g9jct23neg71l9iev6dfq,0F1E60B1D2C3139018B3613F3265A316
7qveu2d5b9jaipetpsmgk1bfpt,106886635B7006C7A33A1BC541CC33DD
7r4srmhmn4iaknpjsb7j8baaes,12F6C3F55496593B6244BE1F9582FA05
ljurb57vc8up4u9ajbrqfm2s4l,0DB1EEF94AC84811CDD3B231F478FC40
qceqj0vho9emc1vndb6lmsrn1n,1017589683DF9780D342C44FE3A6277E
muqvafc3tm4j4j8qhitbfue6nf,0CB5C9A09D3EDF158711D4BA2FFEABB3
4atan0ngkm5de3smkfj19qh9fv,0DA4701BB64C17DEEB8F86C972FCD3FF
mcl1n0j1qk2ebmv32feseo2kum,13F64B3B50151146ED50400A323E4541
gej00afcbuvfa504knnag9cdak,0EBF8FE245F8A811F7EBF9119A0235BC
7bktb8s4e84p1r92h8tvh5iqtu,141A294398C3D25C49D08B9D8C36B81A
ct4ie3if60m27i5ivme3d7u3a6,0D76B8D02E4DDE872DFC87F76C02A87D
2tdr9n23r25rstakn4kjd4oo6f,0F9382ACE42FD13BB403C735267B1054
5omegogpcslr22uh39kd5j8lc2,1439BB16D55413D6EFCA3E0151EF3157
vvjdg4lfjrbjqcraf1cpoacrm5,1312D3BFD11DCFFC4A8AF23FF9F5CB6C
dc3urphmlr4frfkqnfrntokibd,0B4A1075FB6D57DF95757B0B4734B534
256kjh8a70jeantrp1brueruqd,1268703820A8FD702372D107C008BAA8
kkncpl0bd7dvdohfb2720ppr8k,0BCC9270E58C445ED9AED99EABB70DCD
kt3hirtlp0ubk6u48n5vlnr54o,0B01C2A8109E52CE66E92F889EF7EABC
o1ukq99bl6p6mej3jugcn459mj,0FDBA5E4414102C9322DA7D48F7F7CD8
s8s9ddf45dqt50ln4o1rnmfiq9,152C79DE6BE6F0FBB70CFDA8FDAD87B0
jeu7gvs1jbrfa2tdor5e8dfpc4,14FCAFB630CDFEA69CE3AEAE191EBD48
gtb4l08894mnmtd68447sinec3,0EAC7108D1FB3AA45F6AA7C5C1A13EFD
b1jr701jkgtdh5trg89emd9iqr,0E520A47929F61D735699749E8FE970E
ggkqk22o01vd9clk22up9fbs58,106167B88315866141E7CC2841EA92DD
m5peps521gcahsnh3app4las2u,1134B357D11E1765EA4F4D1097BFF0F3
pqtjf4rgfj2199epe117n4cm1h,0DC8490BBCDDD47CCC49271E7BF926E1
6ru3i1cgpb5gnrkr085d5gkkfp,12BACA554D8FEE0879FDF7159BD8F429
l0dggk3bothog2efo8b7u9v4kg,0D8BE564A16FADA3D123FCE90C208357
5888qukmmricie1res43mrp47p,1392F3E3CACDF0C5883A9034F68283FE
ik20a3p203pghkhesffarhbt6c,0E7E00E92424D39129271B5DC2F56F91
v7jmojoo6vtqler46kbvt5bou8,118EC7CE1766BE8EFD1BDB78EA2B8CEA
q58rigioa7e5iunc1391ni3cor,14FD0A6068FAA545ABEEC7832E966325
8us47a0519doq09umqcgl63p5u,0C88AFD8F2A00B7FCA9BD72274A01B82
321q23m1ub482vi839nepbh8l5,1076990E3706A805E13B821593ED613F
dhav230inr7vp10ft07u1cnv9l,108E3C2B9ED9D845E5AA9D7C7D88A34E
58n8hu724l3r5c0654o4l7cb1j,126392DD42855229D643B076C900F8BC
bomrn5ghrj8o0h3l7kq75rtn4d,0B024477CD7D1977AAE2D9858198E0AB
5v8n9ie471acaf21u65ptnlbq4,0CB4FE0C7F389C41F206E912F9321C74
rc13u3n4sni8dcq7q4cstobsrh,0E8BD9A48ACB704E299CCFF04BDD6B9B
dq9p86ggc7vkeqaf01o00a7r1o,10EA0E514D88D77658C6EFA6248B52A9
fevgnqrlna6bjm20ii71o51d2b,0C81E041020723021169BC154B305660
5319jg7uqm148k3ubem8e8n9s2,113C2D7D812471EB7CDCE65BCD325654
da4sp76tipn89nfo14jbr3gpmp,0B3E6461178141A64D159FAB8CFAC7FE
tisptuitpafs4gktb23ijjc00a,1507BAB886A51A066FAEF18770DD4C3E
30lao2pm1bubqdmm0h286e5kfd,0D7C2B83F071C577E749ABC86D520E69
bj0hp3d49ql2rjaa5is6vq1uli,10B4CB27C5FE1B58A242BE9F8263305F
s3fnmnvrvbaufh0i1hnu6q8o1k,1142B9255150C8D971E3D70FEC5848B7
1g289l8ft4f35bbjmrkpldqfsj,150EEFC48AB799885F78FF953788E1E5
3vb98sl2o073pft76d7hf64oua,14ED2F5DA0C8006814893117D467300C
teqqt0i380kau3794jqsrnuj7a,129D6DAB2FAF2768326FC7908F511121
ogi06sn366v729krfsr97g43tg,0BDEDD2F4B93E2BE7CA3940660CD80A9
351o1r0h0t9euna6362e1ucb9u,0F1E04F586081F1C60D55827FFAC45A3
posj901vev1bo1k7enrjrrssni,0EE62AD3CD93216F9689506BC8893588
1dsddiee8ampqgf3gfbq689gaq,106EFC3AC7D8805DF8375489C9108AC3
jir4u3olsuqvueh5g14roagm5k,143DE749C965A23320F68717CA1A437E
qgiudehff836av953bbb77qbb8,0C5B18183E0B20E280BA971393AE01C4
ioribmq71vr4lh2viku0q1apef,12A23C46AF84D08783ACD2C1EF11DB4B
ml06c04nc7bcpbjbn02u1omg7q,150D2452AA9173589F54DECF5E09CBEA
588de9bqd0u87qsa4p5k3q15la,0ACD6FDE92F3FD53C36331F1782C5EC2
q3i2e6uap83al23ie27ksqjhi2,139474EE45086C0EA4DCC995813A738C
cl17vbr42pk967clreu7kc25s3,13A710AB72C820586C0E11144705767C
5p7fjrv6q4kvvq9coq3t792208,124F45171F6300B2F490257042712916
q8e9irs5hgbus3cg6tjilp7khj,0B484C57D0E6ABBCD442F312558735C3
heppupgcofrr7v93kfuhse0ih1,124B64F26AD24FB9D705E30A98D65822
9ppl9v29lja6q522mu20pagm86,0F1A4C08C20CB0FC35360A391A28BB5A
9bj7jqmul8531mdjodhtagnhbe,0CEA5DC6B9E9AB1B0BE153E8D29E7521
5tkp0vr4chocv883kgnsel4ug7,117511607C641054A5F61BA1F5FDCD20
b72ais8scvuekmjaolvq70bnvp,0B93C3D14504AB9C0357AA974555E5E4
9nejm6ksthg6t0e47hk58v1d96,0B57FE725A2760575BA68F9E70AA67CA
tevdmqkq4ft24fb4qqeklrqmfe,0D74024D059865EBC941C7BF68B0FE06
gikubult6n0v394i7jgkr8j4rn,0FFEF10385C2928DB4B0AEB66A4C892D
31qio5n76rmidsdo0svttssc8u,12EB02D580B526A288ABA81560E9D66E
k53mqieip6ihdcmgkf74pa4s9d,0E075879E9967DFA9CC1344310FB0CD7
sooffk7i4g6d72kiaobh5imcvk,11D10B975C524AFADD1E9E7EB36074C3
vmv1d1blg24cijr9565k32naka,139EE0A41EBFC77DB88150FBAF7F8CCA
u5htkmr96bpn476hbd8ge3j9b0,0B446F75ABE73FEDDBC4CB057D65A19E
2u8qkrnhu5sh9la8dsl3932b9l,136609CDED8DE6DB3A324C0066EE28EF
c9t3182much4eo5rfsgvdgigna,0B98880F193141ED5C8B7275512BF8D5
khas160858u4vrql4tr175pfda,150D31E6A038470E27F2526623FCC464
ked037l5uj2j2mj5tloqrmj59v,12D83A009944183C19F2A2C8DC206843
69buj24hk5jv732m5dqm04icoe,0B1709F6CB90B3A7822F1B53F6B9E664
vrv8f4g4814im4b467sn6a3rtk,1515F2516D8E436DBE97F9F6F7E744A1
h9765iir7gpe5aeuuf24he1e1t,14505DBAF06137D0F591FA89BC8A4C96
u78g2brm1d9hlj5qkchot32ili,0D71978B96F587E979B86F175020F36B
ausqn9hjmer40dm644dkb435n4,0B3BECE4312B1E78E2866284FAFD1F50
ltev2h1si0j06bhffka77joqhd,0D656528A9748498924AEAC0D2701412
adkb579avgju66u1139sp43f2b,0B491ED3D92AF54AD03D6136F0309AFD
2s2v9dg41ltosaole9rmggquip,141A8385CF052A22AE75B9615E28BE42
au8e73btc2si28fj6575atu7hs,11E880A406A2AD02A447F87007B61E90
vqlatsjcb01eo9mt8vg5q7k76o,10A653B18667FA71EC7C01DBD4700DB0
p9s9hv28ftdv7euu42ge8rjipc,14FFAB8E8C95D18BAA5ADDE920F592F3
inskcrk8amh4mthm2qlo0mir54,1379F98661FD5E1858E16241FFB1E1DE
bf243g31ta3h1p9pecf507vsof,1331807E335DD4794FC593331126171E
o629rjctd2g17ed11o4q7rdjv9,0B44FC860279959CACAA4794437FFBEF
ls2vaarjp3mk2ldsusdfp09bh3,0C47C85E69E8F1ACAD91E8CB5FC97F8F
a9pucbdc3e30kt2vc68hl6sh22,122AFBFB3C133537CBFDD2997EF110AC
s42fj8d88ksi3u1uolu51b2pb1,12D4A3BE92C62A5FE04BA74DE25F56E1
fv205dt23dnsjm9eknbcsj6s2p,0F7BCFD9744FCCA454FC853515241926
tnhgmdevoh1bo5h28nmfgjhu5r,0D5720D932EB286FFDA1F2DF14817305
51vo8n010k6tsd1t3qbiot6ea5,12790232D4F49C972CD9B7E05F513B3B
43ua1jjmi632jp24vgfertpjrd,1230382B0AD611B35D2295969A73F1A3
8bff75l6uluscirvgnhda1rj0t,1404D23FD253AF0E704570148EB025AC
80437a01lml5t5nsbjqvg8dacn,124A0EC4DE0116A2F87A1F5156BA3A4B
bkqh1r384hqdcnckhf7vqt1gi3,0E8FE034B4F065917AAD27AD54FBE12E
1cnr7sfcj9jdjcq7qsofviitc8,0DC8E53D0F33896843EA219C71FE0EC2
ngfqu8a4tiqa608dj5tha93qbu,13764E373958CE2D78124D2883402118
epaipmqma4ub17g9pqo2difmu1,0D7F7CC1573EB0F93B116EB41E6929A6
9d6b0hqqviii1idugcqkroit5p,10B4616E5B79B3BBC3BE092F1F239A02
q9rfi9nkl54hq04q7j3ks3mu0a,0E5626296FFA033AEBCD514A5BD6678C
ep1t9aim6pud39elhjmobveds1,0E6578B9652E7BBD823754C2C88E1427
8qurmluip51anqpq16051343kd,0C450A7670CCD423D670617388A99202
ftkj8tlptp5ph1ubcr7hrv6f6e,0D23E72D619A52F69F06ADD9EE9ECAEE
lsbq11c5ai8jh9hf4mit4cggph,0FAD215C38C1FBBCD43337F73952EA79
tamlmltae2rrduqlq3vbkhgmt8,14F122FB1B29EC13CED9EE93B82FF1D7
jdal3naqfq17n7f74abihtq34g,137E6ECE58F534508314F152F5237360
6ppofvv0hspotpi4iu7gser3um,0F8E3DDBC55D83B89CF9EBE9715ECACF
glqqujjsnc7cno4i4d7j7f9rgk,0CD60F2986B95F7C76D917179798D1F0
heg87outsd7gkk8dvfi83jb42p,0D2487E534FC0A6809351B541BB82994
3694bahp4sr8f4u9h4pt17vred,10B6DA2F88E836EFCC48E42AACC1CD8F
v4dk0c5mtqo01upthc5gl28jfp,0FD3101F3A752083342030E4CE947E50
s6c5oi2mcn13eve96pbtu074p,1453E1BF094C5EEBFA19693BC2DD0266
pq9k0fs280dtmbif3ie8oajm0p,0D4DF5E2B230A6699A8F69FFB7663E48
q6lamup1102ltum5l642jocu4s,0FEB688F8B90ED5C838F265D69E8E3ED
6ek5v9fg2hrmfsnkgeui0lvckp,13CDB69B27BF58C9FAB9B13C7B49C775
5bapu8ch0do4jgt4k1cbqljn2g,0E98081A8A2D917914E9B5715CF33B32
9n9a2o2g34s8qvk87funi6gpe1,145126D28F54875743D8BEFD34E95904
6madbev5h8aun647f5rd41c55l,131305F6BAA34EA3573BC5C9557A7EF7
4ls1q8aul5ua8qr8ok58kr0fnf,14E35EE33E4254BCEA806F00220D6BAC
35ku28lt0ar0h20mp2v6d4ijpv,0F29B52BC2C35BC79EF6526B34B6BB9D
kbh33t3cm6u1nptvolbdbu9jrc,102A13E67BE9EBCD67490E47C89620BE
qr4d9q862uthbrmp02bu0n1isd,1040CA888C761FA708CC60599D3721A1
o7p6lonnovu497cegr4m5ceoo8,109265CEB751063D16B1BE67DFC37E06
cgsth6p8c5s18d86mab8oa93qd,10AAF3DB7561B2F71AA0C83E38E7998B
5sv82vuirmme9emvb6tg0eq88q,1370FB452B2985EF3F826B67C6E7291B
cnunqu3dlvm91sg7uv37vi529b,1271789A5A1CB4AE35A54EA4DD4679D0
jomm299kkh0e1b9pard63d8ju0,0D057E8CE374297DD6287547DD644831
7ro21qe5eav951sbsbl7ekgmmc,152A4E315A0E60EDD0C4E672EDBD860A
2k287iaq941i17imri35srlu2l,121A6A9BC575D09EE523655AD01D4E2C
78af1e08gasa55lphkvipig2uk,0F8319562D5E6721E468F63DE00D9163
hqm8upmujtcpbigk1hnpnmqa1m,12C41BCE8A74CC2FA5067237238F0606
si2imsoogil4urtl491sqvrcf0,0BEBCD9994B3FEAEFEC13C0E394CDBF5
8ki27jho0eplci0bi2hqm15sp4,105AAE9D009B8C95127CBEC3FADB7B40
9ecsgcoqoekupmp0scth1b9om3,13E16A098F6F0F28B5E70FFA2CE69644
c65a5itdmdhr0i6l3jbud5nom7,0EABF7BF0E97C9695DDA1D784EF40A26
gig7oinsn1b281qr6ktoh7p0qn,0E47C3D18D611C4CBB4B24E83D0C3D22
p9ubms94iqg0g9pfhm3v4nok1m,109019EC91FA88B2AC5A51A01ADF1EF2
ftr259ddc4iku142dskguucoq3,0E1744D9A3C86592FA228137F7950FB5
gli62jt3j1501jeninejmujqd,0D85387BFD53D1668E0F6118CC07F59B
ndbmc9sp0sp6mb326vm0hqds7j,0D4ACD4D99C49A8079754CD430926B54
m782u75lhnn2mi35pqivc8l2jc,0D10D469587DD2CF771B86B77277A915
vveeva7985r02scac4oddfdu89,0FB6C61BE82D2B9512E61D99A94422FF
v1di7b7lem03gmipp0pub3ob5,12291458EC91E99C267C03384E777842
34v3gljvfvpvpaknqdbdq506sr,0C0306C21242B0D61EF8EA1660AF42D7
hs511n3os5or7elaf1fi36u8cd,122C655BB3D2E4DBF123EF3E16BE960C
4vfii29880pscoird162cqcelt,110BD656035AB7156E77DFEE4DAD3424
d1vhh6cmbidv7mo5atot9qefd8,1428A62B8BA8C94FDFEB2DF7BD2BCFFF
5gprest551nplc1hf0hbo1ojb4,1347A55F6D7660A7A2B47C43AA392E1D
gm4g8st08mh0nt9v2eg103r3qm,0D86031A25263A8BD6AD47ECB1CC93DA
l2pflpegqhsqcl9fs66fs1tsnt,0C7A2C5793BC6D79DE9501F239801CA7
jp0b93h2irefc3bq52risg48b2,0AD52DC4E73A6531FBC2791C5CA283E1
3epbt7obfqir25b9aq6bic5oqt,0C4B86B3EF4D394EF2DD60D45C66751B
6d3cem0fd1prn1v6v80h1vh67e,10CFDD8BD244DAF1A908E663B1835E8B
6f6o6346uapdpapd27mctrdg5b,0CFD377E9AB0BF0074778A295B6979B1
gln48g8a93gn14vjq0igbicflu,0FAA257C623AB3DA2737BEDDDB03A682
fsr7lr5rivq5ccpvbqcha6h457,143FD5C37DACA7DCC1EF28873C02641A
rq1b227bsjf3frj2o5it2n6ea4,0E78B6ADD191205EFFC6C652C0DDB2EB
n661eh9j2ps7ddodph45tpqhr8,135B605ECAC7E9DE7E02780A10F8988B
umd95r1o8ppqeu4q2hr7o2ndsc,11D3A4715EED2340E64886D2BF3CDEF7
a4ia11gu1g3n98jhqbpk6725jt,153F18D27A5C5CDC6F025A6D882CD9FE
1nmkimhtm11crl1j85k6in7sgb,11B72F128F6C9F469DEC4D1AE8D8B0A6
t719u2i302pu83adqltt11sah1,1304AFFE41252069F0F81406E712D6C8
uedpqoh1u42p6p12ctm74rq4ji,0C1969311B8E63A7D46570DE43C90088
tt13b7rqglq0gs7nc6ttt94bcs,11C25603264F3585C59A72BBC94E8283
a7817aflno29dgfn01pb9alt1t,0C2F8FAF176CFDD18A5C748C8894A1CB
gmoc9cgv3kekhq2umojksodp7v,11496EE89BCA400DB841F4D9FFD01501
gb042qisnpum22mafsnfe627ll,143F108ABB9DA63627B566BF25109892
481rcjkkgkdurv7troq8i5j083,0EE422CEAB92C404746DDA89BF5FA727
rctjp255tip96rp3ggtma09jp1,0D9A6C71DD9BFB79276AE531408591E0
fpoh3817viag6n7efug4plbnbg,0EEEBEEA1DF57688808FBAACE9397D78
9i2vmpn11ppg8u9rvite45psug,14FB81393381B3490F714B5D2802DD1C
csmhnf6tkrh721veir8qduj3rc,154BAE3F203F3039C3578ED27A60438D
o5g7tk1a8rvu902eprlr17n45u,0BE1077DB8FD6D807693E9F92BE3C478
env0u10c5eskk8rdvjgc6dqml7,1097C87963136453098412010677248D
5d2fl7lgcogpcq8l750j4ft66o,0DF02B2CC15AC937FBB84B96C1AD60D0
arj4aodn82ejvav4dni2f8g7fu,0B9E33C337183FD91DB2C0C916D2B325
oq2psce8445ostae8t9u9rtpql,0CAF378300F0D1BA027DE5184F42D4D2
ultd3gbbaj4uu19fv0o9ufoudb,110D91CD2802C29D805B0D5289B757F2
mi1g06k30o50oo0mj8nuq1c4fn,0DB96033D90B0584A0911CAB94216E21
lcrql0pgfljc01jnm7ir6eg196,0FA1108825B27A3CC4A16A10E9CC45C8
nqn2qs3sgndbb6fgi7mgnrficq,12A5D590E7266A38719FE61A33F4C601
5e1da2j07lvsn3grgh15csqdmi,0F16F5E552C23718DE5AC23369140FA9
1rtrvs1qmhk785ihi68du5ptar,0CE345A0039D919AE6013A754903C882
813tvku709jf9snbbjvg17apd1,10D9DE296831974673B54CEFD3B3B098
6or2ero5n9gpqd24pdvvtbb73q,1130D276D1FE4DA326615F659937D77E
u3rofp3a33mr2hi354gcsqsmbu,103693B8B231287B31663B6C362402F9
1uocddfgkm21mn84f6hkvhp4td,11963C53335FD7AE5A0DF52A338133C4
uptr3vstel9t0fs2gcib50ve8d,0EAD9338639D7947B771C8F530CD0CDB
dv09nic1gi5bt2h48gn8aps2qo,0B9DF21807CBA30CC6381E0D6D45C1EA
ckiqq97403usgrf1sofn589ubp,0B9FB600D868EF0F51161F292C227E2D
2roaabi1ha0k1449ch1muh805n,11005750D604361D0AA4C4922D871632
9p5fogo81806tqq1cuubkiu7t3,10DF106BC1C4A4B283646CCEC3717260
hjfi0njeusomf9tulvnv722n4s,14D348F432C12C41F38EF6CABD590DBA
dj8d6dbhit4j28sss0vsqf90lf,14E9B1C1221CF7D656BC5EEFFA8E7559
n3q9hj0ps5flgk1dcnujhgo4os,0D74C050556CB463227F831B1D8D047E
3piagh2cug9vn2abkihcelknfk,10B429BED74C298F5F40A59EEF96F411
9u84kknk6nfdfe38hsp53a2o51,0B7EEEBE88C1FDD28FCB8A6D530E429D
2in0qh4gmak516kjmabl3fdivd,110AB14D038187A3F1D26EFA7B499DF9
marma9l0kbuvr9msflvu0g9cpq,12096BB0D63ADF422D3C2BD0ED193E46
64p8mhe63re0k37l49pf9tsgl,117B5051A2D7562A64366F901D37B848
5bonljdmh5jgnru1n38ap32cme,12AA7CD2A0C69C5793F784816F855A25
9f8ho327n8d1mcbv3hh6gktqd1,0E30C6535EAA26B71442DE396E0E33C9
an0d228lsj3q4ve2ncti454so1,13EAD152803579B3D607C9AED67A5334
ta1r7luhk8u1dt4dokpd10c1oa,1245CBA5615BCA9BDF9470F89D0ADDCB
5siu872as871v85k0np884vnhd,0CB76B1EDCC6330C4FED749F2F10DAA3
cidbmffdlvhlo66u3sksfriok0,120C52C9875C8C6487A9A010F7B3FD40
6pvf01f139nmhpuvu8jj1nb6pm,12804ED81F2C34C8D1C9C26598978643
37cae7lust53f9ej5g5olq6qj2,12B0CEFE0237646E4F148DFC31301659
61vjj8l7kk4e9hoo6ahccdd6ja,0C52781D3B9A433BAB680BA4284FBC35
du50r4icmid8bvdpcqtjo6gp81,0BB20CBA33D960596D761D6C5B2064B7
13oome1lvs5t0i77okuftskhpd,14F0576019F5BB0F2304B47BF6DF90B6
3sb702uqc6p5cviolo4g3utao7,138800CA27C3C8C4F4922C4CE4E2EFCF
qkde23el9jkgbpu2fpiibjuf6t,0FACE8B9354D9C853EDE48FDC42114CA
rth9n31r669avo2gn6kt3iesnn,10DB79B52C817B03916F71FB067BE510
4phpiujkprcv85b7n1c2l2vooa,1201C68F900A9494873D62ADFDB15FE4
3911n9s20ndiektm7klhqasuor,0AD02E85A15EBA8B440D3D9E711FB6E3
1jf5qhaitjecbmpnldclg6g51b,0FAF413317B80B93C057DDD0337D7605
tv3n4v2a567e47nrclpd7pdjpr,0DB13988629692E2FE75FC984390B8BB
2il0gkbopkcjru7pidhd2rajhi,0C2D70A873B7D2DC645EF426C4A677F2
qmj9uose2tpb1atet6nc0oekv7,0B6449CC48EC58A3A5ECB93A72B8CFD1
3cpjo28cjs4q3bj4331phdb9h3,0E87FCEE9B1CCFFAB40A986B566850E1
h4orvqh8q8qoa76r0tlthb07mn,151ABDD9517525AC0A28351C2A3F63F0
j7h3vu45miaclar575190hqdso,117ACE5FC79F68D3A960DA444890E583
r4k6j6eibv0r3148k4t730l7lf,105965026E96A3F544CD25F8F3B17581
f1nkkguet5hn0935i6d4h71695,1404092EC9D8394BCD8A311C521A9977
egl8j977higk02v8fc8js57gcc,1463E45440784BBE58E30930610B4E6E
rn9nvqhhcpqrpve50s1bfj2fk5,0F6ADDAA1AE762E46130EE9D67CB2E58
t3idctifla2e0dr6gojg3228v3,10BBD744AEF35509FA374A339E09A3A7
b3tfcgefa7f1qjup4hccgdvdnp,1179FE7FD11782BAADF7F7E01B26DC5A
fr1isr358cves1pck4pfp9n8dc,14248B80F20120F03AFB8D7181F57C60
1f2j2al03pvv7mq7p0ojuf43bb,1518F258DB34600E1800E1A580713DE2
49uuv2cfsn0qhjj7eh2sp5d3r2,12A7AE2D15102242DF1654123C12189E
ugksspblgemn63pujkr6cjjq4d,0FBA53B94AC6B9880F164D942DB89EB5
liqkj3l1qbrk8sbvt390e7m04g,14DC619E27246C1CA8A46F702A1EE3A3
kvge84i64k2sgfpaiuf6imssug,12396B42FB886FCADDE9AB3FDF098C4A
p069i5mdqouqh0pvisfie9iitg,135AC503A201AB97F683A62B754CB0A7
r0i2to0o4re8ha57vvltdiaf6m,13BEF1535D558DE1421D95B69E8C825B
hvg0bnkq3d4uf6317rqmfmp14n,14E7FB24A6956076D066E2912DFC1DDE
r41sn2fm6nhtgha2phpqlipaai,0E7E3A41811B6C288C784B6C680851C3
p3220ul3f5kds3e5gufc50oed5,0E5F8400B2ADECA128B707D61A1969D6
dngk7n4idojbqhvni3nsvkpc5j,14ABBF9709DB75D8E75CE8F8F31A4098
dhcjc5h73ovsgf2qd7p1b4l5ps,0B6992F505E3A5B7DBA0BF563D0EAD10
g4sf6k84750ueb0q2crpc2u4fl,12812E676D8AB0683A20B4ECB09B4363
k8if741e4bg3c366o0f7jab5q4,0EAC1BE07EE1FD1F7DE37456A3E51955
gioeoqshsp6fsaafe7fiocq64m,148BE586E3F8A3A95ABDEC9C7DE34998
4ogmas0adamt7mbiqbi6pcrhn,0B01DC50B207A34B294A6D33F8E9C7DC
7t6bpie4fo4a29v9imftqab7lm,105A156B4035DBF5A7D9C58D9687A6CA
t2k6f77gjn6fmo9uljkd30ucbj,0F0692C87E907C1BB5CA2C7BE731BE5A
lujgelvjmijp285q4idkj1hn9l,0B42C2746A5C70A4284B98F043BFED6A
1e75549193g7cnsir8oubhqfsg,0FCDA9B8DF3FE263442DC1F93B6DC5AC
iugffc921fdlhepgv98pihbpg8,1153266B7A4BF4F0C358EADF20DC2597
n9t5cr4mg36mg8sr0gjka8pmff,0FF2518E274F494D6EB220C446035CEC
dip10vp77qt4vib2qjr40t159p,0F9582981107A508A0F1BB724D6CB3E1
n6v12an6m9usmhr6nh0e4i8vgg,0CCAA1F7F61CEB357FE7437FDF904CBF
88dq0ffdj35bbpvd07bok32hcc,154B3058A35FEE92B66765AC96F52868
dqacgrv1hltt4md6vbt845efr9,0E7AD95F0132C711885314C24778EDC7
f881cloeaae94e5tgsr6qeq3f7,1453A8C06B5196C19BE1B71EF39E83F0
1lr2a3c4ir1rmat66o82j3ueur,0F2A025CDA39BB911B7E5A6079B8F236
h3rn8ntam9dot5dfh660niig7u,136AF3092CFCD86BF435704B0FC2E851
mkoqtpu4qplvrr8d00eu5acdle,11ADF25A126C74B0D75E213FA59DEC0B
94erm4jbgkoldp5kbab6lon8g0,10AC88D55FA4B678AF8E9D92F1E4C8F2
s6d7rqd9tjpqeum6ff80bprmin,12A587213D9BC1C7707A1D410D6364CD
57gm1fgr8g4m1bcsjj5gt3rebu,105BAD5A1D724756CE9D549A54BA12D0
5kja4a5iklbk0o1p9cjpferrtr,0B3BE39AA001C3E023C1DB1853D6FE20
4b3k397t06tfto5apakkc7pi3p,0F74854367E76F37BBE1812B20218A15
cuj4l4adtv6jkd2f18hnge31ot,0D48CE5F28C6DD6CF3DB72BC97361253
o94ogd3em27nqmhktv9ufp3kcg,0BB1834F9DF38C5BC4E7A6698ECE98D0
t4klrg09rphulu5q1o9d5aqtqd,12EDD7D9FB4429E553D635F29FAA2D6A
drjaheho11o0p3fb2mhcq4l333,12E24F4C8D465860FE21FE2C77EBE548
he2ea5j92o39gs9mta4hsennl9,1118440ADF555016380479E730307193
cl6kk1ouev1jhn01hjgv2qq5ah,13EFED17D6022E4F64388102A4B3D532
orhkeu4grojtj22mfdhl1bl26s,104569FE183AA91020F1022974035C42
6531ih0s7ddgg7v83mdb0i776k,1164D4727F4DDC501DDB119303E2597F
urpgn7r5qt3hl0hjo5afuccoqt,12FF6DB321DC6A03868C57682FB12A89
jtfuvk41mqojuak0hr4a2g2gkm,0DAE600C8D039BCC3025F809C54A6AAB
rvjlhrortehbt4ruh4kjrlk4uh,0B7287CB9CD5C884DD7DA25986491848
ia2016tgccgvb97i1e4mo2jur1,106FACA0F1B82ADA9DDFBC2CFED527C9
paghnkc2hibhh8ua97evd3n1dq,0FF9D18072BCC2FA232248532A7C51B2
remhumei35doavbj9c15mq9b05,135DB893935672E3CF6E5F904A05F366
8m749raourufg7tmpceeqabbkp,12FC7FFCC4A0BD3E67ABA834E45E3F88
2cti3fflsa49jjs0fa29uuekaj,0D131B9008BEE307CD4797A451FF9387
d3o98vdnbf6sg920bkrt01h10g,120727C9F7E363DCE19C4A362C6F0B09
agl3m6j9lmdreoac0348iivin8,0AE4826186E8285C5E614E27F3D5CD08
s6o4jsps0a7r4pom7aovhg4jpi,0FD2B713A827870F158694FD041FCE05
qgabj7e9bm24k4b3e20qbjev2l,0F4381913EF790C335D0F587570C37F3
su1ql9fd5qnt477u3ne2ss60rt,138E53DCACA06C5E2A9FE6D88129054E
4iu0s4gin6qcsgo9e6p6te9r4i,0DB48D023C702C076CC3A22E507C00FA
l9nijj6lirc7041h9tost3a53k,109374D1D60C19CB9622447FFA034D9E
qg8k4td5lceel7fdc6vaghob40,105A7738D06EFD4BDF1A8D97E74F613B
s8k8qalr89kje3qa3u1luock48,0E2A1C83CFFAF4521D77716F9B092ADE
dka8p4k7sd9t0idse9q8nmqppi,0D2292AC6166CC05B9CEAB77CCBB5D19
apu4iag484sm7l5f4qgigounm3,1176AC2D5C12950FCE69D9F831C8E7AE
ed68c03c32bri700p6ci2ttrq2,1395F7BF962681AE9CA3A36BF99BD2E2
vfv21vlk8s4ir70qadqta7kf4r,1275CFA8CAC3AA3FC9FB2AD776F3420B
cpjlatshh0rul7bn72dkmgv4hq,0F23EB29D5288C0A27166183001F6E42
qkpv1ghlmjipru62ffiv8pbr15,1501DF5BA442CC70439D3EA94204177B
qncphl6ll077067e1h9hmfskc1,1135EF31DCA4C2A2C93FC00A5BFD2C0B
l0f2vdhnjuo7ghobd2qph13sr,0CAF487503D57918F40B1E238D7FFDD7
8hophs1oimcse986mc81omu5cg,0DA37F72D358208182CBCA7E0D94521F
nk3s4gjkmtpvdf9jsgn28erlgl,109BE1214431CC575C639D719C2C09BD
7snq7eascqboc871606k18pa2l,10B9F9B6A886360A790C3716BDA57A1F
3qv0m90nr864m5d9ssto3papqm,0B6866F31010075FC376CC1632B82ECE
tavro5ofsq5rcma8js83a6mlfv,0E46D9D869B1458B21DDE3D9844730CF
tdo4isus7ip6sd7t3kn5cnjq2v,0C6CD0B80679701CBCBCE92EA6E641D6
d5tdmub1b0l1i1o6vkbv1a1mc5,0F4C9B53C1A17A06ABE9DD0FE6962E45
e5c7mbtv4rlksirosgtfop17m1,118C0C5DC0D2C072F0692BEA4DD5C348
tm6brt7g1a3ehth485bifccqfd,126C7B66AB88F9D0C9797970B5B8F277
c8e5l2lgcflu101vlav4ha3pfe,10FDE46766B194C413F71B81270F619B
l7vcu5sfv959kvj6h8bj4mpvrh,0B679D931F5507AB7A7BBBD259D0F1B9
usq89hfol00btqksadp1fjlg8q,120BA88820D3F2E5752A59C72F67F2E9
gq2n72bkdd9k0oil15lrqcq6ju,12363818851E833E7AA94B6DA2D40141
4jad5rlbahtehp68bb1r95r6jf,10AB7F03A668DF718E5F0BF381EA9400
el8vedbn6fag4q251ht2su5r07,0E5928DB2EEC0A1CA1CE43D19C74E488
fqoiauc597dora9k9gs4vtediu,0D2AFAE0EFDC13304FAC22DCE8CEAAC3
s89cgecgdd3a6int9cvohbhm4,14F07966D0250A86D81C0622CFC8F80A
18d4asqhh9ddk8spl3370j4364,100447D758FD18A52B6E3DCAD8BC5961
1uj2e9nqrsp17gv2a8mhdrsv87,0BBC6CD61B7D12AABA176635567380E0
s6lt5hk1hoq98kfun141hj19fe,12CF18265F2E6E98D595CE27594616CD
m4ra890ab6dpjvrhs0re50vsor,11D28F74A9D4E1F718C9ED8468E717CB
812eeimtqddtrvb0lc3kcvtou1,10769E2270DF16F694889876510D4AB0
rv722dvf9502mp0gks51ttuids,1271759D2003FC27AA5E56AB0AB3BD90
11qim35364blgps84nmgf1n8a6,0F3D0C61B6117FF502F389315DC6998A
uc42n8jvmqbt87s5ove9pphu9d,0DE87337B6073C07107689BD69CB54D3
5s1ju71m4bvhb6a4kscb9sk2up,13A2FC1185CA214E3DF06ADF115A403B
i4rb495k4vdgn325kfp8ok39mf,113DC2B6FB4E1D775B64724E50660B12
eci3tb0pgqtpii8ie32eao3foq,1183648B71FE19CA1F13E1F501728433
jgmbrjiko26vhkjf3hu33e340c,0F8AA88E5EF82F0F024B68525B03EAAE
tljlqpfgginq7i86i1phbut60r,0E921F6044635CC5360D3143E9CCEEAB
r0v5ckkvb5ejpj8qmjqjhhgn5d,143B3D36C813A12C76014EE828ECD134
85r7gdogapujtii2pttuh8h2gd,1302B45D5409E2060ED0C50B91B192CF
1gduns2s55ghi4gf42o6sp8koe,0E700D1118C00A571D14209ED603436F
fkoqugoq0imgvdb2stbs7khdst,0D621C79F8500ED2D42069015329AAE5
ohtep0do215ipvffv33v6j8t2v,12D85336B2CF88F435FD015819935A94
