Key,Hash
qkr52vnstg7gk8dn26kcjc7cfa,3B842EA18B77D30F9C449A6D16336B16
f4gkae5kg8shcvlts4vi9bht3r,3F0D44048EBF0F5AF2124F0158CF69CB
otjld8bvvau988nqaiddv1392n,38B9FA07825B236B5164FB017A2B7986
ak8eh853jmsnjaff06sf0p416e,3A049DADD4E3F97B44D4405C4B339EDC
p58dtflfhvn4l9q59k9e4hmebv,37B496A58B362379AD6B96431E0903B7
9j3lo0hb5vt45eh18dvn3l4iq5,3D386EC3697DEAC610EA5A6A4456F6FA
mdvslnefcgd66c0bq5pt4oer4n,356E73DD122EB1597A11B1B621565F37
qn7h3bogclul66uo9ii0029976,3D5C8347BDB459FCEA9B1EE812D92251
lh09fo2bmttnku6329bnbcrh4k,3AAF39E06BC4C60EE4FAD7F09A6C9408
a5bpas8va5hdctfvfskp0dc6ev,38CFC66FF74BAE41521E6E94844A0721
c1masug4l3h3tkrtc6ub7v41c5,36CFE5DD0780CC11C51C814E55044368
tv88t8lnsk9h95r9o09asu1cbd,3DD19339229FC8474F93D9285B8F6CE1
a1rgu5mbplq0qn3a8crerqe9ji,3E83C17112EC0D8B6AAFC77F511B89D6
8j4k3egp0c8hjkrp6aoihj82td,37C1407925A08444105E0576E50D546F
2uqourkdbh6rgss05pk0u954i,3E2A256D1AC48207D2480191DC2BF24C
sp2a75rdh3hcjjtc49k86ong4d,3B1E27BEDF6FD2F6983AE1F394C92673
cki5siq87ag54totodkbbkvrnv,3EF098A2F159A131CB5EB4B1A590A01D
i6bt3r1p21mtdlauc2uo5jm6ka,3EC3A9BC560F555784F9FCE82B5D81E4
u04bdpua3b802bb5cp4f2gpn29,3691579BB0A360F25DD4C7E023B61399
gjtopr3pm6ioq9a9hh3ccj708t,3DE302C488DF39DBA29FABE03B8139C5
8avmbahcta4n4dn3op6a6kviv4,3D18E641F5BAC562E38364E1AF9FA831
kec8tciqa0tlj8ck97srp2uqmu,3C32C99CD4F9AF22FDD3B535EF4FD240
6laue1q5cthd5kbhkgsn2e8lt3,396BBD925C724C6EC9051325A7CCA927
j42kvleudltom0g711p6kk978t,3995CA30EC150A7E1EB26304E8633EB5
fh7p9bjicrub7u3jrkn6rrhrsh,3AEC35F47CDC1B736610F58C208510BD
14lolo6an9ip4pnv56ite64tcj,394B3B7F9ABE9CD69D3530A02AAC850D
o2ldtva7onuifcnnb0m4qk3rhm,3708EF73F84BAA087BB55E2E88392B97
uoj6llabnu0idvrvkrtivd1rb,3C0F7C670B1F8161A82E18DA435FB3CE
1obrtnadkiqcdvheuh7rub60vr,3E548012CF5CB6E87164A0AB90BBC798
rahbr83d7u0r0f3e9plrf25mh1,3D80C41C5817729C39488E567A5830A9
kdnvmqluiktbu45evi9ipjo1dt,363F41B28AE1DF0AACCF49606E73A165
tfaemcs2nvcami0f36q8au633l,3AAA8E754FF9AD1DB2AE89296220B73C
1tu7oja2202ug1igm848q608pi,38922796D9918D4CE8CC42F9ACAA79A0
los3ek54phqjbfkmhvtravjdno,3A9C45D006CF252B3BFA2996974CE2CF
hchdm3cstf1fhgmtnl808rtg74,3B899DCBD45235523F59ADBF73A32525
3d1k3on6n7v8111cq0sncfqers,36A09DBF4952078C347849E1D01BF43A
obpk9deakf1rf2jqjhvll440ol,3CE9B065209FC29D2C5E80E7F616EDCF
ntud7vos1egdmlqr64lgj4t5vh,38F0D5F39AB7116A1FFC94957C8467C7
gct5q3o0j68rp4v8cs5lbnfcbv,3D9718210632EC687731243E469E2677
l163f59bf9lkpfhld9pcknofkt,3B71B12798E4A046EE22215C0C0EC458
37dc5okban5aulqji4kgr2u1je,36ABB3E53633D8F081CEC216C67BC10B
oephmvrrap0lk39slpbq9s6okc,3CFE571408CC7A551CD076BBFBDA9741
1ajiv3o7acjhmnhudb845sav4c,3E999A091EAA379685E112CBDAB68ED6
svr4d3r1t2bvrsci7one5mabg7,380CBC5E0C219034E571EDE69BE52943
ovrvavq616vtnvbkfkris2331d,38F290F09DA54C730EA28AA353DFEDFE
gpng7ir0bhatrr6rqr2fd1qkqh,3E0D61227EBAD8840DB6D2EE68AB6E1E
ec87n5jqt7s9rfu3d94gu0u9dt,366901453D87241BD04F6C52BE31C2DA
6luucca9svv6lhct9af27j6le8,35BFE91A98E57B606C7E3C2EF4E712D9
l2jc6g5su7f9scnnnh6v2vkgqb,3811B501D2BFC622651C056BF7F0E17F
1lgttvjrco7rfhqdka7l4g4doj,3B9AC7FDC8B6B80A90E2FFA7F5081216
7k4rv49q3ijuoddmqj08hq33cp,3B716D7CD3FCAA1E36C3145DA29024C2
iv6qu33ninmb3jvlh687gij58r,37F33DAA3F8CB6CF68DBF24139BE878E
sknd4fj8fv609im9crm5kbkrnd,3CF63C8211B6D6E31238D3C742989BA1
6ffdeslo23hpol3f2i2e7ncpbp,3C32CA15FF62CC45632712FB755B1816
v5v6s0b1kneqt5k6g5oo2mi60g,3D61C682C0794604E1A011DCCE25E937
61g5behrvt17d3q4qed0iqjk1i,39830CB46BAD6DB6A0DE42E26991F7D7
qalv1b3lmststkr86m03bjurau,3A9222D298791C38D6BDBA1A8CF13061
h7if17bkrr7oq0r5e1mkvg4fpt,3820D6CA8C878F74855A706BF351879D
cptfv9unhngvced5jdpulkidub,3A6FE4B136B753810F89BC49424FEBF2
2gl1idbu7gem1594cna0igqj5q,387DDD15899BC8BE55893FF5F0C7833B
51v89c82lin6g7cuhke7ohrlpa,3DBD25C4A1DB4CEDB2F8880FD816D393
vgfvse71n6vm1hn7e58o0humlk,3BDD82C2465D3BF3BB7CCE2613F872AD
bdlhc5s1vr040adc2nibvcps84,3DE4E3001FA0AC44A6E0698ABC511140
gqionu070k11tr63aaembbd2q,39A0333A30EC86FE575FCE350C9AFFEB
ehan2m6gdp11jen9fmuh8klaa3,3725027831B32D43023FAF37BEFA430E
ejgur2rgi1md1s724bbfp1dn13,3CBC1215291332C7C92F7C6FEA06E628
51s4pd2fa5ov386kv88scd78bh,35FC50A5C85DC1B9CD68EF7DB0CB7A5C
kf2h2ddng8bh13op1vs6djijm3,3853AD07C56C362736CF71D0B68407F3
ackjtitbhelh0qsei5do9idb5h,3A8582F83314577C72C60B0713BFF563
5ov9t2qmssfp1mn7epfvehj0o2,38ACB2B187E5EA643FC6B0B2CBBA81F6
5248mg04nadravvjjel67401fk,3FBA09F8157CECF20F076E9CF279CBFA
ijbpp771cn43u4lpmosqigglb5,3D32AB1E6E8F4E6FC903C944978042AD
cu2o14q5ufd22h7beoa4gv1joa,3B4A7EB9246394BC3914D81DFEB85C90
ii4ugoriijll8ugtkpk0nab6qg,3F9543D634649CAEB1C8836A8C92CB00
jr8l5tlnmoan1198ihtp2eksvb,3A9BD27BF62E3999A974A1D6D781C20E
sc4lifl3d2rjo0oe0hr29og49u,3EEE36B3ED1B2BF59ECC1BB0EC9CC26E
h6m2qom863fncd2nctde2oiqj0,38A174EAD7822D3E11101FA2E729F912
ftsdrpfhfi9j5oeue7gq6d1kso,36429C4A1F176FC799119AEB2F784037
4i6bs8au4bv6gjddj5bh6egl2s,3F0D3CCA70CBA9020271B4FBEF540200
icnnd6bmsg9nslgojmcm5vfoaq,37F16C055F6AA7F2DEBC1C7E605F8B43
v2vkfikc0q6keqd5k32jluaoh2,3BC89C27CA7C43AB702B4DC454485E48
l8urnkfna0eklre4j7ap9es31u,3AC1463EAF9293E10D31E6B4BCACC8AF
hm0on2avpgrsrrj2hlicalmsk1,3D92738B375038C3433129A321503436
8q6ls76cks88s2s7043qhv9rq2,36DC366E975A44B6046CE2F0E355F221
rcinis8m1p4ultqc97hbavoe6p,39858B806DE5CDD55F9771F4A10D0F28
av6bg1njfke8mukbbn7tv8sd4p,35E5CF15DBF3351C5871FA61284B0868
ol9p9el79l2epgsv5qo831u1tg,3EE604E249FB35D3EA93360EB7A6164A
bac5qde3cql2j6t0kaoekctdrc,3B0890C37B3513B0D7E97BD0AB1A1967
fnoq9mfa3fo1o6msohbdam7vtj,3B85B562831D0E0A5C45FE43113309D5
o6aqovk5n6fb5cmpim2rt7d5pu,389535919ADA6E94B0F89483AAFE42AB
h57q5v9dndvqlcj6gu2i2f54fj,363FB7D1E6E4D264CFD12A9B9E97F6BD
js0o6qka2u3l3b2gu7vib9qvvi,359415FE51F6C91BB80E28EECE13D1A2
6qglhlf56g65jre5otdb5so99j,3A8F120D6820D84C97E89C0F2C59B483
lgn733lvagqhas0i984bqqj6ro,3F5EBD1F8D4B046328D72FC699ED8140
9qo2m1nnl0jg8tsgorifl1lq50,3B7397B26BBA3155F76210C3CA5C76CE
h3gmm4dhv1rmoulps55hmefo47,3F0F01C46FDD9C7446F3FE6B094AF93D
du4thb7i7ir2667dc7l57rs6td,3DD07EA5FDB09609B24E3731F131C498
ruuedisss4up77fkl4s4j5qq7l,3F13299AC2E8086CC00C7B65A31653BC
d4gqb2069speaoai0pe1ea96ro,35F43D9608F2305A60BC6496CA4A4A9E
5c15emm30cn3r9ev2q49i6726i,3E78D5494BA294EC29381354E68C494A
50idvtrq4njf094dn1avrfq7st,3DC6A7C6DFB1BDE06CE6012C95718F60
seup0q41oo7m70lhm651nlr8u9,39D0F7ECE5D1298D48EED56E1849BD4D
kv629g48t044jemm5ao2c05s5l,3F99D3B0743F84620932AD513B584C02
2pce8ithdl5u7lbqdat54j3nir,3FFAD26A06DF05449BA15E8B18C1D000
98qiu0g219tool91u1uopq6ijv,35FE58A6999B61F85F0281AC330A4247
ion9t9qunfs8u6snec9muo67fd,371B2575B1B9E72C5FDDF883CE9BDE5B
oh4q8g4gbenlqdglsfafqmna1k,3D82508AE1FD64E32461C8C5B8AF204C
40is78nh81r571pfg1rr1pt79s,3EC08059AE90F7B75DC9BE4E6294E8AD
1c7cf500kj4k0s3tb9l39v2gj6,37AA2BECE9A176E9AC2CF9985EA2F845
7tvgcbic17jaqfk8eiqaaklbhl,3F2F24C922859A87C0060906E16E72D1
fsdlugnnq2tphqjmkmhjj1fj2p,3612CC0532166BFBAFD0757BAD324CE9
27deria7ql44sqoek0jgqhvc3n,3E9166F6ACA9DEA40BEB1C556D6F14B6
8rmhjhqkad15mjlukvbclqjgp6,3947588F75ABF36E71080B1BF6283C58
mcds10hgsm15g6lq5ockt278u8,35B0DF1E74088A165FBEC8350BA6DAAB
kpe23n4dbr91vptgomkh9g247v,37DC9E43AD440F9A655EC3C3CEA3FBE3
oo98uo50rn1d4g4sc2g3llro2f,3680C7E6F77DA3049E995345BA21AAA7
ej9lncq77j2i2apijrpobvupku,37A80D6F806E9C43B1B45761D032C036
c8kvj2m1ltotgfiqp86qtdql9v,3F74E65542F370FD0CB77CB52B2A3501
kh6j5a5a8g0e6i0qrtvqe7d5h5,3D51DABB099298DF1C09DEF21F0181E8
kl7g5di6c6fvnrmu7rfu7io9v2,3F95F3555A0EBE42CD420D0B4CFED146
qfth00no41rtq9cs61o06j9tt9,3B66B3D493781A8A5532260C3EDBB851
s167hh82h1fqhe41hlhlf8k962,3D543A655727E0776911DF845A7C2789
3g0475ke74h4osakkjqhimpmsa,3B430985F1B18A03DB7815E7110DB5CF
9n6q3hv2puqi2gl8pk953hqba9,3CA022BAFB1A0C51DFEA8C71A32F545C
q2d41ord99oteqtpmla6b7lugl,36E146011BF4EBD841A84D486E10C57E
hj12c1onjp2ejeqpbv0dpne6jk,3F1EE60CB039B54449A4BA84F108D96D
rdikscmu7ohpnd4t2hjtjjee98,391B3209CC956BD243E8F79C18903ACA
nlq3oh9llvkab3uas5h1uku9lm,39A04623448D50249195C6869A8A7F66
l6r1fskjs7sfhplj2eiqbeff5h,37D3600641B19F85876A92FD88851035
ga7mvjuhqms1v3e75e4bt43aeo,3F8F8F42E505F7BDE9B1F7CC81E62BD4
5civm0122ns20dfpmf52a6lrqk,3921A07EF69A3AF9F6CF2D9EAB1610F6
66l17b6p7i0ccggdbrineahljc,3EC6E9DDBE5DEF5DFE325F356BA40043
ktmfbe6j8vcr0a352bd99s74o3,36E5532083DB7DF26CE5886A17483026
j1n3lrcs9bm2d9os814nuff2jk,3EF42612FC311A67A7CB3B1D3B8D892E
2mhm2b1bfe0o5ov2qjpn6cg283,3B0C3231383B19FB4E2FEC094B6E9507
jfob5gehit0rhbunqt9g207erc,3F1F370790ECB64FA3FA2A188ECD5D7D
amldt6gdhpl8rhfpg2hmmjnft3,3D59BAA765F42EC0AF405057B1012530
f7u9jea8rg4rdg2khso63bmo5g,3A60A84FDD3C7F1B35F57AD5E94DA3CF
6ik2jlamb770243pn2qcqjhodm,3C601B36BB3BB21BA282F9F579AA8A61
vnu5u6u9otn04te58v22b98ikn,35E03A8E50534107850C00C839608715
scu82r5kl8iapsdhkke3rd90di,35D78C54EFA848C1859FE5E9A5391FED
fr6mcc2rippn34q7d36t848vqh,37E010B0C3CC8132F5B03B98BA9571A3
v0kvl3ljtlos7kmj3br4rkmm5u,3F32B784F6DB079FB8C162B5CD1EDAF3
r1amaq9h8b0tbm1a1te142rt3,3E3B2F61FA8EDF5DED21D8FA738E6147
s83i8eumib9fu6t9ojfavvm6bq,355E6AB10D5A8DF6FB17FF658C10B69A
ivdd20mnan0uuqhhg7ciben90c,3F3D228505F883642F8B132EF9A52AC9
geeaqv05usa3i8njfh7pocfe98,398CEBFDA396D51CCB11CDF16C0B58B6
j0sj7ecm6k9ircm8sc2mdgm51l,379E5843C99FA598CE7D6C3E1B8409B0
dmah3rtgld67qkp49ntghv4h1k,3A24C05DC9E76C5CCA1598AAD0C3D419
tokt6vi5n9e3onik8tr39t9pq4,3D6B35D6137612BB7085AC206E6F7A67
f57thfdb6t6859qthioih8do46,3A3E40670B2CFA2C4A6756F8CB447F4F
5694ot1t1lv8ditnstco1b6930,3C8A95F6D9494485A7019CEA39721017
117cn2dqjockoelrkp6hdchkuh,39A6346153448A794F998DE73DDD0936
6t4amol1j7uqnf1nij3qp2t8dr,3BE07B68ACA582A6286DD5A1F5513AA1
u6nj70fcj7agaoc31homqmcjoa,3F1C6D936C2D77C9A10F2E15E41FCBB5
dtnmqbaubqpd60kf0aag5eim36,364237905D670473D7544DABAF78E233
h3u0nkkd8jn2q2n2n3o11lvggf,3BD795EB77039744C635E321CA85C96F
rm7sc4telrhslvhbq6uutsq82h,3674EA9BD71BA4E9BF68CC0CEDD3B9F4
u69aggpvc244l31k3098cbv44u,3AEF0F6DA0697CDB29B49B4B37A7147D
foejrf6u2nnci4fugp3gb9he39,3AD1352A80F377BA542347C7C235C5EB
46oejrr3gkn14svmmqau3v2fi8,39D73D5121564D89D7C37338D828F09F
3ia96hsm20a0449d00fcfgg64k,37259C8E9C0B5150B315BE50034EACC0
hq65gj4p89ianbsd13cm0cojam,36135AFFAF767BCE52BD6EE2DEADB030
2qrmvnhsu88gr2754benisoqr9,3611F11555BE410A4EE813039858FC1F
ecam1raftbnosmus157780pmhd,3C1F75229654264F028E82AFEFFA71E5
t3sbe5nmvnj1j094agsk62847u,3B2211C212DA24450F31B7256D59EB01
56s3bjikisuceop38q2iass0a6,36D44CD5202F7C99BBA8598134CE205A
7e43rmsp2n54fcgg4cja8rrh4o,385A577DBC80770A787685249C272658
kos2fhistpt9dar06j3has1pq5,3FD91DABD21D1CFA7980770ED4515DFC
s523oi9ts52l23lkjl4c06mi2f,3FEF35248CE3188832989B76EB61292D
umdqf4pse7katbsifn8u3friof,3AC4AB8DFA611F4FE52E598C1E086DD4
c1bqmq10hof8ovp20fv0m7ngee,39253623722EC2B6215DA5BC54882948
k9te0qkf09v8e3u6qg4k028050,373E6B5F73A5D3A9E3C8CF98F85ADCFE
cjfb8059rfj3rm9bhj85b7lglp,357F07C1ACBF99681F15517B5B3C9667
r2k07k818a35v0n4nc21rs80ur,3D42DD0E3F0FB2325922128373317DA0
q33d6i8djhu8j89pi9r5v8643,370A39C586835730D5C897FDF8D712B0
ub9fo5dc5urivb6cnio4gv9hdq,3DFD3866F2FD8C69C5303FB8E13099C6
lip9bi4hvt88n3egv59bgq6rpe,37D476EE9FD9415FC74C188DAACBF6A1
visn5vtbcv00u5drao7vaerl7p,3B94A95B5A622C8A397AEDEDE6264C38
bulakc6agvnh18d8turmoh36pf,3DEE6AED5C2CD10C205FA6A13555B5CC
pm5v8h3mc61jhpjkiumo2fd1if,3D31543207F516C99FAF264777624BC2
cenn54b78jv9ul95v0n4m3ajpm,3AD2C2B3C64FC4CEE151B24480F32F4C
383m73fq1oeim0iimrs2fpgdcm,393AC779F68358EC3F394AC50D8EAFB0
rig1i62q5f7v24qktv2ecr1uhg,38146FF6A73D3D9B2AF0910924D1DA65
10t7pts0qagol8kontgl5stbun,3F4B9E07746E139A38D023AEB29233FA
gms73dtjthkopssqf1kl7mqg08,399DB5582B39D325A00292E3E69ADDD3
iod95kdpo37qpgtqk6fj1nu2vc,3F8C47C9C3648D4FA523E900C360EB6E
burtba7q1cj1nr03anuu17j942,3D15DEC25EBFF7BBB9DF1E74E5465670
vqkblroca808g2sdik6b3e11u3,35646016A77D04789D95E6C9F2AAEA61
8m72h5m99u3kqq4ntt0vmia83e,3EE25E2A967C34CA4059B55D272E4AA8
ddmu803gfggpq7dae395ualt25,3BB4771228E7E0C51B6DFB63846CFC6F
vrb261eqs2mq0ssjr7ord1mml9,3A6C5F443EDB85A5E197D12921F5E801
j32smudnsvl3jiu6901utsj500,365D78559C39574E9B6406215E3DCD49
rbdndvgo5m05t6l08mouvns6nr,3DB68FD60E7E6184521EE8338F763DCB
9293dpa5c07vnash70ahg4kfu5,3DCD21A5B19AED152767302516B702DC
anjkav3neafgs4kbff0iia0e6q,359C795B0C7196449ACD1FE66B730E8A
p7isvqon1bqbn7u2knviso79qj,3CB476052FCE0E4AACC03726DF9EFA7F
gn9r69loms0gun107cbfhg6h0i,39C5CD373DFBCF965665C6A733CD45EC
ud80qete8r2o7nn0uoae4jo6o6,3A10D89DB29D6F28B2C73505A65B2496
12mdbngq1hn5rg6ta9f1nflaiq,3DD8BF45C41160DB5EBE216B521F3944
u660cdtnjqhshqo1ctmre4pkmi,37F00D046FFF5B55D2A5F2E893138CA7
3fah9ar3lmjpr59udmaqgdhrqj,3A0F890E002D0660CA2D9CB91AB62842
aemqkuo2elrpbbghor880vvhp8,36A81B3B53ABEA1BB6A39B164C033DE5
ept8gpg8hqg1idfi02lcmu6n1g,35BC920C3772C60590CA355FCC7E42A2
phr3shn9iaijtrk0sf3idmju35,36D5ABFCF360C8D12F159B5768C70C98
395c33s024219ptnjc6005cgug,3EF8FE44AD67D61F1AC5A1EA2289064D
a6hd0fqjfbritm3te7m8rvt9l1,3BD94819F8D587F17876779D284E5482
bepjc9bhesdjsvjgo23f10lug1,3D9A01ECC7C636D5D1DEF75E4C4CB088
2vpl2rpqrqj91tb41gr4bk7qbj,3C9EE80BD335AF41660313FF6BF37E60
gh4a052lbirmvndjk7mldf6ahl,3C0B379D7632CA9580685B3BE02D4227
4n537da77e38te5rc0tvc187jm,3C578356B97064B01CF067423AF38D1F
j6gu1c44qsq1o5q0t6ekjvgps3,37764432FCCFA873A45ACA1F1F5CD826
mnde18ofed4c1j1u24dlnc82r4,3B617440885F5BF38B460C7163BD8293
l9grjvopirlog1jl7lghj9i4u9,3FE7577E202996CC5346B0E210F66DD0
gcn3qhi8ojv6rolcon7mcurgi3,3C3065AFAA3B08C1A873ACB1DEC92060
dbikmcua0roihn8hb6h663pqbe,3FED1695A14238EB5AC57E8F62237A8E
k79bhgqlr91qufemnec3gles30,3D54793FADC440BC4D62966FBB638D85
3o28d0dlndccpgbi1d8la384ao,3D5CF697DB0546BEA16CD500E1B878DD
h3vdpholvjslr0ubbf5a5qmg3d,3C290EB3BACF187F9DE8330D9B22B801
bafv2rpck006rakrsqug9r9iic,3DCE9B909F978F83EDA6E6D53E152835
2n8bp00rf37fd5eq136vthpjhi,39544D44CE6BC84A5CFC05E44FF5F7CF
oh1ilvr281l86hdapjjinlq1iu,3FEFA48CF61F93AA69B6A5917FB7661C
mnv82e9jhg4b8sot74sa8626h2,3AB02FEC85F6B29726DDE31A3BD15EA4
49pv8pdp3d1hvhuusfckmoq9fu,3E47F11044707FF5CE333A56E6013540
3ljo3n62b6tssj9to75esm5ej3,38BA05CF8AC485E8F33EF8EED68BE5E1
q7k7eivoge0pds7j4t0n78porm,3A78B63509AA47368EDAA02362194E58
h1oc2qcgo3pvm3go6955v6p27g,39062964B46FBA9775DBB74E514C5E0B
veu2rpqks5kc8gdov4rqi0t224,3AC8F5EFD06F3086418933931D4B3421
o0vmskfd7tqssic00kr66l23ee,382E2450F099FADEE74F8A1853ECFB66
d6eh9dmmh7q92auk4cq2so9qqv,390841B2EF257C6C7850D7A7EEC0FBCB
6e7kgejnhc88pimbf74ovu79ja,37CDB77EE5FFB4A059A9D4024B02167E
ija0umbdfpakkjb3pn2thchtl,3D5DA65509EBC770B77FAE8B4B5B33D9
96shngf1l5ltgitbr9pod8sku6,3B5FFB3ACAAFA5DB5656AD10A3672D24
up4j4agjn9hivv10fm893turql,3BF2AF4B14ECAEA1BA4B944D0873F35F
g8rt7bl82s0s02ddn8fnf99k5m,3E074B7882CDE3EEA3517AFD78A9603F
317t1abjm4le7ko48sn8fg36ta,3A058DDE45AAD41AC4263630026263F4
lf6c82qe3edh7hids9ebh843nu,385F54E9C87DDEDAD50903DA06BF9A45
nksn1o95uadddghch6nedlj9vl,3F44090DF55B56CDD2ADABAA090827B1
bv5202krv8s91douqg8rc27ks,3DB25AD6CDAF52B485DD7A4AE1D683E9
14v47nmhfrm6perfjch10f2efl,3B10AF0BE267B50E7CAACBD6546AFFE9
um9fke5j056g7bh1fk70bdlaj2,3AB4EB6BB63A53B2B7B05033ABAFE5C4
i1vvp9cte5f72ulqb0escdtfbv,3619343AD1968C76DA4D16D960B3F955
35c4177jv6h9mqvr4u5cimpbmc,38FBB43CAAF7E580691A4ABFDD2161A5
nn7opd2n01os6qt5aq332sctc0,3A774C11B328EC1B60B6FC5F95D58658
vpf8tmkc715j9fohs4rdnnh2n0,3AED63B7F0E7D201A749DA15E970615A
rqltv0momistq2gftgsn7jt3gi,35EE503A8C772F14FFB2EA1AEC778AA8
70d0n3kb4jafnv68fi5299ccdb,3E41C0C630DB8024FEB3411368089935
a882n79p05uomrch35iaf2mshh,3E5C69EF53764BF49A1B707E92930928
mpoaupr1if374d1km8ss4lqh92,375D29AB5461C9358CDC1BD2DA4E3883
vrcuijmom7a8a72sm8msalo9un,3B16C838D48505C4915AE76DABC14736
ls314viefq2rjlpmit83q7g65b,374AA6DC03409343DA5388EBA0D75CB1
kl2esqpvr63qndrsedn9ar0cui,3694BD0B32D51109D734C9F5922B7DD0
lobopupihuovggaop0uredmsk9,3F07987CC95F51A63DF0CDE1D165E10B
qb80v5airicoj22it4ksqhsg15,3E2F2633F65A9325D39195E66430376D
l38gjnpru39eqfr1i5gpus9nv7,3A8D61C5E192F751F1C15583FAF73A6E
t2qfodd6oqrdpbt0ldvt1crafh,356245D66AFEF28DC55AD3F514849E93
h6gdsvbu6l8236k6u15ns9tbeq,3F30177780E0FABE108A76710D6C9B51
ohqnag2p58500gps354rr1ddsb,3A3A69C10BDCA63F9E976CD5F9EEB187
j0padff4aik419luv05rjtucqd,360CCCFD0D0E7BF78C101884B301B800
p4rsqhe99j1t8a5vn10v8lumru,39DC11C1130787505E863952E87DB100
grqqi4duqj8eveupvecdqej7es,3EEB06674EF135F2994F81882E59AE21
eho52lg5bhd377g5sors85cckd,3B3BD7E6C139A657C4895780C1FC71AF
s9cimnrb8e623n138711re66og,3C13AE498284EE358BF0E40A0849EB53
n6ho7tguq1lh4si94ijnghcqj,38AACC3FF9534E6213D9FA8ED7641C4C
98glql7hbic59e99dtq3jqu078,3978430F52B7F40768BD445BFE13784C
qbb1slbpa1atae8kfv3apsjv6l,3F42485F6A7167AD931417DA756C1D31
kvkdug36mfkblkauof4aa2dopo,3D3920CE79976FADE21FD7F302D3E22C
75kp48s5r9rj2m8nv6km0puffs,380E38218B7CBB2B9AD08AA6135A1DE8
nbtee6tlhpnnhv6fqlghdqvj1t,3BFCBC74D2E5192B466858C7A13A24C3
div04jhs9p8834ccfc2vl40dm9,35E99AE4035A58DEA91E7AADD259720E
rb2cj3429aa9vi265lrpct6hbp,37A747B8462378A49A6E6FE959073F8F
2ct3o4rk5fhsr046u38klqjrgs,3EB8CD57A88B9328F64B4CA9E5FDF477
vmsm258pq93kah8gupr2pv178v,3A53860696534696FC9071046216A3F3
vj0ke3s0u7k4jemelrcs98hogd,38B4063E5C51214BB746E82ACB35460C
5i23oghv3aogu5mdi36ufcto7t,3852B69EE6D9EAB938614F237F27665B
lq4d03ube3rvo0edo0mv8utl7k,3AC1E9BC67D77B01454210077C9B95CB
790ner558qgdn9kaotfl17um77,3A2DD1A8B4119824FAD68925AB43FCBA
5ns6io7j1ne758n98j8q8nlo9p,3EA069AD89495E36F1347D9E7F3247B1
hk74ra69i92v1k91nvf9uj1btl,3E5098F9BA3B43B894BC9E989C8BFCD5
ji4tflve16kb0poie29alijnef,378EEE0D87C1F34E51A917651D33F505
pimalf7ehffaejhg3jfjp0ff81,3D045DAAE535CDA19C528A81BFE1734E
7uusu0us4b7c1qts82kpfmjklt,3B8DAB0A2E1DA871E76D46DAD1A01D2D
mic2n6vmtrvo1p0d7fps5ir024,390F30732C0B8FA352266A89DD54536F
jttihuvuuscpvpt38sv2pj1b5v,3B7844E109972403FDDE9282C216657C
1ehk93cd0c5incetim0jic0ei2,3BFE247B1B84F2CAA56134E930BDF87A
ciof3mvfria4n96rlbgdalh1o5,3D753F9B469EFD9F2AD983EF2AF0529F
jil3dc3mm0787539v2vtm2era5,38BAE25DD4BA4D40E90990FBFD52E943
usal4kqdv7baj2mbe13bggsjps,377DE59792BF796D454FACD73E91CD05
5ls8rh59i6k3kehub7c3ui8lov,38E502F1319997646E845308B751DFE6
6avdi3ttck1nskte5mg35802ti,3B77F5A0F4EE82E990A34241D4E7F3A9
76gm6fm8m4slt94u3sni8jnbu6,35DA2A059422471858E84870B97FD193
kdi11dahvotg07bf8ho1b4hrpv,366469E11B1C88C58C3B1238B0F9A7DB
l7vtbbtqj6hjhqi41cku8501b,3CCC5E38A568DA019A55F4E15F6CFB88
vhg46cseaekqbt8as4idjp0qc1,39D914DC5FE232C35A649A488529EC1C
bguc8phbqrplgvitnfsc4o08kt,3DBFA54B414DA2B6CF5DA54F87F6D3C9
bt976tkrqitmu8e24a9uc2ar6o,38FD61ADE167B23479620C4C08E7F8D3
afqfnaica8406bnl9g3fh29vtq,35D90FDECEFC7FB5D8711469F79F39D8
7l0r4n4i3jvgbj5vnuog427k6j,3ABFFC28547262D446075A62E49F77EE
j56a098masvdg0i81v08nabkvg,3FFCD0369F976B4EA6C5EE9C4B063642
2iog80mcp8bb41q5r5cfo4pdcg,37432979DA1ACE5E727CD336D9551E77
eq6e4rjsbslv3180vg7jabpa3l,3CBBA5D608D347AD7EE712D30682563A
j82rbilv98ruvrivjiesqobck2,36B9DF80798C7F5F4C839597398548AB
n6ejk3n96l2ju1iefps0kjurgn,3A8206D276E1CD2FD4E4A24BA49FC088
8asempcfp7uh6kvs8q6p3k9jg9,369267CC6F819717419E23DC1279EAFF
b08pp5g535i59rvtpksbj0f44g,3DA82376B13EFFE48D5E9DB98D72B15D
i1mfsp7a0q20llmjuo7nu31vr6,38A6127342FE548352DD91340188FD93
2chr6p2p5e2iavel4c6eddanig,3DDF666E186B9B9C72AE6361E7E0D750
1qii27ul1u16osevh598tar77d,3E6C7FCFF6F6747881E721140AC52C8C
6ehu8h1j0ieh98kopq5io7r61a,384FA3DA6B80BC8B7368A3EA10D9EC89
1pcft2jl3jvnh152t26jfv03hj,3A034579A204DAB8D5E506CA7271D8CA
j3fsq7vju73kh23hrijjo29pvo,3B1F01EFC9050A386CC7A2754B5F967E
36bp2o8m84ois6ir1upvrshlp3,37BE1013AC1112D9FD3564E7A7C2C146
9491179rrvldpi9phlrktvfn43,3E35CEDB1AED894727F8B2F7494D1CA2
9lqk82vtds53klk88mipuephmi,36374BEC511D0E322C771AACB0231A48
1iti1p86st3d7vdpam1gmq9qpg,3612C70A1A44B69F8D956AECF89511A3
1mdbj3gfrudkfsnegmg6er08rl,3BF07E6F765EC9AADDB520A238DCB807
sni69i7f263kpebqv37aqc8al1,3F3B5A7FE8B29A286E0ED295EF40E4F0
saujp9a7btfni72shv3cqmband,3C5D89C2F09DAFD6AED8C185C48CCE2C
dank5j3dkp4fmako6p3290l4uc,3E505BD60E408ACECD89469B0C6A170F
lrk25q67vgm1j5laato539iaii,3B2C6850163D066875D41D2BF850F2A7
t59vnqjrutj23jnntehgvvgeb3,39742175745E26540BD45CCD61C93748
40333m29vusc93640r8c95tf1p,3641A11F8112FCD6F5E84B1A1CE2F93C
ouf2fb7vef89h41b5etkb4evuv,37C890458DD1ACC75F10913F005036BA
dkgccacha3689nh62aaeciutpa,3BB21C792BED0EE9671CD6C5D729A4C4
7eq41r5vs82farbmpa4mp86321,3B0DEFE1AB24509093C1FF8C796E0DA9
ii2oe31f5gluke58t65ic27k0k,3FB45464F1CE692CA35C995F22729E11
mh923psbed81ph6o17tnmvosqs,3ECC380F770D1552C7EFE916A416D127
1s6v07vm4nf62ethbo2lj87iof,3D89341846F46961B5A7B576E3F11774
ps9ftp8f6d6pbqofm4nhl1m1oc,3FDF74DFD4CF85C299D53DD4E604F2C7
sbu9bqprtrj42t18envpefokg0,3D090FA5F558652CD9C06EAFA0075B5B
6g4pqpo8ic8j70toga7uatubg1,3E026AB0416FD4A50745815D8AF2BC4F
ui44rtcrms47anum9vf5j2s7ms,3DE000E844C1EFD97CE149B101B3A846
5cr91k2sm8ggmgn1ugp46upp1e,3CF2A96EB3D778BFE8AA3E1E2687405C
eqvcf24jna5132umb700og4i65,3FE08647736A3AB27A817EB0A1D35664
fa4ss9nmrfotjeiid6hblal1g2,391EB025C3FF97BE17BDD63F7B9EB9F1
35vg2201knop2ume6n87k0uf37,35801B485EE18AC547736119BE9643F8
6aqr7vjjkojuib8iq1pojvv5ne,365A69CBAD340E65DE074B379A1DAECF
a7cefgplqdaup7sprj8l7ltqov,3C9EE30FB126271EAC44320B79D3875C
9m883k27s0afunhd5julg3e92h,3831D87DC0B8FDA8AB094B00E2E8EC70
emkge96v1bslj4rdmk1pva9k0u,3FBA64AB916852C375F3A3D4A2FACCA9
r1bvnj21u6le9j5spui8tprf0n,3D206A4D6194B539B45A618E25351264
ipe6t8hfmms73d2djl8i0m1gmo,3D61B9352DEC496AFD7978A45E62F9EF
h7m1ognegkmtt4tmh1bq3ousbj,381E010068D835700DA80FC4FB7A89A8
nri84iq9tlf9k6sv02teouqpit,3A0F4F3FF1AC0DBF60ADD69CD17449C4
kfk8qdlblr6f4c03nf378laddq,3D3A74E952FD8A74EF700E14BBA20005
ph508hukds376lv3c2297aumpt,392A457755E0BB5AED87849432D31505
633g2vk5ik0jroq5rbqcvl6pfl,382BCAC4E8B83E7BCB56818897F08B76
3njvl61jn1ije27lb60q41on7u,3C533B17AD3DA446DB521479493D7B3E
bslms4gpghnn2qdo3p0inoaamd,3CD0923642E7A4E6985EDAED5C4C3023
754gmgeiahv4d2oi0abvpcqjmf,368DA1E1C6D67FB03FCE50C378333B40
b2no8osi3dl5uao730fmg6iu1b,38BFF199A68C2066D6CD7A351CE942C7
ningb9g07r0933evet8uk91dot,3DA0915C3E8C40004FCC961019EA1921
fuvou6emci65vlmgcde5814e0i,376DD11DDC778C8AA3C6A186CD6BFA92
iv4vfo0usqpq1t2civgjg4baaf,35CDE3DFD282D77FFB7D30C9F00CC8A8
3nn5qjaaq3iqm3nrrh9djploap,3FCD2BBC36F64EB5860E0BCDF2B47178
4rkp8hi5119t8nq4m7qn6429e8,3F85264EC2EEAF03EC948B9E060B19BB
umvvh4hh4ui7eeojn5u5efkjgi,3AD6E07A056FDC4666982A19485F7E95
gj2atuknuf9smgprkl0bb44dou,3F46E423C2AAC6E2A513721202D64949
h82ni6ctg9fhc27uuod93e7ovp,3F615AA31327FB13AF1A59F411BB664C
n4tjg8k03g32m38e5mkt02vugo,3715392EE43E04E010ED318F5B60E604
osaqae03f1dhif1hfciqq24mt,385C4469ABE2006180E38D37C7FF979C
jqfj3ocv5ap267u43ckqlaul30,3DB9F6AD3F7FB91DF815CB50FC6E4E98
b0b8tb969abh1ct60mcdukeio3,3DDC6B83A0141995AD82B72D1D033D01
b1n8mn9321m2rv6ru8msq3crl6,3C57EBE544F1F23D3C61F9A0E8619F22
ngmhp442mvq8t24flhhs2800bp,3FC392D2EDBAC3F6405BB1FA8343888F
ncdqkqt3gchptoqe811amkk02j,3871F518CB90CA38CD40961F4FF210F5
bitk5ial6nr3lfu0mg8amtdp05,3F4137C397C28FE99044B02CD3F3180C
b0o2gs2qreg67gl3d0uvu4aita,37FC05CA8B3EBBD3F2DE21BA07A97223
c1apfhe2sk6ag9kquu46c9ls96,3D398539A37D3758DC45754DE7B06122
6vlnp54dm1jl2c11phguo45kft,3884910C31CE08D4FFB31860C52420C1
iab7dtulk6dhukdct9dv0992ev,3E7E8C75B5335822229AB3E2B0D88F5D
tmpcfhgd9flmsqrls1im08lge1,38EA5ED853989F4C2E0374DDD2A2B5D6
pn6lcdtti457o78737qds8091s,363D72C8C4F9E2CF7FA35D1FAC18FE66
fmpceq251ebv308n860v9paa6l,3702609ACB256034C688B4032C43A403
r0qcvh2gmaecuqtsbiqplvc3u2,3FDB960B947382D558D9E65CAFA10EB4
e51n4dapbk3num83708go2gcoi,3679F0310E35B3D95D736BC991E3D863
fedk8mcdo3kj84ur2efrbf1ur5,365BB9314D3287C80E1CB4A398FCDC8E
tdbv25du0u0qmjtihcjb1k3945,3FC4C97161AA12AFFDF162AC2ECDE2D6
gqfb987f1en493ju1agtsvtar2,3F184ABDEC77C91F38C3BE03FA8B4592
9d5dtu6pq85h2i2qqeh74q6ama,3AE7C97C9D57F8D7A1ECC8A1152786A9
vp7e0311seihiipqq2t4ftndbu,3730C77FD504493127098E3B222CF070
vs2kbje1snf6v3i5f4vu8nmlk,3EB4DA26D7DCDCE103E3A660D33F1E44
b4kv7tlghtqii1vccd5m9gisr7,3D66025430ECD594117CD89071A7B2BB
j1t0fl57sorvt2mputr33ebf90,3D95B9F5E36F780F8C5D764989620E47
fu5ijlpo1hsplar8r74unrcpel,3A3257D12DE8AA9B52FD4042B8953423
96r56348rbqp0s19nr0chdbmno,3DF5713DC2BB469E9E7B29ED5C239471
u4l3ag7cfljlg98a9dsfkfvu50,3EBC1EAAA57A5FA551C7924C2F33565E
ev0v2jkomcaj1k4tr9qt0sp88f,38FD348B814E613F9C59E9853594CEA3
56tv7ja99oq2q8rpbiadq1aubc,38093A65C3C184BD2FFABE8A17AFE675
h55qg4q7etocps75pfm9gdbg7e,38283095F5852D72E1355514F783714A
jj1pf5pgnnur5ekspsm5i61f9h,3EDA8F3FB874A659205F8AA05F6EC30A
ent2p2dsgmcb11kmavu81nenmn,3A8E88E9054107D08072970104BBB67D
sjsspf19b08pg0ho23i75mdni0,360FF4DB965FE35F594989E6D720217F
j0v3serk2aq2jgu46vlhqfkur2,385B3E01DC28CB6DFA3889530E1E1AD6
34k8887q8ivvbejs53scgmd5ar,359F804F8F636B30E5A77A184804ABA8
cgtii4lpgv0ajqmob9m4oisf65,3CD9D38728184368790690C613BBA72C
djdldrjrdhdrdes3r92b9r02iq,3AD360A7D920AEFBD0BF3A1C0E4B52FA
1i0t6uiju7892pgtd22pvfg2bl,3A1A4ED98B3B2E6CBADB4DD5E7EF3EB3
dgie2cgt7snmmeql3viq9889ne,3DB30F498D8CC0F2A9B2012F2A6C9BD3
4l096p4grujndn5nrullif9jtq,38465F4511FBDA935C35998A260548A9
6k3g8v0pr8lmuuk2sg92dv5a25,3AFD935619D71ACBF49E4A03D01A6510
84colmf6gc2os314so98fg2279,36547D49F07CC58D6C69EC49734BA443
20ss1v8ulrhonmisgjfrpd415,38CAB56AFBAE1F0C5E11336EDD19995D
9v92vnepaahvbi97mje21kfr6u,370AE4B0686D238B23675F27B0432444
mifrulk8e7err09grb5ms3elr7,3F7DA3E911400C1E6BB363D8548ED81B
qe2sislf7goasism41h7jromfq,39370A0B57053F8DC125BE4CC9ADF927
fks8i1tqllpge1s5eauqto87f5,35A8D8FC9FFB5B21D35C20F84E16A38A
tba4ists5r0m1o2924etkje87p,3FB15EF337F9358487362E1900B6E28B
54o4lnd8tcs93ok02kfs83h5mg,368DFFD084F92D370D11FBC26C61F360
fmli4c660rsr4saq3pls4ce42d,374AE955F39E6D8F4975725B24C31D17
nump01vum9qd405lfeeniu88ag,37DA0CE1DE7D6CF9431F787FAC66E5FF
e6p96sck8s3fse97vsv5tdqc7m,395B8D0127CA129FD65DEEBD30FA86C0
ochvt4tcuc94eq7uarbaaaqt6u,3CE5A5BE18E8061EE67EA5016DBC143C
eosjv268h8iiruh2rg79ogmji,3C47C9AF86A77FE2449F7A8EA3512FE3
jo6f5ke30rnblsahma7go6dhc,374FA9056DA6597AD08E5A2F449E1123
eriqj6a19jrbmrk2u0gm3lrnbt,3A881155008DE19FBBD11018E66F474F
ho1jv2n6sa9p1ap6a52fo73d6u,3AF616C1B1656D6C7C8A0BAAF9216C93
6fcp265gdefh0f86ud3h60i9k3,3FC5AAD81B6EEEDB74AEEFD45644F5FC
r35oprb503i7uqgl3oj2vpnuii,36344285EC6A57423A9797CB0A53AD76
d5bq7srq0hop2vvapf5ilt6i98,3A4B2E7E4FB7C7BC2EECBFA55D666E92
pfpqaqnud9tpmtq0vvl5tutqu5,3DFA1F3B49B0B69BF3E5ED990493F52A
3e5q48un8hi1s8ih603864duh4,3AFCA13AAF325F755DE91EF441AB3312
dlu97u1cd80uemp0i3egr69mnp,39C6A28CAA78DD3CDA07C74CDBB10E0D
j5c9d33ajb8ik0ijgv98b484vg,3C604FAEEBF944F4A6774C37D71FF835
u4ed6jvue50norsh0bvre7mll5,38EA4BD8BB8E88B606F92918BC66EED0
k4pc8of5s2jsaacgnsffhkiifk,39F1594646D5C03AFB04F3C843E0EC37
sgrkmh28cpvbhi8e83ti90cqe4,38C40130CFC454DE8DBFDAD4AED645B5
aeonfa9ciohos94kpnr1ab7bqu,383E0D51B458FBC317D6164CD28F0909
eikrtt14b09eltkstlls039c2t,3864C54BDB87B86C4EFBE63284A54988
5icpn1fhooeebcvnk79d78opvt,39E557F97F7A82314D455E985C502E07
q6e0blc85sm6463sn1t9m6mcqr,3A3ABD994C5959C8129B33982C9C3327
5kg09tuoo078cjc6vu5dc7og6f,35E669018AAF10385FDE97857E1AC427
mff73fescj6v2cc9lrts1mqcq7,36E662FFA4B42373BA1F6AF473E91432
vdumbp3cj12ucts5mgdti6otuu,38F48608A06CA829B5592D8A3F2EB6BF
s2i2ft8vmm1mk0h0ih170jdhcv,3D152EFD680E529982519566560858D3
st5a4s9t62tte7ecpfdkqafosu,3DD2445BEF884837BA10C4D066BD12D5
nqvvl8ccm6qo5g63urhudb7ce,3C228126D61C771B91B86636EC63466D
3osahstfane4r1dlmqrc9gmcus,3A2B6C04192B3AAC7118348C88120939
3q8a0783mpk9cfnv0vjvt5j8rj,3E46C1F4CCBE993DD50B234AFA6B9914
dn6poh91jah6pjiie0okk78cdo,37D726096C75BD03C2E47C68D86CE223
861at543ge06bb5vf4vct1i2jm,360F27FF68DF87BCF3892310C53FDD4F
4455heep4glr8h6k1i3qr6becv,3C3183B13425FED8CB40E07C60A16796
9rh3p7ugcod8phqrk3ebcv06e8,394FED0B1E1ECDFA0B1151D04E2224BF
5jhdu6ncc960gtteksjk6qrcs6,3EC21C30D4B904F4BF83E546BF91FB75
p0jfqnif7c94g2ffla56mt53ne,3EE3612557CC288C12CC050B0CC373A5
m1ndghu3852dcvh5e3l358e7oc,3893D7BA4ED4C17E787FCB8256BE7880
7pipavq5rbjn6kn7vdk5q6pb2j,35BCBCDA5B6300306FC0B21F2F6F878C
l9od0qp51gn9s072l829n9nk2f,368F2E85458954DD73BCB2D4420FA81E
1q68lnqs48vuonp6qljt34c8g,3E2B9026557992B5999D6EE58338617E
vf3uj9rb59olrark4gfi2tkliu,3ED5531272F3E0F1EF0D414CB561DE1F
mgl6ibb7oh64veek86eeg0jm79,3AD80BA89AED086880332D31682AC7E0
srsrpokl2ff767ion6ffahuj9n,39EE4C720C5EFD51EDEC9815622747C0
drsf2kjrhsvlj00lgdvre2m83p,3B12A108889AA06F754887736BFC74E4
lr3ir3dophv8fd2cpubruvfv0v,356D9CAA5505776AAF93F91D2B8508B4
12oaenuf5mpm8146mkcltqk1s1,3E765BD79FF4183377E891AA8B712BEC
p8d6cmsla006tp9rj0qp1eo5im,3BE7D54AED82C8D93E1262D302EDCF07
1k54jl9l7ekhithdaq04cjetd6,3A9EE323BFE4CE240DB2016BF01F2E44
qu3q74ba3g5c3m398h6kgpokca,35677D830D55B81D8A2F6C04667016EE
6se2timoesf9lqp81jlr80t7fn,3A702EEB9B68901B91A395BE874C242B
g9qjkdrm6fbrvbjm8ol4dqssc0,37E083EA0939AF579B2368394FF85057
31bvlgho7kaebnqfcke7ailc4d,3F68BB0FAF3E44112A0734E49A49DB57
pi069djqvgp4o086uuj5fjfdio,3A43B32F2489262C004C6F2D3AB1B307
9va1j319if0i3jjo9usmegsrfp,37E2D91717C2A1D8B1F1CA392AB1DA71
2q9t31m21u42pnnjn8a8kds6su,3FB446B77C580EFE058326A5F9DD4FE3
s72iu4akeeitpmfsjscuh4punm,370E3BB807435F0912E2055662E5C1A5
fvo14748ha0ffj3enmb1105v5k,3D384C41F757DFE94BEA6C6DDC2B840A
4ki7co15iqrin5ee2i8vbqln5l,36D8F1B8CD444B7592C742AF02E120D8
6nedq097mo486rs873jmj0dr5k,357A5FDF2886F6D9064632860258193A
bq1i2toshfajurm3pqkb4rs8kv,3BB117DCEB2EF282AF5FAAD9F2C14D4E
84gctomemccl4ns0mjgnt5sauq,3E13971EBD2DEA18E5CF4E6A4000F737
gfm45pvn7l1hktj0t00m7or81j,37191BF324B1C0D8AA429E9889CD195E
j49r8619ril41i04n4dlcv60hk,359DD87460B3D0278B827EE31D1B2D5B
cunjvehiorv3i8d8mr2aco0q4q,36D7020A581FD18297F6E3216B623CFE
f65t75t3d2ja13iua2ikf4uutm,3FA6D0668E335B1A204541D0F2210631
qli1788pt8691071htponc3g30,36EC83AAB72DA856D75FCAD2BEFA88B1
63bqjf5tam0ciatr8n6bcvdqar,3B684B0D9FD2B35472E678851E6A868B
v1t521qit7a5cre00372idshdt,3F43504DC79F10C59F70763B7492F139
21ncdgo18runpbia1b1pfetad6,3B3C8158D34FC9F833AF355554059E40
fnr0sua5fc4o53tbmv06vangki,3AD2D00861FF71F1B16BF9FF2C0F216F
kos2rrv3u28shevqvpjco8oro6,3F2CA2987F7BDECAD6CF0E90435F2285
dtmu7n46ipthv4r5gg8734pqi0,3640DA8606A2402C87C62CD8FBA2E43B
ueblof8qu2fgagifc2dtb856pu,3906D33D06506368C0A6C25D5E0FED82
13mcnklrhlrvh8ui658i04dlk0,376772982F0ABD785EB7789BAC13D974
gqti5ms6jsnbl9ve421n8mt1om,3D2B1970337BC7EF017108648C0207C2
ksbkediurnq27mddku2rejbk0f,3D7D1E256094246CB5D88F540DBFC20B
n64aa7mho799o5rp0bhrop9ad8,3CCB159A0759549E12D718A10C2D38D5
fhr1k79r6omh9fh3r4mtmottr5,3969BBBC5A41196A10016A1C185A9907
1t9i03r2ol08eqdt7nnm4j89q,3F9DEA8908C15229C1F39552371D9A2F
8qamh5pvqofckangmg7om2mqgf,397BCBC708DC33A698481483BF8F4AE1
rkjabqab1d4qagjcvmi0l4h2ld,3718C11DAE3DA15526DC34FD0E2DC437
r3a98bl8l5i75fjucr0k590ccr,3CCCBA48AEE39463416AD001FDA3E192
a1n7a3qj3i250q0jo6gaocbm82,3B4E2ED295A9722B2180C9256305DEB6
1gobgbfm7r1l6lhljeb8rsfi5u,3DD82347D47F761ADCF747A2E9013DDC
8c1v8tsr95skhcm6mim6g8vrci,3F7058FEC96F8019845BAC4F11E4447A
sks58f0v7desoiv7bpmg913rgd,3708CA9577EF2EEA6BCC985661179E80
ooqnb4126ed8vclhjmud55h724,364FF1809867CB916B9F72FA63F850D9
732j57j04ofo0c4ck2bhkgk3ao,3A075CAED939F73CE80055C7EE1B798D
h0m6u200mqup2tdc5emgh6gual,37DF131A3C56F6E80672CECC8485ED4B
iu35t1g7navrdd9i2c9md5a8hc,3FA7724CA5D970ACAF39FA90C917F176
udv19i1esn9o1jc7hk6mar2hsl,3962D06533B1C2339C1993393B542C41
uigbue0f5pieap48s228a9vh6s,3736DC6028273BD2CFEA0E01A066CB5F
ocrbt2t8qt5bhfcub1k6krfmov,3C047820B0F0C04B953D89DA57C438BC
luu9j10j3k33h6cnao13i4ufe2,3C6548F2E5E918D3229370323A50204D
tnpd3pe35ogubd2h6mve51hgt0,3C3858B5564414DB3A1F886EF84D70FB
cee919o2ke4cposrnmabigio96,3D08B565F0E4B7A50D559F7C9D653693
ea50dorulclmfnef6jpd6hvkqq,3C93D9AD444C446EA6AD03AB3D49F052
5gl5f15gkig85jbo56dhbisqr2,3A84BD48B919C8E991DEBB93F4C4DBB5
1fnmm3ia6501aqd1f2pllg4kku,3E5178BCF457CE16FB70E19D5871232D
7d7p22j082ase9qimb3id6tido,3CE0C8A977624F6D1B3B1D1C27C59DD0
csurk5t6hub24gfo9tuaqocdcj,3DE6287DE077B86755E73FB5ED4E1EF6
olfhj0rims0dlr882km1jbm35u,3A5ACDCBACD14DABB8737471341F7A28
g74l9lkeq7rj86cf4frj11i05r,393966683A30AF6378CAA83DD8E738AE
vktu4ee3ja22cb5cvdhge2dcrt,39E3D1150E07EA2927B93690CBA4EE9A
gt8m0o9fdcside5mhb8vu0me5q,3D9E1713FE3C3DF90B477F1865596258
uplo3bqtteomi5o97amna96fbu,3AFCADFA8C88C25469EBB49AD91B27A5
r988ersfm5uv5ce3ic0k9ls1h9,3A35EFD8B1F93B469790C9F17708C9B2
2gv5lfmt3pjdda9l2e363vguin,379317893F81BEC8C130A43CE70FC32D
hrh8qdohvih10dpk4m623vld6m,40035A3FBB5F2A72B738B2A12E1BAC45
hcmvur969kq54kkfaui633sbu8,3BFE0B6297A92AC58A87B482D2AF39A0
uvbgrd8gpg7n90479ldefo577c,3795C471E2060621CA63300707CC01B0
kc385dasgf5d5d0hs45ougurbo,36497463F9C8EBC0D1BD87CD3A0220A5
bp0o34hlv8f434hkcqagn37vrf,387F957288EE183D50A75F4A260ECBC1
ijppetttfku642auqv1klu5t01,36B33A4409ACF3E1326E09E5003FE931
crn2pttjpjq7553cr41vdtukb9,3F8F037B39565A66AFDF0906A48EA2E4
p30dbctg8cm3kvb70hp27m44d6,3CCDC80EECC7D5E9341B4A3B004BEC2F
rfice12jan448gsaqpnro10eln,36AA36C9450B4C65812681B1C25F72F7
7b6ll3sk486j0ce519kc1oad5k,3D29A7FEA27D7E370069095201990BBB
pp9vqhg1ilblb7fa0u990tlqlj,36F1ED3632E8F1A05424F2E3D201C8F0
p3q22gbmpsao8rrn8gdsllels1,35C81DB2220FF3C0157B69AE0DE4C802
tnbqptkr3sakotpohnbu53fr1u,3576F0C851F5C5B9E4A982712C3B1388
lhbvvami1ump8742s8kn4hf7gb,3F238A01A73A4B9F540FFA0E09F50925
hs8o7a05u61b1eiu93oepoju1g,3CDA9A292D00415D03D34BE10C26FAD4
2p838m1s84pta76h99h01vl4l2,3DFDCB5C7D888A19F4F339290C7EDFD0
3rb65uc0uhcieg5ds1mg6f7fb9,3E18445BECB8B8B4B19563472D4C0D18
3ju2i82d5k0o50pfladec0v1eu,357226075063F0676CA913EB58D59917
t9vcs2afe4vh5euq8hvjggs2ht,3A932ACDA7B46B72C1E7F4060093A853
gr19on35j9d01g5c6mijonc113,3F870891DA841101B5FDCEFB50E9CB99
59c2hakvv8pdgrj4pvrlr5s4i2,3830DE75324E526B937442B03C55390D
bsf1i3sg7osk7lplpi9uemk2mr,3E856922355C0B2A543A8896BD6BD69A
ed2lrvgac894hfvplmmpkkgo2g,3DB0F49F70E04E961327E7E180D96396
7b08l3qtpmi5otu5hscp50uao6,3B952ADAF1083DC0E394FAE30B332D88
k81d4jqd8torv28hsjhggeqhor,3C92F3CBEEA970B97B3932D940BE7BC3
ahctproqqq3548ucnlg7h8sq52,3EBDA45FF1182612F3464A297590D6E6
epa14qgll638oddea567qjinnh,373F1608BB7848F86903E6985C47208B
k469ejmr4q2ja750ro3chdnaov,358811B4E92C89FA55F5E64910E43B6C
g0ffen5kuan5q730rk9350h8eg,36CDEB2091BC222FCB32C4C85E313923
o7cdnr5qqnlglm3bha9k82b95a,39F2CC81E658AA37A19629FA594C517C
72tmpu34vap7qcr264dil1u9a5,38B47CF4DDFD97F842408865824D03DE
n08suninddk6sslulnm1c3adbi,38CDE98DF821CC9F4FC3DD33ED10FDC6
nvnhdt016h9tts6e5uvj4k43i3,374B19CDFDCD763E63665300FB0BDE42
selkjn0rkblkmg8htipdgglalv,3B2979923C5942B028FD040B04C884AB
3dn2927ierv8nkie14fp26mtcl,3BE8AE77D7CA185C51C5B47748EA96A7
aajlij50hgig6oahlo00210433,3BF0E532B08B71C0878832D35665E890
1nkonkl7jn9m8m8kffaupnvth1,3A6D88590F5E6821010FE26BAEA626A6
53cbs9ad522n6pf7hcc36e1g9c,3C7B751D4E29B615E5B87B928FAF878D
hajef1pu63ajmtmo9jfan2q003,3B279D6C44034AEDE10D7D2184A499FB
in5rgohj3mtlg1gskao597r6p3,3D191D95D45D1835E34CDCE3DAD136EF
9acvog7vh859cqnmcd5548f2um,35E7C11C2419918294DFD6EF1C8D6450
emue1r7sqfe81op77jqulqp4q4,3BC1508B157C7B7A27F7F65427296038
vr700jaeaam84cfnfh94200pc5,3DE265A27FF7556407A1F55E95B44E46
p724jj6h4brs05392rkclrhmoq,3DD2E3550489EF7EDC540AA517439CB4
sl2teh0ia2sftrh95nnk1u0i8g,372C8963836DC866CDF9425136AED7D5
llp80aim9o4v6i66r0ef8girfn,38C1329ECAB204F655D4305205627A61
aqee3g8luhbj1pruo287vit8ml,3D28D3BD516D4863E7EE4B914F4CFB00
h5n218iosfpq02v04oice7frlp,3B2D218FFD279F036C2261DA482983D7
jjpf2kfgbpl1n05lu9nv33ls8c,3C29E6B02BBE058BFC0E13EB7A134B84
e5jbc0dj7t6ngqknalfbamqu3r,3DB5BECA00CA5F11E5724ABC083E1D12
i272fdo58r636lsmg02d6bdb1b,38CCEC2E4A57850DB59E24D1457E4649
plsga25ror8rb8k34vagk98pc3,3E572637514B4E10E23B59D657CB0140
n0emsro3p9adabc8ql64av6h8u,3A4DB9B3EC4EA34E79D9793E2569B49A
rpnthhelh8802t0k4fqsh1jtif,384CA393C3B8513870A73734C278F407
381kies36f336vaqt2g76jqci0,378CD936E9B6F91AF38B1BEB120B7068
2n1vlkms8oarthhbhgr8vu3717,3D1881BDD5E6046134F983EDAB47D1E7
9imjrk0squjpf77rri07t62qsd,3892668A289D57300B5B2527F91FE43D
fdbfq52fcs1abrgah4t1n55oit,3EA348B0BE25F185063BC7D95EC3B898
adamndpij0j9amfde58fctb5u8,368622280D45CE26DA44099A4798D74D
mvsj0ijusof1cl3ijbbppbiqol,3E371B7D15C28B3835ED057731A49EE0
2j54181mvp0bidau6sf4vjss7i,3586A710B6FDD2F0D6D69637EA0B4C4C
5tiks6vfth555d89k2k2je52kd,3D55ABEC2F9844040BAB74650F4FC063
r1hbbmvfeinujaeu7o4n5f6l0e,365205AD0EB9B43A8578A473E97C32AB
800a3i5rmug6gvr8jqgs9v3h0j,35B0FAE7AAC171A9A5883B3DBAD048EF
98pvpesm1ef77qualschtveik2,3F52991E0D18715AC8FBAE60BE749ABD
o5qovv46ouq6qgijd5nq484iut,35FC0C74531C61327B4DD78D721018E4
esgnga2uf7ncdqnd1buuoleabb,3AD02566F811DFC68DCA91B7ADE136CF
gikn9thac6mu0ag66rh7ricbg5,3CB634D99CB1AD94113D9B2683FA5B28
k303rb6poq9jc6hpoktgmiooc5,3FAA6769722B6B44FDD84487CCF44911
picon57fogmq85ahfmm5h9mkhs,3A06BE542194CC4DDDFB572A90988177
futqmmuq26q7ltpd8hg4oatgqs,3A626B625E11C5EC704AAFB424FA7D10
dcgr4ok8dvjf1lmfg9lotr3ec8,3ACB81AD9C41DC3768DCC2766DF08936
f5e0momqbv1ifc3cfqkvtq9kvl,3959AAF90D631E9BC63C3F16812533DD
ifq2crdhm6phfdl8pu9i4o13qh,368C1565762755D3B5E5944068465057
dqel6mrab7j7c380ue7nejoke0,3634349C83D4DC3BA22819D36DFAC30F
qjupfsfo74vlmrjubndiia6emc,3BB35DEB54D2DCEFECA9CC1E4E8ED0B1
44d1mclflokfrlq48mdmadf0ra,3CD9CC296FD54BC4161A641B35C8D800
d8htc1vfq9fg2dh6ojh3u5hi8f,3EEC350469CB35AFAD3BBEC07CB7E083
nc294d3fop1oce7hsg3vsfiun4,3AB6681A738C76C50BE29B8B865947B1
pkhfkndppnbv81tqjo19smmsen,3DCA24A1C1225B9C796DDBD704C9CF07
u9opog2dodv4jlgt5jut4bphnl,367DB4857B81367DC14BF5248641ECA4
38p4ntv1e9hb96plcld1e5fios,39B37379AB7653129BC41D8D1FD3E261
35onimana8nhmgeflojpcinl2l,358FE2AC00DB180CFC4A36719456CF1D
bk1i2mhvuhudv0gm015f62grpe,3F80786DFDF4A36763E912FF56DF0BF9
41doa5rbp74q1tn5i22g192p7g,392A8B6A20990F1E3E9BD55B9CFECE54
rgpn6ejgvnmqaa47ibfuit1kuc,3920D38B6D1D4630EF582C4E1B985579
3l2eqsc92tv3amhbhh26hphf0f,3D28C4F8F70AA1075F47DDF688540D9F
fa602hvukeufhcgfhoi8u8gg6d,375A0766D425E48AB6FF0C5E9B20856D
lgp7msso38uibst2u8f0qjgdkh,3921602961F2CFE914E771F1EC5A3A3D
ve12kp4lvqc6p3a8i0o0c79c7j,374276ADA0B984372344F71B8096DDFC
qefjee8sq2plbsquth2mte9uqi,3DCACC0FF0DD64C1F754EC2726CD1123
rh3cpakndoopj8o3gjeujf3r6r,3B38C76B96A88D60031F5468A39C45BC
m52vn57vsjnv54ta2adj9u0aht,3FF1691D7B63D3BF7A10265D5EFFFE7D
jiv05vco4ch3p7vvlebdvhko35,3EF6D94FFFC440126D1454C182271227
86cpdknr96n6eiclgo64vei09r,3EABBE3A7070F81A438E848DE5DF6C36
bi7ruue5rnbbp26j47ejhfaiv3,3709123C1A76D1BC28B5D20CBC8065A5
hc5r82ntijft096lpitttt0rle,3758E078CDE66BCE1E76C500442492A0
uca7bkj15los7actm288icpj0l,355FBCCE5AA2AE741862594E19FB6457
vl53r95nksja2shalv3m29nv37,3B7DFE62E4164391481FA489CBE3BC8B
2ajs9kkhbh8f7ftuofivue8dba,379A884A5EE56FA17886799391AC482F
6qud1do9kcuj9faft4b7kqjnje,386AF23AA7D04D5028E3A9AA4D6B73C9
sklnnch0pdka9mdk9nvatqqdtu,3FAFB2E143E69E2DFD558A16E649B4E5
g31r9tbd62r6onhge0o0s2oo4m,387A6B5DCFA40627998BEE25B4B820B7
tpr92lh7itrihojv85fgtpnthh,366366359DCA013172DD48127A5F6D9A
at468hiri5siv3d5q0qcima5tn,388B071C35297AB2E04757BB26F28E83
nulcda7mnkb1svglab8cqipd9b,3DA27578D3EA30F5A46318B6D29A245E
pb4hmabi936e21cv16u3g9c288,3EFDBAEA910B7D2B43C434C09EBFC213
pi4ucupnkl30mhah6gmb8gp92d,3AA410E7A19F6DFB42FB782F049FA0C0
23f1ctgijbmn2dab7d747fio8f,382A9395358B6D4F828F4607B96CE200
qqtnjsnc52rnaf7nuhfbhgoj4f,3926A73075BA5DEE55E1A4AF06C42032
qaode45u28mb2nkjivtnh29ejm,3D7131AA7E225EE7B70DDA9EC192FE6C
46p22bricpbn3hci8p35232rpi,35829471859AAA2ADFF877F43BFE0300
7hds4sqivl9dri6s8inrhso9kk,39DD0C68BD4667F0834E1F2D6A8A304B
cnv8ij97bsm27j0a9vqh0dl75n,35E68B053A82FB4C14C85FC74B4A159B
p4ru6dnhhhjnai2v2magdmrtg0,392C1287118D7045D9BDF8C10CB9F304
801ru9vgufs2t22rh63io8t8f,3C57500FA8823E1DEEC03A8D97B02E80
9c5j6eark8cuigr5r1bfop8mf0,3A972FCF409F7A16A8EA0467E4B657DE
ptauoupu936ebkrgqudu1n8q1i,3F426F6332C4368FAB3F6980DE8A1F39
399b40j13dstcql1p62b4pagau,3B6715B9C8CEBA88B82C14CCDE880BC5
8j68n6j8hibguur3vvbcroaq4k,3972914CD8E97BC845E5137E5043581E
p6v8sehbu6bf1lkeu1unq1ni12,3CBD10CDE06EBE0A4D316349FCE77EA6
8vmsu66dfvfvj2mqfmom4q7m76,37AC8DB4B007731E3DF928A4F47F4829
1jkqdkvfrn3brnujr4el83r6mc,3CC8276684E7B73BFC5A862C35731A49
u4rddcim2bblhbl8iktvctolr8,395F153BDAD018E5F012EBD4A2205150
740aih2e75uue07bnh3su416is,36F89D73F70EECF621A5F092825DD720
fi0jifc8omho1lfpafob3b2iu2,3AA1FE2B07D8455B2443426D00925E16
ao43k6vd7pnn8b1fu8gpocgq5,3F4FC73A907304BAFA1073CCE010C14F
2vhlvgda4r04aoblugansar75l,374F18CD2F2DDFD68624886729B06C0D
1g4tuohc3s8l50c2ovre1uohpr,35E7E7181EB761E0C0050D8187DE8199
8nl6pkkoabahlgklv2pljbiit4,36A66CF7023510BFC48F5F9DEC1C7A6D
q86n5o5so4eh4gdibdc9t7bf5n,3FB058A8968C25EE9468A8FD5878A09F
sf0d082i4k73bgr34pimshlcmu,3835A2DA0ACAA4F2078A57BBDC05F074
1bv2gst6671uis1u1205fg7bum,3CEB8B23AA4A22D3B2F8B90BC5394566
8urh54ie2i4j5pac8q4j73ki13,37B25CAB82203E45BBE536CFA14A7582
tcuohqtounugrbe0i5igasutol,3BC5346472E45AB6C07F3F2DCE9B9C25
b3u9m2mi9hqbjahagevk354st3,3AFF4A59C888800867AFA7F44AD02D88
pdhdba2vf9p00pf32ck02a5aaj,3D5683EBFAE48AF0EC75E5F8DB1A4AA3
3mhaag358mq5aa19btch92grql,35674665D8FB2D115DBD1F8E6397F05C
pilc6pucisa1pu7f1toon2cm90,36968B81CC081B7364AC06608CF09DF8
h6dd57raqqkddpma4q9cuts7ou,3FBDBD1F1FD91817CF29C4FDCED2400A
jvh4d7j95p028hab3rv9i0g4f4,3D9AE94D396B55F2DFE9B008185555B2
odvsgrv511ud5mg8k3udjp2n4q,3C0E2A260BD645DF41F5D2ADDEBA202A
24aqjr7ergpc1etuu15dv1b2o1,3E9446B5366A8EFC309D3014C91870B0
nm0bh1cpkd553jc5p87vvqk2ca,3E6F6005A0C33B19B07856AED3F81B5C
nedvn3roag018pls1go4637opv,3C5822522F731E39B4A2CD36C8FB311A
pcvqbk91m7ue7343hkh13mm97a,3C77C8DDBE17FF5E08AAD61B3A00FF70
cpa6hpq6rdvl25rd63lj8kp75c,3B5E3B461C42C2D482A0AE1D0A7FA4E0
rf15sb5r4njj4ihli0fgrr47mo,38A0CBE1D34066680B7AC980DF709B7F
muame7j6o55tjr71ud32l103gp,36005404595EE17D035A092DF5D106DC
8enmo40ebgl1fsu2fur6vibidu,389A10124F2C3E03837EC37B0EFA9FFD
jpplh2g7edqluhbruqfhnsk0j8,3A6DAF6DBA087E720F94E3201BD372C5
2rm9u4oboem4l9rrc1d95h7o39,359E81E61467613F4BBC670865AE186A
539iuqfffivu58o9im059nrivu,3DD5ACF7D2E74AC016FBD083AFF6C99F
2rbn2dariml90uqt1r1ph4t2c2,3CD74498F79ACC5B2F87E8C06A39E7CF
2eo9ofh0u44dqkjrq2bhbosem9,3A27D39CC667924BBB50E9852311406F
r2ce8dm3325q9t0uiub1l8f31a,3B6B9CACD1AFF2C2F5FDBB1749FDB079
1gvvrqahe3a5reephr26ji1dt9,3E7A2BF553FBB90A2E521A4925AF949E
ss7r0pfbaoo5rdi89901l64hrl,3F011CBB4BD1DA64C8CBFC747CD75AA5
k92d3he6rd7p4gc6bo215nfk9i,3F267381DE709D1F9847975C18219401
8miuumvkpb86aidm0di955npvv,37EB7071D073F8000C3582BEDA20508E
equpat19e31g2jgsf0bs49joll,35D6FEBE55734E54003C3175847B9E2A
r2ncrs8568697spjq7qik6fqn1,3945984D5373B03709CE251657E5C3BF
qea15p7tnv0kqn0vhpp8rms57r,3646F3433EEB7D19E55B7A314BE25083
os6pfas4i8kige49qv0s4np6fi,38A0F7D90FAAF4DCA0C9A9FB69897965
cgruf8jfv419f8vnerp50ddf5,39C41FDF639B31B49F7EBC9E6C01A05A
h94rmh2d79d4nr0ll72h31kgb1,3606F5A355F310C1B0C3940645691DE2
vka0d2nhtjsm0g4bddk0mv2137,3C072036847D86F580E10FBB110A8719
goat3saftcgl10vea1vc6oo0ug,35BDFB85A629648DB8CCD33A6FEDD8C6
j14jclqn1s3888uq8c2ej6dcdp,3B8D0DCD200CA165C599FC0BDF0E0FB9
pp99aa4neqv4ig18qu2o32d7kt,359319BC8D326296D094F7942AE4BE0A
hr2vku4fsfit023hle2psr5trt,3C362BE7E0C9FD0F5A36F0BB65D0934E
5ehb4r0imf689sgbadgnl72ulv,3CAE022D869CC0B943CD1DFD86FB924C
cfuiv1hdbuqg4vm1kdipbbrmm2,3BE5009E1CEBCC37C2640781B33DA375
57k1f0t6v2sk4hpkb38kpt4962,3753C93C7B1653DB56BAC9EBE696BAEA
5ck3agvq5ai3ti4fs7rv5vqlie,3ED5BC3EDC29E43D196707823E448E20
rgse19rnof5b6ko656pl8j4kqt,3E652EF3AF30A529DB5CDA66F01BF674
jf2rqq0p0lmttg5679a45jr5ur,363BB0A194058F2562FF4D6A34A95772
rph4hkah28ibc25lm7bgqv8t5u,3AC29105120FB4BF255C9637048AD632
d0pufjlek97qm1eoi17j6j3hg2,3AD201DA3EAC81324F66FE4FCE18CF4F
gmikef0rtn3qpdor6kr017v01j,3E20E8053E8F6815B0BB4493820107B0
aufnqbesijsh6bvark0s85p0nq,3E7D888327D604D9CE20A7B6E8D62D31
oscjc8dvf5n33eauutoqiil5n4,3AF4602B090D8E7F162FABC8D38FABF1
lhft7kd8negnec63eci4nnd2g0,37D706233EB25CF05DEDD639435BF101
gnlbato96d437unlj128duj3rc,3E640EC628B73F1B4FC44301CEF97216
h7fijlgqtmu88inbggm3oor661,35F1E083926D5BDADD8DB9E4352AC80D
b909v30o2alj8v4railp59vbib,3759DE98616183DDEE345ED2C8940358
7uq73t9onarj82ra4vr841078t,3AC5DF4965AC7242AB2DAF2959E045F7
it40qasoovmv2luat6mc5j0jd8,36CADB6A62F48C3FA13E2FDE1B924452
tqn6po2h0n7i4j0skfqimc6p0c,3E2B0D77B0443C0F0BF66522AACDC8F6
gmaugjre8kpe4bme0t4fur0559,35C0BD7321EA6414C83B3898247B36BA
htip8ou2fhfc22mu6ok7ue0pa,3E6AC274B70CA74B1DDB5B5CA512DE6E
kv6rijgbh6omli3ljhmc11ppc7,3C2C76BCB231E380A7DC9B254A1BE5E6
8srv13g56ck1f3klcpqe7evjgu,3A9F14E99D439BD7EA94B5CFCED411CA
blqi7jd1t7fkqbjtstklj4e3gv,3CC644BA75BCDF795D416A7E7B240567
i4mnp01nb443i5aoefhigleri,3627E7E7FAA17078BC2CAEAF2B8C57B4
9tkvkv6isr348b5nud0ihnq8id,3CC3E4558FEF2E30D5D41DC054633B7C
6ssb7prb9cn540h6k2ad5pvra2,3DC87320E8F8822ACC8DD622C1142EC2
rbttl3ssra2dmrm06ei6d4b996,361166A8DBACB7D93DB7E29BAC16D961
91uq35q2v2kmp9cvm9uad6ijhg,364496BDAF1171F581A8D6D6FBDBAE89
s9vuc37801rh5c0hiqc8c1ksn,3719BBA122852426EDA9F990D5CB0A81
p0g81nqb69t6ac2a2nfmul1rjh,3E0BC1EE28CEB0520586737C54B84A37
3kbbnd2fqdcsd0940h286m4gep,35ABE2E219EFF29E91270CFC88368FE7
b5mn42l73oiv3bpu61brj6tuam,370D97D8CD629B71DFB8AE258D64F599
7fsjrs0qtettm2mt840u5scqnh,37E1B4F369FC8BF7249DF4BCF8B0D8E0
honsuqkrcu56erf9ub2sb2s422,39F2122494E27329B0D0E6C46F3478A8
lu9bjnura13vv056pkd3bqakda,3BE085C7F9D9486A2415B303942B93DC
2ssfesqcfjc3lve7e4uiu23sbc,3A5226B2042C76DE6C4E9C99D98A5DA3
skf39ohlcr4a2vad8hbdq978cs,3B6EE6E8B837BF5C08A7F41337555F9E
ac7dr14ofuqmi06qotbv18evrm,3E5FD1DAAE167C4DDAC8945AE480B40E
cobi4vs184qcs3si48dkdv9pdi,361ABB3441829ACDD9C31599ECBE65AA
d2j01rvbd3nks47quq4bkstjnk,3B56401DD6A9B3AE8B0C99A9C95FD394
95km2i800fnta0ue7skssgl8vk,3EB527421D8E782D8AE2E4F3E4D80CD7
a4hgvbqqsebb1lvqt4arh3etqk,3A5DBBCCF609980DFBEE5685F75DB892
i8g5278dunqoe0ugj9mlpsaqsf,3A366C62C44B3C1C90AA16A016268C3D
7qic86vapt5jeoveimfi0noco0,3D066BCE4D4FAB1DB3A4C71FA1355B0C
sitqj7e260vbmpk4p3jcu4abl4,3CC8B40FCC18D40661DE773934D969AF
tbop7cjlk71dpsvr5qa6tbmbg1,374B1BB0B608043D1CE8FB4563AF26F8
g1li2gb604qlsfahhdjseshrn,3C7FC2AFF4ACC88D0854EC6C062E99A5
j3sjkhh31gc6r8qro0u20h7pi9,3B9E07BABFAFDBCA154C79C31662A475
fv4pai57rvoj7nslmaeocl0lok,38489E1822E8347D67BAC75A9C3CA1F7
rj0ljr7mlrkcd0duljb67l6ii2,39142645DF151D5CE790DD631524B602
1f2cfohrr2kcqq1nvs08ouknn8,36E5E538BFA414392EFDCD248260D8FA
qlvlh5hqok6jsmisn9ip20llnm,35B480352E9C8E5F93AF7079274543D5
eujf55ihe0fvqadfnrhvrrsa5o,35A7A0B083CB7725C0E9BEAC5B20CA06
ba6uji3o0tqnt067mpo9nomuj7,3F1C6A8DDEF9E5DDA1E278B3B01D0037
6dsfp6jsednrsdb6h6fkjl631h,36C8CBE029BD70D142544107DDE949C8
onhi9oaa9qqlsr0jmd56sn3qrt,3DA01321DEFA726A525F8090C0546A90
hjj98529qqehq86h56t2euq2j8,37C4BFBE5D7B9736B135652B374A6B10
7npj837b2tt3v7h2soaip6k07t,3DA761DE95E4EF054E60FA617A33508F
3cqtlifgvmcnaqm4ek3r1tdd8r,3BAB806A395255EBDA1E105339F44D70
p9gpt1dn6mfsvd86dfvae652vg,36A6DD3E0D3E064C3BD6FCDACE5C3141
hh5s78hqa27h4emsvteum8cqvh,356AF72B9A3D39FB52812116000A5B69
99ouamjt84e0fv5b8ik88d9bvg,3ABE0BE364239DF53E75BBE580C60438
