Key,Hash
p24quvi9oa2ohjjr9obi1qfl4f,4DEE4149E96ABB2C39A211F4C5148CB5
jhc0r4k13h43gk6at3do6514co,4CECFCD035E2E8EAAB940A5E2E1E671C
5nqfj3495uufd98aqqcanqguj1,4C1ED37CCC27EF5659807880FC3CBDF8
a0qhngn6cr02ngnp5dm33iot0l,548A92752DB951C7F06B8A53C311A35C
rpmac0p13iea3b23psph9dote1,536222A60B5801F1C91B90EBB62B7B3E
r4uu408p86df7u5v3j5473l3cp,51B738A6C49A478D111F4CA503EBA899
umgtgopaf7iuah2no4kvevu1fu,540DF5C47077605BF83D9F85C2474D58
8iv8vo8kgnq0v7j872kqf9v5,4C64DA885970CFAF170A439D6772D466
jfql3gg7k1nf4a43316qouqijs,520DD7C4E7148EEDE50B1AF7DCE26C4E
9amm04i9fs3skee753abvf3p21,5041146B8F98DE5B0809F5896DE1DEB6
17s0ne09ts314kmgvl0sp8joac,4BDA3D904116E7F92CB619B7C4077B97
345fhdb69amdsdn37dh6cg6uef,54E094414E770E3707372A95883530F6
3mbe95hbpa14uqnnffhu9evalv,4BBDE6F68E8334559BB0F5E1F5BC55E1
2an7f82bempccr6cpolhacieve,4E92E099AE0AF276895D439B05508C34
h84fvlqqt77t6cvltnvp4gcivc,531BD6E170899E957216450F23C926B1
f0nmkhpanept38movi11irsbej,54E17541F18BDE6BE633D6EEEDF60AA7
tds1i661p243np5notq3rpuvur,4D60805D8A9E42D5C084E56B0E20A18C
d0fpo57nicms0m03rqdc3hrfld,4C23868C3B2949A5039D8AB05715B694
ig91pai871gs14ic5qhj0msmg8,554D0CD43440A6EF89353D9E288135CE
ih62v6grbtsv7ccne3515rkqdq,50847ED65D205C780F498EEFD43CC17D
bsjrbjaq7e4gmcmc4c92v2uqts,505B0435E6D747B0AABCD52FE31FAE5C
14o25utj8mer1o2pos1sgrf3h0,5359CBA21EA1E45724C71778E4E5AEC6
ukstah5heovmsmgmif3ngb0ooi,50C22138E3925EFA40C377148BBA322E
s3fhqdmn309q2clifrnt13f6cp,52BCBC0EE8835CD95A766259345456F1
brd05jbsu739eqjaijjhdq418m,4F9E52867747CB6DAD8F90C387812EBC
nmljq8gugalqbr8r8fc62mp3kp,539EFB37B268D225A185D1731FB046AE
69rkcgqklop7paf1lm4vvliaq7,4F6D9B6F4CFE8EBA697C7B3B7C917D35
ftackdbtq613i9tctqo0lk4m3l,4B630D53D5212750D73C42871D8E33FA
ahfrrug3d2s9p0bfjjafd3klna,4D08E0489F13E8B772F91C01BFAD3C8D
l9kp0l9hbirnie083ulfp5ggq6,4F9304FF5B9973042F550237E5AA5484
lh01652e6pe2qb5fqde1gtiqu6,4C30F78D000DF737F27B8B4F255D8890
8cdjsok9o45b9ejargs7ek073p,4FCA106B727DB179CE877BCEC7F1E7BE
nod9ke72n8lkecqs4dnf5bqk38,4BA84802B3CB8D7B20A5030673D71F48
mg7ug6n4pcbi0nut7dp1mldkeo,4FD2695AB5807650B886CA78F8D8B2F2
28kus514g06levp3ga950s8v2s,51E2D5FE180C79ED791EE03577EFE1B0
mr112cnes1nd9jf8vvkqipvf9m,4D197821E0A06AD9E7040A9B63D56F33
af8p0l651qd7m2jj7qa8cbg7t,515FFE4B00F34DA73485F5D2F6CAE5A2
oipgu8eb39bplbshpstckbcasi,4F2770595BA79803C44032320A17BAA0
vf0o6bhi5ab7c731me7m9r3v1n,50D785BA36948ECF275F501936029BA7
blbpqjbksh6vjdv6k45jipv4mi,4D6B180D8E0CC082D304B3FFBF315EE7
k3bl9hli9r5lu7hta8pnpp97d3,52CFA23FFBED997C00F1FCEDB5D7F2D1
8nsa6hmlguo7nbfccd8nkrqm97,4B0A5FD57FB61EB6BBF17B904240EBBB
t523177f6e5lgjgf6ee1uvk2ij,52A59E04CFEAD07FCE67E357C8BB23CA
74t1qdan3rn5d2b2jan9bfkinf,4E722FA31530DB07B8DBA3ED8F7FF21E
uomiel9tsbvln82q7itd9jqk5c,4AF16D621E7F8997401FEC53F9DF8D6D
o9gh915cgmbnsea85s7db2r5mv,4F0E87AD84F86D0860E56070E2DA5F2B
nqokhm1874bn7hnqhplifmgass,515052BD5623B9351F34AD42DE96B248
lc3rqo20b3mjarcri21obv62rp,504E03CD7C555ED3FC8E31B53691A5BD
hghbaivnntlp7rqf2b4bel7qhd,4FB840693AA71B9C629DC6CE9AF0E410
elq6ps8cepjabfqlk3qf5vsv0e,4EB343530AEFC21791E0C2BF90552EFB
v507p9g6olcvh1dm8u1g3fc382,4C508E794E0DB3112C36E14DCBE8F4E1
9s0ca57bhr40qtgni97cni5qdf,54020A7C5D33D4C41F7041ACCF8FDEB3
5a6p5rs6itaovs4059arhatito,50E64FC6F732A643C393F22CF86B3710
778mko9epvtesp32rc667f4ccp,4CE9BC2E8A0A0F706D1AA6D1E5B95B84
baj3qglureeno60t3inea1raep,53B5CFD03122A2C971B1CBD2B23CF803
i5nfqfkfvskhdfb7de7h8dmbt3,4D931BB518C2A3F221F81A7F53DC2D3B
fa1ahc8hngh6vpj8goqcahcbf6,4BC7397FE676B54C7E14CD66E7E2381B
qr0kvlgmvjoj167l1sc4li2m47,4BACBB565A6D056B50D574472427E335
5954poqb66k0dc59286k2b4d05,549AB87DC73BC13DD1581148D19BEFE1
790ht6pcuk97o4s5kqr9dla45l,50E65031219F568F00E41501728EC3EC
jdpm27nul5ko8639ih8u4bl8an,540D2DF67BB162407B94C294E255AEF4
ctva72o3f61ejsvvffmvd6av21,52373DA4F7EB4DE10AE9F870C07897CF
smhujrnarmt7k1t3brjqgupbka,4B0B46241E8D6A6EE74EB85A564EF45D
imn6be2l215t8j8auiv7bo3okp,551DA81D48BD66E53CC8459080EFDCF4
o6h8mq801vnhph634ubffufbl1,52205F27C43DB090716103495691A84C
o7dv83hbkn70gvdru74j78ibep,534DFCA1D4A3838FD52BDFAC9B5F7653
mlt4935hsdck4cinumg9lvdi8j,4E7B5AF17501EECF1897ECE6F61705B5
b6gmi3se85ru3hg9flnv94j0l9,4F4DCA7DB1D4BF2C214494B7829E1396
ikghrugcdvsf62hht78ne5qtrv,4D883FA0A39C0C766FE642DD0E5C7463
6n73fspm4fft20se91caq1g7ce,515D3443B154DA3EB6799E5CFA9CDCDD
c846b2249tplsrndentb3pg1d8,4F18871DADAB8BE76D5B7B817330C9A8
6caqa01c21lohgb9i449dtba5s,4F0C8D85864D006FECFC8FADF00E2CAD
o0p2k8mq5npci3tvpu4vnpkdiu,540007A20928689C1F1206D00C76DFAD
pdq7d3uj4v0rm4q9rn5t1qj4ng,4C24BFBDA9395BA3D627D91A8784A59B
p03buprg46eo85t4t5n9os4oep,4F4DF07F0C866C77B769B71B6A35EDE7
fe25s65sea7t0dk2flu8ej7h5,4FF96A20719E5472B52E223521864AF5
6uct6j5qfg52hqggmitbr814c1,5368FBFD86FFB124F8F502BDB4571C58
o457a0p9tpne6qtiidc1ekof6o,4D8DB0F4AB2BF8DAD64597BF646C82AC
pu51g3a8q8okrk2o1k3rbi50f5,4C87388D7440004ADB0D852493E38765
1te3776sf7oi06ae0qvkl0ski6,4CDEFBE5317D924456D5C9FEDC7B5B9F
5j0nt3gljjdskogksjr62fcljo,5338C1C3DFFCBBA253E290E707533122
q5aokvknlbq7kv7fqc8iemmu97,537F821E71AD646E0C08D2809BA066D1
t322fvh5qkqaq7l3efcadvml8b,4B83CEB9D65053A3B0E86EBCC629BD88
smdvebp9tbrkv7flm12imlucns,4E0E86DA5964A8FD286FBD8E44A9C97C
musg9hkl8m1ild2ipo8v1dfph4,53089FC2CFE198ECDC43FBC054EA898A
5l16uruigefi85mhnk3cfp28a6,4B3051B3EB042EB7EB3629AC298AF309
43pk0ecdpnvvo4mt1dfei2aql6,4FB45829D795FA1676539245C74EEE62
jnuktuu98p4r4mbj3757n8thu,4B8DA9CBAB4E21EDE792B2F074759742
ir3k8gq9b2rgl0mum0lt3jp6ha,52ACF0B17CAA94C93366D01F2B48CAC8
l1u97hcormv8tbgad0hkmvo6r6,51F764E3780CB71973E471BD3412C7C1
ddipkluqvkdqp1ojne1vj8lm7t,52F4E4C02CE690383DC23EC018681AF9
35s7ka8vm2ir4fcg48159vsk46,53D7754F054BA6A58008E2E97A69FFE3
v3qiiormo4btlu7ni3su363dvg,5120420E468F77C2187A8C023379BB5E
eg17nbu55qjaetv66rufikj0us,4C6ECE0010603562D4ED8AFF1BF5AEBF
np0rpnm7o3obc3kgqf85dicteb,53A5E1A5B783DED0788828D3AC2129A4
qhan5t7r3u3lm9jgptdstl2b68,4BFBFDD71DA6BBC8B554936DCB5365B5
umpp58aki93j3v5klof4c7kjrl,5186C3AD943E19CFDC1AE1BEF3FB08AF
6mbkfv4aufc8b61ohbskvalve9,52FAE5911310A7EE2F22312AFE97C68D
du5ivmi8uvifpujp5t4g2def0a,504F6F1E690D44BE8B95EF1A4117D677
fmlas2hvi73qjcoc7tofdedhhq,4EB33A51DBBB841DD49BE4E61A474AAC
bja7f6s7mjabl6qlqc7jf819bf,50D0D45A290734CDF23BFAF936AC2B20
ktl3lj25pse8hu7rpjgrjt5blt,548BED4EE5ED3051D8BB4289C0C14B04
baj5nhlfadmci3fp7t0egcqmt9,53C1E42372D2650987FAE0EC6C7BF752
5n50k7rdgf9lad5houbl6ont61,4CD1F1D07FBF0A3B48A79AFC60F186B7
nd842dgkfu5bbu10ii0qml97qe,50DD2EB9773D7F8CC0080B241D0CFA31
qc0sjstebdrds3li981kqo46v5,4D17CE29022D3C9C1A187F79366ED39F
45su5r8p7h7ne7isn5j19tpd33,4E1DD4EF225151969B6A060F2E79381E
8s6c79c603qqv320669l5bp1d1,4F9D744013C1C0D56B0A87A133ED9CD0
b07vko20j6d2b939hs26553ir0,546A24311BAE22AE6A01F867EA169E8C
nft1jnemi2gfq2nr595d46usub,5415D38B3C741244BF0FDE515B2FE5C4
98pg66mo5k6fj6ot69t79hh4ci,4C526BF3A1DF4ADEE7DC80E11B16FC11
93bf95ag9b9o22l9rq7pch037t,50F51DD1137BF67EDB88EF0755B1D449
qvk5id69e921j65dpv6a2de9r4,4D105E5BAD0F3DF41F41C10B9E312EE4
aogola2q5kliq30p7vec767lpc,50218171036159533B22A5D29E25003F
v8q2ibdebn6qaffkt529l10i9b,4F8F5AEA33C3ADAEA3C3C86F6B8BB733
r9v72hblaidkffadpn372qmhtl,51CB754866810D22D09F40C41DD20D55
4laoekgoes27polskk49bvpu7c,548758FC0984EC42F4D65894B8C53C4A
rf4p0vkljiuoccl4cu7e7irt45,4CB0F4084640A70FA0B6B417CA81BEE1
1ujmli9cmbahr8k78c95g6m535,4ACA60F2A7C0BC59381E60E18689E93D
pj6mbivvie4h68oscbo37uo4hq,543617014D18E0B8509AEB572144D903
bvjjcu3fup45advmt9qad6mmdi,4F1F0A1352FC7A6185444D369B2D609F
5d6qgmnlip8l8ouuimv4kg051s,53FFF02CD3BF29DD687BC526738949F9
3uttbkcl3lje5rmh514csbtqgg,501F3E4F96A58848523FCDAA2D2F2E30
focarl92ins472tepko9he65jn,5399FBCB319C08B0F3D52968B639392E
51v1bi1caik96nc143sib2mpld,50ADAD0BF77A9ADE55406390739E1279
4gl2q80f0vn0iov04g88c9nu9u,4F75D8951474C82B76E9E5772C1D5060
q3f91vj0b247ccjb77tnhrtf6b,520E251F0426101D44522B1989F03921
hf97sh3gni1tcpt4uubhic28lu,4BD499436EFDE4748493E876D40E85D8
t1utnt5ermgc1caak0bl650hgm,4CF6B6ED9A6ED6ABC93580DB9038B9AF
mmfitpb5ps9e3av238g59j0tjp,541B3C41FA46D24DDACE98CE97B4F9E5
rl46q16kcqvc8dnqe10v7s5vjv,4AC71EBAD05783E25F09C4376BC0D965
4qi8hul4o588gce7jrhc23o5le,4C8FF87D7CDC0F8F9F115C5C2647772C
kqcnk0g39a0f89c6celjishkm1,4D4C027C30579ED6AEBB70CA787EF1B5
eftvst3sn2ckistgjtvocp8rru,4C1B3CE3105EB9D9F5E53D99B51AF9B5
vvmvhitj650cmj5mke0inqmjh1,516D0906EF13CF12F3C40A8CD3EB0339
2c83g88ionafr7j5jjtiu953r5,52C74BB95AC82DDB359FCCE8D7625B42
btd1jl2fbf6n9k93o99iqff681,4EB3F57ED24C53875C9C7788A9FDC97C
qvafispjhkt4k8ai2vbpg3sd4p,4CE78DD794AC8F9E6D018C2304468D8C
b2o31imh92fikudddfp6ecv6d1,53FA27733D135870623E1568BC18018E
keocdgjol8jnqo36suseioae4a,52EFE08EEE8D189DA0B837D072769637
8uspsgjn26hb18biplugoujeh3,4FC4402E3715EE35BDCC0334B5DF51F0
uh0r67oprf2boeconm35cmq3vi,5088D1B1B988D86C1B0E565701AEB2A1
usrcqt1mla4nfu8od2596bp109,53A39FC146B7B551E499DE09918DA6D1
qmjb8o088tj03noh0m8ph086gq,5264A788E5C4082827985ADF96895BAF
6qk8g4kti6eotv7dp1h690gk27,4C8E9F53686D49848FA3745FA18DBC69
vvadr6cqvbi91f2m2kprtgp2qk,4D714C8BDDC6E0402D4236861F6A24E7
pr6tvah7nvuggnfmh9oev6uu8i,55414EE866CBA892FFBBDAC80B6DB9F5
hhl9um7vd7prrmr950vu59nk9k,507391125BCAEC9A8AC50E69C9CE3786
51dnbs37hbcnm1qblkumin8mss,4B3E0AF9083ACF979339961746FEEAE2
lr1p18nfkpru5h91kihucdr5b3,51EB59F8A3413E26DC37DDE1E425F9CD
fbeonr1sn89t5so01ntoc8kbe1,50A454E38CB873926197A0D92B83A48E
gt4tu3fbjkjkqj88svcprvqe2u,4E61FA3F58386E38A9F5FE577E8428A3
e06rtu3kkdodsn369l76t72rej,4D51AAB7FFD8F8F59675130C4B99C377
1j45mahel6h4fmdepodjd5vj72,53AA15876271697E4A0E693089462C13
6ulj6atu0a5e92hasrutjv77uj,527707EABCCE8D540356CF8A9E9EBE35
8vub036hl9m7ak6tui3o4892rm,4B9661C267CB568E4FB0F2EBADA368DD
h73u0trf11nrof3gevmn7a0nb0,4B84CFE464E682F0F59B3C6FB7A05522
qb1ujcnjqcikt08k4hedo2bds9,4CE1EFBEADB637D7608C20502157E6AB
38k1t9sclp45ed2q9vtq630u6c,5444A762637DADFBB302E1B83BA52CB6
acogibc96dd5u1e9nl6576ba6,4EC93FECAF34E6ABD108ECA1D6129532
t9al225gnf5sdjdma2ca9uhrhv,4B59C058D0691D764C1A7F3328071FBA
foav1d5c54ikfnuniug09mci97,4D9F2AD3802197D9AEFDD82771A96669
4du5mk0img778spv2ga4lb4vdt,4B27B6053250BD326BEEDCF98F013F4B
nat7va4adev3p070kt7qqrbac0,53013F376CE1672EDBBE02565A8980C0
gfl0oiocvlo6ns2p19t4rokdnn,538A3CA40DB61F1FE961E6FD97D53A68
14bo3nrss6gat4tdlqhigd1d76,4F7B610F2A890AA71831F73894EF6996
go2bgl2nlulugnfm305hcj419j,4BCDEB8E0322749C236D07B8C2A4ABB3
rhhrqvrq4kf6amuir3v5le99q6,53113ABA8F5C491E8B127441D90B8E2E
el58jlrlro21esiv6ecb9kcsut,510FAE07D8279E7AE9708ACBD734EF44
c6k8suanbaritok6p8m3ssp3of,4C45B1F1DF00C11193974F74B9C1A861
b3si27drcmhui7iiegp2m3to98,51BDC93EEE829B08ECB9CDAA11432BFA
mgot1b6obunusfbjqo7oeo7v8o,528B4CA3B45DBE4A88022C3733195831
5lagbogg9g2m9oj5qk2hoi2pc3,548B93900E7E1E112A54889D1C4AA8B4
530sfkddj50u1jth644ivtfr5i,541B4A1E2E5637E36F251DCC5AB5E6A6
tdksfcu86e49ge4i18abf2q64q,4BCB8C51DF6757A26A9B8117073FB1D4
jhh3pjh8f5ppjoo3vnl45o1uts,527AF4B5668D0031A624C67169AAC1A6
i19r0p9kbnjqefq70k410pbgng,51E199B5E32E8F4D761350436690D4E6
23u3ug07vufh75ngd2ehn83cl1,4DADC3D4372222780E2501B467678301
gftvgkprq3dtpe098jru30i4j,53BDE315C72EA97B756FDA5C636EC6CF
qqc0s5tbcvec72dnspevphr8lc,54DBC25A94EA93CA64DE05486460A2C2
t2r9u3u9orm2mbo84f7laceeqv,52726967D4699AAE3DABC7AC27CC95FD
lb0380vjjqn2gb8d80n73lgcj0,4DB38B9696F7CE93EDACC4293B10A6F6
ndvgj01esqncn1b5bunre0n39,4FB2C5E685512A0157B5F5D81795103C
ucvctiv6sh4bba9nlcsopi9d1a,4C4C4A5F37B6B860292FEACDB99B5D50
kq83qqomua0oiiheosjso42590,4E45C9F3BA128A439915D811436D1A30
5mtt0rig43hs20dee7ggcdsod4,544345B182AC2EDAA228D3A70D2F587A
binbe0024vtbmd49jjimfp3q9b,510DCADA5022C78719D561292CC1A0A8
flgtvh12k48i9m8cvblkbl5ka1,52A6CCA3A3B941E7674AEA13266BB030
sq03ois3eht318ki774a0dt92l,54503C5E791B6C4CCD4071A0DDD7AAA2
phh0hpen1vm8u72cgus3e11vjr,4CE9139BE468F73B3817B8CAEF250DE4
vovloko8pcspd602s0acna68dr,4D604C2F511A7B937E26332C262B09E8
u7paptckaaemhcrgilvk83i1n6,5393EDB6660C6917EFF5F0EEA88A7492
5b6otj12j4htqpd6a80ssn96dt,4CB03298C6E19272B19F78D564DC2F77
uc9vn71jeav1hj6i6c3vr4d5pk,53BB87B8AF80ABB6311315B51FD8675E
g378o3lseftvn9oubnke1uv9ne,52E755C74E2731410AFCD48EE3EEC30A
k50lrmdas0747cpp6fo8h5t96v,4D2169AC61D02C1180E8E5417424B1F9
g0tqsq8srcp80rfvr28265uhce,5118134FBA988C992A6847AD00CAD475
65af1b3c0la9g9o04est5s6847,4DB78ACFC972BFD4E8594665420AB463
g12mce6an851vn52cis11g4048,4D840B9890D6BCC4976955CEB0A24B78
hhslu1qcco6g3948ea1viaah3a,4ABEF9236F9F290DF3542139C74D598A
mnlqv8l5h6iaglc6c9rdtbqp8p,511A59AC9301E705788D447980F2691D
9hp7sut0a9cp4p47ctmdtn6239,53EA06330A98B59D76B891A862D4D88E
urj4hj6hipnjvd9k8t9urpp028,4D67D41E237B6999DCA7534D1CAEA275
133ns75tht12tjgcvesmmlbv0c,55297D8CF32D142D65558A411E71A706
3hr1t1tf5n63j8j180svb1ls1u,4DDBF83D3C99147CE6CC445CA536D74B
qpsvvfasa70n6f81ucvit8a10l,4F042607CA7D02C64270CED7462504EB
gt7hsa07kmk204sbctvjd4ubl2,4E4002E58A99AAF21FF8B9ADC3FA0BAE
s75ijiso8g7n7tr8am3te1usa6,4B17F7D758572CF8715CADEB92FAB7C5
i90o3bqkulovdk1a56s8r0g027,4D00D3DE3F4BBA602E1FE14AD13724A3
83gnnp16f694lrmqchara6c7bq,4C7A698B7BBE714351B26E46390B983C
gkp83gf64nl6als48hpic07v6i,4C6780DF407FCCCC7FD31028DEA28FBD
dmmjn19kphoo17gl4e8hpug5kk,511BBE5DC79E74CEC96972C559252541
d52f49kdhvlvtf2o5c2r9iqnkp,51A30F52FE69DAB71EEF281264205959
idkc9n6np79topn3f9ajfp8i9s,5352EE206FC708B0F962E614994E5AEC
hjac4106v7bffi4jmj16agco9m,4FC44048E4A6F71D7AE959234EB3C53E
t2u7tasgv3ohtfengvl1i18dl2,4AD1F55B42F2EFB981803DCB4801B422
f2rnj5oj07qfd4jv4em2r9qdob,541954668E268C7149E560BD52A47F9D
nn8s5pkjet4j1rsikj5rbtq67e,4B97D7A5A0E97C61C4BAFCD1CD2E17F9
nlovnu0ss030ojbmce0l9g2gg5,51481FA4283BFAE79AC6689092CE75F2
blvhp4jmvlqpbd4grvj1s6625l,4C581F9DC9AC329C6733EA1C368D8BDE
3bdlc1b8h7bbjsmaos75v8s1ut,4EC741934E0CA62C6FE145FEF837944C
ua1ehps6fkgv0fo705hfbtal0j,5215AB17B21E6993D07B3E729FDC3164
3gi6195vt12e39ig6gl7runjnm,544484D341B14FD600132F92E7C7897B
j35bn6amd3kpn826fetg10pcku,520AFEB2F37C87CE31FFD9E3BB866CA0
nr3jnkanqs8thbdsmns2ugff7j,4FCDDA49ECDEC1D29F5837AA951CFBD6
v7vhfi88dhbc2g3c45uea41jve,4CF46D8F44BFFB692E47C3D7AA245775
9f5cnqmavibulqhlrfbdnv4crn,4D52D0074386821A08D89E4832DD5F2B
aijtha6vno0d92efgmfk8rrebl,4FFC06C72B4BA5409B6E067B286675AD
o5i7haagob6kf9acif81vpuago,4CA94781CEB66ABDEA4520D4B55B96CF
iimm6ik06c53ub1vmj348h517n,50CC88A43312120436601674FF522BBB
580fsu6emnj5m1lj6e0jr9n2d4,4C925D3041009432949615D4B2E731E4
4tv391eq9i43h6qg37d542klf7,4C40AB0AB8E27F2BCD5ECF0DAD2F0CE0
phpk7h7485lfcbs8017gh8euci,546C4107A246BD5F15A8F856295D926C
f98742ocg1ufr1k6o8q3j47t4b,54312B2AE153366712A85673C9BDCBA0
1vsf1o9k1ngmqmni9cei9997lp,4F7C791BCD0034AAD8F72706E5FED9CA
npm61offph6lh98mbikqclhgm3,524D844B22B1BE68652A51F0BA8FAE9B
fbg56v7bdora6undvu8i76apuh,4D2080ABBFF07F935EB1C6C10A3861B2
dd7mbdjumpg98edphl9he8cou3,547095F114620EEB550811E21CB9AB15
4agnlh8rvng4lbdcf30htl208h,4E95AA8129FF93A06BFC903734C36FA0
jfoa3t0p2reuqqe7mmusuvkn8k,52A481FC72AEA47830CF6C720D701BF0
gguolinpkipjfugf918q9bhbtc,4E5DE3B801C5EF5BAF98144DA7213F38
u6oig1n9qe51pbm6lqoqqss90k,53A11063D345E207C1728E05EBD20729
6c5ctd8pn1qicerjfo04h4vk4c,5475F24B12594DC79B22C79D54FBACDD
k13f6u42b9j9q71un87fl57bia,537ECFFAA45368B32A01BE9B008234A9
94kj2v8ge1tm8f08c348bopdav,5128FF37DAED1394861B25F375BFA654
744ci3tj8tgq0neghbh4rpcdce,4AFE289F46988659448F7A2FC6F62FBC
jvtbkg1siv1u75jaktlkvjsq1j,4F945E5A34BB94B097B4560501B6BCE5
ejmdp6gntoj221srirsgu3ght9,51227D545A96F61F95C76DCE5DB32524
ojicoiv2191m86ck9jq6d3i7mn,5511962875783CCE9A61F369D402159D
fnvqrf5pdk0os86tgoo9gc4333,4E10581C7F14B0ADEE014E5DA2763F73
g7gu7cmn3magubn3bntb0eujpc,510AE2C2E9BB18DD0FC02EC0AAA18E8B
6a1q4mmgeonnoa2v6qs7c5s167,5508C38005DFD9112C09428C1ACBDC83
bs78nqo5r9g3e821tqqjqeovlv,54491E367DC6E2491A631243A935CD99
94mlhn30lol09m2ni82putld76,54074F9614A986701236239E23B0F094
4qimm5f9gojb6o8dp2ss57uaol,4FC40CD99A3419BD18FD535C9292DCC5
7oudk2vh5kbk7or0l28n51cn1u,52192D9C05FD53D1AA493B63AF034249
qoqas1tqsqmf5sclf8r2pqlb6n,5126847D8A4046D1F99EF795EA2AE598
f4kh3mpnbeqvr0bcm35kglqa0o,4BA4934ADC28186E0964F45083178154
u179g7l749f7g42t3blbqj2gfl,4BCB42F851DB4ABCBC68594FF17BF91E
1qajhcdim90mutcadu4hcp2kd,52C39EB7F5C82B0F1CBEC8566A810990
ouga0pdmi6m6ul0pfj7vqtms40,530A717ABB830A5899B27C662B68B96C
fi4h2trjckm61ccdjbcenvrd7g,532BA689901AC74FC28B8AAF67B53F5A
kba2uqe9j1gntgsetl4hca0od8,4F662729482521AB0C6C6372D5F8DE82
824v2tprvaereua6f742641r59,4D3F44EA7929DDDE7F1F8EC215CA2E18
3r914sdpimmhtsn9k5ap1qhi3o,5163FDE3CEE14B70E970AA124F23A492
ffnamvof5dif1o49iaccsm0to6,4DDF83F2E800074F19BE3F861328F699
8gder6grrr0j5bpqkibcgaugdd,538926CBF2357FA860944B06812F1D03
t1fh6rfq27isan5mk8ol9c1ofr,4E6A337DA30C7BEC2AD0271ED058C9B1
gb2lteobhcmtiq6n2uo8t6fnqi,4E414A0CB3E7FC04A1972346FAFA7372
7hk1au36nmkiifajupgd5528uo,53D716C4AD0B614203CABEF04D89C369
3jq32geb79j8uk37hjp611614h,4E3D8F37F3F2F55EDED0E14D8DCFCF8A
id9rh6497fps93j302t7hpepdj,4AC615B024D90228797FC2FAB29F6BE6
srvl1fcoibqltlkqlf8vl74vvp,4C65827634688433C83C1D3BB473BD6A
p1vnde9triv89rt9egfiobe0qn,4B654720907F9A37B1555EAED9C3A5A2
5fp7vsi53493nuq37f17tjqebh,5272EE5D94D91654C564253CD038DB44
aheom3jcq1bbq13f8brq4s1klu,52E89DED57EC6F46AAC05936B49BC90E
6j6i9m7o1ptbo7e9blv0j6hchl,52B75FC186F3AA17F32DB0167BF70367
r169agj73r3fi9p5rnpi7f7edu,5144EE340E3A864B4737BADE0AC4C34E
3k322dbch6jjhklrhlddgpg50v,53884AA9009BC6768981DF83C16B12BA
i00hlgd7rgu0lsnfi3m1h3jdt7,53F795C966F93F85A6DB8585ED1C63B1
kdjss1rosu1lsrbuecteo1vive,546E3288CBF53D5FD7401D1676A65511
dpdqtv6rnlfsdsdsivap3ajni3,4F0787531AF1529C192D08A84D0DCB0A
ln7pivq99nrusqrcrosejdqqg1,4DBB4680823FB399C7EEB3D683FC9EE6
tidba7q05195i70h9nru3j23m0,4B96545075CF1C963969448EAFED5EB6
29moo8m6029nsa75outuqa9p34,4B435B640355271C880790F0C1E2F739
mdnii7qvpuhlgb4ilekk6i6969,4F55CBB635896DBE2C8D673B9556DFD8
daujelhvl4m5088isn3p54a5c1,4F8271058E230CB85376120037246CB4
2a15qb2r9stp4mb19pp5em1r6c,4AF25F2CBBA4CC730EB17136BF13FD2C
4d8iheluo4m73ff9ffdoa648hc,4EB29807FE8D08B6C25838D5C959DF79
1es3s64ou0lsnnd9g0r2jaunfn,539CA21BEF3BAD6C39FAB4FA6246CE7F
dfrcbkp23dvmo1p307gcu9gavn,4C0CF486419A59FF4FB2A4E6FCEAC460
i5lamj54fn6v8aj7r1m0k82e8p,5373CCC0BF8DE5DB3B68FB74DE099D5F
97tdknp050ctqihgdeh00fvdmf,4CDE7CD8A3853D7B673FEDD38E2441F5
c0of6fua6opc71hi99oaklon70,4E034518C16F03EB7F2DCC598B923F3D
1f3mg3oeda2smovte3scgudm8b,4E61A4C87B8B84C4758C726296236DA8
iq476pinoff2cud5dna1fgg06a,4CC3453FBE7759CEE93C4B658BAE6D93
6bohi5v68mgqs6kipjnvop8oui,4E4038ECD7CED62C744E9052EB8B3FE4
mab7mqdm6d07v6p5j4sli8i4t3,4E86EACD7C621B6F857807F08E0FDB9B
d0km3is7u7epev6tr953rb9d0j,4F1E60CBF67A377D1BA8ED037CE605E9
gj68uvqefags204bs6uqaq9l17,4D78F300BF2D510B28E5255F633B4B4D
72ih2s31u2ojntjtku1avouhvd,4E1FA499B4C8F35820150CF9D61D2C36
enig1vs6da0h6oome6htlvukgc,51A89F4517A1592007D3F3612A23E8BD
h8muj6892g4jtcn0jit699r4a9,4EBA6220B74C7905C1A3C567C43C82C8
763vdb0417ntnsj2vdf43dngns,4B94ECE502BFD69C6BE57CE3DE704A67
5dsnj561fqlv07tfv7gdvmuts0,5538A9DF32F37D42A7071893FB3DC724
6sh81puiog7lua255bkprkjvjh,5124BC416ECC44FA9F036E52ED119C12
j6c331uvepqb6klijorfm2q603,4F988D264BCA714AC4BECFD7DEFD6538
5u1qqregu56p0sp5evaqhuovvr,4FADA9EE55995450DBC66C21CF5EA717
2of9cekpv6h75jcnh7qbpibkqh,4B18ED4F33FB2CCAFFF8624D80FA9BD6
t4qao4811aih1pa31f97lvn168,4C598E2B5346F65AD129E8BC798582DF
9m1m3l0e03vk7isdntrtlnle26,52860436C9FFF4AC17C575159F61F137
i4vs0mh2a67ncsgjvd8qh49a6t,507993E051CC8A6BC9FA72F515DF1365
iqp00bk76gtedns67s8p3nlijn,4B61469A5A3FF44F7337A4B8E7B4A83B
sjnotlq1or7a9q0094rt1gobts,4B8A1CD0E426AC2E691CDF70A38F134A
ej8cai49i53am6nvucdqkjaopu,4F4FDBF696870B06FD0913AA553B6B7B
cfsrp51tjnfrfv30m1sprmpvq1,4AFE718BCCD21334B6C02FE920EC62D3
jnadr8l9guorfc5jsn6olu3nd1,4BCA597398BEB563DAC206E746249EED
6ktnkjpfeq7fdale1nk3kajg3u,4C1CCF09A0466A3390DF079ADF0BC91F
mkutb14paodb3n4681h5qjst0f,522EAB2D8D4A30E96CBB2FF27FF0D3EF
8b6d1t1es3gk2n4qa2jali3acl,4F7099A165417B1BD35122D21E55CD9C
psfvu6hv5j1l5krsft5k7d90iu,54693BD7E8866F2C499E00152DF9058D
5l80feu20ah5b0qst73ip4pjnk,554D4103139DFAE1FC5CF042BC7CFA6E
fm887dsln4mj5ioj3aj87ck85f,4EE7A2AFB2BCF10BE7D8CA9BD18E24A5
av8bf7a4j422dqpfkomj26t1s5,547A06704B2CB7CEB80C2798C1A57545
qir629sl5c7hou2b5b5j0km596,4BE701525EDED8D05333961F03EB5116
tuqljv1b7kmjg0vgr85p04dpul,540A35AD79BB6F0F720E7B648926886C
hcp9f5i5iu79te4t8mnl6oaklt,50A4A028FD95159D8D6FFAF170694774
ppltmkngdd3o8e5hlph85q3g8v,54616297346CB0D7B30D35303A9DEB20
5ntjcad4152uv3t7vd7v04g7tj,4E9AD7648926DC6D9F1E10077B43423F
9dobc7tea5jdqpatt4en6up8fq,50220C852BF60D6B9B54D87C210B19F9
b0auiee3t16kmjc3koc170klkq,4B51B5E639FD176F857B86C32D23F7D4
on48eb8n3vbudvm1189ff8c274,4F9FDB2E76227E816E439B9D7A9B6AB1
i6jhjbgju9gjrkv77d86k260q2,4EE07C145334315CE015984B14E2E042
g2qarkfimhi414u71po3r9upf8,4F54BD398997C1ACDA5E31CBDE623B19
h342fhathjq4vpk6jfq28j0tii,4AC017F4916EEA4A93044B3DB07F3D80
535osqnl9cnjji39v2j9oer9b7,50AA882638D5C6475F17EF4702969C43
55vkiii7kfkh18racrbegqk94k,53D387017EDB82331A7221AE68F4B03D
q8miaj2eus3rjkt9r227rn3lkk,4B86A6CB017DEB6910B02C25D0432645
u623sio2ggb5sk6e7bvr5j3ol6,4BA2B7039965004DE64E7C218432F55A
lgbdrf3ktdq3iqftqiin929v30,4E5E836249124FB712067D9B2687C803
djol0ch1mqfa7msmt11v4olsip,4E37ECD5B4EB7A728B9BC07FE79F499C
k8ai462gj0p4606as5ene3bdim,55532094273AF546D5384A5DBAD1C643
vo79a2s0e8nkkb8sncbkb5cc01,4B279DEF70DCB262040E579AD8BD4BB2
561ta3laokhaujtf9ekvp62866,4BB7D16892CF08309E0AE5CD21CE842C
g38khr271luj4uquu3peu8v2ov,4C73F168FCAF67AB1064A2DDC9D5558F
9fbhpa0qni1ce21m77nfjauui8,51A8A183CB211623BDE88CB4E2983D98
gjepjhhr0eo0rjbdubqs8rqoh8,51B7525EB7559F7ACE907F21DBF9C856
l449k3p6s4gegad4o11n23bucn,5448CCE3CCBB788FB52555A282884DED
k15kbdh8222qrqpsia604rsl0i,55231AC183A3E8B66E8F8887B5D8A8A7
3g5aodencouubpnb5138ei37ld,516606B985FC9DE1E902FDC372780ACF
jm9k8hrisp7v7r8hoa089fb90r,50BB9A00839D21609F8BB3827D9D4DF5
mb9l8oqklpkc7u36re7b21ucbj,504C849DA186DF548F29BCE28012361A
fab6aj6q1brgftns11gpije8j1,540F325A2E4D76BD52C5E00185BE1E62
crhs9qlokqed5mi71f20e2jajm,53EED984410BD861E19E078733D4F86C
gp18l9shrdja3k31o5980f8c0s,4E0E46513FD912C50A75B7093504F7E2
st3rbq1p0vunq2tt3hm1g678j4,4BDC1688DE6FF1254B24AF7E43D9CB5D
scla5bimcvg7675hpufr7s206n,51EE110EAED62FC1C7007BA1592506E7
rqes14s63m6rdhr8vot67kcas8,4EF4D446FA775A8CB0C6BB48A55E4EB9
lbs0cjcdihsbe4qmj26eaddsis,4D0D3E4A2FD4CC02BCEC2A1CAA4E9072
620gvkir8mja9bv928fg5al04b,54F973E622133B477D2D4116CA0A0D34
vfim06jmdo3qtfedgvj525pqk0,4F12DDBD4699F39E5816553284474BD8
v8tf9gpsputvecs88t8olrr9sg,4C10CB25CE85CD7D2E5876A0634DFD6A
v3jkp963j151co561d2spgbc1b,4B6318BB4A1F7BB9DD9CB8CC6424CCD1
j075jqi99eh7qd2gpkvesh308s,4C1A447C699DDC0635ABB7850931EC9F
qio02sbjmseido08gb6jbbmp02,4C53B4B2AE9C1AA8FC35401AE7FE02A5
4mv0n3gt5kqs7iqer41ihstegd,50A0872DD6662F5A3D461E893606C115
nofll5bbvs0d3mkhhdbsrn1cd,53DC38BEB64E744A8AFA438B70D5613F
lm9vmhh36r0sf49hhfc74e1jfk,52846D02FF44C652641661DC4D912106
c56et8is0ors61i5i8nejbjncr,4AFFD8E135BC15E3642D81C9697EB715
jj0fj998sid6kdspgeiqq21ssc,4B5D0F406BA8F9720B11B8CD1937BF32
rsom318hisp0v2qssddhp16b44,4F17683B54A774F1FB200D59BF7F50BF
uf2fvftmmrafsped0ci3n305k8,50E9528095E2564F75166AFE1E7A39AB
6ceg6jb303pcogsrk1f0d9jlm4,50467FDE8A32F7F7450447496642511C
234ngho7k28pdvjmlm7sm2j9ir,543CB6B728DE353B4B3B40BB4DD80739
3ro3etlk1tp2ni9inrh29bglic,545878A0C215326924724CA32E6066B0
46q112si17dq1skdlq0qscfs0i,4EF0C5D96A45B62BC46151C23A7375E3
upimaeu1b1ddop36jbnsgf9a26,4AE60FD1F8C5B84FC0E3050E972EC203
7pnknrv8a0d11cj3v5sttvsh4m,5465A2286756C5666077CC977DC0CA2B
t5q0jfb1hg46cojo5vli3g25sm,4C927D128D6C47FE86F4275F59A7E111
u9rbg7h5fvpfgc9da4dcdpmld5,4ED00D8E16E6EE6F671AD48A490FC358
6n11o5udkajkak1vs4gie8h91j,4ABF3974DF94C1C5723AEB6F56C71588
frgb8ntatnb8tj3dqin6c1n5jg,4EAE026E4C4DE81393E8F80F6BA2583D
iitd44bphd4cllnftmgmpcnd90,4BF9A9BB2D99D3B58ADB17BBDB00071A
a9se8qtkockeak4ao1d1d719hu,4D815581C08C82FC12FBAF4CF4232B6B
drtak0kgeceesqc1g2echvioiv,534C31DC663870D0A668FCFFDCDB9A24
c2f9n46shfp242tcl8gdepvree,52C84D779667B2420737ACD17A314123
nurtevkr3r1nsh2sk5upsa8d2i,4BE273BA6E7271778B168BC3FDF2D24A
m1egp7t6uvvd2ljt8fg5osdjpf,4C56DF973FD548FCD86E56C8704AB32B
cdrbakkduuvb3hvkpd4j7m2g0m,4F3311079B168BC18754FA6D8E267B95
ffa3dql5uem51m7mt5m03mfh9d,50615F1F7342F4B2E9D390C56A0763A6
vd5q02aof9lqekd2r20l2rn2tg,4B67730475105CF0AA82F75672313005
s1rf3d2sfbv07235sco5367jf2,52AB1F8320E3C4A497D3F7CC3BF31960
61o5t8t5ukvabqc7fs4v09o02g,50105C6C47BB4967E7C62675FD975805
pscgvtgvo8pmsftjeotqpb8415,5278461687E37682847B538761898D63
86kvt3500h2d0ofckff4obkvps,50AD8F329ADD91D2F1D839B4FCF21EA3
noba58t889sd7gsbrll3igvnor,4E24923FA028C9CBDDDA0F63EECFF3A6
6ipsb48a9sq9trqticeug9uudf,4DF6B2A086FA108D79FB7E34D4E39579
kma7o7rnv26anfns14ah8ila6c,4ABD68D27078AF348AC47E693FC52132
dstvs81htbnilnmsi8dncpoton,4E791F8E306E60F76E5057C9260714B2
vlv6igmr4pf93ur6uhb0114f62,503539948B12235DABEFDF2346F05046
