Key,Hash
3elvi0kav1sfhnkoabnruj3092,00230F59498C8ADFEF454EC6408341E8
iggd946kldttt3s1csdvfskcs4,0071B4E23301CCEE20E849D181C89A95
qdafguhkt9pv2oc28036077tai,05AD5088611994D92E2BE3547F795D1E
80j51rk9flp9k0i75pilal3ov0,05382DCC39ACB651037AD5CAD32914D8
4ljhut48if6j601hqgnddcehue,0175E8D0DB9137B1F344D170715B99F2
o8q46phgm7bem8eorf0qsmiae0,042422819CAE5E9FF8035211B55F1DA1
80m84igchj2tjf3v6ai3gvtn1h,01A456EBE64002AAEBAA1B617DA95F53
ihd41fe8iudm7nv1m84cb9jhh7,063E3D7716AD916F64622FA9B7387A8A
hp1mi3hnisa869p57457v7853r,03CA3EE8CD754010EA9541F9B1FDC27A
9illnshgk4tb0aet2enimesv5f,0975DD718FCE74F6FB4310E6D61BE159
capc3hm89o2ec4pggkpfd8tgip,0437948E0AA485AC4638A61C12875603
9lhsuve4uoscjj0ektlm1lh7m6,055AE2530B2F4E2D2345BD2FC13A16C3
au5idf210nbo36p4elcf8ou6k1,076A7889A3820F94DFDFFA5E580F7704
qfpua3r55m1kh5959tgb455lv7,0A0A1940DD84C0919823D764CCCD6EFB
jagjutodfdkvee8sk9n31pnijf,085D54F322B23DF35DEBB4FAB3155DE1
vd8118c01jn9r5hd8sh3s1527l,04EA36B292239B714D55D7CC1F445642
2fljjguv6243nv8hpi42a4ga38,015B8659249A692344BC0FD7FED6304E
unu6grnuausae81d0ncjdu3u2o,06DCCA6A9BA36A39D1F5B904DA49A062
ms9k5638hn6phdtmhm83u6788e,08BA582C08D6EAA23CB3F2CA36F48850
tv2vpa3sm8dg7e4dcqcalphph9,06BD8BD4A22E9BCA6BF5E9960BD5A503
qpg2oconqn97mv764782u5rc93,07D478A0817653E06828493E4C83ED79
uam5l19pc458nhmn6dn5a8tgmm,02C70D276A3BCC214E94CA338A4DF820
sju54g93f9kgpualofvda9g2tr,0A5C8963F5001A46258D4D55565B6335
u2vsssoofe9edmfir3cbj24hvd,096CDBA843AC20D4F8A75BAE081CF67C
9g1c6fl1oftd75e7pum1ifi1k3,05730FC65A9681C656D9A2A5D33A5881
a17aktjlpt03d45ka2281114jg,005D001AE351EB3FA669EE57698939AD
gujn4k37ge1avsddsos14scmjb,07BB39B7D8ED519C0D9FC8EB94856175
vqdh8c8g2pstdoq6dpe5g9aeo4,0129C292EAB5E05B944A6EEBC7A6013D
dlsd2ff5dg80h4ptjl7nmhknev,040A7FC2FB444957EC0DCE7C4D7C49B8
5e52450hdi9r6vj581msat9cr6,057E376E251C9C158EEB6E634C8B0934
1sh8l494e12da2pu2muih4lf7k,030698CE2D49F4F2766E929C175032D0
lts7a07cc0fd1dteof56gi0nlj,09468DA2D0482247E27F316D7E72F2F8
u49v7puiaubmo2umbqop3vk2u9,006CB988421E32673D73280DE9909BD8
3l77v6l6enm37j5c1tmiftirqj,0A3E803D0E07F7D109E32AFDB64C38C8
q097an4go9js4q4pgshm4gs1fi,0A8895A96967E1F9ED713F64394BDA34
rgqcapcvpb3pe0l69ejkr1aq0m,08744A070E7682BFC2B3EB01129EF5DD
pgvdqsafgrf6qcbleg461mld4n,02EEAFB127AAFAF95F1BD54401815932
esips2kskb53m2ugr8i4d4hola,0039027D07AF65F21B5206C7E20B4A5D
7b5aumit90fq5f2si2sn4bbq8u,0817532E1AF2E68BF4472E6D847E6FDD
9rpjbl5m05svr4evssaj2mukqs,080E0B9D52CD1153DBD87DCACCB767CC
bj5msrqqvkeikc8stlptq8sui9,073BBCD2C5263820FD3C1CC77581552D
k6hb3donnc19cs9pt3bki4sts6,03DBDDF7DB1964407BABBBAA0A7D6020
d1db5c7h4ffddbvj0ci5h86dt9,050B3E77DA804A72A7A98FBF79F2243F
b1qvt0iirsnpagvq6dihgg19mj,030835AA04FFDE5470FFF47B702E1590
tsuppncur7p3nv77joo1vve42g,06E98C8C4DC89C850F4F7D030F56677C
eic6fe83mh5f0do2o6p49pf443,02948A8D0D0BA334B85EE22C3DF2664F
nga2hsa8t2lfe8pmitr9m4t122,06B6E16C0E2400BA8EB22E2F745EF2DC
rtg2mdqqimqohn6ghjq352is1u,092B0D1DC19FBC8E47C68DCFA70AB7E4
9i8md9k056a1vf7nltldsf2p7e,082472D8F175432C405888C119078616
f5kdp8u66t9eob06o87d5fdo51,076816D0A4B3DB8DEF1CC9C63C939F17
rmbji1arje0rdhot800hg0v054,007CE9B4BD0242D59A46D720B1BBFCE0
74ce8nmm5hd7ld27npf24ma746,097EF8ED4E90C62EF26596DE5B0A6895
gu3tpefclfq1v78cj4t9kpnbu4,02DAB0CFB853D49568E6E87B392833CF
be4mt00qsgiaub7dnpnlkf25t8,03705DDB028FB6286162BDBD5E8B0EFB
fh1krbtjpmnkjchivip4f6sqfh,094D36C27949DE91794D02B6A4088098
h7lnnd0q4qr95iq9iteio6m5me,04CD3BF5ECE6D074071CB15087ABFFA1
mcr8afg2mma21c8eadrkdah15h,0843C04C9BE1EEF622C8E830D24BCC7F
csil8kqq2vs5neq8comr6pe9nu,021C93E3744E790DAED9989F22EBD9D9
cft2ul6b7jhr61b530cjgpladc,08AC5C7306DD154304C0D5086976353D
rbt2jv570as5np52c9i242f9v2,056F0C5DBE1ABD01E751B0ADF6FB343F
iejj2ino6l3ir75lh1kp69laeu,0330AF1901CD261EDA59B9B513B3D9C9
ppi8c241sageqn3fakomro8bd8,00B86093E76D2BE30813939158AE1918
d0smgnkh0ihhduvg76pmpahkvf,0015BA116C58BE15559AD377DF2EBCEA
o63k9sd26gcmbilrsoa7rbd3ru,017F24F5CC4852AA215B184A383EDB0D
ji91jsi55fh2ct2m76qgvnm4ji,06AE260ACEF804D34CAEAA8E88F61A79
ahi5gpn2m3ir7shrpi17a0q5us,02AB01429C1B510ED705001758C5CC0D
394cf8l19fvm9vgp31hur5f6kl,07AFC16EC7F0B94B97222CAA266E8962
3nlimj064d0n9l5k5qtv2ok7m3,02E06454D27508790DE8F94DFAFEC158
guco01peu87i1khetc2n57ebqe,07DF873740659D64DA677313E2554AFD
5vg8adqbjkp63cufro55ubqijk,0910A968F0A0B0D4B7894FA9E979EFC1
1dubt6sb488ftt9ms7nocm1e5t,0513728DE679519A6D79D802A90EFCBA
ervnr86lpro00ffnb9o9fmn109,0982361C6559A9D6592B0B097214273B
gbco9i2791hjgbuf5b8oirrisr,07BA3744A5789A7C14C383681193CD53
48f51noklkipkali0i2nefp1kb,06278C0E24F2814643F5022F1E3E395D
353rpbs36n76hfal4au2apja51,0946DC7A4EC6F064E48A7FF9DB7CA7BA
esj6h5qfvojffvtoekkt8r40a1,09D8538481F9BD88BE1915CBD8AEBC45
ba6ofgbi15r9q02p028pchlbb7,0A11FF23D05C9F17AB6459AC4307B1A0
a0hv2mhnd1a6uq3ibm5inv1rbi,0849BB18237F655F02283B3E88CFE7D5
fjpmibdt0aec9ulon0vp4ualbt,03CA338431C0C77104AB52C0B85C3409
g1nglpsjv2nkm6s2u7tta218u8,0424804194CEF8369740C1380A2F791C
qsdo83jokfhaoplhqjo0t8jbo,0997B74B58D3CA33B32F98E69239984B
oe3i7gqg38h6a8mvgme2rn1m80,09AB5E902C852D8A9FE96EF67BCBE610
pcka7et84nl8kkdo9tgti3dqad,09AC14BD6145B4E0BC93FD7C9BB9EA3F
2rdkrbo6bshtq1l82fkq4b333t,06A244C7F1086FAA5D4E8B73E9D788ED
r9vvo15k2lspo99l72iibcoth9,00C9DB8FE48671A2343B2CE1CBECD5F0
pdsala472hp35v45bpk9ekf7d8,03D352DF2CB37205EC441E4430393BAA
1q50rmsvljqj7h9ls9h2645fqr,0497942D3259D188AEBB0369910BE2DA
g1fpb98smlmt6k9q78d8jm43ur,068F087CB87C96DE9BCA4B4140867FE7
gcun69voona12b5alcmm65vboi,046AC8ACC8A104179149C8963559E147
dn97nkptmsapi46cipcah1t737,067B26F83108E805CEAEFBFDE38B9BDF
e0bku7ts1bect2enac5fgoqts3,046C30426F5812DC5432A5265D8A0DE3
g3vtsk7uh8jtq7i26svd0rq6f7,0532F1440954B235E99E1BC66EEC5F0E
8skqmef5jpkpuacs42hucfqj90,0AA9905863902AD7A57C75761A890303
8qeln0jb7m9fcl32c934278qlg,084AEB3D0BFCBF4C8EC45B925A8855E5
q1grku8ndmltehm76dss0aro5f,090C78FAB56332FD62996D9D23C6C48E
6evedofe42fi9r9e0ucg570kuq,03BCBA55ED2670921AE4103300E02B11
b10kmlnqbrj79c1chcu6i4e77o,0600DEFAC7D7337D8322DDBE4408C026
5mau9713nfa4pa8m1v8uf28jhd,073A833C239A81C397DD6BEB719F483E
gg13nq4pjibbq9sptcble5d3fr,01613B309EFA7B96BB826E62A4C91A62
ebc70dtpijj4b2nq2btsq832gc,06D10BA2F0074B25951E6A77769EB1D6
77fo2sbv1j63k6r14vd833j90o,01E8A613EDBE8BD8B3D2D99887BC52A0
v2kcnhs2g1h3v0itunsfj471fs,0255F47A7250DD8E978B4D1A1DC3B7A3
irk951459006alud6dh0bhtin7,05A29177ADE53F5748EAD671498246C8
9bqs2g8t4q1sktask0hphr4iag,05F122F1E04201AE09938A97F024C334
u3eh0n8memjpt1mdt316imalfb,0A11BC68363F7304D2DB94C52ADB7321
cjjta7mpvoili8n4jh1lllm1qa,07138D06F05357AC3016D8AC018F7C32
l6j65riaj00chtuu0niianugjh,0396DF93DE3F3951CC3B7615A9CF8074
se1q6r0kf0fur6h89etudcj11,081E88C0C6F9FEFC46D83562405CAA78
hqveb4ve2gqktkh9l56v6rdv91,0A3CA743359DA07155B7BB0D0235CD4E
hoek9sd2isjkjc1sp77bjs7j11,090002648ED6AA32A842E36621538084
32chk43e8n0bau4kd1i80dh78b,07A67DCCC86C500E9AC24AF489C63106
7dj97mt135g9jen6ts98db9lrt,010C5832CF09DE760601D1D2D60CDB7F
rd8elte7n7f2bat4jt29sgs4qg,0375B7D19D36BD72F4B9190B9242FC82
b96lmu9q1t7mcb465nne8kg2mc,08E5C534ACBF8008D0BCA60C0746C70E
st2snfi1vvitai0a1nqn26e78o,0347E61263CDB71F699CFF9FCC3C7291
45fl2lg6u1rtnet1ng3b2ndb8n,05B228B391DC6CB1D9FBB628882180B7
k66vip9umkr0i2srfnrh6ce38t,08C0CAA03C1C4C641D10F87E8BFBEEC0
oncrm5hqchnu7dmeapkev694cl,07230A784606D463A13052296A7F3559
j8a6nbpq3rscj0or9drj973r4b,01D214A59A7C7925ACBDE9454BFF4A8C
bkh2mv89cf5afcdb0mh2bu9fej,06DD872A1AF7F6D049E94DECB68BDF58
1ff8errt15rvstq2j9co7mf109,01A4285EE9445DB1C29E4A4F9578CA66
iijcomk8e12qc6iifghib6ph3v,0856ADCB6932F8135E2C4A164443397E
o6ll5g6mprg1srd3lnq5a3lfa3,04E1A534BC5D4913CDEAFCEFEB9023D1
hfehsqgqr9c97i20jur5l99d2p,06B0A9FD656E08D500ADF740C2019CB4
ssimqdsjid1pvpikgh19nrsi6u,07D08A0A4A3F6197D1F3F3A58B93F9E0
n6j7f5ecgr9jd4a63mvbfucgqg,023FA0ED6E847E5EE97A88906E852411
8cmhgheupgt6ckmv41916s7l9i,009505C2C1B259A3382A1D072F0D3AB8
f20tse1sjj80gdnk1aoi1a0hp0,0722D25D82D791E8EBD9469A32B9C568
48lbf9q9g6cteokq9lrueaut8v,049F188EF3D09A340A2C4661BE2AA8EC
vm92savj5cid5q9jr29ti2ka6u,01971D71667726232F9F319014F262E4
5ncar96t8bh8qibqor70knpu3e,0555224A2D89767AB1BCFBA142F25B50
se6mn2g2matiuma3pja04h1djm,021CA890DB0B5A24B98BD7C62FCD0935
m64ac7hl3tf7r6jmgqaocg18u8,05028B96F69F21C38A227F1CBB77BE09
ogb5habtkfd4ia6h84mf02119g,0A99FE6F81837BDE50FF3E73DD023E6E
mejdl0qsd3l45trkmfq78ten0s,04AF4361B428CD699CA6E315DC5B4C57
h6bsgbfufbehsrht4do5htt16g,09F12BF1121AA016BC3E298431FBF482
67cklfk7bag9fo7okuksgr44el,03603033F7829EF7E0A132C38FC43C37
rlcl8ub8a7oilqo6ntk4v2o75e,041CD7600BEB1B8FECA2B20983302F83
bia1f71gu8c38qh5pcm525anc5,03551C290B8712CD08ADF76C6CE46989
nvgv6rsnja79cr46b2d9ak1kml,024883CF6EF2A16493D588612D02EC97
uc6utpvklesr2jj65qlrb3u789,00AA79EFE74C016FED00A4C4931560D5
cgr246mth7hh1mjjq8kc0p9i5l,0A09ABF106B157881486CB5791341A09
t986nd5d3373p518jgomm8kao8,095D309DCAA5CC0AE15788D0672C815C
mh1qc66opa6qdautvn3rfh8rca,0404CE236931D9A767CF2345FF942B9E
f81m6mqqgefh2jtvn9h07gbk2u,0528952BD75FD8729067D0D264B5D292
lprb4rl20fk6a3dfa7mnp2b6uc,06EFEF02046749C2BEB00C97209B4D23
7a53mraqfsuod3p6hr92bq9m3s,09D88E67665FE02BB54D1479993E0B08
5hgalraju812ood1idu4cuo51n,071254AC80B97E06C3C2CC7636CC7070
tl3qc2eo3h3ufa507q1hsg0red,0825348CF04D447341921AFB24D6B0EF
pu12usdn99v3je68a399jgiroj,07354BA1CDFB424DFA2ACE54147BC2BD
fmveoum04aaaod6o55ooim6gg0,041298F9403D51ED463D79C158D2AB16
lmco6399g1728imju31fudl2a1,02CC276073730E45ABF7A0BD7C2BAF34
ipuah91m8jgttnqgf864acu5o8,01EA2A255C1A8BB53C68138E29C4AB10
2ian494uqaj2q014qt0kj7mcar,03BB2CBCB29D38F0C41656DE90D45FAB
351co9cqhb5du9nrnlohhh40dn,07D2F7BD0C26C148F95F2DDC960101E2
c1lj42rgmfh15mgr138c4kdoi6,003FAA799875F5C668FEF12ACEA5573B
jlm2ftqcn7cfdoc6meggdie84s,05BBF4EE0D3C6A785168E01DDB6BC41D
f0vjsh71j595io9mpejh2o83m2,0A97A5C55231A459BB4FBF9A355315CF
sl3o2lkk6dgoumsiv0ref3sqja,00F8E07A2143732B5B481226D1BF789E
9e1bak62jh3j0ri71hijluuj93,06D06B267792EA7A783BED52783F314B
172p1nvukc4p35i15ecqg61qn,06339CD8AD6E91E2EBECDC1CAE4DB053
84l1r6ob24ai7t8grljuf3scj0,040E600157AA113F50A0D9B6F55CA02A
lmc8ohu09j2gb300muf5dlnvmu,086CECE336AACA0A7076C33CAA1FFCE1
bhgoesp6ncgkfr69qunam334rv,01930F8706C179F646219E5A7F5CA1E2
k0nfvjrijdo4l8a19b35jro8n0,022A942A928E26299282D9DBD430C625
hh1g9kducp1dgrt40dg0ljmch5,009B14E066195873CB6801A0DE4374EE
mpl5bmi4eraqutkaqloom0afn0,0466CD7248A44EF5C13938632D2710D3
67hdqm9ep7v0a4pbsoekl262ah,004C37064A717622F54EB74EDD2FDCD6
nct50n3hnmfn3vq5rhn1pcr96k,03FAF6D352CF6DE627379EEE81EE282D
s7ddigm711sd700gi9ur7hc26n,0212125C833C8DBAF521DBCE819669CF
f0lfs0lglr36pmnj6qia5ikggl,0947CFF2B24A7AB005BC768F6DE455A4
4ms0ofsdrslmtbqtllrn6j5f03,0302B2BC5FFD4F843B37675C8D86DBE1
uk1v598v8m2l98oqk7e6ue31ua,05E0A04A27C57A99BF018297A0626A07
3hde1u0mlaji103hmq1m37geeu,051DB7F911C3D291B388A58678E75373
pkeunn4v5437taudjm07o23n6a,0530EF2B8290878B25DDD5D4980897DA
l43bu815f3li1pjvrbr5shuaqr,07ABB190C38E232A6FCC59D94569E1C1
do4ik6tkrg18im9h907ndg6n32,0984D54039A8F49E746987A182BF9267
2a156vu0htq73o7qa92hq9d86t,086758C0E3D86FBCD047466B698A2FBB
s58kcjflamrkhpv206tl6up33b,054ADEBFAD7690691794693D07387D5F
6kv9tat9dhccs2f17l20eehq21,0A44ACE3B03C702B8C1C0D460F34CA1E
q66ue1f1ko2b8mdenk6cq93r7v,049CE13DBC9B004F3B6A941D9E255A44
hfdsp0af2upg9rdlij7oent710,0961CD111A4C8FF322A4AF992FBA1210
6s5q5v173mvhao40j24tleappq,02D55B4F6694F6FBB52EC464D0ED50ED
7be336n8gfg11d95danhl2mhei,0121613834F6947CEB6ECD674C2BF757
cbou1i0qg1ulrq6jv0lhqv1kmm,08E358BD42E50A09AA9547D9CA20717C
uj2eecahu5684jlf9c04gopsm5,07DC22E59EBB9E099BC6DEB183AFD367
n7beh7ose0usl6g15rihfe9qo5,0790F16F3A8716F3690B924A9960810A
q0tqaa1spjli1agdfuatm585gb,05522C3930CFD3736E9DE8B47D5C9B10
4nqdln0a8mi8g95vd3usokmkb,0530C889EC3095D68B8BD631FA25CEC0
lduohmt6hcfogrvvgkh3it95j3,093474C2A82074399804E5AFA8C5ACDE
ufu4g1isec9gfi8lrl3vkbhho7,0643FFC92077F8DF5FB44AEEBA3D1812
2h2d5or84pencv41jldikh8dfj,04E0C448F67E7EAD2EE987B4DBE43E6A
v556vl12p2v82a288sgolcbbrf,067F0126EF2D665824D2DF218F1A6D20
s7i0q0mh4ksg4kkovha0hmhk5s,029EC03B3096825785C2890D268A378D
n8f0kf4sue5it721nh3931blja,08F6E8C520327FBE1D5C4CCBBD09D3FC
q1a4d38r0d8hsktbhus3bo68r5,043C7142A1EE6415FF4F09069872B715
m2ucjl1te39n5vtm77aj04rfq,085B3D077AFB566081CDF04D8686BD15
7lhms95hap72nt2s2td5451njp,060A97CA8BA0101DA29FEDF03B900706
qf3vma4ksuvkae8arcjummksm8,07990E5CDC544C0620F352D79DA8316E
66qmvap2e1crrso6s783931fku,067D7C6CC5CE8A91EA7870A435F24FF3
sjfhntv1v1uf72ulmu66evf5cb,026713F4D2417F58B61776DBCEB514D6
orm5v7k6iqb6rl937c646npi3j,07873241054CA09A10D0A16ED216F453
fb0j2ufb9v6s5tnk187rd8moiu,0808114B02A51CDAB0DCECF6C90F9B1F
oe5prdjdbfsl6f7u69qflhk6bo,08BB6B763CBF0C707B3FC72556318F9C
73gefu94m505koj1g4fpoeu3q8,028FACFFB8786B3C91AF89C71C50E23C
7spg4tp9hp6bean05qmkpbsaaj,076FBCCEACF04E111BA8A0D6F01CBBE1
fdsl8oqqipjc815b24es1e3n9l,0856501C3D5E4E8E5EE577213F2DAC23
9pelvlftndin0nm5dfccdbj8iq,06FF4F98CB2F6DD4B3D039F580AF758E
m1s1nhunq7a5bdk6is57mgkah,05D8A11FEC5A6EA50E2933FCDC2F29FB
fr3c1fn0atsfom7udlrlda9d1t,005916CF409B0903EF2BD115C987C659
5ea2rbr0ppsnahdkrklv3i4lui,01987F9485C0AB7D9903A6C079E85096
er8dbgh3afoe0qsi0va4lhfe20,011C5762578346EFE110915C7A87B7F0
37n238rd5eri48lv89l3f0rq5f,01A62A553E51B3A6589F51E60DB4D7C3
fqoavadl9gr5m4qcg5l3iih3r9,0486B50440237762CD38FABCDAFA294D
5f5iiesijb2ajjbrh32tgcnbdi,03C77145069C5711E735CE35496F4AEB
82dbpujetqknima79ihf8gkiob,068656028CD3B992E471373EC120F6DF
563njen3ittuvfjcmvcmb2dlkg,0AA40DCBC28DE32C28924EE358EEA036
ageas3qgs076hrtlafcq237ohd,07048D1C776F01A0F6381494FAECE838
188lpntmu64vup7tubr4lsr67g,00C21C9FDF13551AD1368E7B731B9DB0
s9f5n9cl9kvgsrn210goobsuem,029343637D105013F36542D72622F34E
6tghfmb71a2qd78tgj5ngu9447,08C825D33F0A56B87855F61B473AE8C0
knq4hqprjmklb91leih8f7jla6,085DD8AF01685456CEEE176DE7B2D648
ndsqgsaf1o7tmp6mj19agl0065,08629E76A5CB1BE502687379ED3CD0AD
vmlspgpc9hhjirj03o8068nli8,03FBEE630D45B1009B79798E21DB6A73
dip8rjoffoi7mgdhge21b1gpoc,035ABE9E368FFE3B2BC4CD7C3839FDD6
oj6tgkmor79siikunmvj89ce70,05CEA96C9CA1DE8BF991B99E9BCC5ECC
fpsfbo4epa382qf0937nl6hl1e,0260DF8FCBCDEC9E9CBFB6DB7A8CEF07
49traab374c5uel4p8s5lc1uqu,0A1E707F4B813D6E286DB06C1E5027D1
2gksf0acv2n5n8n2savk81usdn,08B3FF04411C0E0BC625162393BDF66B
ca7c1i9p31887b372l3cuilnjq,03B359A1F1A3BC78909C46421C92F7EC
stolufo5a3n2b5abg1cf2tbqq4,07051FA00A8D2B82CB86632C9ABEE0C8
t0kdq94nf0m7fnjrgk9mbpk63t,034E140611B3C2E9054851C61824FA32
klko9981mu2v4vgmpd39t1cb19,0A870F04981034B90DCEE4AA6E228BC7
7oe1bcvaalm8go2bj57dla2iu,0049669B804497CA14BDD2D684054D99
rta7v9h7smo7ah9i3rlouebqr0,035A88F902479EDFC76E18026A97C7FA
gmq9d5njcvh2rml1jgmc27kkds,0217ACFED76172F6279A7283226744BE
c4q58sv3sk1lpl0m320ahgb0o7,06832A85624D07DAE269AB2B6A819403
np33oh00kvcf6fl3kuit622e2b,03FBF950DE3BFB3109B0DF3227B1CDD1
jbj3vqabctl7it1faccmda8ilj,0387D2FD41C58A8735C8C44A024BF958
m1mo712o1qbhdgm4h9sviim169,069F200CD8FF8817C9969CB259F8CB9A
th0o94q7rsug2217ccei1oo14m,036DD34FA2E4D55576A3F02B3ED99A89
pi5j6pqc5hc7k5l8va3hl7ervj,069FB75FB571C88F0EFA96D6FE135E99
vu9j6sgridgaercqj2na1ubv4s,0643B5FC45CFD77D5E0CC0DDAFC3CDD2
9aenqnmjp7vbupup6de2m0hdh9,064839C81B3EF7964F985823F1584334
hih6p4ssb11crpadhb2i835rpb,07FFF551735B0B2AF90F6169C7488990
dm6eqdsl1t3bes5707p087tarr,044048885B3EC97FF11207D300198965
583v33kih1ckd14euflb5a72vn,0015529A61D678E98A80D98EC89CB69D
o5tfjdq5579mf8j8f2upibrucg,06795867EFE83EC0BD53223F8EA1277C
48huq029tgu2o2q7pe4m64grc5,0300B258BB0BE001D2548DCA7DB88202
4i5thuhp33baicbqk2i4f8uaoe,00DA2AA5C1AC53A1E0B4BC6DA25D88AB
