Key,Hash
fug2j0fb154eglpo7vmk91u154,251F6F55E51F0D2E438FD44A9992D48F
8ekhnsl4cpqh0jgaov3sd6tgte,23A4D342456F47E219A6DA637B861CD9
ahlj3q8ifi9mb28okq2ku4jpf6,29778C1BA953984ABDCE3653073E8BFF
ovpiiciaa0rmg8764kn55tkbfd,276EAF1D6BAFD24705988E082E3A692A
5g3qotnng6qhbqqq3s3abctcll,267B365054AF2D863876B9BBAC3D8943
4g9nr4hog4trtelh3cfdpg5pqu,2284D11CB060B82B87494F19DFA56930
t2a4div80ja1e5kv1k2v42q7ic,23361EF362B746714FF4FF122C37A9E5
pkc96tv5rd5km7u4uaieaqpsbt,2041A54BF2CB5B5BEB31F4E02B1C6DC9
hinvcntsvm5e79tgkrprpp48ba,29C69C51679E1F244EF3C0DEC9FB35F8
520jp9ve8m4qnue3gpappvqd1q,24E49FC7C9FB320C26D00E87CF92C3CD
m5ofukepojsafqcrc27i2at745,2206B94C0E39AF7B1F0CC97584818C1A
3sfghjbl07lpc3pjlmdl95mh4o,236AA57B90CE1DF80C90CB5CF7AFDE53
gaqsok96bvvs35fmfoec4nk7s6,268C8AAE31C12D1321B1C5F561B60C3D
re9mb1uloa1a0o3uf036m1cktt,255F3DF10BE95701E02A01C59BE4AB86
m781ov5hf5lj7kjmphfdfnekkm,2A45629EE257A789D2371B92E51D82EC
rgtflum7rbsdcrqql4dvgik21u,24C927ACB56425F5C72E01C84695032B
iftaf1drr40m0a666f0v61794m,23052C93B8C2ADE8F906E092ABD66CD0
meen93ct7tdsrga63eun0cd7qg,2772B4AF39A484E2B5009C52E10653C1
2du3plus133quhlkrsah4uqtn2,237637F248EC0C4B7F5DDADF989F997F
q0e0sdv6l80083csaqiuddcar8,21B7BF1FD8D26E03B70DAA5B545DB115
t9rpr4f6kb9asvo2opm4b4f6a3,2313B41D59C547DFC7FA95A70561D69E
sr9e6geqjqpo5enn5mk09kcrek,2561084C485EA5B482271B1B1A205CB5
7acf47r9af2rpdih99ll74c3ku,26895DD9B70AFB47CD9EC871CD84AF22
kl5utdofp9m8bmnn5njtmcj4bh,2A4D1B76A61629A302F034DE6C50C679
vd0vidvkv940mg8hd6l3tt0k23,2699FCB8619FD86C81F9E64AD8569A24
33sbh2s9sbd77fb1sa844o4qcd,29C671C047339706DE49AD9FB0014679
4h9itb82af3ho7go583m3vifh8,25EB54CFE5F0F2AD8231B69E25C5BEB5
qfv3eerekqp42t3t99bdjfmigi,2814600F15969CC3FE6565A490CFDA9F
q597dfgp1r2ib80hfiqirvk88p,25BA7D15AC374B5D50207E588CE9DD9F
dt4fb87l0b0soumitu8pucetkf,285DBBC2E77BBBC6127154461B102163
uo815mb122u0pv28j2qb7aps8o,2028C2935C5347C739352EF1C07BA1FE
u9rqsj0ca9lrcnegqqdiqql9kg,26EFA9C40FC5F6271E09415900785A6E
g6gao14u0vu38sljm192ipbcnd,27261A134B9D55B3D950EE54A909DC15
qvtpfugffkg05dot5kgmghap6d,292C96EC11060B7B7B318640F65ADA17
8kbdv7gu41v5bu1j3dacvpi60g,20C8FB8896FEA9223531B86D4A57A0D2
opov2j783ru8a9hlq49gth2804,245363604F84DF874F8EA0E55C61A877
6ep5e7b4gekfnmlrmfrp7r2sn7,21C85B450C2A2B07E08325FADFEAFD68
v15n929g859t1kb8pahn324jkg,2A9908E0F5F0F43918BEE214E260D122
unuo60b7cg6tkk8i97himlp9u1,2539791591BBE6832B4F8956EDDCD5B7
r5cijbse508dpcrtsfte5st8ok,22CD4EDBE51A7425E82F278AE148F903
df87r87sjc20re8po95dtp1s40,256253692A201F4537E04D43448FF9AE
vv4van84beoi69ui39nejqkch5,2582A4D08278C4B74AD724EF04F44DF2
ss4g32bmmgpb03btig919aso37,28A6ED9E2AE868C806F0D0E8A1E4B68F
9kh1ietloikr2nduifk7uvu7ft,21E36B8672DD6B1E778E7AEE7C5281D7
q4lb6bkfl2lm1ojv1jmshb35j7,265C760F4B8A2149C4713772DF656D53
hn7s8jnug0crkqfcvomd24ark4,26A55106803255B2678AC28D9774FDDF
1sdsmjho95ncg2v77n8dp92nhf,200AA65DE43B4151BCDCED226A00E354
4km91ptjjes1mn6lfeu0n3c6uo,2200D23B4D678EC4B7745F9F4106710C
sc6h8u5vo23p7i2vl0vk89v8i8,25D0FE7552C170C5E78940EC974A021C
agckuo8eb427rolfbsilg944g2,2A88663221FD5C6819623B352F69F3DB
3ee17gg11jjof0gvo4h7pkuemi,24834D54956B0469BCD54DF2EE049CF0
lsv4u4fnkfcl65mo8cmqd4q3m0,2901B5CEABC5E3C063E2A6DADEE40513
gq4o66c2o8nhmm9v4k7b8gu7g,22E3FAF7381B761D3BFAC9DF4F952746
n62p73kq5js90os7v9segddjgg,207A42DD70A7E9206FDE4117B163C7ED
23q32275qo0hqniueh46311h6f,24FFC2935FDA0C24F53EC17BB09C151F
b0k1d4ugm6ge8uk48cv06c5slf,21857603DF4B92FA3FFDCB47CC157D26
5bn47s30m2l6nvvdpovc0f5qbq,296E59F6E94851749C5B44CB3FB1620F
goegvv22fa37mherhe2htuaeg0,2920285AC681C5A376E989F0D5CF07B3
v765cu8u6vnhnt3ekajj728ccf,2237A48B86889959E6E6838488B65EFD
j3ufke0r1ciuf3n4oud64g4eq6,297684F893E6D7B6856C6A93F9AAFCC8
plfb722mjnvup87u70ggotk8f5,21642479FE74789AC5A601A355CC4796
rs0e14j2q5g85gofbkajlknlck,22BCE42FF14C61C9430FE10320E35E67
55iv7vc4r3pfeu8eskq0n5ajcm,29FC5BF6969E983309D6CFD7607B2273
bctls55bgohlo6np6p0ahmba9t,246B79F9F8C02E326528EE08617BB1DA
9ps8cko25pq1ohdn6k7k5nif2q,20C853244630775F4A0936C466414CD8
7hos29amlj2c6psp8db9cfm2eu,225947C03AB46ACF33093D9C65C06BFB
fand62eg31hbuvrepvapcn2qtg,21F42C907E46894176D3C292909F7E42
v9p4uv615nv91a36s4co2i0um6,2839F8DA8EB2A7476CA4D784BC979A57
g07sm10ug2suqhqtau96pmkgp9,29322DF781DA8BCB5545600E6A1B8C82
ncfsk0r7nn0rsu2ehk6rvucd51,25C604FC32869838926A2B3E1BFB2F67
k2vu50bo61lh0nb0fgmiq9d49m,2A210705672AAAAE41C228AB6BA19F15
2o5t5bsp6d2rulb9uo8ipuucas,266DF8BCD42A77E7C7EB30A3863CE768
60vlsppoels55h4181ovnepv2j,202675B1DFAADB035D8004417D9C4295
dk0pq3s1t491lh37jh3f9mr243,29BBD358F4619FD016E515E4FA09E5DB
iiqqoppighbt8g47s9tigoh4qu,23AD4EFCCC9A8707F153185950E68BB0
p8s7tl0omi9ic0r41qq11aipil,27AE7A7978974691988724CAF7E368E4
56b38dj812q87pdfl91lhtkv79,223826EA164F86E5A756816427392FF7
2tvs6i2ljc2jel110lgurd79po,25CE9E6D717430C397524AAB7F4AB37B
91n0723hqa0q941jgnlv876ltn,22C2BD466D9D6EA25101D85F06B589C7
ev4c05gpkunpnf5cvd5ql1k01m,243FBB8A95B18EA125E07CFB5BE7F9E6
am7fjvig7e7jujaregvf5t93l7,2178342FE74D77ECA2BE8E2D278FA32B
mnt2dsjn1q51ehq4lmmlma80jh,266607937BA3138EEA43B2AADC0E0A32
sebmnhc1p5f5ij2hr9arusfg6p,25D85EF06020CBE673A2196BF9EEAA17
mrbvlbs7gk8uf2r4acjgqi9qtp,2441C67DB11431219379AD4FA58AFDDB
1bf298d1bb52mb4346s4ja4t75,280133BADD05E0147311DAF8E1211E9F
f3rjj0q52t8lecm3cc87m5a1sm,2149B0884E7CE00FFA303127FB775576
sovghtvtngi4eo1vmldomspdtl,254C3A65D4924065C89DB99CE31650D6
c6sinfl35hcj9ut3fl2a7bk4cf,22D4ED694FE58FA15811A4736082E042
uha3io30pt65nhh0kjia08gdl5,2537F756B30B83922E72211DEE1BF53A
svdohl9jp2gf24duq7s5b4hoec,24330D8C6BFB6754DEED78FE783DC84B
52kk49g35muk8vjmbioqpb3ust,28478447C539BC16960E493D5FED4178
j6fu43vqidhbulg4161cj9blin,266860BC6501C4EBC313EA757CE127B5
ejga95096lod6sb6qbivif5snn,2287C602730B6EC2EF92B8323AD47299
s81ngil78dvkbq0kfmbdncudrd,28D3660DDBD9C1EB65FB338EBEFFA453
ja52v8rettglp6l80koqd4rtre,2780D4E0C53D36B296D852B2E0CF8608
6ibsdnj1evopi21jcirnu4gtuq,274CB40D3F0B402B5B0DB48B4250F3AE
rjic4cnhhv5f446pdgv9cac1jr,240DCB70B7FA0EFAA6CE3E44BAFB76F2
t4tgeqloot94i8fke69g3jnbet,29644CF9C494C04511616CD6E570C10B
hgaanj2dla5eagb1rq4s7d6nun,2614DD3DC18ED8D931D96A66FC9036BD
igfmfbucer9o3uhrlluf9tsifu,227CB683BCF02E5F90FA56EAB18F5121
fbke4ajvbgvs9mj80qqe4fm7nb,20C3B02F43C1D2FA5A3CB05127C09ACF
5jkrmnncajt2sok1dtpugiufqs,22A5E71146FB978963881E02BBCFDF69
ndtaftte9364ev3tusq0fr778s,27C5D8E45D3B9C15253481DCACE633E3
rs3l20kem3jb96hfl4to0krlud,26F0C6333A9FE07D4088DB0160C4B524
ahrv8glave6r03nmio8n4vbpc2,28F3172A7C105F76D15879FD4C8A33AE
1nltn8rgc2t086vonaaa90k4a7,2488782A0E1F97164036D7617750FC4B
so81r3q8t6030lqamd5ivqkmj7,24EE58293C9E13F608EEFCD2BC3D13AE
g9jdcml9poenmevs41s72tjtd2,25A3FE0C3B7470871DF7546C663A27E8
2d6727ari66g58u6r1aalr4md6,2A45ADB29130A9FDE2450339B997D7EE
2b6g2ur6275fusdpfh1m3j7q2s,201ED38E2A5440B43FF652E24E89FE5C
jsrnprshocegu6ii8h6ht2c8d4,29BFE7BF9B097CFC97E025AD66715B0F
5put3p972t8npq0v7g7n0kb2co,26130689CFFB31484C79FAEBD3FA3104
8kgvrts6jp31utsdb59oaf7aqt,2703EB1A273F2D93B7F7C60FDB9DDA0A
d0q6inlkadd8l87347pmrv6aai,2928A1C773DD404A204EE2AE0A128897
h3391uhjvorc7vc9mrs8k7hcir,204C085B66A9190FE90A4993482AF950
fi4q6m293nut0d9p1snon5h1m9,22D3344F2A2B3DD0D7D4EC83BF461D20
enldn0coi59ad98c0eklgmmcvh,28C50DA7522EC7C156E01EA67ECA6C68
p4ovq98ootrcsdlfh7l30pmbca,29CCB682C98EEA2BC3EE87937A389D46
nrnk51p20pm74d1s5m735mc0q5,255EB25C228D7B839C0DEED3E7293D8A
9dee3a0181bgtpvur6t6afb61h,2A5D8CE95F626699886C8BE5121742ED
mdcq7b19em3i6r67fj1h0m44d3,26F46BD88064F05DEEC8CEC8073A1021
jevfhptdncj1nsgm1qvjbbjj1k,28C54C5026B5C79A74D58FC25209AED0
5s4t7hfsijf80dhc7bga4endkk,20A1C229C0B4F9C8AB7C034934DEBC36
dthhqs3o7ksk0rhab7pgnegbil,2995586E4163971280721A864E3DB76B
gqa5halp0iejpj1nbjo1i7419m,259C15779608AF85F16B0AEBEAAC7ED3
fr1u1q87k3etiac1t03vc5b7s1,25D6EF796CD2C091CFAE2151C39C5ED9
dtn09t3b4rnrg47s8avugr6236,29D12509B6A2B494C8B875CFE25699F4
o6etj5thj1ppdiu8lkq80k8vot,29A18C593FC113DF97449FD797E4485D
ii1fmvm31sfj0im4nphm0i7j6l,288BBF232411F2B7BC7F5A7456D52CFE
6jt166puff4bc28okun7g064g9,2578BC539D37E04C99CBDE2075A8F372
doibjj717aaujec5qusf36skc4,241D5238D8AA96317DE819D6C181DD57
mgjv5of4pg010nsou26hg3gmnm,2843A62B5CD928436EFC8D9D423FBF4F
jqalpur8frps3dbps5cjuqiqm6,24F929EB5F9118E7DF96249B2B0528ED
sq3jugeubu8abnv64hf3apogd0,262E57E136BC54CFEEB775DEE1A0EC2D
e4shsr7kutie3pr56es0dqhf4f,21A102086C6F5E2002CCA1B7B5A9F329
fffk6aloqbukd427oje9dtu1u5,26D1618C489C3448F03EF3CC20F79A0F
ps51gsjf62gnb7prgdk8bu72n1,27B07FE4F958A0466B6B802D94B1B4D9
1d9pe7rd426igdhpra9u2d1i3f,23F52723F4D612A34B67D5AAAE027D9A
gprv7ut9rq5k4323nnr6ptkmui,218593EBFB86BA81CD09F7E0D513E757
jti80f8d6d143557j09ahm3rl8,20F73404AF249B9F321FD9B3A0665EB8
pf5c26oabdlfjkf3c6bpvu55t,2805F297DA1E30E8ED0B5638EF137EBA
koj4lidcrett21tiehrnsuipbc,24B916582624A2688F446F26B47D9385
cb9h2t4t0hjv8vfovsnbvmoena,27C87E7F348159647015D4D8BB914ABD
1ghsm6ciu5jpa5fbnd2eolco3a,24AFC27EF361E67BDA4DC2D602D40F17
8moeglemepc9gbnuegltmk2jqr,252FF7D922F896FB91368080ADFE3740
rlm9lj0dsqd88tf01egipfq01d,262A746BB69C4EFA59977A27E5211129
r3hqte2vsak6ob84984023bkpl,20DE936FEC31322B49B60A67D4A13E1A
ff0ck49u570cbd210jn8haggra,200B11D76FE2C3E535609903B6E91137
sq5k789na1ig5c7a1nnntrldir,275B4079FBADF95114822FBA41485084
h3kfcoo258o0h76cf5e1e1d0gn,22560B12C71057AD8FD935C25881E28A
rg1nt8ckq3n8bbbce585872l6v,22BA9F65C3A6CE568B2424B3ED78E727
plc4u282m421d8ivvkl15rs98v,2802C3F5F5044D77238305F839CD28AB
vlk08pn67or9b8i8gt32h9905m,29D74EFA553B222EA25A1732B962171D
4t1sm1jdlq2rfum6jkgt0rbh5d,20A2A64DBACFB596F05BBBD3D473C072
b7o9doorn4uigat3uije9duvvp,22D095CEB8670BDAB9EDA47090FE90D0
6a2koep3kseh4fgq20sallrdjn,24A363A0797A1C3DE492C2AB6E66160C
4k8ujpd54tq5k5dslscg2otlqh,23AEADA002E6D5AAB58AA0FDDB5B9C7B
mcuqo770b8q0vlj5k80dc88ek4,25CE9AE424A051EFE4AFAD5A1DE545FE
tp5tbnrm3k230h68rc3kneb5kg,27B57ABFC568568FD4FCD5C67746F166
fqbpen5tgoua6h2jb7vd2452c6,250725EB58DE801F2BD026AEF691B425
4fotk2j7kcsuo9n0j6ifjipaup,22CFA9D45D1DE6AE88EF62D755282710
ijb8utg9ncu9t6cb4f00sq3ajm,20AB6CD7894769DBBEF90BC0B3BAABBF
h6ug0ibldbco69hrhbjhj53v5m,2A028FC1BC15A44563C1F52E025BD919
2e029m5gegjurnrvq42trsfr8d,232B71014D010F524E9A483101E6C7C8
8eq67ecjgbtuppn6pchbnb3k34,23B638F9989E6EC5FC092526F1384FFE
s9i6c7rk1bqbsiilnpkprp0di7,294478622A7588571DD518FC61378340
d0059v4b9n1kh5phgplcgubm6a,237E740ED08BE8EEDB0C04BBBA72EC01
ha3oh10du8dadvv9iarj2f5rcc,2447C4E7F8298C0A916D5E6339E49787
stktt2k02bfa95nbkpsi7mnd59,22DFA851DB44D785CF1ED39736FB0A0D
pb1ila0ldphfsrfdhiim5u5dcg,24DDDBD9DA72E84E445AFCF4E8CDAFD8
d1etmmjsk3e64unafa4igenhji,20734CA579F85A36FB1FDCD7398188EF
eo5mnehgadcfsehsbhqrq5ibbg,232C2D01BB024E5E50757BEEB5C766A0
jaa01abqr9n5hvnq4lcccpljm,28582B3291E13C7CC6CDF6CEF6A3941A
m2fjnhvdso297bq03hvp6bod54,285DB35EDE2375B8B5713C796AA6CE95
t33bcelqii42pboundcsin77mh,22D5F13208C26710DB8D62A0EA2AED71
ohn5d81qs5uhs3chb6rgalaanl,299CCAB98B5EF03B92E5E0C082F07F75
vkk35uscgc53vd88v2pqm3diai,260C61386884477BBF74D04A0D686DC9
6ic2ohd47qtu0i7g9vql5d944s,2854DB1904CF1981C8BD83BA4F88F047
f0tk4tvhrmlqoh5vlnorbt85nm,2A186789C1E2BDD03BBB3C33C6FA7758
l0f3214mcte4n4uveernatog77,28C07EDAEC9A04B2F0B38F4F9B63C194
t8ci86r077f2m29fq86cb85dog,27C3D3BB0479DBC70436F338088E5809
qmep3qg0f642dkdj5en7u7j41n,251F85EED53255FDA73175FDEEFA6858
1qjng0msa9cagc1osoam9k2h8k,29CB1B21EEA923149F463B23CC02037D
iof32ev6dfh0j57hkv9hm5keqn,2A8B8B604CEED68CAAAE384FF546DA60
rfo20dtk92ohebpvlhja7kvrr7,235E5AD6145396AF4158700203CA86D5
ehqo6njegk4p4kc9fn9jmfdq8s,2395C5E332C568821B4589CDC3D4C26C
44nllqi128pg7c067o88fbh987,27E30494AC9A2C1298F9AB179BE4E472
mu4n6t2d208fho34ln5cadto1s,2132D903B69AE3464F4DDEC003CDC3EC
qbah6n8frabsa5k4h51kb9kds6,225CBBDE2059AA3B7BB19D694CFEB343
q8l0ht4pvvte51khl6lcs1hb6g,26AC8A328138763221763C3215BAB608
iev2mk43kpn6j8i3al5upg0fin,27D9418F7B364CEBF5376489B3764D7F
2chol1vkq8hctlkfrse2dsrdlp,23CC6828A865462F77043C6487BD3667
cp4q6felsjhg3hs9cu1r54sou3,20AC7C9EA9FAA2FE5939DFECD1298474
kt6q6nu04nevjdok3cov4dvn21,2A2B2D630F48CB690A703DEC7CF3DF56
von4ebrptbgfrbbfj388a6sroj,297C0864BB4F21924CB3AB985484D48D
v0feg13uocj40andb74q7avel9,2499AEA0D5C4FCF886F016CE83625B2D
iei9r2frjgsmamhd369460i1fu,25EF200E118D71B74B0A6ED1106BCECB
pn29cphtc4t9vaf860tfjjvmm4,2838A9702E2FC6F0152423F8EA769473
ivfd5upeerpku7dbqt59ui15im,2AA1FC037F4D79229E40C87F52D17202
qob716g7n9q69jugo9acoofmad,2836D3CC962EA9CBBF9565EE78F6732D
n271akg0ktuk5t38drvgdmf84t,2A8197E284429C0CBECDCAFA8092E459
ndjg2laq0aenp4spcgp0nhar3h,2443158264230BD520E377C91A7BF9C7
jsqqdoic1o5ll3uv59887n2udm,23A338138F5DC52A7E06983DAA7624AF
2k4sdvuaqv99a9frbq48rsn6cq,25FDE977EADC429B155A4A1910AEEC59
9a13sac38tb9iemfisqr9dt8k1,23997C3F29B91B8C42D58BBAF7622C04
rmm04ql6k1if5g3r4li81v9ioc,21398DFB59DF339E05BF266FA53E4C37
lsvm6ebdj6ehm5u0f1vtuee15e,27EDDFC284C24DE81EEB0E29DD86B780
687ha3pb00h8ojhm0eqcmvcm3f,20DAFA68B5BE3408394D6186D8580D0D
dtq69t4nlohqliqn21pkbc1b3j,28B5B6EC315A64E5E72051D31D61D5FD
79nk8mkkjks110fgabdd1a1uph,27E186F5ACEFA3B8D89821BC5F52251A
i9eaivnc7bpj3ledrahe1447j8,295B8E26C5211A161AEC987A109606B8
60ugng7of757io5qkeqjo4qq8s,2642E0D09608C23034F63D8BB2D897D5
dp2trtre2lrm0fugelbub76jbk,29D11A2561A7B6DFE5836C29336B994B
hpmlfoh7u4orph0k7vpq0jpd41,297EBF7B27AA418B095CF85CA265815F
n6fh4etlapbk95gdldaa608v0d,2A249CBE271A403206588D83870BEA86
mvmfos7css0215k8rbo1inntv2,2938309E3D7B86FE7404FFBE40B8ED5B
5aj482fbl14koe2p4v053d82c,24415524DAD0B1370CEA7CD583AF731E
d3nmhnglh8hm20mioosomu2vv9,222C18A09C5C43A6A0970C13E707C074
ng5a4ntpkchrrkq8hhh1favb94,23A600DE990417ABDBC0B388070DE32E
v3bn4nv111onp6kagd79qumjfr,23F1BF8DD9BBBA3D68268F374BC7A1D4
nvv5fr30e9atuhjbvmoj1tmslr,210F87DDBF8AB3D29D0675B4FD45C957
kaglr5pstg4q7dve5srhen7rll,2A515A8001C086314BE4F85C082C0E96
bndi6j7ud98e2sasc5m9128uj9,241C0698B92F1651BEE4648F01CE7393
mj0ap1fh9ut0la4kqhbrh8pt30,21EE39F7F9FC3DFB4B9E2669CBD23982
nuebmhuagm1i9ofog07urbsjhd,28A61452710DE1B79C473B1871632B6C
vet8s6obfv7roscf01tdu7e6rs,2A928A02FF6AD740596D439290B6CB68
poe9p0spqn04aio3o5lcempedb,266C0FDDEE2EA7A9615BBABFF9344526
kkbvk0smucsk4ga67vjuav22md,219C6072EE6921B0981EC372064F30E5
bhrsnldtt7vbp3i6862vkv1jk8,2A2D2C214AAE5357478C77A89B196A21
lp6pb2kigb11s3tbl8sst3ovss,22ED27AD4ADD9AF3A51F14DC006F9931
1guqro7c6q7jvn7ubll380dd2j,20322C053D02BB8DF916710C29E26681
78dvfcq38n99l70ujjkg9ltseg,21785C070B1BB2A6441C9BA268A9AEE4
ggndg4suefg4dkh5flvuapdbrk,22D78DBBB778A49910CD92A9ED4529CA
2k4lmq5hr5gv7je1rp3l67h84r,266007430BE5015CCCC7DA21BC3A35BA
o4rjar0k5gp21g7ifhn6f663kv,27F97F6B310C46F4790D76F8A347F341
q1mqmncvmqmaj774vpnai3hkuk,237425CF9CC6C622CC832593ABE764FD
p8tvalb0mdfb82ahtvjteb4n1m,21D4F874CAC7501D8AE00EBBC13FDCE0
gbd9kj2l7et64r16d4jjeqa1m5,2049905D53092F5444C654718EF83BA8
kn0mmdd5lop9vaoja39hk3odpp,25E7A084D6DC3734B047BDA057486916
57jno5ek0rqk185mjqq1j5b6i4,2A302CB69624DDC82533C95658CBF736
bsa14rdt8laebb0c6s1il3r7ni,29DDFA3AD463FD0A4134D96EE32C2FD1
2t1rkl2tctbscdmorhub09c10s,21A6892F3946D852073B2488ACB5BB32
hlm5p4mojmnu8iq0vjhlfi6pgc,24B602BEA32FBC71F7C30C49149B2DCA
441f12ao5esrj9q5alivut1e7l,2AA9A413ED608F6427284AFCFD97CC01
145jhivd7a87e7qvihfst8snfh,2A8F159481AB102558093E74B676F63F
4litdvqb7r53b1vo82alc4tlvj,2369CBB667263F7B76CCFE4483A93EFE
gnecrt9ouer993prohmhbvjshc,29C3C8B8E262B799F1F5D647196465EC
ebn2metrlu7i6p7107veff6inv,238EFDD0AD60E2FD630FBED2A902C51A
73smsfomj8tu1fd1e7a3kekhb2,21616EA1456AB432A95DA105313CE0CE
pan993u74ak6ndge4srqoqoef0,20EA2BADEF1E98743FAC7DB96E555FAC
odid485gb9s4aj6vgbu7jqnkbl,227B746A8013916127FC6CD9BCD81A11
br32q12sad490hdsqnku7dmbfr,295F2EE71E26FDFD40276A77C4E73674
jlnm6r79bd49mlgel5cmm9g7qe,25AEF23A037171EDFB61A5EA1F9BD6F5
229gq59qnd52a329kpdt6j1pd0,208CD38D6F540A98E8E7536125778D4F
6tkoujvart4796qfdljltm2f9o,28E09B3927D57DCCE99BF0DB5DCB31B0
em7ilul27q7fekg0p59aobi01l,223C1715648067910B1F19045FE4B26E
31h9e9pr1g50d3uqbq8ethjvo8,23D3E0729A5B27588FAB4148A05EC379
3vi37r1o6tfmhjecos2ag5jfka,252D7787DF7595CEA0B76713DA3603E9
ogi5r3sv5dcm9qfk21avqivmih,2A3AB583A272875698BDEA3C173441C8
g2bdcftl0gs0rimsmqi1spc3np,251FCE9289299286D629E029E5C23B3E
oso4qq2agoq0n4hkl9s539kk7j,23C07E95BA670C1F0101E62E0051456B
rajigalq5hsqsea2qdg788u3qd,27C50C767F12ACBA1E93BEA1FA3CCB7D
v13mgmqv0t0uobgck9r7k2mobb,20719BB83CCAC79338FD33FCD412135E
rdd8hcgcq0jo1nbr91mcj4d84m,295FF51419FEFF5140A74F774D0B1363
4ilndmvahgkf37ntauna19d578,204E17811267AC2E88F2F85446630C53
qoh83tdip9dn3odv0bl31o20b1,2258A80A509103B121424A49956C9984
jtddqie0knn9hn5r62rf67fkjj,254DCF4B227A438A1BFDBFBF3C6664FE
h8lkt73jjulnargo5ttp43iul,288FB5CA5BE903EAA6FE10D53FF542E7
f1aumv3f9ir98qrpl02p78fan,215C464CB5CDC61148547D0F62845703
k37cl5sn73810349u11tjj9hf9,261E97546AFA06C874C2FB72815DAE3C
f6d1v0g9jp7p6sok9e6tias6tc,22416FA7A7B56A1726EC825522AF1AD8
77n8jb7v4c0kbl5jb66f80cm7l,21302B864E8ABB6742D39007177F5A3B
vfn52h0et79g8lehn5mig8p3lp,2975B298D2FF3DE711ABF495389DBB46
1meuh9a73lmram169k6ff718mp,21F9888EAA0353085B24819116BD032F
mfvma1uetos9aat1q8pbil2n5j,25ED2808BC5173E354F8EFCBEA2A9E57
liin8cbbvhvvohdf7m79809vjd,2249887544590AA55DC7459D0AA744FD
22gki7b6eoria71mla0p1g7njt,267A472C80BA043D09508E8AEA60FA6A
32u1kmvr62lvi15va4jhbvmssm,277CE8026360CF104603A1B5A28711B3
i59n76qvvfeb81uctpksl2fqu6,2046719AD75699B4C672651B92414D9E
5727hihd8i5tp330vt9nalr43t,20CE2363D7FC30436D855FDE819996D4
vijgarl74kjqkngr30g5kipqvu,2995BFEC834BF5EB6F8AF6BF298E2725
eiipiffhvuuv8auoha8115cu5,2232B78C115092E75CD8F1850692B803
mfnk5qvqtdfk9kbugcfs4hi7ps,29CA5F1285A65BD748C2D73023970777
l18ihcqsb0g6hrpoum6cttfeib,284DA16D8ADCE68EFE5FA8796F753076
no8b75iaae1ivu97dmglmn7n4r,27BE5368EBECFCEBB72A01D6926F2DBE
2m9nt5k7rer1utpt21075h9f0n,2A546CE087B7B4C8AA1A37873FC835B1
hsbdvu98e5ghijcvl6oocf109c,290B0D24618F6579ACA87F16D065690E
hdi36hnem7hcvqod4oc9444m7c,21FED39274BFCCB8FC1457A66A4524CB
gqru9oco5bljar00rjlona07fo,2757895203E77268A32F8BD0EE21DC7C
11g438te21668fvpu5tu4cc5q,21CBCC04BFAB1C507FE1B1976A8D1C20
jd5ird3mro3v02v9452n3kqsnt,23228AB568792E27835AC475826926C7
fomtff9dou0o24vqnbvkjedft8,21DAA5FDF35922BB9C80D3CD0635C5C1
6ipqnj2l6m8rublliintfmuqlp,296B4F7457D9938C3D35B63C10243E20
iu9og3pglciv16e0d5ehtbk5j8,2623329DF0DC7BAFE11FA208EB59E9C4
1c2hkrk5e74gss6n1au89s3ema,20D4B548D0A07ED2F96A5B6808A83415
i6p4cfjtoe4317a9hgjt0teoh6,23E9CF2CF3B7DBFA1B031D6E03980C23
qu3qi60e9eb3cnss0quv8ct0i4,23C2917A13D77A9016EAEA1481EA94F8
cnm3v5djv9orqqt1bk3kbju831,26371283C652CE7477FA5053E327BC2D
vm9vpi9blr7o3mio6s5aaoklti,26DFCF4FB9A33C82253911050664BA67
s16if16en9j60ottsre85tahkp,25A7E4BFB95B79E5F3654FBB9DF2E563
5thei3jdc3ht5ljs8pqcenhnd4,2786F2A2FB49FD2045E1A48CAC6314CA
c3fvo2qh272reqiups4j8hpd73,293D9C23AD647D528780C6D36C9D7C92
reqo0cg4r33gq4kh17mfbfff1i,22E0CE3BA718847300F788DFE990F442
fpef7pv2bqgv2codfaheo69b1o,23AE836C47F91468E5DA99790360ADFA
968ou2iu2k2h4jh0o8vt6q45qu,227B787A2017C84447B33ED95A7F1459
t0pdskmapud2e66r1pbo8s4trv,2A25E8DA337D28431E51AA08D88F7413
vdi124dop34likalvj04rlnp07,2887332D3DD2A01D2252CA1593A7D904
19h3aseksi4vvm2gh4duu4ui5g,25E4038868B1C4E0D3C3D80929BE80E0
2cls2q2jfct09coadb0um11c52,2906B4454B9F0945FCFC2256A9A3F844
ri5s1mnt7fmagc5j1kt3on9kd7,28049F4980BB0A823937C59AD6988E3A
13nbuf2pt1r065ic5btckifa46,2A2124E04FA3D31CE002E2C11FD06DF1
u922qdq6tqmurgs4kfb74io1hf,2884AD02084960D6DF34B03AA6DADB60
4qeqvvchqv2s4ekgc8goe02i1b,2287BF14ECEA87BF6666ABF818AC8F36
8nngr8ajj00iak8di86gnksiq4,272F350179A2FF46875932E9B6ACBAAC
u2b6jm1hci96ndnfjoa095t3mf,27F61489169C56D3F318954EA8C491BC
h85ssd66hpq5a49q8ob3bdbn0p,2AAD8B9A4ACD9156757E287A0D489BD8
par8h0s9e1htu2o8f5nnu3n0ac,2A79886BF799C4A966E8785082EBD745
j40hdmdrjjnaqqpsnjfhfcfrg9,214F052ED88C0D1BBAEFD902592F7348
rl9e1irsd4su2ul8v3q59aa7s6,2A6B6150510B6D9563FD3958A599D1CA
b2uadvv04ntfqii7bojqbm9p8h,2205AC29E87832753292916978D4273A
anlms3dfbpvk665r9gj6t2eem6,22609B273BCA9B536C5D5D9E1D262E29
eoe7i3b6q0eovpi7j2r018bphq,277508B77025FDEA55462C8C89BB49D1
5fghor3qf6du3kkgqld4pd4tu,2657E44D111110EB3E96E7028A076322
l7c06jfi857ndjciavukp6p18g,238D8CD93518B89CF351026F16B9C168
t6seur4r0hdrgg67iv46vee29,23CD057F0E032C5C3B8EC8DA5AE9A8E9
esradqr7hc5bhnlc3e45ol4f7,28BBCF5777EB069C622C74B31453CC4C
30fq4uu35ufo3614ifgeqgvodh,2220C5B992E88864D67DE76AB82AED0D
shsfe1re461n3ft8v6m6ud4qtf,22175E7141E17E1C0545665AC5D1BA8E
5a7m3bmqp5gk0mcmrjhnpbsvvk,2313D390D10A2B4F9E7A739EB4ECD4F4
ddpf26lg1v55m05dppgirf86nr,24C06D4617436089BF55ECB1F8845964
v0f782qv4b3ijecvhue39c9maf,293795AF9513D2C642618A0907E5F5F5
b0dslpi7bn2d10jrrmn062630r,29FB8FDFE0432360381CE96B141454C8
j8tbb64qt7ki67ghoq8doglr8i,249300199BC2BF796E76FFE858484DDD
8jvblcddf75jcriac1le52g28e,200E798BE9C7BE0F2E1EBC1E16BCBAC5
rka67kprue4dhtd83vm2svkcn9,2382EA6CB24B5800A87C2085A9172443
5slvjl0h5q0qvvv59p5749t191,24FE871D6A4BD1E668AF39AF4C9389D4
o7uuef8vfmdrkcq207naotn4kp,22C9D4599192B4C6DF2541460FADF141
e9t6pht90rs8onk29ukjre75k6,29BAD78E9602A34882A7A37AD04CE992
fefjodu1vtpudd2a10e4rop781,28DF1580489A5CEB0FD9891EDF9D1538
duuqsj5r5cq4d6bbvvops0kl8r,23B443EEAC75634BE1780593986D429B
apeheih2mqphgaekt6q3cpjtf4,28AB5D52BD0243C7AC2C73E651B769AC
erp83ing9e3r4tn00gf9i4csnf,23EA50C873DC41100544B300DE5765FA
2vvpjcjd9igpvknmtq0l2scphi,25DCBF8D9BFF87287E2E56666D8B57AE
teaidca7cato39rnqd5ogs2pbf,28E67BCA3CFEDA77090E5EB30A016B02
meoeq3j1k787d4tkslgiq9njhq,260344F3EA09336A186F234BDA83E463
aoubkgd9igl3ogh96i5lpv7o7e,214604866DC49D12B8FC42DB6A141462
i8o86bifj9jl7tsn1pk7tf4vdp,25916BB36A012D9D90869C8B984DB506
6tbntrqfsc42gd3nrte597aj4o,29F3791BA5B2489A1A9C5A711E078D2A
5hd3fs5980tjnpdqvilonh9s2a,20AE8F3E2F9B2AEAD067FC0E1B769200
cafu9jmibnjb5cqhjtg2603s11,21668FFC8A850A4FECF8C628F90CCEFC
onngn8pkk354puu5b96g24nnlb,22F7B026051506463546E0181A84E62E
467ckol01ljhh1md4k7oo7tket,2452E948D82238AFE0DE247BB2F9DD26
ump9b8j1pl7pcrep8qfaad8i2f,206865D3BF0BD0D99CE47569333732F8
dks4decaccafi4p1ulmsor75bo,20D4D2B63CBA06A21CC6711BD75C73BD
14p49aac3tvhjudo8oss1e2v6j,24427E08C6DE1EA3A94BEE5324AD721F
jfvsdun5msdq3d2l4imkbs3at2,2A1DD2744EF806431686435DDAD2020E
kgiv38us8jpo52fru270uip55u,2611F8623282C3BA997360AABBFE1801
e75np0f37ur1id7u612cou567l,28644545A8D2DDA78BD0AA5917D30018
ufvoi4pvo0egii0v30dac0p02c,23DB08135844A1F5E44B8FFD7CE6F79C
hgt7vp66j9frju6kpogubblqcp,21EA5728E24476EEA82F0E6B7AA16C79
lvu1nekc17khnlajtakous57o7,23BE230750E15BB7D1579CFA896669E6
os0nfe3fvtssiulpdjb9i6d6e3,22B4140A1AD6EB93C16D6A5FBADF18BC
o3tf6iga0s5qetvss55qp1dlsa,23E3B2146C8FBDB0644BB34E8CBBC195
c33mucccm8erl9rbn6b5tgargt,26D79FDF47BA6CA007FC1E2F025F7EDE
fmmeb2vurnhe924ukuhaukjivc,291CBFECB52826E15DDF269D430CCC5F
jk7m8ur5vdv0jm39akq00smiu2,23C7D67AC9E9A924EDBA216B964AD7D7
kc4mk7g2kdkfbk5k48srkr7n73,23E593D919D11CFCA24A6D4792BEDEF8
8vfpvo6mpfbjunt5ispam7cnof,22BF78ED7152B2E958508E528B9F996A
gogn6ujqtndt5d6d6o4aoihsop,291AEF1CE321EA0792F299B1FC63817C
cmvcfedltvhm998ka9istuincf,24282EB9E3AB7C33DFF847047184CBBF
lnnr87qh04ff9b38341vem29d9,2486CD0D9C4465016A1EF7ABE40DF040
8hhqq839m9b947gbgr4fj1eeaj,237445B2CED2578CB47845C7FCE62A6E
vbh9rv7jv1os48nt1ld1an5ama,229B991E8D63FBD87C7DDC555A668C7E
42tr0h56c72fdjb25u67s1kcta,21CF56800C209983237418FD5C82B075
aqefvln34v2mtdvqoajf0cgr9v,2853A325AC265C8B0C9B638A023618B3
1608i7qj8mjuou116u9buno4v3,2240006554471ACB22382C617751ED4C
nb9l5vnsd23p53i9mog0bdou1r,23CD0A8567393D4711A2543316C7E00C
pcj7v579t969cq6r7i87pvqcfj,25E5BEB70C477F051F82683AFD20DD01
7pndnbq5uu3215afu6v89grihb,2820B09E1A1837232873BADC58BB4CA4
4bstb79mm0v569o4fier7d2rqd,252665B7994EB2A09BBCEF69355DE62A
a37fij7q7jhn37fae0ju1umccl,27EFFC8D869D7333B54EBF109D7BB113
7aktjnsu7oq5agg6qr8cue0ugr,233D00A594609BDB89F68B072F07D4CD
homkn9jeo9j2ihca6kj4en5d3b,205F6D1AF6D60F969E544981599208D8
7pmbrta3bsd4q0u9p1dbf62dce,28D25F7EE17BECBC386CE89013AD3780
spmsnjdiihvo669hi3ll3uhf9e,232DA94E238BA7A9AA817A23F998F871
u8fqdjahh90cecc92f23f144e6,209CE0CF648896845B7154E22C20C3B3
5ugo4ltlll1ggl4r3jpqijt3so,26C30D2C020C6396A128B39BD61180B2
hqnpupsd4cp9bf7s9u7oopef7n,21712A3FD60FC1C7F52588C3EC5467A0
u88v5aa4qcvs0dsn8bhb6t880r,23B95E23886A45E92955F3A1C9209BCD
j0rlsmbohcku229n33bq3kq92u,29109394B6DC1263004AF2D6FDD7C1F7
825uplp80kor4868oeue0oemsj,23B67DC05416E474B69A993679A166A2
ke18iua0nsk2j5h4f71et91nif,25AE8B57847B25ACECC6D7FC4F7B2117
ug34e40710g5snoj9pjjo8k100,2274543F8435E6B13BC1A079F92E09BC
aqjnr7dcjufpm5vibarc54rk03,28060A0F10594BA6064285090F9E657C
upa5uad8qpci3hdld1epjur9d9,2703E5F48843BFF7AA57FCDED33AE2C9
id2gafe6s7jge00a253vdrj24o,267C3EA59A274B00F50476980F84F9F4
cqtbm0cjjkbda7aggcitn0nd3g,24450156632F2902FA79B199D6B022C0
hdsdaqr1oqbgn5quo4i8g0e306,2806EC56F99DBF2914AB5478DC7382C6
ncjima78jtk673967mh5hbrmha,26576AC4A1A60FEE4119753E52394930
1tj49gb0uprl1itla0n4o34n80,2A7258E4A42838C39251BE71981D09AB
4ijm8smfqqeck4mjt6l2t49857,22569283BB336B4B508407996F139BF9
2miqqc7avqp750s0c8jg8ehovk,22FEA11BA6EF1C8EBE00B619CA4F9B97
bcg9inupjfohcse42o7evge12v,2167F9A7BC627F52F82D610ACF65B13F
3a8qre53ttk1vbndpolefgkch1,23F744C538C09EC4971F3A7737EFDEAF
va0au3s34ajr22e7irk5nroqpo,2472B076A95B53F46DB9281DBEC7FB20
734ot2h436omk2vmevtmejvqpd,2388C9F2A33225CB9639322181FA247D
20lm2g38kmsddj5l16eho1uctu,2A2649467FFAEE01AB3D4A4B41C90394
huoln93145uio13o83tv00sddv,23EFAF7E5EEDEF6AE7D7CDE482058F02
3pn0tm38dgf2gbftofv4q755ed,24C12CB14CAA6C0D5C02E8DABB2DB8F9
mil02pq4acn8q4urrmslm1408b,276ADE5F924E67783F91252556927E86
f8dii29ee1d9ccfrsb4pc0kvo3,244D7897085414C29C7F4ABA45A1DEA4
q3a0vkaj0koq94gl2fckoi1t9t,29F54A8BA035CD0D4F021D4C0422AE1E
4bkt6ec5858arsuma3k7kvhbc9,22DB79D7A6A8E37FE3747CEC19328813
rophln39s0kv1mjj8vltum4tqk,23314829F6CD3E813929BE591CF212FE
3psj8fooc3baiufcnkj913b5va,2217EC9B6003228FB487E1E76F43C7D1
2vs3n2qki8l4sfgvetgpnfb7s,21E42F376C3707293376B68F8E3C360A
an8hvhf0cbtrrpu6n5g7e15h4e,262A7881BB98A824B793024BBFC741E0
4om669ouiqn6gfed6g78q12jm4,21C2FAF4031DFF5F263BA567AAD23BA3
oot5s7p7mdjnamuhmunf4po5bt,2107ACD4C94749A83399AF3BEDF769BD
qahpjk3v268ml25j3jbcara7p5,2449634F89EE257920DA136B7B6E0789
om8l3dvoqskasds78gulpdlk84,25FB104FFCFEBAF2AB62E075C10301ED
uk3ilcu270ppr4oe5843oi80jj,217B39EAC641925F05AF7FB34A78CF5F
uhtlcgocs2p59n6d75lu8lrmu7,223E36A02478B22941FA98E9D670707B
tmdincjk59l225b8nvii3lpn0,29BE88536B76D2D168F21F96B9BED78E
25k9tkqjbl1fb850d2b6tnjgv3,278A55766F4D05AE6ACCDAB8D1F7360A
lr4m947mogu276fbuap2tanoaj,21A11DC9602B24AF0A10B3F4E83F3793
79u7if540au3idmt222ievifq3,2939707CDDC7B03DD314362FB4B38DED
hgntnhiahl2ti3e2m9dnn3ar5h,29EAC1FC768AE4D6A1E5C6F944C4D1EF
4h0e6jks7qij17687t2dpado4,23F13E20414EF0450AC0866D4436300D
opp3q50gt4ck0c1ott19ig4ce6,299946838CFB567E694C1DA5B48C4631
oir9co41iajhoarsaghq1keq7v,2A8ED9756D4D6ACBD0DF06294A6730B4
m15fh44uj3ru62l0i2io6b69bu,25F5A410CDA9DB542216125676995DAB
20loa0bg3s7eok0p1f5hkp4qv5,217F69A1E2D8E280DAF2659893CD1D1D
6n01i549rramjosbe09dfke3j,26CDD678E53E009F58FFA97E1791A974
u0cigmfrfdhd2pocc8ruo3vsng,2727EC257F7583CDA75A77450FAA6054
hkub574n1fgfs94gv6kak8u0i,250A5C9B0DC2C44942F77F4104F9854C
337gglfnhi0d4ueqvim7psqr4f,2310B5F25F80CFA41854A7372115DA72
jcvpfjkspttoeb8pl93ks1bobf,27635848C269E68B081406D40A80B43D
lu27u4290brrlarvh20qfckfsf,291817630CC67B819302437D0758E5C3
pmjuhcs90veahp8sadqjf4ge4b,24544BD415255F71503788E303C761E3
4hta35kku874r2ekmvgqdp7n3d,28AAB4941DBA80C266E8AB91712C3159
shdokg3pi5t1ponn76pje6hsaq,232B293310F7CAD59707023A84001D7E
hdcueoqqaijuh7oh00r8m6eocu,243A2A6C0BD3466D0182DCD55D164FF8
cht4ecmid71mrjk78uif3s1q8t,21677DC3423CBFE5325517C40798DEC4
b3uak9fe0lctic1fqqlvho52un,213590A9A541E069730081B746123498
644af972a7tgklav3flmuk0t91,23D778046918050406389578A5896250
ofvhdf3646l2covsghp7b1vfmr,212058121BF8A86BEF6B99DF5F8961BF
hoori5e9pq5114oit02vt0pebq,245632DB526DBA80EBD372BFE2BEA92E
h8n58kvfos4782g2ij4abji5u3,239E329CB31B935B9AED0C067B5C324B
71kc8f8fp38hobc5pv80jqpemm,2741D7A5B5FF6F52CC7E723E1E294D1A
damk56i2cgos6temo3lfeou6qt,29E655BAD113CF45503AFF2618869DBD
f5m1plnm898fsgnhnlav01vi70,2516695CF1839F8D2493C46D0E3DF394
pm9dpj85v26381chfgt6bmk85,23BEF363C974784038965BDADC1E783C
hp1ajirfa99gagd8gflfksap1s,2156612FA1D43EB02259586CFE2D5E78
ld49ppnv52h7igjsettahahtuk,203098C4364590B77153F242C5D0C7B7
54dounmg0g9961rceo0h3ka820,28EF08D0705ABA48C6C25EE01C50F932
dtgmeg33bn1ould26s1487134t,24F6AFB50A614CDCEC252C1CF64D9A24
vvlii63kqsouapq78b9ug68qsv,259DD468627BA31A14A3EDA2A403C472
k1ut1ahpa8cg1pu1m2a4giurj8,21A5A1BCE0DDC8F5D81F49E66B6984B9
2o1kjn10dqfkgkbvm5e065hjok,2305880D5E998D05A9784314978054B2
i0crarniukjs8v4e0i7l5h316f,28D999CFD5D272B0D4CB07830DA92D4F
dcpa4cblb985s4ahmv9odg9rft,2980D8810E4559120BF295FBACB746E8
k5qk94q5bkesfmdm00ctlqmb49,2381F77D13A8185BCC6AF89057380746
3lj1ohkst3ill2lit70itosciq,22EF70B3EAF9F316C00E60B3BEED0704
t50ipi99nfj0kg30i2ldb0ggle,2A4B5686835324559F06B2AB12D96BF0
e6df791tp3ad9vhki6bkfb48h4,220A1E307C93E3303BA9581B8CC7EE86
t95pov4rp7cfhv0nhpb7063nqs,25C65FD6EBA981256A191207C11EDC01
fenlp3t5u917psg2ehfi3cepkm,23BF313247A27A3FFFD73F6C231AA654
48tq2a296ko7rkggt5agfdjgcs,210856F2458A72A39D0F40A55C54AFFC
o251hbopupvoufjs35pt242mee,2267CD1D645FE1E24AC9A1FBAF2B0FD5
fpujhm8lt0op725m0du03dkbbj,2A6CC5E759982242B60EFF55C1C1C4FF
b0onu03up4nl0p8hh49rvd82od,213E42382541628E47D53D962044842A
rd6d9qr532ltbosikp3kn2td57,20BD7B1FCC3D677E7B4BD3A838D79A2A
qu7c82p7qsjkc23qj05d04118f,211C67FDCA7E1ED1F7EECCBDB02FDD8A
f8nu4lc1hp7cquhr3icsaotk7e,23CCCC6BCB0D351A4A003FDB0A1B50BD
irot77o9sodl919gt07rhsmpgc,256108B01857ABA77E70FE099A3EA57F
rpt3h1o8gsopi3fpp1fks1ob58,2643B9CA0C8D9A1F5CE5F8A1AD9E5939
htsr9ihgqag3mh4q5v3mf9lkdr,21448CAFA361D746076A9995CF1714CA
tjk91e3vudhe1g8e6or4utp0gc,25BEF5804EB9F1EF225908E479C3D134
tr6nhsnng80pvek1h947e5mktg,245711D7568A68062254F86D1BE495FD
2tbphukfc31lp8fcqcr4lapd3k,2A0E2E6F45DFE54E4D6518AE6A83411D
tqjur5vtt8u238auq5pk7qseqf,2A9210CB9A2674F7C4E6634E6668DFD9
nij4oh0hmshmbhmf82h4fdthlj,292B446C86226E88339F4FDE12A2C0A4
na1613j23rih66isht4kjcc44k,24B489410ECD598B024AD95D867B96C5
ldqkr4dm1c4jsdsngvt11qquj8,253C419030C0F395499CE339EC29283D
h2g3ge7mdd8fp9trj3eplpbo39,28B49F22E17A05B73C8C1878E9EE0C01
ngel8gn9v8gt5f8gvcefbkvfen,20174DBCB9C23882390D6A65D11175CF
j2k1onfrf1g542t3i7enf35tvh,21BA731610F4740506E39808A156B767
to2lc9cj8n20hl59jpb8r3621s,25244C731DCE4164720F816A24142078
hkkiqk4076iv38ul94is2fcfn7,265493725A5FBE6CA0D6C16E652BCDE4
kgir133kh6p21crdsocea4eko2,29AE14AE120D03238761059F23AD6E79
adj8eho045mmqgrqdviirvkl7a,26515854983B50C178A757FE2789F305
k1c09v1f03vug88o5hm524jivf,24AA4031D91D0EB22BE2545C1AAF59C7
v429aabsb7bb7h7a61kcbj06h0,26C709F61DEFBEAD8E6F7323B3C7C2ED
mi735k0ak6d68osl104jbvfm3o,27FC1DA1C26EF7FE6FE09C3706CE42FA
19levpr3ir5r7r6qttl0iaju08,273ABA83EAFF4AF3F2AF976585A1360B
sl733vf440rbjpqa7eqt6m013f,2478420FD39417BA5378192C9DCA3080
h1huf4ctu8r199srok07hqu324,2447E809703523C7B661E17F134C77E4
l4pp1rs3svq7vorsa3hfpkvf4p,202FAA45FE1806220E76F81521D05EC4
a2v99rne2phhf9qujl59pgf7me,21D0311D3ACCE24764C2DAC18D6E6D64
