Key,Hash
m2d42qrmoblh7n1rik06988dpd,5E2E8A904104B386A3CD37150DDB54C5
de7op8s7a036jm27v9kh8bn8iu,575395ABD65308C87A28F79389F07FF7
dj852194p3gs91c96166pri6bd,5D38E233A418F3C66CD62593B9C768B7
402dnkp2agmlevdqf01f2u8oad,5878CEA03D80797074B3A7A09E954A7D
8rsg9hhpj8uhfa8a71nss4rndf,57086531CF06A2F247BCB207B05F8AAB
vjk5167bqrkqjvdtrc0l355r85,559AC61C5DF86B7E64BF8D7FD23DAB21
vid62qskr6brnakl2hda1vah24,5BB38620ACDDD7C6B4D6FEA3F4A6A746
2orjlcr9ffgfhpbgdl3crj5oti,5D202C653AF661CC4B330D34069EA1E6
aurtkf3g07ojrq85rmr4487952,571ECA1B2D2B14261AF2F42F1E9CDB51
mhtbi2jcduso5ml1ahqouk948u,5683A71D70651ACE8CEEA90B264C0237
t7fivcv0svh9acrmrdqrrp3jfh,5A415F90CB8CA91A6FB286814B43FB4E
nfii30coepu3i5kie2tgjino9e,574E5A9116C8EF7086B2B6B4E4DE3F59
kbdnhnb7tqscmshpjb3o628vk0,5B5FFEEEEF9C9E5E22435C70077CA339
7a2vtv8fl31ngblmdvvvj7fb25,5D4847422FDA06E55263C0A988519150
2mdvubjelpo6mftvgah18s6fvb,59B965356271E2CDE48C30E9DF6C1E04
dt2k3hbapic18c1k4630nhov60,5DBD541DE46E9DCB1B86E9FE9CD14471
9mn9fo1petrkalr84nqee74t0,595978A49833C326DA1D2DF23D93981D
t3306vieqkj2k20lu4pjuefehh,5A2A418E740C719F03868E2472C245B8
7a70bg34tfcbave21uicdfh8pt,5C20AD068ACDD031F6C9C60EEFDB5D38
8idnl1896rl3ds45jfla9m83mq,5938461D4175A803729195CF8EFA450D
arjva4i8vineopqqabsnao8033,5923B0629CAF68F47F08619D42367537
1rq610ladgnd5prs2ifiu6f1lu,58029FCFA74689837316ADC0AA47D128
ijn1vuubl07bg6jii3poj5t5s1,59D989532BD68CD9FDA9C83144C040E8
vrmvmkd4823a0j6jt050ioj288,5FA1C6808796E9EAA138D7BF4836374A
a0d1bmfaoibur6bsroetmo1q6p,5827388924676916A1F9594252B77FA9
36uk97p3e7csgihsp9o3tpd7aa,57B3ED42B301A6920ACAB4324414AE1F
57n1m9c4kmbikdhmtcgmpcsmgf,5655ECC3711DEBD405671EAC1774CAD3
m4hufgtsnvn0f5bi3bn9o22ioq,5B72A6024A64BA651C7E418B038CCDA1
jr68gdlbufc51hf17sv3t3s9r,5976579450AC6123022F2D49081A5AE5
poqh62f029fns2jgdtiju9oa2l,585402F1DF417BA9DBE4ED9694EDA851
u3mq4561vt2bim1bgu8lf9k3fl,5E62B5E5B042F5CE17C69D797EA081DD
8u0m19rsrepirp2s861hpqa14t,58D7FDE3DBB573DE058C75B7B22B0CC5
f91fva1033u4eitlbt05bgod7b,56A89D414BD54773571B77418B39C6BE
k8kee6ejon401gpppdsa34r80b,5C58D6DAA4CB6C597879309278EABAD5
9vmmg550qm0necv6cck85226os,584C7B103E0061B847814D21EBF4358F
3bim2s6smrm763m7qsjsagjd17,5AEBC716E2A121B920CB6949B04C37F1
kkastukuak0t73be77ok2o6k4c,5E24E5312A6DAC830B5437249D711658
bpmnl3fbgtifadmce55kpsjab7,5C4FE338D6633749B461B49978038364
gnn6f2lmbk060rkpqg32q3spi4,59BBB49ACAAED0A31DCDCD1349F98B9B
9kn79eapik4qt986rs235578sd,58298854D59E1A2D931B1AAD7B9FF7F6
a4bad797c0vfbaludlr17mo3v,5C54CDE1DDFCA525085AA6D91A7F7DED
sgg1vqc2333gtbd46bhvttveje,59213B512E5BF243D5A53CEBDEB0DB2F
31dddhmv9pi9evqvnm5j76l26d,5FA5A274B5D9C8D9B1211209C2A28634
f0ooe0r590h76ilurbaijqsi47,5E5AB0A6C79B794626967A74130EB835
ufj029nq14vkoob8ko4okdkpgl,5BFE160B9A5DCDAFA56BFD0787DA2D30
khoi4p2ad5j3jhdrmhgg765kde,5A56BCC51A87E629684FD33659015E33
bfr9m1jnm2a1siiqnag2l8dt0u,57FED1F87072F650AAF74449C165B2F2
kp41n4q3a701idtmnrpje96dbd,590C0BD22B93E53AC483A7E44DE09CF3
2h0v58k8mfboa6ku6ilisdau5e,571DD586813383D5009762B9F01CC75E
euqmrmcf58urqckhahfcud0d9v,5C63E68B7FAAE2F4703BD074829F5FCE
70oqktrbkre68cofi96ndaftm8,5653FBA2979E0BFE81480F4C0C03784C
tor1bcq67oma0a2fvbemu0lkq2,590101CC5F73D50747A6A0B1F63839C1
j9q6iapotfjk0ikktkje812cjk,57BDD0F130D1C6243110F296F6C35A67
d51bim446er3r32grb27qrcl7q,5600F4D04BD1DA5420469C188D36284F
5m4fek3for8eep7smnoel0ttni,58AA0CED520088B0757DCB88760CCCA4
a1u1la6sdipeegfedf55uet5tq,57BE497507463961675EBE705F70D1F0
h6nu9cihj2hhanabut7f5s107r,599E46F95A05D0FEB2FBAA4F64445D68
n42n039l4b1q488r98thr91k8v,5BECB3A56E107AB9D19CDBEB2EE1907D
n02ijfq8spholk1hjvtpf850u,5A1D20AA1EF17C30A0F1FB3A5B5E6FBA
1scr5vd10fqht6enci262rei09,5C6DE28FA37C1BEAE32B46D44EFF2278
44bek74hdgdlhkoe1bq9135n89,592A991E0EC6A02E5F7D20FA3E0B5989
fk7f9c3c2etj26pra9056qm76m,58716E3157D6A814A0F3528FBE522AD5
ha076ih41ia3n0mms6ccestu2u,5653B9AE4614915A876D242E2C3E38B8
cj8g3n6rl5610d69e4vp36354k,58BECB9C5EFCA5D1A9FD2DB720C7684C
f8bks11r0alnop9frsmfac9msg,5B05D68D622EC6609629CD5A2D337747
e3ruog7pl0608h79gl25enqkcb,5814284FB915A755AEA2819096CDBFA2
e9k0knbvutogc4hep7sh75prer,55D89503B28FE670ABD3C74AD5B8A33F
e5sn4qpritj3jqdj7tbf1hbfd6,5C7324E3B189EDA886DC22DFAD0C4F23
ocu9bepva3ehgfpvu09cl7pd4p,5EA459347EAEFE9CD2ACB29F52D4B4E7
hpfoahlme4o6c17kghoa4p195a,5CE55FF69E737AE56156E5124222828F
2vvk4msp7h7rt88ioqruq1181g,5817473F64F8D573B09F72D2BB96DA55
rqhmi6b8ujav09sn6o064dpaqn,5626BBA984A15561A60961DE55E33315
batn3n8h559kmohet2n9n8ok81,5C10BCABCFB4947AB34D25F2F157FE87
n4hvlai88h881u8bkr04a30nad,5AEB26407A7ADE760915500DF502C6C9
5ef4dkg90lui16ao49367rljpj,59907153D7FA6577698558E5535E6AB7
gio8r47014s2n7s1k7qb8bh5it,5796A5A744180A87AA0325B2C7FA2538
mon22n2rri8nufg6j81dqa5m,58A6A6581628FD3B364A4D5C8C8D349B
dvgcmk150jf16spoq2e3p4gjsd,555D755C91FD22C0A85E2F5B6E5E2057
qd888aqvov0186ce8aj3fe387q,5BCD088A21EFB8D65899E1DC410C9B93
fftls6cmsm0044vagjm5po88hd,565F1F593AE377170B613B5184AEFBD0
cr718na381290heeugs2lc3dq6,5E08DA5EADDAA2628BCAD34925357714
ijetqjn8h0obhfi6o6g4hq722p,5690FCE69494D9773C184EF037CE2E4C
l91m4ubun06c48fmlb59prr8p0,597A6AB4EA2BA27D18E7AE685018B80C
l38jio0pg0g6bu5532afbvn5j3,5ACE2363DF7EDC46A15C5ABBC2F47013
ilt44rrnueuj5rdbcqa78708mg,5876407BF876597E4F848B62422B0CD9
6lrlu7pll88hv776tbr3u69gj7,5F479F148AA71AB307D090E38035F7F0
4uelqqm8qj2l12pia2g1bmto9r,5D4DBC11F6E23C1A92D0FECDA0E91120
au1ibo06s36qmaovph0880o3qr,599914E11009A694CB85267A3B3B11C4
82fgbip5jsif76odu47vrvp3fb,5D274221F7DD7B20CE031278E13EE481
es8celdu7gqien37gov33qr4gj,5D900496D27EE5CCA11F153E2953883B
2p8mhfhtsmsstofd7n8j3qd86s,5C68E5133B6B685B30AEBF230028913A
t2nnphmfk8779g8pd56lgrgu9l,576338C2D56A026EE574B2BAF6DBF953
qbs32cn3p2a5oppi55enml99qv,5782797D11B3B32E05E3297FE6E2741E
t04ossgu7chmhls2gu13hkl58g,57B28DB8FFB6119836D88B24154B19EA
9c3kjfi1s9u61b2e8d44ilv985,5EC8AD5D216049D41AAF87C91577C791
2de5se76aubl0qeprjbakaqj6h,5A4E9F2C86CF9450F253138BCC214D7E
c1n837q8f1ovd5klofbhnvb7qv,56BD30469FB446B12894BB37689718C9
2bn5c87bg3khgt8j15rgm4h9sq,5789FD66EBDE33976F7513A53AE3A6BB
fblson4up0t2rqf2i63q4dis03,5894429FF8D608D1B9468B140588EDA7
sbtv82pkc6bfouhh7gqs9o3o7n,5BF94B81C0C8E72E73559FC2E7CF173A
e0o4112c66br4vc7d4tor36hf3,5FAFAB415D58C48AA8A3402D56F92B37
k6j4vgo4d2f26998137ft4t42v,5AF348EAB0C4C47014DD1B8A95E2F283
cgr2sebam69pdjgqcoevc0c532,5FC1F69C85222166EA94F5BE82BED17D
721fesmosmurv9184k4c0v6e84,58563FAC05D8E3A4DC242B53270E0A39
v295seopiek9hbbn1vckqmcc06,56B64F870EA6AE3369446560A89372A8
l74v0beervadc6ppdbis1hmac7,5F3C46FE63E9AF6EC1D93FA6374C9DB0
4kvhfiqltodmsft8shigtafnd2,582E726E3DE11DD08EF0CF48843D59EF
qc6jr72fv2vs83ssfqcp8ai517,5DBF374D9DAA60382BFCF64036197572
s6b7c4hel3jpmjoup4fppavg6u,5EA4978FB64DFF15C7E4FB071DFD6438
gt42ids1ga9eob07mmapecmgos,59995C52D0D790AF04429CD8E20A68AF
lun6d7fhl8k95u5mcf0q612845,5E7070E354E68C13C7920685E19CE3D0
hn081am1jtdn97dh9h6fbmln1u,5ECF9D9C70903C24F72F0B9DEABAFF93
t1f8ld1ci0l5mhbq0vi9ug1q6,5B3608878E578B33ADACEB53BBA30555
evlbrabgclhr5rr5lapumecrlr,5DD72184DF31E1CA2ECEF1B9B4974095
kdna20bjp335phj9hlissn9l21,59930648BB5C9802A83C75CB5C301C7F
8oj1kds7v7q8mk5mnaaaqq14uv,57F237EB9A1F13E8439222816E06D1C7
9rfjkdrej156feqmfalfavbt7e,5B711AA50E6B75821C09298B3DEE7200
ktkdfdni5h68isgvf706dd07rv,567C234817D6B6480AA0DF32F0E9A4FA
amvc0fgfm5r3b3qdj3o7na7qhm,5A38B6A04AE5C85A2C6E5D659CE7A48D
oo0drskkk5eob3ec9j9ai9nvfe,5C570993EC5472E26DA65FEAD957BE54
htb56gj8r0sot322r8mph7vrn1,5B721B9AEA9D51E57548E386B992A767
pshb9evd890rkcpdps1mmlvag,558686C08FA5541571FED3CBFE3D45B7
1krivhh406qchdjb65glncef2,5584339D908CA4896D3E6CEACCA015CE
328di3512h7lsosglnh1s6di9j,5CB3D1ED6658E909434B21B82C290F26
h8tlh0jdn74kc3lin4bma6iddl,5646B15AE14D6E8BAB5D34B1FB8D684C
qf7g6h5qulaturlj03vud0augh,5CA0483C31739E07EEB5C31B44087247
rnik5409vg9m179obmjarj0nsp,5AAABB099F8904394B2636AD9500A308
so9so39q91sb3ncttjtp7jkip7,57ADB95A4B43F07FA3D2FD0826E6B115
4471ii8102b4p1cap6alffju4c,5EEFCD902C050BC49D83F6D9B0336090
22re7iu35ipp9cmcqn1g59p5ec,58B669B7A9EA4D403CC5152E547A5B18
if1ob0hgtqmlc484rjr6nlehuc,584F67E271A5C1F2921F83D807D9AF8A
u7dibd8qts0ghk1goigtmm0l53,5C751A8DE3DDA53AD96A340A088EE43C
g9jq985qhdu6strqk889f8l58m,565CDF2F2F0CB990C651F0ECDA55509C
ha47q9etkdlv28ubbllc02lms7,5ADDB615F51F31AE15FD8EB3BB66531B
2bnbufqltsabm3r6pbdj1576cc,57DF1B9EA2DCFED4CB1687A4FE2973A6
5lq4rqhtl0k48mh7jfmbov3rh7,5CB0C32F26947D96C6A3EFA555AE27AA
bj7dhevnghbboaarur8nbl4gec,58E3A44346DF945F9C9A28CA351B8F1E
1ssoc062rlahk2i45fv0mjf4md,5F031377E0361E108C450C0446E9BEB8
ufc4f54tn2g48fn4eshmpu1k8t,58F848BEA86751AE6BBD951EFE836FBD
i29mr6a7ea9vq92136lgkhn0pf,5735C4C22B82F85BA61CE01814CE08FE
9nkkp2vu8f2idk3m2e8m9elgmq,566EB41D91DE1494E707C6B72D661E18
84mmrbrmdfdq4dnqg812j5bnth,5B95677F9B4FAA088C9866066B4AE29C
2m9v9ktv5kih8a4qv3v15q1buv,5D7EE2C343D3B30081AF49FBECD23D49
6k6ghgk20co2lf5fp6odbib6ue,55C6467278AD9FD2D2E72E2EFA6CEC46
u1fogr88phui295c22ncgdjuia,5A9FA4157DC15FDD951129F3D85D21A6
1bs6pac18b01fk8su07aap2nol,5E2DACCFE6987AE0161770CAEC1A3C2D
cru5frmgfck01fg6tobo6r6tp6,5E622F657CC28225352B7E658EF1287F
sjo7lafpii16d0ist52nk9av8k,57C09FB017CB939A26046727990669DE
mf6n0p4a9tnlqgekc65iscjl12,5F2C5988A717E021E0ABA6F5B4D9DCE1
557djp91c1l0mormvea0o7ifcl,5E31492ECBDDB06A01788B23F0A2E4A2
adnvobmrn7ihs8mpoqbkqmam8k,555B3C5DC210B6870039608C514C79C2
kn4rcc9djktfhtg47b13habp22,5FFDE21FE3429501E37603ACB6A175FD
j9jtg1jmf4ktav0nhkouqrsuu4,5E65B87E709AD8888CBD678E0AA943BA
399uknoscqfpeaqdota1b0k72u,5924DDE2DE747C09AFC0E45B108F7B3B
v7u8kth3ri30q0ccsu58v4f5lo,579B6FFCAFBA4F5FF1B078EBFE376656
1en7hn1u58sf3351md8ljp2lb2,55643D66E68F99B68A4A09508D6F4E5A
r9j84udpk6suua9113u0ku953j,5FE7DE9133528816EA10116F815271EB
uom14uclsupdu7g0ntj4m03g65,5D653610151D0E2C6793E0A8F4C4E2C4
i3fbt2odssp35ii8u8l9q7ejpb,58262FC1DD0092C7BC28529F87628306
v043hc5djgmr76unpakk0ubl5m,5847A7EB50B15EBCAF88CAA8D9D22308
2r077e6im5625anmc3obunajpo,5935CFD75EE1063E432D743E3D76E20F
kssr3l9g3sde5q1rudes5f5a05,59372980EC338C3354D30D3033A8D729
n0fsrt8rp9fvrhnuvlrjs23svs,5DBEA60290C6A4F8BBE5CDD6B11913F5
v98siud168uen0t6r5vcj6t32j,56C1EDD94F02D0FA83F2601B55BF833C
tvf1dc0qqkfp9mm8o137cthqqd,594256BF496AFF1B2AF3EE669B1F6E7F
sc58i9kubl3rij32qvn3o77peb,56BA63C681649D9F4F6153E4907F91A1
qa31sv0qm4rakb4k5v7o0pu4tu,57A0E09CAADBACB62466AC5ED664C784
318r7cj775vrd7nsdo7ubb8ds8,55A74D9CB8C8909BCFFB87A0C9DFAF07
sofsneuo445qhfpg8ai45cveeb,5F63D67EDA029878C421D9533609A000
23cfg6mjpt6f7bhjacpe44s40i,57EC8D02260A6C7B6C4536B2190FD4DB
2netoj5mqkp7vkpvht0dfiu5v7,5C3EADE83138009B2FA7A63BA857B611
8qvhrnehhsu8krhfd703ih23qm,5EADE24B1BFBCAE09694AD3F4918296A
63ilmf0bvnfums6kcn6q9dj1u8,58207B42D2DC9EF723CF7A2C5ED1F1D2
42rghved232m0iirhh50dk48kd,5B7734DF49BC61D90D8F4978E1D19E12
msuh18oeff8qcs15vci3g8tkma,5A459B4DAF711C0F9DE272B7C37175A7
n6v8png0245ld78uvsve9gun5k,5C0013AB3DCB5A5655D77504A8C29172
436jv005io7ba0omsm8umivdi3,5D743853DEC4084879AC666F9B000988
tanv8p0mf7q16j4r6bb6d0ad88,57FE0B5593D6D67ED93428435D6D6BC3
r490ok9444us3r5m5ud3s73qej,562D534084690157A14BF89407646274
hah5kr0h1dt6h152bn27ojpdfh,5FED84BC4AAB8166114B450C66703817
13akmhmikmd4n8jbr2ma05b1ab,5AAB3A5194961123061A12B4DFC02EA5
ll0p4fa8e0aeogdbhkcplciiao,57FBDB1A2E99FBDF0D3B3331F7F6005D
6iq91l8q1vve25v5sr0d451e0p,564D836D71A5BE1833B4F48DA1337BB0
smpieidv6crjne1nqq8efp3g35,58F0A971EABF97C61EE8EC16AE3ADEED
tflcboibcreijl7sie6kqadbkf,5F7D5B55C19FFA475EF759425C564D1A
ftap8rejhk7bounu2e96ea9fbj,5C1CE4CCDB67D1F54AF09EFD027748B3
ilijn3mgqeveir5vokfaa4i6go,5E10E34E20E3DF2398BB8A76419924D3
jkup2c5oqrqvcpjie850k7pabb,59535CA23D094F7799B9C7FECBE80357
skkd3902nrgcrpo8o00g8mt84u,5D58284E6043A5980AB0826FABBBD3AA
v9as0i33p4rbl0ihdcc7cetal2,573C54944161556CD45C9E4307D30503
udqv435boim3q3h1rlm4aiqbn2,5FD4E1283A290061DA1A3261171A5ECF
vp1a34huq9n7e6ultsf01044r7,59E79D0F50B0E5C320DCE31736794295
43r4kmf17gua8s3l55h1aa8qmu,5E13DD119B7323C07E5ECB758812DB07
6q891d4tv12rqhlnoi4ukpr66f,5E34CBA5BAEF0E96BF8C847E6E4A7F36
ntvu63uar109s3irav5r8enlrt,5959175A51A1405FA4D7C51510F60DAB
oqnjir91lth6ep5gblggms0nu5,58BF3B09677E9D8F7BA2AEFB2889AE90
bssedam5cc884sntsh21tq5tvb,5B48D1CC4DE19D6B298C07322BBD219B
q0jqmnmurpsn8bq6qvi5hdkr7f,5B0D4CE38193F85798A8E29128BAC5D9
3kol059jm50sms1uuu8va0mom4,5FE692A613B207AC64FC9B33D85FFF7C
nehhsevuo8o9o5mtqd2rgeut3f,5BFE6032AFAD7C79AFC363A98619EB4F
uk1k1bomr4dld1duuoln58jmcr,5AD60B082CD71C2599819E2199F92C50
cc9qlvideg1e74kidkjphlkhrj,5DAFD728A2C705174BD454D9ABEA3E5E
nopbpo9qmvvgs81is95igem6sf,56AC0C9737607C35777A19631A484F7A
3102ra7t0g1633kap7n7hq51j0,55B7F26FA20CD74E82557FA555D91105
5789m220qpvu77n1qk4k8iuqra,5832FC39F45F298E98FB95DDA1330679
joncvudc5tfd2q4e54o1auc6mc,5A43C2A605856DA8F2F5F841E3555877
utgmh1gushu563aj4b031kpo0q,5B23D6E05204700FEBB327E9E5B7F9E5
j5ktbr40dl2ihnharurlquu1pd,5E73BBEB1FE341C13DF8D0C9843C6239
1c8bqrr8bvc1sk3v5lp56r0khp,58719BDCEB90D711A0796AB2295EC16E
9chuj8d2171eqma84vp5bn0t6e,5D80E8C3EA0166A3D91D54236BFB9B71
m7hec2rde08310bdren07crb84,5953AE8239CA3C6873D9F16E7DABE4D3
50gkbdf6ocnm6tsv1lr0qa9gpe,55C7284AB9B773675BD4A12C6CFCC76A
mc0j71k9e5hnje655cvf8dls53,556801AC65365781F81CF4D0A7CA512E
5e0u4cdpqnpao5mpo73ta0jrrd,5C49DCCFFE18EBA9A4DA34D8D4771509
6r4sm843puvp1cnejvvitfre7b,5E367F275BD125E58EC5B9547C56FB36
e0v8137erm1rskg3j36mo4vg3r,594705F861C5C7BDC96A5C73B38D021C
nc83cptdrd1bur328iom2mlceo,570A2DC5549A10CEBDD589C9A9CBD348
ee9vfdhetb10354ptnpvm2ck31,5F3AFA736B30A46C2F9E5EA575EF568A
sphnimg07k088gcfpj2q1srkc0,5B7FF25069B85B0793BCCA07F57A6EC4
pp8o99olhe42n2sgti8ufbu081,5CF3778E101A772A1C5A89F8FEF1C031
ealmb216tfq556iggc844bas44,58E5A25C31979BE91A8589F781F762A0
988jcvd43md6n19njm2auptc5r,5778B315E7EBC5590FDD1011B276A60B
cmobuu4vnfmrbd1a8ait7cds6u,5B328AC4C40C6D2B43AF4BECCF965F4A
p097pvtj1o8tgoh98b3qpgc6bs,5ED8E65C9BB875E76CAED1D267E5455B
c5k13qiloatsgjascp1oanugri,580F21BFC85C3AA2A6A10A72D534DDB9
9a2bt6fscs4gmf08nm58dlqk6t,5C36B82669C0B71AC37F24D46D1C9034
rkdmfemoafqt3voj31pejiq2n3,58A8247FFA67D3DBB200BFC744DDDB8D
6a1b1mqtb5s682jp962c95fm71,56B3704857A7D885F9AF15B937DAB11D
9d591deduqhb3damc3ihrrpms,5C39AB092B6106A0CED0032123CFEDA8
tepiampoj9rqqnnd46fka7pnh5,5993D4A32C461267A579BA500C6E4232
nau6cblfkh572pmin5rtc919po,576F9226000D1CB0DDE70B6878C057BB
kabg6oni3gs60b2h1qfndscjc7,5C3D3927885D8FE51410D80084E3E527
2od5gd44lpi0q5kosie7mo25mi,55B497298A17AE539B1D2340CE46D3ED
a7sc6vg9qaajkfo84nfok1fdte,5A1C6995B46692C7F205A157CD696434
adt8jsstkc6mit0dr8c4ko6j54,5C245019CF0F3DC22B9AFEF3B2C3BE3B
efb56la1ormhhn5q4e1h55lgb2,56537C45CFBE71BC5B298912DE0D65D2
3ac69s76f6la02u32dlkm526tj,56E7E4055304DAF4C4A68D9F44566AF7
gddl6hocapqpv1mflcvjvl572l,564339DF1A206B26062223B9A04DC745
4o4f0tjr2dqb5k2h187o5dhenu,597613979B6691451C41D0709A33E951
me5feb6i8ahsp7477rcgisuhr9,559AC84A6546FECA1FC6FA19B2189C36
66rpnp8keinr08oe0cfr5he7d7,5F2EDC36B3F7821A99A4DF86C6EFCA28
8te76ud03bro87ekl976lepos9,5A0E99C82F606E2538E7589CB72F9CF1
o3fvgkc1rqfqdo8lc4h6cg918,5E6512CD42F905380E095D664D5BA8A9
6nbj21psan4r0kevmi2om9lhqm,5E4A1299743C2BED434937753AF983F1
d3sj928p70e6a8l43iadq98b58,5AD0F1E215F2CBDBA556B802EB5B50FB
orl7o5k6vr9q62pk8ovfo44h60,57663D12A25F213D6EC35015EF504644
v2su7t3tnqp8a6oqna2dlckkpn,5791394B7A54DA1D0B807B4E2B488F18
85f58m8j0uqkm011c38clm6g3r,5E48D13B5BA1E2653FEE516D230639EF
aos925ojj59lvtmihaq6n2f98a,5776F618BEC84D0EF1AB8B0838858ECD
2oac2hadrh0mib5295p2u3evbn,5A98FB9F98C4721821559013C4C2D0FE
2h1002qemr6l5kihpct9pdr08f,5C1ED302226BF65AC2D50BA2717A36C1
9a0dbieonv7cauc6vai6s2a51u,5D4C19EFB85DBF28EAEB826E1848963E
mannas4p73us6ksvk10rjfj5um,5F96AC3950B73BB1A8DB9FFCA71308B6
c1fi383tn0nbeo26etuiqss24e,5BCFB15A0859D21CF73D41140F955C82
hnctpmg4opste3hbgu531jlf8s,5C72726A20B5EDA81A26B8C4CCC0F299
1uao1ftsuqo01g14si3satca65,5F5C4ADFA7A6EB20930EF3F5D96689CF
r20gi78q89rfh4ter5ee6lj07v,5FBC4108395ED575E9679C6161AF6E1E
9hf8h29p713fun04crgaelcv57,5F24998D16E1EFF14C41D078903F9208
gmq25d5175q7djuhn6qb1cd8fv,5B623DA6460521901516400A3526D050
o0bq1h3lanukmv37qeq3t59pg7,5642F6975AEF6BD88850BD7B06407B44
p1gas58o0kh7jh6gj7n8fo6a00,574B968D9356B056B5B37500CA9CA323
n9tsbvpdlugvs4abhua456spva,59A8F2D0D4C0737F910542D4D4D56922
4tbi3g6n9ihqgk6qrtssb0r8mq,5823E5E1186C7DF0E440B2B4FB32836C
lhapttepgsoi20f4o7er22s367,56C4A886D817711676BDCA9EE3AAA2CE
j0ri5l9626qjbd20he0sj048o2,5688027A3DE7E3787364C29A46D1FAD2
u7r23jkbja7u1ftngv0r9g736,5855ED84C9F6ADAFE2CD771442CB60CF
qh09cg55nosbg4or1a4bqg0jvg,56B21A02973F68123821D789C7DAC64C
a0rho3ahleavlc0golp1k7n9ve,5D6D4A8C541DB445DBA42329347285DF
ml4839php9nkde5vlfnmec8n02,5C23C4E39379E9AD6B0B92E3E9130BA7
ntnnqeqhhjctokjrbupipgaou,57958B1C58D5CAC64872008A7414270B
naqsl6sh4e7oq7o13tfiqoqt8k,5D3184D3AAC8D5E5F5952768D301BD11
5rs8heijtr79vju8vgq8amop1q,5BF35E0EEBC5DDB14792EC090A2C3DDA
ejdkshnram0uso45a27qq1bdh6,5C8D1D3CE014C115772A6494F49FEC0B
orefgnja9kh0upc30ejovorgho,5BCAE7BD96C718A1976AB1D41315B954
8a8ks89cdlq5o4l17i72992kd5,59FE43C882C0A50251F55B57D9D38E68
ba7v3g72urc0f4snak4dv90p5o,594D7406C45AAB133DACBA1E7B75DEF1
bgekrc0badg2lppitg6houimjh,5CF7CDC859E562468AF6F5D8231ED830
25qatueijaj1s4q6v6gt2aob78,5606C9B7F02C9C6F279EFCFC5EA6F77D
i0in3n52v6mvkup2lsut5gldd3,5B98C1259C595B67E3AEC15AD2F3CBC0
i8ovptbf89svrfr2n311js3chi,58A43B73F71A227DCFF33E6500B8898E
49b6pprju8dqevs5t1o9ob776i,5D3A97092298DFCB05253B701461C657
s0t1bnv5trb3qnqrhijhh1iufr,5E5F9ED0BCB943030C4511FE45C4DF69
v62hasvbjbqtmkffvic5g3i2h0,557E1BCC92306220C86CC33F428E4237
6mnq4rkgla2uilv0haarg2lerv,58CDE9A5D0EDB7F5448EE0E882BD74B9
3pgs7rjvv1futkht2d01b7k55q,5FE6645691A52427A6427109A74F58FF
pcsd1rvk32f56v5aknvls7l0su,583831F74AA096C4B6D2891F2B87A253
jtuiuqj9e4avhvs2ispsncgehi,5653C12E20AD33F3B17C967D776C5D34
54otvc0987lgkg2b4m1jg1tf6g,5601AD62035E678EF62855D304553536
sif9aha94ksbrksl257qbk74k9,5D4831CC6EF3C56A0539FFB38A010A07
3b71mq0gaovqe70955l6bf3lbe,5C7D74F1A1B7A860CD1B3BB435B6D1A0
62766l2a02eitq3p1e6nqi3rsd,5C9D0192AD47D3BEDB4350E64E9CD971
cgoct79vc0oo99tucdor2khbof,5DA4EE37343497BDCF02FC5810C36C2F
2ecg12j93a0mrsvk2b202slf0,57E86CA9D970C106A0A7A6A5CF149BDA
g6n9hgbriqsiqfqqtsi1f0st7k,55D04C161E9DEF3A02E0C80B2B3D9CE3
sp2rqnasuiuqd5d14lk6mkgimr,5C3DD588116F4DBFAF5E5AEA4B1BE60E
elf6tej5v5ovask6h9hsvlulad,5ADD273CF26D6A29F8CE5330BF2D6E29
jmmgguovvc7u6sofse2r50gudb,5EA8D1EA49DB4B9EF8BC58D5EA775280
lhc0qnn2qb8sv222fd8hlse4u2,57208814AD357161B4900032079B0ACD
6808mgeg76b28ic9j3rlpqpna2,5F04195C731DB76513EEA57965D584C2
lguhrmj9mlgv8s8j40c8nbr25b,596E8623499EC59141892A2E7CE698CE
hubclvktm1vd3ir6l8vlisjem6,5B4BF6AB3FE34B71B2BFA4F07F76D7AB
l8bgjtg91j2khec9el68g0oeqh,5F2DC47C7333B524108A52D7B28B4EA9
6tokm1oqts8kqb7d352th4ge9u,5D8A23A9A9EF05D6B8561CA4729D7429
k3n96sb8dp8oq2l631ku8ts3l7,5A6F44071F72A7770F3D48C1E7951DAF
20rgdpvudv8hpdvaeeakl385ub,57B34AC2B30E84651658000DE312B1B1
n1lrd5e989lldngus323ktibam,576B34980F49349F6E08794644976A49
5r64bbk2bv3mjs22om67uukjv1,5F95894C7224A4B25C94129F0D5D917D
t7tt0tm8l2f6jovmc0gr5il9ft,574D7B8B9A4EAED834AEA6FE06FFD695
j5bjs77g62dnoc2jqah2kvqhie,574A6E0D9AEC0A28CF9F554886875851
1t3f6jn0g4hgd0tno5e0ii5o0n,5B6B208D6AD6D00098A3E9956DFB1EBB
h9q9mcognq0ghe7f8fo8foj2r7,5CE794FF5E79506631F8EA2CF35A255D
6idg4ig163v70g0jfpqjqmt71q,59543787E933371AC70A74DF6A395782
k9993eae46mb78rgif2aed0ivo,5B82B113E71908E8D7D70773694A1C60
j9hd4o9eib15sjv771ajev8mn5,55FB1FAD424AC91C608E89D191F551A0
vgnet7rqkl9snqlnutsttl20r3,571783BD68DF899FF8180599907C6315
p5ehnl98k0duupqnu3frqmf6t,5CE24144C53B0D715F4D83A7AAD11BDC
aa9pbrojpvqlbqbak9qjekigq7,5770921E91EDC5665CAA04421F5DFB39
edq6u1nsq81h0b02qu9h2nqcvi,5638F9832EB3F87D14838C643AC449FF
i1dblas3gin9g1ho1qn8rupsbk,5A1CB9EE2A27E9441FF20190865EC514
fraft36cgssekdbsp2beaij9hm,5F29FBD30763559E1A7C9E69FC6E897E
ounlvb67c1cfjlgk3ke2f3a2d0,584A64545FA1FEF3B2378E5DD93AD9B1
2fd7rpq3k0ndf8779qk432r6cv,563ECF7289B44E96E1500999F55E8DA5
nmjn05p61tjt3fnkpinr3kg5qt,584111727840A68DEC1E1CFFF2E03A2F
fpdvkluqe2i7u6uspo3nlgbj,5CBF4FB61325B08C33C2EFB6B516F55D
mm7r4el66q4j7rl7p4bt94q8tr,5FD0C38DA469D90984CCE476790517AE
acirva6tp6v2ak55kgugfkul5c,5752AC2C6086BD564AE2DCC189B155C1
843rc7jh47e33uf9btcpfa6ths,5ABE31A39AA246A2E7938D3EDA55AF81
gv9apmkjjtq9rmecaas9o3u2rp,59E4B27D85950640B91E10D6B1B2EE5B
hi38cjod7fg099c46jinka5o8e,59F1CEBA54733D5ED2C7FBC1D93AE456
29er04k1n8al6h3epa48088et5,5FBFBF14AAC7A14E431F57618091C369
1omqgsicblq75asuddjv1b81rd,5D7158334BEAE92F3F026C845A9D3419
2954r736ik12h4ho2m90nooe8e,5C6CF27E81636B9BC3A7D20176E4574B
2e7tqsqql46ml3l14gehs3qsh9,5A3DAF63AF0D583C456ED69BF5E51EB2
nkknope2gjd0m0dtavn0v0117t,57796F26202667B3A6033D5D27F5510A
djhhdeft86i1vs9tq61c7p76pu,5C9F01A2B2B434E922C4CC5568F346CB
ti6lrk8lob1h98t8lot7u0in1b,58F94F3E9C9FAE31D4598F4A9043A82C
8aono406un0jhll52n94fb5kp4,571BE8C8861653E7CC3B4F3391858231
d0pc0o3duklugvcon3jdj77sdd,591560F8E3EBAD658FF6EAC4E99ADB53
pr1i25kq6eh225ss89cfrheeju,57F60FB9E94E7E1D8E5DC8D1DDAC1956
8no9g7t04tqphid1g5pefrt98n,5A2E48386DF2B40184208EE0C699D6D0
v3un2o5qm82lmht65m89c00o7v,5B020F56ADAD7575343CE3B9C6ECF1B0
tdjnuhla9r3d6rh7n4pmg8i9qm,5FF06529AFDDC0692417B67FA3868343
fdbjju4gqma9ko0scfjn8upv54,5D576145A058BDA870964F93FF9CCCC1
prpapbskbtapgtcu5as5975dr8,5B213D85322886E0077E955A717A27DC
7cvta3dmlbebu9d406lsfvu7ik,59C879B1E294CC97704E1D47B9ECD980
feb3nuf0tqs78n9gfkidbeinv3,5AA16D8380F36B7701581369DA706AE4
f3l51f55jo4u2tk3o46j468pou,572938234B725622FF4D28F4990D45B0
omb4ih85gdjfmogcskkg2r1nqf,5C7C044933F112E98A21C3A89C52983E
os0nulgrj2vil271ids3umon0r,5AE623A0D76585C64B68C1204BAC5EE6
q9b0rns5nalbfjuhj6ar39h15h,5F1AE971A098CD1AEDD67CE464FB8152
